// Code generated from checked-in RTG backend outputs; DO NOT EDIT.
//go:build !renvo

package backendcompiled

const CompilerSourceCount = 31

func compilerSourceName(index int) string {
	if index == 0 { return "compiler_common_impl.go" }
	if index == 1 { return "compiler_pe_impl.go" }
	if index == 2 { return "compiler_main.go" }
	if index == 3 { return "compiler_runtime_impl.go" }
	if index == 4 { return "compiler_linux_impl.go" }
	if index == 5 { return "compiler_windows_impl.go" }
	if index == 6 { return "compiler_target_policy_impl.go" }
	if index == 7 { return "compiler_target_registry_impl.go" }
	if index == 8 { return "compiler_target_impl.go" }
	if index == 9 { return "compiler_rtg_generated_impl.go" }
	if index == 10 { return "compiler_amd64_impl.go" }
	if index == 11 { return "compiler_amd64_generated_impl.go" }
	if index == 12 { return "compiler_amd64_target_impl.go" }
	if index == 13 { return "compiler_386_impl.go" }
	if index == 14 { return "compiler_386_target_impl.go" }
	if index == 15 { return "compiler_aarch64_generated_impl.go" }
	if index == 16 { return "compiler_aarch64_impl.go" }
	if index == 17 { return "compiler_aarch64_target_impl.go" }
	if index == 18 { return "compiler_arm_impl.go" }
	if index == 19 { return "compiler_wasm32_impl.go" }
	if index == 20 { return "compiler_linux_amd64_impl.go" }
	if index == 21 { return "compiler_windows_amd64_impl.go" }
	if index == 22 { return "compiler_linux_kernel_amd64_impl.go" }
	if index == 23 { return "compiler_linux_386_impl.go" }
	if index == 24 { return "compiler_windows_386_impl.go" }
	if index == 25 { return "compiler_linux_aarch64_impl.go" }
	if index == 26 { return "compiler_windows_arm64_impl.go" }
	if index == 27 { return "compiler_linux_arm_impl.go" }
	if index == 28 { return "compiler_wasi_wasm32_impl.go" }
	if index == 29 { return "compiler_darwin_arm64_impl.go" }
	if index == 30 { return "compiler_unit_impl.go" }
	return ""
}
func compilerSourceSize(index int) int {
	if index == 0 { return 589877 }
	if index == 1 { return 12231 }
	if index == 2 { return 22627 }
	if index == 3 { return 32887 }
	if index == 4 { return 2782 }
	if index == 5 { return 21174 }
	if index == 6 { return 15845 }
	if index == 7 { return 1016 }
	if index == 8 { return 16311 }
	if index == 9 { return 3788 }
	if index == 10 { return 62816 }
	if index == 11 { return 23504 }
	if index == 12 { return 7163 }
	if index == 13 { return 49665 }
	if index == 14 { return 6955 }
	if index == 15 { return 17792 }
	if index == 16 { return 31899 }
	if index == 17 { return 8789 }
	if index == 18 { return 36184 }
	if index == 19 { return 90587 }
	if index == 20 { return 5340 }
	if index == 21 { return 3731 }
	if index == 22 { return 22757 }
	if index == 23 { return 6692 }
	if index == 24 { return 4305 }
	if index == 25 { return 8482 }
	if index == 26 { return 17006 }
	if index == 27 { return 10696 }
	if index == 28 { return 10411 }
	if index == 29 { return 31857 }
	if index == 30 { return 1361 }
	return 0
}
func compilerSourceChunkCount(index int) int {
	if index == 0 { return 16 }
	if index == 1 { return 1 }
	if index == 2 { return 1 }
	if index == 3 { return 2 }
	if index == 4 { return 1 }
	if index == 5 { return 1 }
	if index == 6 { return 1 }
	if index == 7 { return 1 }
	if index == 8 { return 1 }
	if index == 9 { return 1 }
	if index == 10 { return 2 }
	if index == 11 { return 1 }
	if index == 12 { return 1 }
	if index == 13 { return 2 }
	if index == 14 { return 1 }
	if index == 15 { return 1 }
	if index == 16 { return 1 }
	if index == 17 { return 1 }
	if index == 18 { return 2 }
	if index == 19 { return 3 }
	if index == 20 { return 1 }
	if index == 21 { return 1 }
	if index == 22 { return 1 }
	if index == 23 { return 1 }
	if index == 24 { return 1 }
	if index == 25 { return 1 }
	if index == 26 { return 1 }
	if index == 27 { return 1 }
	if index == 28 { return 1 }
	if index == 29 { return 2 }
	if index == 30 { return 1 }
	return 0
}
func compilerSourceChunk(index int, chunk int) string {
	if index == 0 {
		if chunk == 0 { return compilerSourceData0Chunk0 }
		if chunk == 1 { return compilerSourceData0Chunk1 }
		if chunk == 2 { return compilerSourceData0Chunk2 }
		if chunk == 3 { return compilerSourceData0Chunk3 }
		if chunk == 4 { return compilerSourceData0Chunk4 }
		if chunk == 5 { return compilerSourceData0Chunk5 }
		if chunk == 6 { return compilerSourceData0Chunk6 }
		if chunk == 7 { return compilerSourceData0Chunk7 }
		if chunk == 8 { return compilerSourceData0Chunk8 }
		if chunk == 9 { return compilerSourceData0Chunk9 }
		if chunk == 10 { return compilerSourceData0Chunk10 }
		if chunk == 11 { return compilerSourceData0Chunk11 }
		if chunk == 12 { return compilerSourceData0Chunk12 }
		if chunk == 13 { return compilerSourceData0Chunk13 }
		if chunk == 14 { return compilerSourceData0Chunk14 }
		if chunk == 15 { return compilerSourceData0Chunk15 }
	}
	if index == 1 {
		if chunk == 0 { return compilerSourceData1Chunk0 }
	}
	if index == 2 {
		if chunk == 0 { return compilerSourceData2Chunk0 }
	}
	if index == 3 {
		if chunk == 0 { return compilerSourceData3Chunk0 }
		if chunk == 1 { return compilerSourceData3Chunk1 }
	}
	if index == 4 {
		if chunk == 0 { return compilerSourceData4Chunk0 }
	}
	if index == 5 {
		if chunk == 0 { return compilerSourceData5Chunk0 }
	}
	if index == 6 {
		if chunk == 0 { return compilerSourceData6Chunk0 }
	}
	if index == 7 {
		if chunk == 0 { return compilerSourceData7Chunk0 }
	}
	if index == 8 {
		if chunk == 0 { return compilerSourceData8Chunk0 }
	}
	if index == 9 {
		if chunk == 0 { return compilerSourceData9Chunk0 }
	}
	if index == 10 {
		if chunk == 0 { return compilerSourceData10Chunk0 }
		if chunk == 1 { return compilerSourceData10Chunk1 }
	}
	if index == 11 {
		if chunk == 0 { return compilerSourceData11Chunk0 }
	}
	if index == 12 {
		if chunk == 0 { return compilerSourceData12Chunk0 }
	}
	if index == 13 {
		if chunk == 0 { return compilerSourceData13Chunk0 }
		if chunk == 1 { return compilerSourceData13Chunk1 }
	}
	if index == 14 {
		if chunk == 0 { return compilerSourceData14Chunk0 }
	}
	if index == 15 {
		if chunk == 0 { return compilerSourceData15Chunk0 }
	}
	if index == 16 {
		if chunk == 0 { return compilerSourceData16Chunk0 }
	}
	if index == 17 {
		if chunk == 0 { return compilerSourceData17Chunk0 }
	}
	if index == 18 {
		if chunk == 0 { return compilerSourceData18Chunk0 }
		if chunk == 1 { return compilerSourceData18Chunk1 }
	}
	if index == 19 {
		if chunk == 0 { return compilerSourceData19Chunk0 }
		if chunk == 1 { return compilerSourceData19Chunk1 }
		if chunk == 2 { return compilerSourceData19Chunk2 }
	}
	if index == 20 {
		if chunk == 0 { return compilerSourceData20Chunk0 }
	}
	if index == 21 {
		if chunk == 0 { return compilerSourceData21Chunk0 }
	}
	if index == 22 {
		if chunk == 0 { return compilerSourceData22Chunk0 }
	}
	if index == 23 {
		if chunk == 0 { return compilerSourceData23Chunk0 }
	}
	if index == 24 {
		if chunk == 0 { return compilerSourceData24Chunk0 }
	}
	if index == 25 {
		if chunk == 0 { return compilerSourceData25Chunk0 }
	}
	if index == 26 {
		if chunk == 0 { return compilerSourceData26Chunk0 }
	}
	if index == 27 {
		if chunk == 0 { return compilerSourceData27Chunk0 }
	}
	if index == 28 {
		if chunk == 0 { return compilerSourceData28Chunk0 }
	}
	if index == 29 {
		if chunk == 0 { return compilerSourceData29Chunk0 }
		if chunk == 1 { return compilerSourceData29Chunk1 }
	}
	if index == 30 {
		if chunk == 0 { return compilerSourceData30Chunk0 }
	}
	return ""
}
const compilerSourceData0Chunk0 = "'package main\n\nconst renvoAbsBssReloc = 1\x8c\x1b\x00\nKernelPrint\x85#\x00\x003\x92#\x00\x04Impor\x83$\x00\x03Base\x80(\x00\b4\n\n// The\x80\x0e\x00\x18bodies are used by the ho\x80H\x00\x0eGo build. Self-\x81\x14\x00\x80\"\x00\x0ecompilers lower\x81/\x00\x81O\x00\x03call\x80H\x00\x82K\x00\x02na \x80\x97\x00\x80\x9b\x00\x10sics so large, ph\x80\x81\x00\x00-\x80\x89\x00\x0eal scratch data\x80=\x00\x03n be\x80\xb9\x00\fclaimed.\nfunc\x83\xc9\x00\x04_runt\x80\x15\x00\x01_A\x81Y\x00\x05Mark()\x81_\x00\x01 {\x80 \x00\bturn 0 }\n\x961\x00\x00R\x80\xe6\x00\x02t(m\x807\x00\x815\x00\x02) {\x98,\x00\fDiscard(start\x81/\x00\x04, end\xa68\x00\x0eBytes(value []b\x80\x0e\x00\xa27\x00\x00D\x80\xf6\x00\x877\x00\x82(\x00\x81\x13\x00\xa2<\x00\x00F\x80\x1f\x00\x8c<\x00\x81\x13\x00\x87@\x00\x86\xe9\x01\x80\xc5\x00\x80\x0f\x02\x80y\x01\x88\x9a\x01\x81\xf6\x01\x03only\x83\xfb\x01\x01af\x80\"\x00\x86\xdf\x01\x80\t\x00\x00d\x80\b\x02\x80\xd1\x01\x00e\x80\x0f\x01\x06blished\x81O\x00\x81\x1f\x02\fcorresponding\x80R\x00\x02dex\x80\x06\x00\tvariant. H\x81>\x02\x82;\x02\x00s\x81\xa4\x01\x80\xd9\x02\x80L\x02\a's check\x81j\x00\x05ccess;\x81N\x00\x00s\x88Z\x02\x842\x00\x86W\x02\x84T\x02\x02to \x80\x1f\x02\aexplicit\x81\xae\x00\x04nsafe\x80(\x00\x00a\x93)\x02\x00U\x82 \x00\x81\x8e\x01\x02At(\x82`\x02\x83\x8e\x01\x00,\x86\xaa\x00\x80\xd0\x01\x81\x11\x00\x87C\x02\x81&\x00\x00[\x82\x1e\x00\x00]\x94M\x02\x83U\x00\x04Int32\x87V\x00\x80J\x00\x0132\x8aW\x00\x82\x12\x00\xb2X\x00\x8aV\x00\x8dT\x00\xa0R\x00\x05NonNil\x83\f\x02\x04s ...\x82\xf2\x01\x05face{}\x83\f\x02\x02typ\x81d\x03\x80,\x00\rLabelRef struc\x80^\x00\x04\n\tat \x80\x01\x00\x804\x00\x02\n\tl\x81\x1e\x00\x82\v\x00\x8a5\x00\x80R\x04\x903\x00\x822\x00\x02off\x84\n\x00\x00k\x80\x9b\x00\x90;\x00\x06smSymbo\x80\xf7\x03\x86>\x00\x04nameS\x85i\x03\x83\x0f\x00\x00E\x80<\x00\x8a\x84\x00\x85\x93\x00\x83\xc9\x02\x82K\x00\x03Repl\x84L\x00\x01de\x80E\x04\x01ib\x80\xee\x00\x04one p\x80\x93\x04\x00i\x80H\x02\x80-\x01\x84S\x05\x04-glob\x81k\x04\x01lo\x81e\x00\x05 a lin\x80\x80\x02\x81L\x00\x01im\x80!\x00\x00.\x81\x1c\x03\x00 \x81\xde\x02\x80 \x03\x80\x0f\x03\x01pp\x80\xef\x03\x80\x89\x02\x04outsi\x80\xfe\x02\x81\x84\x02\x02ELF\x82j\x02\x80\xaa\x02\x01gm\x80]\x00\x01s,\x81\xd1\x04\x05normal\x81I\x00\vexecution ig\x80\x16\x00\x80\x8d\x00\x04it wh\x80C\x03\x81\xb6\x02\x05in-pro\x81\xee\x02\x83|\x00\x80W\x03\x80\x16\x00\x02mig\x80\xfd\x04\x80\xc2\x02\x03ive \x84\xb1\x01\x80\xe7\x00\x00o\x85_\x03\bnext gene\x80&\x00\x81Z\x00\x02bef\x80Z\x00\x80Y\x00\x01s \x84\xd3\x00\binitializ\x81\x88\x05\x80K\x02\x00.\x88m\x01\x88\"\x01\x87n\x01\x00i\x81Z\x01\x83\x01\x00\x85\xb2\x01\x80\x18\x05\x87\x10\x00\x00s\x80K\x00\x89 \x00\x80\xc9\x00\x00t\x80t\x00\x00O\x80\xd9\x01\x8e\xce\x01\x80\xb6\x01\x02tic\x83X\x06\x88c\x00\x01dl\x80\xb1\x01\x80\x0f\x00\x80\x13\x04\x83\xcf\x01\x85\r\x00\x8a=\x00\x05Darwin\x95C\x00\x03ylib\x8bD\x00\x86\x0e\x00\x87\x96\x02\x00\t\x82\xaf\x04\x80\xbb\x06\x01ol\x8eg\x02\x88M\x00\x82\xc1\x04\x8c\x01\x00\x83\t\x04\x84M\x00\x02Pos\x8b\x1c\x00\x82\xbd\x03\x81\xfc\x00\x80\xa3\x06\x8a\x1b\x00\x88\x1d\x00\x00a\x81\x06\x03\x8c \x00\x86\x1d\x00\x00s\x82w\x01\x8b;\x00\x84\x97\x05\x86\x03\x03\x85&\x00\x00N\x82\xde\x00\x8d\x99\x00\x80l\x05\x86\x19\x01\x85H\x00\x84B\x00\x894\x01\x80+\x01\x82H\x01\x92)\x00\x8fc\x01\x8b/\x00\x82\xfe\x03\x804\x00\x82\xb7\x00\x8b\x1b\x00\x00U\x82Z\x01\x82\x8f\x00\x81^\x01\x00\t\x80\xb2\x02\x86C\b\x81\xb1\x00\x81j\x00\x85\xab\x00\x89\x1c\x00\x80(\x02\x80O\x02\x00s\x87S\x00\x80\xc9\x04\x94{\x01\x06objectS\x82\xd6\x01\x85\xb9\x00\x00*\x82\xb8\x00\x00O\x89\x1a\x00\x05\n\tbssS\x87\x96\x02\x83\x01\x00\x82^\x00\x81\xd9\x01\x83q\x00\x8c\x19\x00\x81w\x00\x92\x19\x00\x80K\x00\x8d\x18\x00\x85g\x04\x01st\x80D\t\x80\x1f\b\x01yS\x81\xf0\x02\x81\x82\x04\x92\x19\x00\x85\t\x03\x89\x19\x00\x00L\x81\x17\x04\x86K\x00\x00r\x86w\x03\x87\x00\x02\x84\x91\x01\x87\x92\x03\x80\xbd\x00\x8d\x18\x01\x86\xff\x00\x00C\x83z\a\x01Co\x80\xb8\x05\x00x\x85\xf4\x04\x02A b\x80\xcd\x04\x81\x86\b\x838\x01\x82\xa8\x04\x00n\x80\x03\a\x00p\x81>\t\x80\xad\x01\x81\x01\x06\x82%\x04\x02fra\x82\xa1\x04\x03 plu\x81\x85\x04\x81I\a\x81i\t\x82\xeb\x02\x01s,\x83A\x05\x81\x13\x00\x81.\x00\x80\xc6\x04\x80\xc9\x02\x02olu\x80\x86\x04\x82\xad\x01\x03refe\x80\x86\x00\x80\xaa\x04\x80\x1a\x00\x80n\x00\x02new\x80j\a\x00d\x80f\b\x01ov\x80\x19\x00\x80\xf7\t\x80\x8c\a\x05 edges\x826\x05\x83\xf3\t\x80\x82\x00\b owns fix\x80$\x00\x813\x04\x81\xcb\n\x80+\x00\x81h\x00\x81\xd3\a\x83\xba\x04\x81\xc0\a\x03mbed\x81]\x05\x86a\b\x80\xee\t\x01or\x80\xf0\a\x80\xab\x00\x82\xf9\x04\x01ra\x80\x96\b\x81\xc1\x00\x83B\n\x81\xb3\t\x82l\x05\x83\xf9\x00\x80H\n\x02urv\x811\x05\x01su\x82?\b\x81\v\x00\x02IDE\x856\b\x03with\x80\xb8\x05\x83\xe7\x00\x81s\b\x81\x9a\b\x02who\x80\x88\x05\x01fr\x81S\x01\x80\xd5\x00\x00u\x806\x05\x00s\x89+\x05\x83r\x02\x00C\x81\xc8\x00\x00E\x80\x17\t\x00y\x88>\x04\x83d\x04\x83e\x04\x00\t\x80\xa7\x06\x00g\x80=\x02\x82\xe8\x01\x02fnA\x86\xf4\x01\x02fnB\x86\f\x00\x02key\x81\x19\x00\x85\f\x00\x81\x19\x00\x89\f\x03\x84\xff\x02\x83\xd6\x01\x83x\x00\x00-\x83A\x01\x82\xcd\a\x82H\t\x80\xdb\x01\x01bs\x81\x02\x01\x80\xb2\x00\x00m\x83T\x01\x00-\x84{\x00\x806\x01\x00m\x80\x98\x01\x00-\x80F\x06\x81\x7f\t\x84\x83\v\x00.\x81M\x00\x03Keep\x82\xf0\x01\x81\x17\x00\x00a\x813\x06\x01ve\x80\xbc\x01\x82t\v\x80\xb6\x06\x02t o\x80\xb5\a\x80<\t\x80\xbd\x03\x02beh\x81\xa0\a\x81/\a\x01op\x81\b\x02\x80 \x02\x01po\x82)\b\x80j\x01\x81M\x00\x80\x92\x01\x01in\x80\xdc\x02\x87X\x02\x84\x88\x06\x00o\x80i\x06\x80\x9d\x04\x00y\x83f\x00\x01ct\x8fG\x01\x01Ge\x82t\x04\x82\xf7\x05\x86\x83\x05\x82\xcc\x02\x821\x01\x86\xbd\x03\x82\x13\x00\x828\x01\x88\"\x01\x82\x9b\f\x87\x13\x00\x81~\x00\x01Id\x80\v\x01\x01it\x80V\x01\x84V\x04\x89\x15\x00\x00B\x89\x15\x00\x01Bu\x80#\x03\x82\x06\x05\x88\x15\x00\x00N\x81E\a\x84\x86\x03\x8e\xc3\x06\x8ak\x04\x88\xb1\x00\x80\x02\x01\x00P\x81p\x03\x80$\x01\x820\x04\x06/length\x80R\b\x00i\x80\x00\x01\x80\xcc\x02\x81\x04\x01\x80W\x05\x84\x96\x06\x81\xdf\n\x848\x03\x82;\r\x82\xd1\x01\x81\xe3\x02\x02de.\x81\x12\x04\x00f\x85\x12\x05\x80}\x00\x88\x9c\r\x88w\x02\x01Ca\x80M\x01\x80\xd0\x00\x81\xe2\r\x02024\x94&\x00\x81\x83\x04\x80Y\x03\x82\x0f\x05\b= 2097152\x8f,\x00\x02Mag\x80\x9b\x00\v= 0x524f424a\x8f$\x00\x83\xf4\x00\x923\x0e\x83!\x00\x82\x1b\x00\x00L\x82;\x04\x80J\x00\x94 \x00\x81e\f\x82\x1e\x02\x8c\x99\x0e\x88#\x00\x00R\x83\xe1\n\x81\xb0\x00\x01\n\n\x80\x1b\f\x92r\x03\x81|\x0e\x84%\x05\x8d\x8c\x03\x924\x00\x84\t\x01\x85N\x03\x98#\x00\x82\xca\x06\x81{\x01\x91$\x00\x00H\x81/\x03\x95\x1d\x00\x03Miss\x83\x91\t\x89_\v\x00I\x86r\t\x88+\x00\x80\x8a\x0e\x81\\\t\x01f \x80'\x02\x00(\x94\xe0\x00\x02) !\x80H\x01\x81(\x00\x80\x11\x02\x81\xc3\v\x02\n\t}\x81\x1c\x02\x93\r\x01\x00=\x80\xf8\x04\x02ke(\x94\x14\x01\x00,\x96@\x02\x00)\x8fS\x00\x85,\x01\x86S\x00\x83\x04\r\x98\\\x02\x00)\x81\xa8\x02\x87\xf3\x00\x00M\x807\x00\x81F\r\x00S\x83\xab\x0f\x01(c\x85\xac\x02\x82\x96\f\x83P\x00\x81\xd8\x00\x84\x9a\f\x8af\x00\x010,\x80\r\x03\x85\x9b\x00\x92V\x00\x02Buf\x80;\x03\x00(\x84a\x03\xa0S\x00\x83*\x00\x90N\x00\x80=\r\x95\xa3\x00\x82;\r\x8dO\x00\x82`\r\x97\xa1\x00\x83\x1c\x01\x03Hash\x80Y\x00\x00(\x82\xcb\x10\x02, b\x83\a\x00\x83j\x0f\x82]\x00\x00(\x84\xa7\r\x81\x1c\x10\x86b\x00\x06a*131 +\x84(\x00\x02+ 1\x80:\x00\x03*257\x88\x13\x00\x003\x95n\x00\x04Range\x8cp\x00\x02src\x86\xbd\x0e\x91\x96\x10\x8b\x85\x00\x80\x89\x02\x83%\x00\x00<\x84q\x02\x83\x0e\x00\x81\xc7\x03\x81t\x02\x80\x1f\x00\x819\x00\x00>\x82\xae\x02\x80Z\x00\x824\x00\x00\t\x81\x13\x00\x00=\x86\x13\x00\x89)\x00\x00<\x84N\x00\x87\xbb\x02\x92!\x01\x80\xad\x00\x03, -1\x83;\x00\x81#\x05\x03i :=\x83;\x00\x00;\x80\f\x00\x00<\x81L\x00\x80\t\x00\x01++\x82I\x00\x81/\x00\x80p\x00\x96I\x00\x80\xcc\x00\x83J\x03\x93\xcf\x0f\x80\xa4\x00\x80$\x00\x01))\x83n\x00\x9d\x96\x00\x80z\x00\x00-\x82\x89\x00\x92\xe3\x01\x85\xc5\x04\x814\x00\x01(g\x84\x86\t\x00L\x80a\a\x01ar\x80\xcc\x06\x04, fnI\x87\x85\x0f\x8bj\x01\x84\x8d\t\x80\xe8\x00\x01g.\x83\f\x00\x826\x01\x84\x17\x00\x80\xf1\x03\x05nil &&\x86C\x00\x00>\x81\x03\x04\x88\x10\x00\x00<\x82q\x01\x83/\x00\x00.\x8a\xed\x06\x00)\x81'\x00\x97\x1d\x00\x00=\x83\xab\x01\x02g.m\x80\xe5\b\x82\x1d\x00\x80a\x04\x88\xa1\x01\x916\x00\x00[\x84v\x00\x01],\x91\x1f\x00\x00B\x86\x1f\x00\x94S\x01\x89'\x01\x04Raw(g\x86\x1a\x01\x9eV\x01\x82/\x00\xaaY\x01\x82\x1f\x02\x80W\x01\b947, 1237\x82X\x01\x877\x01\x030 ||\x89V\x01\x9a\r\x01\x9f\xae\x02\x00n\x83\xc3\x01\x87@\x00\x88\r\x01\x84F\x10\x83k\x00\x80'\x00\x90\xe4\x00\x81,\b\x80#\x00\x8a\x13\x01\x81\xb0\x00\x8a;\x00\x82\xfc\x01\x81\x96\x00\x02pkg\x86H\x00\x02Pro\x80\x04\x10\x00m\x84A\x00\x00s\x80\xc4\x00\x80(\x10\x02g)[\x89:\x00\x80\x84\x00\x9e/\x03\x80T\x00\x00.\x80I\x00\x02phK\x80\x7f\n\x80}\x00\xaa1\x00\x00B\xa51\x00\x05source\xa9c\x00\x862\x00\x81d\x00\x01} \x80\x82\f\x82\xd8\x05\x9e<\x00\x85O\x03\x00.\x85;\n\xa1q\x00\x8d5\x00\x82t\x00\x84L\x02\xacl\x00\xb1k\x00\x934\x00\x84\xcf\x05\x846\x00\x81\xde\x01\x00.\x82\xbd\x04\x02fn.\x86\xfb\x12\x86\x0e\x00\x80x\x0e\x83:\x02\x80\x10\x00\x00d\x80\xbd\x15\x8d6\x04\x88\x15\x00\x83;\x04\x84R\x00\x88\xf4\x02\x81\"\x00\x83\xce\x02\x87\x1a\x00\x80\xce\x02\x87:\x00\x81O\x02\x80b\x00\x81\x10\x00\x00.\x80|\r\x00e\x80'\f\x00r\x83\x81\x13\x00<\x8b\x15\x00\x81\x05\x0f\x81R\x00\x84?\x06\x80T\x00\x86\x95\x05\x02Tok\x823\x00\x84\x80\x00\x00,\x90N\x00\x81\x9b\x05\x83V\x06\x8c9\x00\x80W\x00\x937\x00\x80\x19\x00\x80\x91\x03\x827\x00\xabK\x01\x82\xa0\x00\x82\xe6\x05\x81=\x00\x80\xf2\x01\x83\xbc\x06\x89b\x01\x811\x05\x87d\x01\x83\x87\x03\x01os\x80\xcb\t\x80\xbc\n\x80\xa0\x00\x80\x1b\x00\x01li\x80\xfe\f\x01al\x80\xa1\x00\x83 \x01\x86\x1f\x00\x00<\x85\xb8\x03\x872\x00\x821\x00\x803\x19\x80\x14\x10\x80\\\x00\x83t\x00\x8a4\x00\x85\xb2\x01\x87E\x00\x83\xcc\x00\x80^\x00\x01Co\x80\xd0\x06\x85\xe8\x03\x83X\x00\x81A\x02\x80\x85\x12\x86\x8e\x00\x97g\x01\x85P\x00\x83&\x01\x96b\x04\x8cS\x00\x00-\xa9m\x04\x00.\x81;\x00\x85\xd8\x00\x82\xd9\x00\x9e\r\x03\x89m\x00\x87\x82\x01\x85\v\t\n & 21474836\x81\xcd\x05\x00b\x8a\x10\x00\x91:\x06\x87c\v\x85`\x05\x84\xa4\x06\x80\x19\v\x8fG\x06\x96\x88\a\x00c\x81i\x01\x81\x13\x00\x8e\x1c\x06\x850\x00\x8b\x1f\a\x87!\v\x82\x8a\x06\x82?\x00\x93+\x00\x00B\x9f+\x00\x82v\x0e\x93&\x00\x00b\x82\xa6\x0e\x82\a\x02\x81\x9e\x00\x82\x17\x00\x01*2\x81%\n\x82\xb6\x02\x89\x1f\x00\x03< 17\x82\xd1\x01\x89\x15\x00\x80k\r\x80\x0e\a\x80a\x01\x88o\x00\x85\xfa\x0e\x8br\x00\x886\x00\x80x\x00\x86\x93\t\x000\x83\x8f\t\x88\x1e\x00\x87\x97\t\x8fT\x00\x02[i]\x80W\x00\x00-\x80\x9d\x00\x89\xd7\t\x84D\x00\x82\xbd\x00\x8c\xd5\t\x93#\a\x886\b\x00i\x81$\x02\x92\xa1\b\x82k\x00\x00a\x93\x1e\x00\x00B\x83\x1e\x00\x00b\x86\x0e\x01\x81i\x00\x80'\v\x05^ b) %\x89\xce\x00\x8b@\x00\x81\x8a\x01\x83;\x00\x90\xdc\x00\x836\x00\x81\x12\x05\x97\x1d\x00\x80:\x00\x00i\x81\xfd\x00\x98\xe4\b\x86\x00\b\x9c\xe4\b\x84\x87\f\xb7\xca\b\x85\x87\x01\xa0\xb0\b\x00s\x9dd\b\x8f\xce\x01\x81{\x00\x85>\x00\x00)\x87\xd6\x01\x84\xb0\b\x85\x1a\x00\x80M\x01\x83\xee\x04\x8d\xa4\x06\x81\xf0\a\x81\x8d\x00\x83q\x05\x8f\xb0\x06\x85 \x00\x86X\x06\x84\xd5\x00\x80^\x01\x85A\x05\xb7\xf7\x06\x82Q\x12\x02inu\x80Z\x16\x88M\x00\x87\x00\x06\x84\xa0\x00\x86\xdd\x04\x84Y\x00\x87!\x00\x83\xa0\x00\x81 \x00\x9b\xa0\x00\x86\xf7\x05\x89\xa0\x00\x87\x15\x00\x9a\xe9\x05\x89s\x06\x97\xe5\x05\x89P\x00\x87\xe9\x05\x88[\x06\x8e\xc9\x00\x88g\x06\x8e\xc5\x00\x89\xc6\x00\x82\xc7\x00\x8a\x9e\x05\x80Q\x02\x91\xd8\x02\x80\x1e\x14\x85\xdc\x02\x91\xd5\x02\x80\x15\x1b\x844\x05\x83\xb5\v\x86\x18\x05\x89\xe6\x02\xa5\x1c\r\x8c\xe5\f\x84~\x03\x00)\x80\xa0\x0e\x83\xcd\x06\x88\xee\x03\x87x\x00\x00^\x87u\x00\x81\xfe\x03\x94D\x00\x80>\x00\x00f\x80\x86\x01\x82\x83\b\x81;\x03\x87\xf2\x02\x97\xef\x03\x81\v\x03\x81\xda\x01\x81\b\x00\x8a(\x00\x85I\x04\x82V\x01\x86\xc9\x00\x90\xc2\x04\x80\xdc\x01\x86\xa8\x00\x80\xe0\x00\x96\xcc\x04\x87(\x00\x00B\x84\xab\x01\x81b\x02\x82\xb0\x00\x88\xca\a\x89\xfb\x03\x85\x91\a\x84\xd6\x00\x82\x99\x04\x86\xd5\x01\x85)\x00\x82\x1c\x00\x84\xae\x05\x88\xfc\x00\x91\xed\x03\x8ah\x04\xa6\xc7\x05\x86\xc4\x05\x80\xaf\x00\x00a\x8e\xef\x00\x80*\b\x8e\xd9\x00\x91\xd8\x00\x8a\xd7\x00\x82\xd6\x00\x89\xd5\x00\x8a\xa5\x02\x83\xd2\x00\x98\x80\x05\x00B\x80/\x03\xb0\xbe\x0f\xffe\x0e\x86\xb5\x05\xa0c\v\x89\x17\x04\x83(\v\x9c]\v\x841\x00\x81T\f\x82\x17\x14\x91\xa7\x00\xa1S\v\x90y\x01\x80Z\x01\x83\r\x18\x82\xea\x17\x93{\x01\x95n\x01\x02159\x80o\x01\x0120\x81\xc6\b\x84\xf5\x1e\x80\x16\x00\x82\xb3\b\x81O\x01\x80\x86\x00\x04anicV\x81\x1a\x00\x80n\x1b\x82\x97\x00\x81\x11\x00\x00T\x80\xb5\x17\x89\x10\x00\x01ID\x89\x0e\x00\x81\x9d\x03\x8b\x12\x00\x03Prev\x81\x10\x00\x87S\x00\x00D\x81\xa4\x17\x00P\x80\xd3\x00\x80\xf9\x16\x89*\x00\x00R\x80\x81\x1a\x82\xdd\x1a\x84\x15\x00\x83\xd4\x17\x03Heap\x8e\x11\x00\x80L\x01\x86T\x00\x87\x16\x00\x00D\x83p\x1c\x8b+\x00\x04Ready\x84~\x00\x81\x9e%\x80\x11\x02\x83\xeb\x14\x84*\x00\x83o\x1d\x82\xcf\x15\x84\x12\x00\x82\xe9\x19\x00T\x82\xe8\x19\x82\xfe\x00\x8c\x14\x00\x82k\x01\x81Q\x00\x88\x87\x02\x81\xca\x18\x01s)\x82\x14\x15\x86\x9a\x02\x01ie\x80\b\x1b\x8b\x14\x00\x80\xe2\x14\x80\xfd\x01\x88*\x00\x02asm\x80\xab\x00\x88c\x1e\x00)\x87Y\x00\x81\x1c\x00\x8aV\x1e\x8a6\x00\x8fA\x1e\x96\x1f\x00\x81{\x17\x81X\x00\x80\xfc\x02\x83}\x1c\x8c\xe8\x01\x84\xd9\x13\x03Faul\x83K\x00\x81\xf1\x00\x84\x15\x00\x83\xc6\"\x8d\x16\x00\x00S\x80\xaa\x01\x00n\x80c\x00\x00y\x8d\x19\x00\x00B\x81\"\x04\x00s\x83\x16\x00\x89\\\x00\x81.\x14\x82c\x03\x8d1\x00\x00W\x80\xe1\x1a\x93\x19\x00\x80\xbb\x04\x88\x19\x00\x89M\x00\x00S\x81=\x1b\x89j\x00\x81\xc6\x01\x01iv\x801\x00\x00C\x81\xd1$\x87J\x00\x00e\x81\xc4'\x02der\x8b\x17\x00\x80\x1b\x02\x01eq\x88V\x00\x83g\"\x008\x86 \x00\x83\x10\x00\x0164\x8c\x11\x00\x03Addr\x8c\x13\x00\x82a&\x87\x14\x00\x81'\x1d\x00A\x81k\x1d\x88]\x00\x81\a\f\x02Zer\x83\xe2#\x81&\x00\x80\x96\x01\x81\x92\x02\x89\x10\x00\x01Wr\x80\xf3\x0e\x86\x11\x00\x85\xa5\x02\x85E\x00\x80\xb6\x01\x81\xf5\x1c\x84\xb5\x01\x81\v\x00\x83\xb6\x01\x82\xc7\x00\x03Emit\x80\xd8\x1d\x87\x93\x00\x008\x8e\x12\x00\x0164\x8e\x13\x00\x81\xcb\x00\x8e\x15\x00\x82\xcd\x00\x85\x16\x00\x8a\xbc\x00\x88+\x00\x84\xbe\x00\x8b\x12\x00\x82\xc0\x00\x88\x13\x00\x85\xc2\x00\x87M\x00\x90\xb2\f\x81\xab\x02\x83v\x04\x8d\xf1\x06\x98\xe1\x0e\x831\x00\x80\xb5\a\x8c\xdd\x16\x88T\x00\x83\xe2\x02\x88T\x00\x83\xa8\"\x81\x7f\x0e\x82\x1a\x00\x866\v\x83\x18\x00\x86N\x06\x81Z\x05\x84H\x03\x83\x19\a\x83 \x00\x80\xb3\x0f\x8e \x00\x84\xe7\a\x9d\xad\x00\x82A\x00\x97\xa9\x00\x82\xd5\x01\x88\xa8\x00\x83\x90\x18\x81$\x00\x83\xa0\x00\x82 \x00\x86\xe8\b\x83\x1e\x00\x81\xde\x1b\xa3}\x00\x820\x00\x97}\x00\x91z\x04\xa8\x14\x18\x00+\x8d^\x18\x8e[\x00\x8b\xb9\x04\x87[\x00\x02imp\x83~\a\x8e%\x00\x83\x99\x01\x86\xae\x01\x80)\x00\x00.\x82\r\x00\xec\xae\x01\x81m\x00\x81|\x00\x82p \x82[\x00\x9d:\x00\x81\f\x01\x84(\t\xa3\x10\x01\x84\x99\x00\x90\xa3\x02\x95,\x00\xff\xb5\x02\x96\xcd\x00\x82]\x06\x88\xe0\x01\x00f\x90\xc5\x00\x81$\x00\x86\xca\x02\xa3]\x02\x89\xa4\x16\x9e3\x00\x000\x8f\xed\x12\x80\x18\x00\x910\t\x80\x01\x17\x9c\x9c\n\x82s\t\x80\xdb\x1a\x88\f\x00\x84O\r\x93F\t\a313, 733\xff\xa0\x18\xff\xa0\x18\xff\xa0\x18\xba\xa0\x18\x80J$\x81\x98\x01\x00B\x9cs\r\x87\xba\x01\x81\xd6\v\x803\x00\x81\a\x00\x955\x00\x87\x12\r\x899\x00\x9d\xa1\x00\x80\x8a\x00\xa2&\x00\x97\xee\x18\x87&\x00\x82\xa5\x00\xa4(\x00\xa1P\x00\x83\x1f\x03\xa5)\x00\xa1R\x00\x87Y\x04\x81\xa9#\x03)&15\x87'\r\x95\xc9\x03\x87\x84!\x03For(\x81\x04&\x82\x9e\x03\x81\xbe\x01\x82\t\x00\x82\xfe%\x85\n\x00\x8b\x10\x11\x9d\x1f\"\x807\x0f\x89\x1f\"\x85\xec\x13\x82\xb6,\x81\xfd\x10\x81m\x00\x00^\x82}\x01\x84\xf1\x10\x95J\x00\x81\x19\x0e\x81\xc5&\x8b\x1a\x02\x89#\x00\x00[\x81U\x00\x80\xb7\x03\x82\xe1\x1f\x80+\x00\x83v\x06\x80\xbd\x0f\x83\x0e\x00\x84l&\x80\x91\x00\x83W\x0e\x83\x0f\x00\x86\x1f\x00\x81\x89\x00\x82O\x19\x82\xf0\x0f\x85\x14\x00\x80\x15\x17\x81\x14\x00\x00B\x87\x14\x00\x82\f\x01\x80\x15\x00\x82\b\x00\x89\x16\x00\x82+\x00\x82\b\x00\x88\xef\x00\x81\x93\x00\x8f\x9a\x12\x8d\xab%\x81\x06\n\x81\xa5&\x87+,\x87\xd8/\x80\v\x05\x81\xca+\x83\xd8,\x00k\x85\xb5'\x90\xc5\x01\x81E\x00\x811\x0e\x01(r\x8ar*\x83\\\x00\x89\xb0\x01\x02!r.\x80I\x00\x80\x05\x10\x01r.\x81[\x00\x84\x12\x10\x82\r\x00\x01+4\x84A!\x00r\x80s\x06\x01ta\x84\v\x10\x81/\x00\x80\x06\x01\x00a\x80G\x04\x87\xda\x00\x83v!\x86h\t\x82\xaf\x0f\x825\x00\x00[\x82J\x00\x03]) |\x8e\x15\x00\x06+1])<<8\x91\x1a\x00\x002\x81\x1a\x00\x0116\x91\x1b\x00\x003\x81\x1b\x00\x80>&\x80\x89\x00\x81\xb0\x00\x00+\x81\xe43\x85\x86\x00\x82\x80\x00\x8b\x0e\x01\x81\x90*\x01ay\x853\x04\x83\x05\x01\x9e\xa7\x06\x88q\x01\x80>1\x80b\x01\x82\xf7\"\x8cm\x02\x83K\x01\x00{\x81,\x00\x00:\x822\x00\x80s \x01k:\x80\xdc)\x01ue\x80\v\x01\x80t/\x80\xa0&\x8f2\x00\x82\x94\x01\x01&r\x83\x9c\x06\x86|\x01\x83.\x00\x800\x14\x88.\x00\x83\xe2&\x88>\x02\x84s\x01\x80]\x00\x81\xcc\x03\x01Le\x82l\x11\x96_\x00\x82n\b\x86\x82\x19\x96'\x00\x86\xc7\b\x80\xc9&\x9a)\x00\x82Q+\x9fP\x00\x80\xd6)\x9f%\x00\x03queu\x80\xfd+\x9d'\x00\x81\x80,\x86\xab,\xa2)\x00\x81\xbb,\x9d)\x00\x82\xcb,\x99%\x00\x81\xcc\x01\x9d^\x01\x80f-\x02Del\x80&\x02\x99%\x00\x02old\x817\x11\x82\xf0)\x9c(\x00\x80\xfe6\x9e'\x00\x83x\x11\x9f7\x01\x89Y\x02\x85*\x02\x84\xd7\x03\x88\x15\x02\x85\xe9\x03\x87\xd7\x01\x84\x12\x00\x86\xc2\x01\x84\x10\x00\x88\xad\x01\x84\x12\x00\x85!\x01\x84\x0f\x00\x86\f\x01\x84\x10\x00\x89\xa8\x00\x8aO\x04\x84\x8d\x00\x00+\x85@\x00\x83]\x04\x88[\x04\x8d\xe8\x02\x82_\x01\x00&\x82\xc0\x06\x83\xf5\x02\x85$\x01\x818\x00\x80\xf3\x11\x81\xd3\x06\x84\xea\x02\x8b\x1a\x00\x85\xf40\x84\xce\x01\x8b\x1d\x00\x82q\x00\x82\xc3\x01\x85\x18\x00\x01a.\x84\x81/\x80s\x00\x82V\x00\x81\xa3\x1b\x82\xba\x0f\x84f\x00\x83\x13\x04\x83\x82\x04\x00:\x8a\xcd\x00\x00]\x80~4\x81\x1e\x03\x85\x8d\x04\x84\x17\x00\x81I\x00\x82F\x04\x88I\x00\x83$\x04\x8eI\x00\x84\x0e\x01\x8dI\x00\x84\x17\x00\x81I\x00\x85\x1e0\x80\x16\x00\x85l\x01\x8fC\f\x88v\x01\x88\xeb\x1c\x9c\x10\x03\x81\x0f\x13\x81\x93(\x9a$\x00\x89P\x02\x81Q\x00\x85L\x02\x83;\x00\x84\x0e\x00\x80\x19\x00\x00+\x84\x12\x00\x80e\v\x85\xe2\x01\x89c\x1a\x852\x06\x82+\r\x84&\n\x84\x96,\x80O\x12\x80?,\x88+\x01\x8f\x1e\x00\x839\x01\x81\xb1\x01\x00+\x80k\x00\x87\")\x86\b!\x9b\xd1\x16\x89\xce\r\x81 \x00\x89\xf6\x04\x854\x00\x89\x14\x00\x00>\x86:\x03\x93\x99\x02\x86b\x02\x00[\x89\\\x00\x86\xed\x16\x82Q\x1d\x81(3\x00(\x86\xb6\x02\x00+\x8aa\x00\x91\x9a\x1c\x86\x9c\x03\x87\xc0\x01\x81\xd3.\x9a\x9c\x01\x89n\x1b\xa3\xc2\x01\x81S\x00\x85\xa9\x03\x80\v\x00\x02> 1\x81\v\x00\x88^\x1b\x82\x1b\x00\x87\x8b\x1b\x8a\t\x01\x91\xcc\x01\x81\x8a)\x83J\t\x84\xf7\x18\x87\x1d\x01\x89\xd3\x01\x85\x14\x00\x84-\x18\x8b\x85\x0e\x9c2\x00\x8bK\x01\x00+\x8a\"\"\x93\x1e\x10\x87\xd7\x04\x88{\x11\x9cL\x01\x82\xd07\x9a\"\x00\x82`\b\x00A\x9cR\x03\x85q\x10\x82\xf6\x19\x80\x1d\x01\x82W\x00\x85h\n\x853\x00\x86x.\x88[\x10\x84G\x13\x84.\x02\x83l\x00\x84Z\x1a\x84y\x00\x84\x9d\x01\x84\x0e\x00\x81\xdd\x02\x87\xd0\x05\x8ar\x1a\x85\xa0\x01\x838\x1b\x83j\x01\x98\x8b\x00\x86\xe3.\x87\x10\x13\x8du\r\x8c\xe6\x00\x00\t\x81$3\x00e\x8d\xb0\x06\x8bT\x1d\x84*\x13\x80\xc6\r\x83R\x00\x85\xe7\x1d\x84;\x00\x84\xcd\x00\x84\x0e\x00\x97x\x11\x92\xd4\x00\x83\x02.\x83\xc0\t\x81(=\x81v\x00\x81r\x00\x83N\x00\x82j\x00\x85U\x01\x8a\xa1\x03\x83 \x00\x81\xce\x0f\x9f\x16\x01\x85\xd6/\x8b\xa3\x01\x8e\xa5\x00\x9a\xab\x01\x837\x00\x8a\r\x00\x85\xb7\x01\x82\xe8\x01\x9e\xb6\x01\x98v\x03\x86\xd3\x03\x80\xd9\x02\x85\xbc\a\x82\xb2\x1f\x85\xb2\x03\x97\x80\x00\x8b%\a\x98\xa7\x05\x84 8\x88\x96\x03\x83\x12\x00\x85\x94\x03\x87\x95\x03\x03at)&\x87\xf4$\x801\x19\x83!\x00\x82e\x00\x89\x19\x00\x93\x01\x13\x85u\bɮ\x03\x84\xfd\x06\x81\xf4\x15\x80\x18\x1a\x04olved\x83R\x06\x82\x0e'\x84\xe7\x00\x93\x00\x02\x89:2\x83\xff\x01\xa0(\a\x8a\x94\x01\x8b\x1e\a\x83\xea\a\x85 \a\x8c\xf7\b\x94\xe2\x02\x81\xbf\x00\x84o\x00\x80U\x18\x83\x92\x00\x81O\n\x81\xe7\x02\x8eE\b\x83[\x00\x81\xbc\x17\x81\xa2\r\x84C\b\x83\x15\x00\x81\x13\x00\x83\xe3\x00\x82\v\x01\x8d\f\x01\x00=\x82\xb2\f\x8cq\x02\x88|\x00\x92\xeb\x00\xa8\x82\x02\x852\b\x98\xc9\x02\x8a\x81\x01\x89\vB\x81Z \x80?\x00\x80Q\x00\x88#\v\x88\xa1\x00\x85\xc3\t\x00+\x82'\x00\x00-\x88&\x00\x92\xe1\x03\x82\xca\"\x00!\x8c\x00\x01\x8ad\x00\x86\xaf\v\x88e\x00\x86A\n\x88f\x00\x85(\x00\x86(\x03\x87+;\x88+\x03\x86\x15\x00\xa6.\x03\x80a\x00\x91\x17\x00\x81\xc1\x00\x9fD\x03\x87\xa9\v\x884\x16\x86\xb7 \x9b!\b\x86\xcc \x9a'\x00\xa2\xf5\x05\x86s\x00\x885#\x8d\x85\b\x9b\x03\x06\x8d~ \x917\x02\x9d\x00\x06\x83\x17\n\x83\v\x03\x80X\x0f\x9di\f\x80\r\x05\x8f\x1e;\x81\xa9\x05\x88\x82\x0e\x00-\x81\"\x1a\x8f*\x00\x81t\x0e\x88*\x00\x80\x0f\x00\x8c&\x00\x82q\x0e\x83\"\x00\x81\v\x00\x86\xae\x10\x82x\x03\x8a\xad\x10\x82A\x00\xac\xac\x10\x8f\x8e\x13\x81\x87)\x84u\n\x82\x0e\x00\x87n\x06\x82\x0f\x00\x82\xc1\x05\x87\x0f\x00\x80\xa5\x02\x87\r\x00\x82C\x02\x87\x0f\x00\x86\xfb\x02\x83k)\x84n\x03\x84\xbe\x17\x81>\x03\x85\x10\x00\x83\xb7\x17\x89\xae\r\x86\"\a\x83|\x19\x90$\v\x83\xb8\v\x86'\x00\x8d\x86\v\x91\xa8\x06\x82\xb0\x0e\x81$\x04\x01sm\x82$\x00\x85\x91+\x81\xed\x14\x869\x00\x00)\x86o\x04\x88\x846\x92m\v\x81\xbe\x00\x88\x03(\x8dK\v\x91f\x00\x85\x14$\x00i\x81U\x02\x87\xac\x00\x89\xa0&\x84\xff\x04\x87G\x04\x85\x87\x00\x84\xab\n\x88\xbd\x11\x88\xc7\x0e\x80^\x02\x856\x00\x8d\xbc\x11\x8d\x06\x01\x00-\x87\xbe\x00\x8d\x97\x11\x81c6\x86\xa4\a\x81*\x00\x86\xed\x01\x02) /\x80\x9d8\x8a\x9f\x11\x84-\x00\x86\xa6\x04\x810\x00\x84\x0e\x02\x81.\x00\x80w\x19\x8b\xa8\x11\x87\xfb\b\x00Q\x81\x18\x00\x81/\x00\x860\x02\x8a6\x11\x88g\x0f\x80$\x00\x85E\x02\x8b5\x11\x87\xd6\x0e\x00-\x85Y\x02\x8e\xe2\x10\x84\xa1\x00\x8f\r\x0e\x81W\x00\x87\x81\x02\x84\xdb\x00\x80\x12=\x815\x00\x8d\x9b7\x0160\x8dx\x10\x00+\x88g\x00\x02*8+\x87m\x01\x80\r\x00\x87O\x01\x80\r\x00\x85-\x01\x03*12+\x87\v\x01\x01*4\x81\xb3\x11\x80m\x00\x85'\x02\x82\xef\x05\x81\xbd\x05\x00u\x82^\x03\x8b\xc1\x13\x99,\x00\x84\x98\x00\x99#\x00\x87\x9d\x00\x9eu\x00\x9b\x15\x03\x00-\x85^\x02\x9bH\x00\x85\xfe\x00\x99&\x00\x85\x17\x01\x99$\x00\x87/\x01\x9aJ\x00\x91w\x05\x82\xa4\x1c\xa83\x00\x80q\x05\xa61\x00\x81\x80\x05\x99-\x00\x84\"\x02\x99#\x00\x85\xc5\x02\x9dG\x00\x9dl\x01\x84\xf5\x02\x99#\x00\x88\xa8\x02\x86'\x00\x84]\b\x84\xdb\x00\x81\xd5\x01\x00[\x85\xda\x01\x00:\x84C\x12\x91)\x00\x821\n\x85\x97\x00\x85)\x00\x88\xc18\x85L\x03\x87\x8f\x1e\x92x\x03\x81\x1f\x00\x80Y\n\x80\xf6G\x87`\v\x91)\x00\x81\x92\x1e\x89\xfa\x03\x88@\v\x93/\x00\x80\f\x18\x83Y\x05\xb7a\x12\x84\x19\b\x96N\x01\x80A\x00\x82\x16\f\x96k\x03\x88R\x12\x86\x1a\x01\x89(\x06\x86\x19\x01\x86\x8b\x05\x8e\xa9\x11\x81a\v\x89H\x06\x81\x10\x00\x85.\x00\xa7]\x06\x8b2\x00\x87P*\x82g\x11\x82\xa7\"\x89\xa73\x8b.\x00\x89G\x06\x8c\xe43\x9b\xda\x11\x87F\x01\x86m+\x97\x99\x02\x00e\x81\x91\x02\x97 \x00\x86\xa1\x11\x8bM\x01\x86\x8d\x06\x818\x01\x001\x86O\x01\x84\xae\x06\x8a\\\x02\x83\xfe\r\x95!;\x85\x9bJ\x88\x8e\x0e\x00)\x80M:\x89t3\x89\xef\"\xa7F\x00\x80|\x04\x8eH\x00\x97Z\x04\x80\xd6B\x87U\x05\x82\xf2\b\x85\xe3\x01\x86\x89-\x00j\x84t\b\x00j\x86\xe5!\x88;\x10\x80\x17\x00\x84?\x02\x83\xdc!\x88%\t\x00j\x82<-\x83\xc3\x00\x83\x9f\x01\x86_\x00\x02= j\x82\x11\x00\x03brea\x81\xc85\x86\xaf\x01\x84O\t\x8c5\x02\x91\x8f\v\x9d\x86\x1f\x84\x10\x00\x82N\x0e\xa1\xea\x06\x8aE\x12\x9b6\x00\x86\x8f\x00\xa3'\x00\x82:\f\x87\xca\r\x95B\x11\xa6\xa5\x00\x82u\x13\x9b{\x00\x82[\x00\x00-\x86a\x00\x95\x81\x00\x93\xad\x12\xa6\x89\x00\x84]\x12\xa2\x8b\x00\x8dk\x00\x8d?\x15\x8ca\n\x86p\x03\x84\xcd\t\x81n\x03\x002\x86n\x03\x87\xef\t\x84q\x03\x003\xaaq\x03\x89\xd4\x0e\x90,\x03\x83\x13\x06\xabG\x00\x91u\x03\x85\xde\x11\xacJ\x00\x002\xb7\xbf\x03\x8d(\x10\x84\x15\x10\x86\xd0\"\x86\f\r\x84\x1c\x00\x80I:\x8a-\x10\x87\xe2\x06\x83\xef/\x91\xfe\x03\x94T\a\x00j\x87\xf8\x04\x83q0\x91#\a\x83\x12\x04\x81z\x00\x8441\x84q\x00\x94R\a\x00j\x83R\a\x89(\x04\x83W\x12\x82\x05\x00\x83\xa8!\x96^\a\x89\xc1\v\x91\x1d\x06\xa2\xe7\x02\x88D\x13\x9c\xe6\x02\x85y\a\x85$\x00\x90\xbb\b\x80\xa0\x00\x00:\x87\xa4\x00\x84\xc0\b\x8b\xb3\x12\x95_\x00\x81\xd6\x01\x9b\x81\x00\x84\x1a\b\x8c>\x03\x86\xdc\f\x89\xa3'\x87\xfe\f\x90d\x11\xa7b\x05\x88I\x00\x83r+\xa41\x05\xa20\x05\x83\xfb\x10\x9f\x88#\x88(\x1b\x912\x0f\xad\xb2%\xba\xc5#\x00&\x94$\x00\x88\xc6#\x80\xe1/\x00(\x83_#\x83\x99\x02\x84\xa8\x02\x80\xff\x00\x85\xddC\x85\x1c\x00\x80#\x01\x87\r\x00\x01[:\x85&\x00\x81\x10\x03\x03copy\x88F\x00\x80\xfc\x01\x80\x19\x00\x8a\x16'\x8b0$\x85r\x10\x88\x9a\x00\x88uG\x81\x8f\x02\x83\x81\x00\x84(#\x93+\x00\x8a\xc6\x12\x84\xad\a\x86\r3\x98_\x00\x85\xe7\x12\x93\x1e\x00\x84\xe2\x15\x82\x80\x00\x8d\xff\x00\x947\x00\x00[\x82v\x00\x00:\x98U\x00\x99\x1c\x00\x99@\x01\x84\xcb\x01\x835\x01\x85S\x16\x8bj%\x80\xf5\x02\x00c\x80\x9c\x04\x80_\x00\x83m%\x85 \x00\x82k%\x81j%\x87\x11\x00\x81}<\x80\x06\x00\x85\x11\x00\x83e%\x82\xea\x12\x88\x13\x00\x81%\x00\x81\a\x00\x8bC\x13\x81\x19/\x00S\x80\xe4\a\x01ar\x8bH\x13\x82\xcd\x00\x8084\x9c=5\x85\xed#\xa5A\x03\x8c\xd4\x00\x01Ar\x80\xe7W\x86\xca\x16\x80\r\x00\x00W\x80\r\x13\x80%U\x80*\x00\x00!\x81+\x00\x81i\r\x00p\x85:O\x8dY5\x8f\xbb\x00\x85\xebG\x8ah\x03\x83\xdf\x03\x85\x98\x06\x81n\x00\x81e8\x83\xb90\x85\x14\x00\x8aP\x03\x85\xadL\x80\x18U\x87$\x00\x86\xd5)\x90\xb3)\x8cA\x02\x83\x16\x00\x83\xf1\x03\x81j\x02\x88\x1c\x00\x9b\xc7>\x81-\x00\x8f@\a\x85<\t\x83\xca,\x82I\x0f\x81\x03(\x82\xfb(\x86\x16,\x8b\x19\x03\x91\x8b5\x807\x00\x81\x11\x02\x84\xf7\x14\x8b0\x00\x82\x8b,\x864\x01\x85X)\x887)\xae\xdd\x04\x81\xe5\x1e\x84\xe0\x04\x91\x14\x02\x85*)\x82U\x00\x83\x94\x15\x83\x99\x00\x80'\x06\x828\x00\x86\x90\v\x81\x95\x16\x81A\x00\x93\x98&\x88\xb4\x00\x9a\x11\x05\x89\x9c\a\x8d)\x00\x81\xf1K\x01++\x887\x17\x85\xe0\x19\x92\x8dK\x83\x02L\x810\x00\xc1m#\x87\\\x16\x86\x1e\x00\x84\xde\r\x82{\x14"
const compilerSourceData0Chunk1 = "\x8b\x1a\x00\x87\x8a\n\x84j\x14\x89\x1f\x00\x89k\a\xae\xc5#\x88\x9d\x16\x861\x00\x90z\t\x84+%\xa6|\x03\x93<\x18\x80\xed\x0e\x81F\x03\x81\a\x00\xa4\xb8\x02\x83\xbcJ\x81\t/\x80\xbd\x03\x82?\x00\x81U\n\x84\xfa\x02\x84\x13\x00\x858*\x95\x16\x18\x88*\x02\x87n\x02\x87\xfa\x17\x88\xf6\x17\x88\xf2\x17\x86\xee\x17\x88\xea\x17\x87\xae\x12\x86\x94\x12\x89\xde\x17\x83\x9e\x03\x96\xb2\x18\x818\x01\x80\x985\x82\xa8\x01\x86\x06\x1a\x00s\x86<\x01\x8f09\x86N)\x81\x18\x00\x84\xc8Y\x85\xa8?\x82\x94\x00\x86\xe4/\x808\v\x88\x11\x00\x91\x81\t\x87\x1f\x00\x87\"1\xa0\xcf\x01\x89}\t\x87C\x00\x80\xa3*\x94l\x1a\xaf\x00\x01\x95m\x06\xf7\xff\x00\x8b\x05\a\xc1\x04\x01\x88\nQ\x83\xe5\x06\x00F\x80{\x1b\x81\xc1U\x83C8\x80\t\x00\x80B\x02\x84\xc6Q\x034096\x896\x01\x80\xfd\x12\x81:\x06\x80\xdaB\x83!\x01\x80\x10\x00\x84ZN\x87\x16\x01\x81\xde\x03\x89-\x00\x00W\x80\xf5T\x84\x8b\x06\x81,\x13\x83Y\x01\x04egacy\x8bMV\x00(\x80\x1f\x0f\x8a\xa3\x01\x91@\x00\x87x\x00\x813\x03\x82\x15\x00\x92\x9aV\x8f\x96\x00\x860\x00\x81\xd2\x04\x00.\x81XR\x84\x10\x00\x81\xfe,\x84J^\x85\xab-\x81\x11\x00\x86\xd9$\x869Y\x83\x88Q\x82,\x1e\x8a\x14\x00\x87C\x1e\x8a\x17\x00\x85hY\x8f\\Y\x87\x1e\x00\x82`Y\x89v\x00\x8b[Y\x92UY\x81'\x00\x8bYY\x98SY\x83-\x00\x88\x86.\x85\xc7\x06\x00F\x87\xbc;\x87\xfcQ\x81\x05\x01\x86\xedS\x80\xcb\x02\x85\xc5S\x84\x94\x13\x89\x1b\x00\x0432768\x82\xe9\x04\x81z\x18\x88\x19\x00\x0465536\x81\x98\x10\x84\x16\x01\x89\x1c\x00\x0149\x83N\x00\x84\xaa)\x8e\x8dQ\x88\x7f\x00\x86\x92%\x83\\&\x87:F\x81\xcc^\x80,\x00\x8a\x91\x00\x83\xdd\b\x84\xc6\x1f\x8e+\x00\x8a\xa3\x00\x81+\x00\x89\xf4\x1f\x8e.\x00\x8d\xb8\x00\x85\x02\x1f\x804\x02\x8b\x06\n\x814!\xa3E\n\x83\x04\x16\x827\x00\x89\x0e\x01\x82LU\x86\x1a\x00\x8dWS\x860\x02\x82\x96\x00\x8b>\x00\x85\xf5\x0e\x86\xde\x12\xa8\x89\x00\x8d\xe4\x01\x82\xb0\x01\x86\xef\x16\xa2\xe3\x01\x80?R\x0107\x81\xc8\x01\x91\xe4\x01\x039830\x81\xd7\x00\x8f\xf0\x00\x02204\x81O\x00\xff\xfd\x01\xab\xfd\x01\xb2\x9f\x01\x88\x98\x0e\x97U\x03\xa4\n\x01\x83\x1fc\x80\xdd\x15\x80\xddZ\x86'Z\x86\x94b\x80\xe2\x00\x81\xd2=\x818Y\x80\x95b\x80\x7fI\x03,000\x84\xd8;\x82&[\x0165\x81\x12\x00\x83H\x00\x80\x0e\x01\x82{Y\x83\x17\x01\x83f[\x00.\x83\x9dY\x01pr\x801Y\x00i\x81\xda(\x03grow\x80O\x12\x01ro\x80\xe0Y\x84\xb2Z\x01 e\x80K\x0e\x02rly\x83F\x00\x81\xe8Y\x80\xc6<\x81\x85#\x03memo\x80\t\x10\x01th\x80\x87\x14\x01pu\x80\x7fc\x80\vc\x81\xac\x00\x85\xa7\x00\x04RSS g\x80\x1f\t\x80jX\x8fa\x02\x032457\x81+\x04\x8ea\x02\x038192\x89\x82\x19\xcd\x04\x02\x81\xb4\\\x85Z\\\x88\n\x01\x82ld\x01mu\x80<\x03\x00l\x81\ra\x00f\x80L>\x00u\x81\xeaZ\x80\xde\x00\x00n\x84A\x16\x87\x83\\\x01. \x819(\x89\x1ed\x83\xe6[\x81\xa8d\x80<\x00\x00e\x83 d\x809\x00\x022,8\x80\x91\x01\x80\xdb\x17\x00e\x80\xc8A\x02y n\x83\x81\x01\x83]\x0f\x82<\\\x03avoi\x813\x10\x81`\\\x00o\x80~\x00\x81X\x01\x00a\x80~\x03\x00,\x80\x7f\x03\x00-\x83i\x11\x83n\\\x84\xb3\\\x82I]\x80w\b\x00e\x80\x15\b\x84g[\x82\x15\x00\x81d\x01\x91\x92\x03\x031228\x81y\x03\xff\xf7\x04\x83\x05\x06\x81T\b\xba\xf7\x04\x83W\f\x90u\x06\x84E\x11\x8dQ\x03\x89.\x00\x84<\f\xbc\xd7\x00\x87\xbe\a\x8ai\x01\x02638\x87\xfb\x04\x82\xdc\a\x8f\x8d\x00\x8f;\x00\x83\xaa\v\x86\xc00\x81\a\x00\x89\xa9.\x88*\x1c\x81\x17\x00\x86\xe7\x02\x83\t\x00\x81\x13\x00\x8a\xc4&\x85\f\x00\x81\x19\x00\x87c\x01\x84\n\x00\x87\x15\x00\x84\x9e\x00\x87\r\x00\x82\x1b\x00\x8a~\b\x82 W\x87\x10\x00\x83\x1a1\x89x\b\x81\xce\x1d\x88\x10\x00\x88;1\x81\a\x00\x93l\b\x85\xa6\x17\x9a\xa5\x11\x86\x91\b\x8c\xfe\r\x8c \x11\x84\x16\x00\x00{\x81\x14\x0e\x00:\x8d9Y\x81n\x06\x00)\x83.\x02\x87\xb3\"\x82\xd9\x1d\x83j\x01\x84la\x84\x12\x00\x88\x96a\x84\x12\x00\x87\x8fa\x84\x11\x00\x93i&\x814\x18\x95[&\x8d7\x00\x84P&\x000\x8e\xe7\n\x02New\x82\"\x1a\x8bX\v\x84\xeb7\x8d\\\v\x87\xbcA\x8d\xc5\x0f\xa2\xc0/\x84\x0e\f\x83G@\x8d\x89\x00\x81\x92'\x8e\x8a\x00\x84l\x05\x88GZ\x8b\x91\x00\x86^\x1b\x90\x8d\x16\x8dz\x1b\x8d\xbd,\x88+\x00\x93_%\x8a\xb31\x82\t\x00\x8b\xa31\x83\xf5!\xa6\x9e\x01\x96\x83\x01\x8c\xd4\x1f\x94\xfe\x00\x94\x93\x01\x8a\x02\x01\x9d\xb0-\x8bB;\x85\x01M\x9e/\x1b\x87\xc7\x01\x83\x8f@\x8f-\r\x81=\x0e\x008\x8b\xbb\x00\x00v\x96\xb5\x01\x95/5\x81\xa8\x04\x01(v\x94^\x00\x00T\x90\x84\r\x80E\x00\x83u\x10\x92g\x00\x910A\x82\xd8\x01\x880.\x94\x8a\x00\x82##\x84\xd6D\x91\x8d\x00\x002\x8c\xeb\x00\x000\x84\xfe\\\x001\x9f\xf4\x00\x88\x88\x19\x0116\x86q\x00\x05v0|(v1\x80\xd9:\x94\xfe\x00\x003\x99q\x00\x80\b\x00\x002\x96y\x00\x8a\xb7\x00\x004\x81\x8c\x0e\x87l\x00\x80\b\x00\x002\x813;\x94u\x00\x80.\x00\x9fu\x00\x80\b\x00\x003\xaa\xf6\x00\x80=\x03\x8f\xf6\x00\x86\x8a\x00\x80\t\x00\x003\x81\xab;\x94\x93\x00\x005\xa9\x93\x00\x80\b\x00\x004\xa2\x18\x01\x84\x17\x01\x81H\x00\x81D\x00\x81@\x00\x8c\"\x00\x80\xdc\x02\x81N\x00\x8f\x95\x00\x80f/\x82\xf8k\x80\xf7\x06\x8b\x9b\x00\x80\x95\n\x82\x83\x00\x81}\x1d\x83j+\x84\xfak\x94)\x01\xa3\r.\x01at\xba\x02.\x90\xbe\x00\x98\xbb\x00\x9b{\x05\x9f\xe81\x93\xad\x00\x90\xdd1\x90\x97\x00\x81\x84\x12\x83 \t\x8b\x9c\x00\x89\xf1_\x8a\"m\x83\x0f\x00\x84\xa0h\xa07\x06\x8e\x86\t\x80\x19\b\x91\x86\t\x85`=\x8c\x86\t\x88=\x06\x86\x96\x1b\x83r\x05\x87\xd7\b\x89\x84\x04\x86\xac\x00\x83\x8c\x04\x84\xac\x00\x89\x8a\x04\x8a\x1c\t\x86R\x01\x87\x16\x00\x84\xbf\x12\x9b\xf7_\x84V\x1b\x82\a!\x90\x8f\x00\x84\xfe\x11\x86i\x01\x88rk\x89\x13Z\x83\xe6N\x87\x17\x00\x83\xd1\x06\x80W\x00\x83\x13\x00\x8az6\x8b\xec\t\x8c\xb8\x00\x81\rn\x01ym\x94\xd3\x04\x8dE\x05\xb6F\x04\x8c`\x00\x82\xf3\t\xa1\x98c\x9a\x90\x12\x9e\xb5c\x83\xbc@\x00r\x81\xcd\x1c\x86\xe2\x12\x85e`\x80hi\x8f\x93\x00\x9f\x87c\x9a\x91\x00\x83\xce\x1e\x837\x00\x80{[\x004\x83\xe4\f\x86\x13\x00\x82\xd3@\x88\x97\x11\x89,\x00\x008\x8e,\x00\x81\x94\r\x88\x1bS\x96\xf9c\x8b\xe5\x00\x82BB\x9a\xe4\x00\x81\n\x15\x81\xc9\b\x01eF\x81nO\x95\xef\x00\x865\x15\x87+\x00\xad\xff\x00\xa5\xd3\x00\x90k\x00\x9a\xe3\x00\x900\x00\x97\xf3\x00\x84\xca\x02\x006\x8d)\a\xaa\xca\x02\x81>\x00\x94\xca\x02\x84`\x00\x81(\b\xb7`\x00\x89f\b\x93`\x00\x81\x17\bĺ\t\x9c\"\x00\x01>>\x81\xe1\b\x9e%\x00\x90\x92\b\x00m\x80(\x01\x80\xab\x06\x02axB\x80\am\x80\xb0\r\x00s\x9e\b\x18\x80r5\x91\xd3\v\x80\xea\x10\x82H\x00\x83\xcc\x10\x02sav\x802\x11\x00s\x80\f\x02\x80\xebw\x80\x01\x02\x03walk\x80\xd2u\x82.\x11\x87\x9e\x11\x82\xcc\x12\x84\xe8k\x82\xc9j\x82U\x12\x80J\x00\x00L\x82Dl\x84\x9fu\x81\x01J\x80\x13J\x00s\x80\x15v\x80e\x11\x02amp\x80[m\x827r\x00h\x80\x115\x82\xd2\x12\x81G\x00\x84\x9cl\x80(\x19\x805\x00\x00r\x80L\x00\x82I\x00\x87\x93m\x80\xc3\x12\x00i\x80\x8d\x02\x85gl\x81\x05\x1a\x01 b\x84\xf4\x00\x80u\x00\x81\xee,\x83\xd9\x00\x80\xe3\v\x001\x80h\x0e\x80\xc7\x12\x8d\x91\x06\x85\xf4l\x00o\x81\xbbv\x81\x13\x13\x85[+\x80\tt\x80\xc8N\x84M\x00\x839\x13\x00b\x80:R\x81\x8ar\x00h\x80F\x0f\x83\xefs\x00p\x80 T\x02iou\x80S\x0f\x82\x98\x00\x80\x0f\x00\x81sm\x83\b\x01\x82\xaa!\x81\x1em\x82C\x05\x82Io\x81\x0e\x00\x82\xd9\a\x83\x18\x12\x82:\x01\x82\x1e\x00\x80k\x00\x863\x01\x82L\x00\x83\xe4\x01\x80\x90\x00\x80P\x01\x86\x01o\x00a\x80\xc4\x12\x81\xbcR\x83c\x14\x82\x17\x02\x00b\x82\x0eT\x00.\x84]\x01\x8f\x01w\x82M\x00\x80G\x00\x80{\x0f\x81<o\x83;\x01\x81^o\x81}\x00\x80D\x14\x00m\x80\xe1\x19\x81\x82\x00\x82\xee\x00\x85Gy\x815\a\x80\xccm\x84lt\x80Pn\x80\xa1m\x80\xe6&\x84\v\x01\x87\x032\x88\xe5\x13\x89\x8a\x1e\x01/2\x81\xad$\x01av\x82\n\x10\xa3.\x00\x05totalS\x823\x00\x84\xd6-\x8a\x91\f\xff\xcc,\xa5\xcc,\x84\x8c#\x99\x85.\x89\xadO\x84/\x00\x86\xbf9\x8c\x80\\\x803q\x82rP\x84'\x00\x00-\x80\xab^\x00t\x80&9\x81 3\x82~c\x81\x1f\x00\x00<\x80\xa2\x0e\x002\x80\xe4G\x806D\x81\x0f\x00\x80o@\x002\x83\xef_\x8dM\x00\x86{\t\x82?)\x85\x00*\x81\xbf\x15\x83\xac\x01\x85\x0e\x00\x81\xf0\t\x82P!\x001\x84\xe7\t\x81\xe0\r\x80\xcc)\x001\x82 )\x030xe9\x842\x14\x84\x00\t\x80-\x00\x82\xb97\x86H\x00\x81\nn\x89^\a\x83N\x00\x002\x8bN\x00\x002\x84N\x00\x010f\x8ef\x00\x81\xcb!\x01x8\x82~\x12\x8a\x18\x00\x81Dc\x01x8\x84\x9f)\x8a~\x00\x81\xa5\x17\x85\x83;\x8b\x8a\x00\x82\xe8\a\x83\xd5\x00\x832\x00\x88\xb8-\x83\x82$\x85\xd8\x02\x83,\\\x80t\x00\x81\x02\x02\x85\x15\x00\x00[\x8a\"\x00\x80\x85\x00\x80\xaf\x02\x81C\x00\x87\xccj\x8ag\x01\x83\xbc)\x826\x05\x81\x8fr\x82\xc7\x17\x84=\x05\x80\x03\x00\x81^\x04\x88(\x05\x80F\"\x80\xaf\x03\x84\xdfw\x81\x1c\x00\x03orig\x80\xc9\x04\x815R\x81D\x00\x80,\x18\x82\xa1J\x82\xb5w\x82\xa3\x03\x81\xf7\x16\x00s\x80\x9b\x03\x00l\x80\x8b\x16\x00a\x80M\x16\x80kx\x83\x87\x04\x05high b\x81\x88n\x82|}\x00n\x81{\x04\x84F\x00\x83\x89{\x8d\xc4\f\x80\x94\x03\x00s\x80\xbc\x05\x83\xban\x00p\x80\xa2x\x00;\x80\xaf\x04\x84R\x05\x80{\x05\x81\xe9\x16\x81\xf3s\x00o\x81c\x1e\x84I\x00\x81\xa2\x00\x83\n\x01\x05 up ag\x81\x89{\x85\xe6{\x80\x89\x04\x84\xcaq\x84\xdf\x16\x86\xf1\f\x82y2\x86\t\x12\x83f\x03\x02| -\x864\x03\x008\x829*\x85\x1b,\x86\xc1\b\x89A\x00\x87?\x00\x80\xec\x01\x8f<\x00\x82s\x01\x89@\x04\x80\x17\x04\x83\xff\x01\x81\x19\x00\x86\xb6\x04\x86@\a\x85\x12\x00\x85c\r\x82\xcb\x01\x02*2+\x82\xc6*\x82R\x00\x85\xbb\x04\x863\x00\x84\x11\x00\x852\x00\x88m\x00\x88!C\x80\x05,\x85Q\x03\x00w\x81TV\x84\f\x00\x843\x01\x87\xd5\x04\x82(\x00\x00<\x85\x99\x06\x84\xae\t\x84&\x00\x84]U\x86\x92\x02\x8d\x8e\x02\x83\t\x00\x82\x85\x02\x82\xf1\x16\x80J\x00\x82.\x01\x89\xcd-\x8e-\x00\x80\xa3\x04\x82\x14\x03\x00o\x82K\x04\x80\xc0\x03\x81\xfeb\x83\xa4y\x80\x10\x00\x005\x94\x80\x01\x80.\x00\x83P\x00\x84\x83\x03\x81m\x00\x81PL\x80n\x03\x020x1\x82\xe8>\x83D\x00\x80\xd5\x17\x86\x87\x01\x84,\x00\x82\x00\x01\x82hc\x81\xa4\b\x01op\x82V\x01\x89\x1c\x00\x83\x14\x02\x82E\x00\x83,\x01\x81\xcb\x05\x81\x0e\x00\x82\xd3\x00\x81\xc1\x01\x82f$\x85\xbf\x01\x83m%\x8c\xcf\x04\x8dl\x00\x88\xa8\x00\x81H)\x83h\x00\x819\x00\x82\xba\x00\x80\t\x00\x85\x9c%\x00T\x80\xd9\x05\x00c\x83_\x7f\x00&\x85M\t\x82.\x00\x94\a\x13\x92\x8f4\xaa\xcc:\x8b\xd2g\x82`\x01\x88-\x15\x88\xe1\x02\x8c\xbf\t\x01ed\x86N\x00\x87\xb6\x02\x86\x8d\x02\x90\xa5E\x8b\xac:\xacF\a\x03rawA\xafI\a\x839\x00\x86\x89<\xac?\a\x86\xbd\a\x83}\x00\x95\x95\a\x86b\x00\xbbn\a\x86G\x00\x81p\a\x80\\\x03\x84?\x00\x88\x006\x85#\a\x87\xd4\x06\x837\x00\x80\x9c\x00\x86\xa4\a\x90{\x06\x82\xfd\x02\x80\xe6x\x83@\x01\xaa\xc6\x01\x83Rp\x83\xb9g\x91\xf1\a\x83V\x00\x80\x1f\x00\x85)\x05\x83\xe6\a\x81\xc6\a\x80\xf6\a\x80\xc5\x00\x83\x05\b\x81>\x1c\x84\xf7\a\x85\x1a\x03\x82:\x00\x86\x86\x03\x81'\x00\x82C\x00\x8e\xb0\x06\x89\x88D\x80?\x03\x85B\x02\xb4\x96\x02\x80xA\x82\xd6\x01\x8fQ\x00\x8e\t\x06\x86\r\x1e\x83\xb2\x02\x83\x04\x04\x82\a\x1a\x87-\x13\x85G\x00\x807-\x86\x99\x00\x8d\xd7\x02\xe4{3\x88 \x00\xb6\xb4\x03\x83\x1e\x01\x8d(\x17\x99=\x00\x87\x19\x82\x85\x97\x06\x86\x11\x00\x86W\x04\x89\xf3\x18\x01lo\x84\xfb\x03\x00h\x83_9\x89P\x06\x839\x01\x80\"\x00\x00<\x802\b\x82\x1a\x01\x00m\x80\xcb\x7f\x81&\x00\x00o\x80b\x02\x02(hi\x80O\x85\x80\\\x06\x83-\x03\x9d/\x01\x87\xde\x00\x80E\x00\x00)\x81\x93\x06\x808f\x85\x92\x00\x83\xb13\x00o\x81W\x1d\x80b\x00\x83\xdd\x02\x89L2\x80\x7f\x00\x82\x1b\x00\x86\xba\x04\x81\x8d\t\x80/\x00\x8cQ\x12\x85P\x00\x89\x82\x19\x86d\x00\x00-\x9e\xa3\x00\x86w\x01\x01lo\x82\xecb\x8d\xd0\x0f\x00P\x82q\x11\x9d\x1c\x0f\xa0\xb7#\x02Arm\x82\xb7\x00\xa9o\x05\xc1\xb6\fƷ\f\x8f\x1c\x1c\x90\xd8\n\xa9n\x05\x91\xdd\f\x8fR\x00\x94\xe0\f\x84\x15\n\x01ns\x87_\a\x01Ge\x85\xc8\x00\x83\xb1\a\x80I\x03\x84f\x00\x80\xdaZ\x80(\x00\x00&\x81K\f\x00e\x80@#\x80\x01\x00\x83=0\x02x0a\x83\x0f\x00\x86a5\x80G\x00\x01Pu\x8dG\x00\x00,\x83A\x00\x04&0xff\x84?\x00\x01|(\x82.\x05\x02/4)\x80\x16\x00\x0200f\x82\x01\x00\x83\x1b\n\x850\x05\x86\x14\x16\x01et\x84\xb8c\x81\xb2\x80\x82/\x02\x8cV\x1d\x9e;\x02\x00a\x80\x05\x00\x006\x83\xa1\x14\xff?\x02\xff?\x02\xba?\x02\x00a\x82op\xae9\x02\x01fc\x8a9\x02\x0194\xa39\x02\x87*\x00\x8b2\x02\x003\x8a2\x02\x86\a\x0f\x96p\x00\x001\xa6p\x00\x85*\x00\xadp\x00\x82\xda\x02\x001\x85p\x00\x005\xa4p\x00\x8b\x19\x03\x011f\x81\x19\x03\x88x\x00\x007\x82u\x00\x02<<5\xd6\x1b\x03\x81\x18\a\x87\xa6/\x91\xd7\x14\x83\x92\x16\xff,\x12\xb26\x03\x8f5\x03\x8c\xe3\f\xe7M\x12\x96\x04\x02\x847\n\x85<\r\x93\xd8\x01\x94@$\x88\xdc\x01\x80\xa1/\x01ux\x83C\x8e\x89\xd6\x01\x93>H\xffL=\xf6L=\x87\xf2\x01\x8a\xeb$\x82\x19M\x83\xe5\x01\x96\xcbM\x82\xf3\x01\x86\v8\x85\xae\x01\x80\x1f\x00\x83D\x00\x80\xa9\x01\x86G\x00\x81\x0e\x02\x82\x17\x8a\x82h\x00\x88e%\x00+\x81\xd4\f\x80\x13\x02\x91.\x02\x811\x00\xa2*\x02\x8df\t\x88\x83\x00\xa06%\x82\x18\x04\x87\xd4%\x85\xc0o\x85R_\x87\x1b\x00\x8a2c\x8b-\x01\x89\xc14\x8a\x8e\x00\x85\r\x06\x80\xbb\x12\x85\xa7\x1c\x83\xc0\x1f\x88\x8f\x00\x86\xe7#\x01in\x80x\x14\x82X]\x81=c\x83\x0f\x00\x82\x02\x11\x01<<\x80\xa2\b\x8b\x17\x00\x80O]\x81\x17\x00\x80\x8c\x19\x8b\x18\x00\x80L]\x81\x18\x00\x80\xa3!\x8b\x89\x00\x85A\x01\x87\x10\x1d\x87J \x87R\x1a\x01b0\x81\x82\x01\x840\x1a\x80\x0f\x00\x001\x87\x0f\x00\x02 >>\x82'\t\x01b2\x8b\x14\x00\x80\x82\x00\x80\x15\x00\x003\x8b\x15\x00\x81\x7f\x00\x81\xda<\x81\xd0\x00\x81\x10\x0e\x80\x1e\f\x83\x0e\x00\x83\x93\r\x00b\x80\x9e\v\x84\x10\x00\x81\x96\x15\x01 b\x83\xecI\x83\xc0\x00\x81\x10\x00\x8cf\x80\x86+\x1b\x89\xbe\x00\x84\xb6\x00\x871\x1e\x8fj>\x87\xf9\x1a\x95\x1c\x00\x84\xf3\x1a\x96C\x1c\x88\x92=\xd2y\x00\x97\x1f\x00\x82f\x1b\x98 \x00\x82\x85#\x9c\xb9\x00\x80\xbd\x1c\xa0\xb9\x00\x8e\xea\x00\x82\x8b\x1c\x98\x1d\x00\x02>>3\x81C\x19\x9d|\x00\x00U\xa38\x01\xad\x7f\x00\x81\xbff\x8b{\x00\x87na\x02Elf\x835!\x80sm\x83S\x1b\x87sa\x80\xeb \x80,\x8f\x84S\x87\x85\xaf\x8c\x00r\x8e\x13\x00\x00h\x86\x15\x00\x86\x13\x00\x829\x00\x81\xb9)\x81\xc1\x00\x856\x00\x88\x10\x00\x813\x00\x82\x0f\x00\x85\x10\x00\x82Q\x90\x86\x0e\x88\x81K4\x84/\x8d\x82\x10\x00\x81'\x04\x89\x10\x00\x80a\x04\x85N\x8d\x83@\x00\x82p\x00\x82\x13\x00\x88p\x00\x88\x10\x00\x81p\x00\x832\x00\x81\x10\x00\x8b|\x01\x00l\x80ȏ\x82\x87o\x80\x89\x03\x82\xdd\x03\x80\xcb;\x00g\x8b\xb1\x0f\x80\x170\x81\xae\x03\x00v\x80\xcb?\x82\x1d\x00\x84O\a\x00m\x8e\r\x0f\x00v\x89\xf2\x04\x00v\x81\xac\x05\x82L\x00\x81\x83N\x00m\x91\xf3\x01\x00U\x81\xc6\x1b\x8a\xf3\x01\x82\xb0\x15\x8c\xf6\x01\x82\x12\x10\x85e?\x80\xe5\\\x81#\x00\x81u\x00\x8f\xeb\x02\x81\xea\x01\x87\x81\x00\x94h\x02\x83\xeb+\x00Z\x8bw\x00\x86y(\x8bw\x00\x8di\x15\x89`\x15\x8f\x7f\x00\x87:m\x93\x9b\x00\x9b\x98\x00\x82\xf0\x15\x82\xa8r\x8d\x9c\x00\x99\x12\x85\x90\xb0\x00\x95\x8b\x84ͱ\x00\x81<\x03\x02hdr\x84\x94s\x87!\v\x83('\x88\xc2\x00\x82ِ\x82\x16\x00\x80y\x03\x83\t\x00\x02fla\x80(\x12\x83p\x02\x80.o\x8c\\'\x85\x06\x02\x80=\n\x80F\x92\x83\n\x00\x03info\x8c\xa1\x02\x81\a\x01\x80\xba\x92\x8f2\x02\x96\v\x04\x81\x8a\x00\x99+\x04\x80\xa0\x00\x88-\n\x9a\xf5\v\x85\x16B\xa05\x0f\x8eo\x00\x86\xeb\x04\x84\t\x01\x81\xe0\n\x99%\x00\x81#\x01\x9d$\x00\x95\xdbL\x88#\x00\x81+\x01\x81\xef\x01\x87\xe6\x12\x96\t\x01\x97\x97\x00\x9e\x94\x00\xa5lM\x85\x8e\x00\x99\xfaP\x80\xfe\x01\x99\xaf\x01\x81\x14\x02\xec\xb0\x01\x82}\x02\x9di\x01\x84\x97\x02\xa4l\x01\x97S\x00\x90P\x00\xa0\x95\x03\x80[s\x80\x9b.\x84\xd2l\x8aK\x04\x88v\x03\x84\x11\x95\x86\x82\x03\x81G!\x83\x9a\x03\x80\xec\x1d\x82\xe10\x82\x0e\x00\x83\x955\x85\x10\x00\xa2d\x03\x9a\xbbQ\x85X\x02\x9c\xca\x02\x83]N\x9d\x13\x03\x80\xb4\x00\xc2&\x00\x85\xf3\x00\x9c'\x00\x87\f\x01\x9c)\x00\x81~\x1c\x80;\x11\xa0\xab\x01\x0132\xff\xab\x01\x98\xc0\x03\x94\x87\x01\xa0^\x01\xa8#\x00\x99~\x01\xa3{\x01\x9e]\x02\xaf\x99\x01\x80\x15\n\xa9\xd8\x06\x87\x9d\x06\x03shnd\x84\x96Y\x86=\x8d\x93\xd7\b\x9d\xa5\x06\xd3\xd6\x04\x8e\x1a\f\x82D\x05\x87~\x04\x8d\x03\b\x8f\xa7\x00\x83V\r\x84\xea\x00\x9d\n\x05\x85(u\xa1\x98\x06\x89\x96\x01\x9a\x17\x06\x85U\x00\x9d[\x06\x9c\xf2\x00\x93\xf1\x00\x9e\xf0\x00\x95<\x02\x00B\x81\xce&\x8eP\f\x8b\x8b)\x00b\x86<[\x82\x8d9\x84f\x97\x81\xfe\x19\x02adF\x8a\xce\x03\x80G'\x849\x00\x8eS\x00\x91\x91@\x80/\x00\x80\x9b\x00\x00w\x80\xd2#\x82C\x00\x81\x1c9\xa8\xc1\x14\xa0\xb28\x89J\x02\x86g\x00\x82\xa6+\x85\xf8I\x85y\x00\x85\x1e\x00\x82셀 \x00\x80\x9b\x00\x81?.\x81#\r\x8f\xc38\x84\xdfY\x84_.\x00)\x80q\x12\x00*\x86M\x00\x80\xd1\x00\x82<\x00\x83_\r\x8f<\x00\x8e\x11/\x00+\x82[\x10\x824\x00\x85\x95\r\x90\fZ\x81j\x10\x80$\x00\x81K\x01\x83㙀\xb4\x00\x01\"\\\x80F\x19\x82P\x82\x82\t\x00\x01ro\x81s\r\x82\v\x00\x80l\r\x82\b\x00\x83\xc2\x00\x83\v\x00\x82[\x00\x83\v\x00\x84h\x00\x81\r\x00\x00\"\x8e{\x00\x85\x9c#\x88\x16\x00\x82\xaa\x01\x86{\x00\x83\xc3N\x81 \x00\x86\xf3\r\x82\x1e&\x81\x12\x00\x86\xf5\r\x01= \x80w\x13\x81\x12\x00\x85\xf7\r\x81[~\x89W\x01\x84\x15\x00\x81\xe7<\x870\x01\x85\x15\x00\x85\x81\x01\x86\x03\x0e\x80\xa1\x14\x80\x0e#\x8aY\x01\x89\xa8\x00\x84\xa6\x00\x82\x11\x01\x00_\x82J\f\x82\xdc\x00\x84\xaa\x00\x81\x10\x00\x82F\x00\x81\xa3:\x8c\xdb\x01\x8fA\x05\x90T\x02\x82\x00\x01\x844\x00\x82\x8f\x01\x87\x03\x00\x85\xbb\x01\xb8P\x00\x86\xa0\x00\x80\xdb\x06\x008\x80\x04\x00\x83q\x03\x00+\x85l\x03\x83e\x00\x93A#\x85\x82\x02\x88\xcfW\x83|\x14\x84\x19\x00\x8c?y\x00s\x86=y\xa2g#\x89\x04\x17\x8a\x8dW\x91\x06\x17\x81\x00\x06\x84\xc5n\x82t\x0e\x86\x97\x01\x81A\x00\x8a\xb9\x01\x94>\x0e\x89\xc9\x01\x8bs2\x00s\x89\x8c\x8d\x83\r\x00\x83\x8b\x8d\x87\xb7q\x82\xa3\x04\x80\xba\x0f\x8bu\x15\x87\xe7\x1e\xbe\xa5\x01\x84\xdf\x00\x86\xa3\x01\x82z\x00\x85\xbc\x0f\x89\x04\x02\x83\xfa:\x8d\xa6\x10\x89+\x05\x80\x16%\x84m\x04\x8a,\x04\x839\x00\x8bI\x00\x83s\x15\x87\x14\x00\x89)\x04\x880\x00\x86@\x00\x880\x00\x85|\x01\x830\x00\x89\x93e\x87\x96\x00\x89L\x00\x82\x12P\x89\xf5\x03\x80,5\x87\xa8\x00\x94p\b\x83\x16\x04\x80Q\x81\x80Pr\x00s\x8b\x00\x10\x97\n\x06\x80\xdf\x01\x91^\x06\x8bZ\x96\x87(\x06\x80J\x00\x802\x00\xf7(\x06\x90]\a\x85D\x10\x926\x02\x83\x94\a\x98\x03\x00\x91\xaf\a\x9fR\x00\x89p\x05\x82\x82\x02\x006\x84(\x04\x89\xf4\x02\x85Z]\x85\x0e\x00\x88u0\x85\x7f\x00\x001\x808\x00\xb8\x83\x00\x85\xe1\x05\x82\x83\x00\x80,#\x84\x83\x00\x87'\x18\x85\xf9T\x8b\x83\x00\x824\x18\x85\x83\x00\x85b\x01\xba\x89\x00\x84X\x06\x01, \x80\x90\x03\x80m{\x82\x88\x00\x85U\x02\x89\x9d\x19\x87d`\x8b\x16\x00\x86\x14?ʖ\x00\x87\xdc\x06\x82\x1e\x01\x83Z\x00\x8a\xd4\x03\x83\x12\x01\x88\xd3\x03\x02, 5\x82M\x01\x87\x80\x00\x87\x8c\b\x00+\x81\x8b\x18\xb5\x8b\x00\x86R\a\x82!\x01\x88\x8b\x00\x85/\x04\x88\x8b\x00\x85\xf2\x03\x84$\x02\xbb\x04\x01\x85\xb6\a\x8dx\x00\x84j\x04\x88w\x00\x87k\x04\x8ay\x00\x8b\xad\n\x88\xb0K\x81D\x87\x01OF\x80\x95\x00\x8a\xf3\x9c\x80\x16\x00\x82\xbdQ\x82\x87\b\x8b\x18\x00\x01Nu\x80Ҡ\x00r\x81S\b\x8c\x19\x00\x00F\x80\x92\x05\x811\x00\x8a\\\x9d\x82և\x84\\j\x8a杁1\x8c\x00h\x80\x043\x81\xd7+\x8b\x17\x00\x84|}\x80\x1a\x00\x006\x8d1\x00\x82\x0e\x00\x81\b\t\x8b\x18\x00\x00V\x82H\x00\x008\x8c\x16\x00\x81A\x87\x80\x17\x00\x009\x8d\xa7\x00\x81u\x05\x81d3\x8f\xa7\x00\x81\xf0\x17\x80\x1a\x00\x8d\xf2\x00\x00R\x83<\x01\x81\xb8(\x8d$\x01\x81\x03\x06\x001\x8d\xf1\x00\x00E\x81\xea\x11\x80\x18\x00\x8d\xf0\x00\x80\x18R\x83\xb4\t\x8b\x17\x00\x00B\x81\x94Y\x81\x19\x00\x90\xef\x00\x82\x0f\b\x81\x1c\x00\x8d\xf3\x00\x01Go\x80\x1f\xaa\x80\x18\x00\x8d\xf5\x00\x00S\x80^G\x81\x8a\x05\x01 1\x8d\xf8\x00\x00C\x83pS\x80\x1e\n\x8b\x18\x00\x80&\x88\x81\x91\x86\x81\x1b\x00\x8d\xf9\x00\x00O\x81Y-\x002\x80Ǟ\x87(\x19\x80\x16\x00\x00e\x8a\x1d\x19\x8a\U000e41adL\x81\xaf\xa1\x812P\x82\x13\xa4\x86\x16\x00\x83\xa2\x92\x89\x88\xa4\x82\x90\x88\x01En\x81\x1f0\x80\a4\x8e٦\x82n\x00\x89\x8a\x19\x878\xa9\x81\xf9\x16\x86\xc7\x18\x8b\xb7\x00\x81\xe3T\x00r\x81Ȩ\x82\x83\x9f\x87e\a\x86\xa4\x8e\x00p\x84-\a\x84p\x11\x92\xe1\x1d\x81\x00\x16\x85\xc7'\x04.toks\x80\xf4\x05\x81l\x91\x8a\xb7\a\x80R\x00\x00K\x80\xe5\x1e\x8dQ\x00\x80\b\x10\x8c8\x19\x92X\x00\x9d\x84\x1f\x84x\x00\x83\\W\x00i\x83b\x00\x88\xdf\x00\x83\x93\x1f\x0155\x8e\x93\x00\x83G\x8b\xf2\x94\x00\x84s \x81\x89#\x81\x01\x00\x8e\x9b\x00\x81\xaf\x8b\xac\x99\x00\x82\xcd\b\x81\xb2 \x01 *\x8e\xe2\x01\x80\xc5\v\x80\xa0\xa2\xa2b!\x8a\xb9\x00\x81T\x00\x81\xfa\x0f\x81ց\x80y\x02\xb1?\x00\x83\x13.\x86\x86-\x84J\x00\x88\xfb\x00\x86\xb70\x84\x1b\x00\x82\xdd\x1e\x84\xb2\x01\x82\x9fa\x81\xba\x00\x00&\x80\x0e\x00\x86\x8b>\x83r\x03\x82s\f\x81;\x00\x00|\x80\xf8X\x82\xde\x00\x82,\x1f\x86\x1e%\x89\xfc\x15\x83\x7f\x00\x00+\x83\x840\x8dl\x01\x81jR\xadm\x01\x82\xce\x03\x81\xb4\x00\x87\xef\x00\x9d\x82\x01\x82\x9a\xa5\xa0B\x01\x89z\x01\x82\x13 \x80\xd2\x00\x81dI\x80\x0e\x01\x81\x8a\r\x83(#\x81\xc7\x06\x84|\x00\x86C\x04\x81\xc81\x011;\x84\x9b5\x80\xac\r\x80b5\x00-\x83\xd90\xad\xbe\x01\x86S\x00\x86\xfc-\x82\xbek\x81b\x92\x82K\x00\x82A&\x81\x01\x00\x84\x15,\x81\xda\x00\x80\xc9#\x87\xc1\x01\x81\xb4\x00\x85e&\x81\"\x00\x85O_\x8a\x15S\x817\x00\x8e\x8d\x01\x81\x85\x00\x94\x8b\x01\x88\xea\x04\x90\x92\x01\x81\xc3<\x80\xbd\x00\x88&\x00\x81\x838\x00k\x81XI\x82\xda/\x8c\xf5\x03\x83\xca1\x81!\x00\x81!\x05\x87\x1f\x00\x82y\x03\x83\x1d\x00\x85\xbcS\x80\xf9\x99\x8b\xa2\xac\x81I\x9b\x87l\x05\x82\xbe#\x87\xaa\x05\x9b\xb7\xae\x82\x8e\x00\x80g\x00\x84\x0f\x00\x80|\x00\x82\r\x00\x86\xa1\x05\x87f\x00\x85\xa7\xb1\x92\x12\xaf\x8an\x00\x83_\x00\x87\xdd\x1e\x86c\x00\x8a&\x00\x86\x12\x00\x83\x13\x00\x8bᛊ\x13\x00\x88\xaf\x00\x87\xbf\x94\x869\x00\x84:\x90\x89L\x00\x87\xc6\x00\x92\xca\x00\x84\xa8\b\x00I\x81\xf3\x15\x87\xcd\x00\x86\xf5\x85\x84E\x00\x86ԅ\x85\xc7\x00\x86\xb3\x85\x8c\x10\x00\x82\xafo\x83\xf4\x1f\x84\x9b\x00\x86\x10\x00\x84\x98\x00\x83\x10\x00\x83|\x03\x86\xde\x00\x82\x10\x00\x88\xdb\x00\x81:\x96\x89@\x00\x81\x10\x00\x89@\x00\x81\x96\x02\x89 \x00\x81\x10\x00\x89 \x00\x80`\xab\x84\xbf\x00\x8a\x10\x00\x85ש\x91\x02\x01\x00T\x82I\xb0\x88t\xaf\x01te\x80.=\x84t?\x88&\x01\x8c=\x00\x83\a\x03\x89\xde\a\x80\x04D\x87\x01\x00\x85E!\x81\xba\x03\x87\x16\x00\x88\x85\b\x83\xdc\x00\x8eu\xac\x81]\x02\x83\xd7\x00\x8e\x1b\x00\x85|\x02\x86D\x88\x83\xba\x00\x85\x98\x03\x88\x14\x00\x84Q\x83\x86\x01\x00\x83\x0f\xab\x80f\xaa\x80\xae8\x80U\x04\x00H\x81\xc58\x82\x1f\x01\x8b\u05ec\x82H\x00\x8fЬ\x88M%\x8c_\x88\x8e\x8a\b\x8f6\x01\x82R\x01\x80.\x12\x80\xbc\x91\x88\xb4\x00\x88\xea]\x84\xd0\x03\x80\x0f\x00\x8a|0\x8a0\x00\x00.\x82\x94\x01\x8c+\t\x04ExprB\x84\xbcJ\x8c\x17\x00\x92\xfd\v\x82\x19\x00\x82\x17\x00\x8a\b\v\x81\x17\x00\x92\xfc\v\x81\x19\x00\x93\xfd\v\x81\x1a\x00\x91\xfe\v\x82\x92\x00\x81\x16Y\x8c\xfc\v\x81\x18\x00\x00U\x828?\x8c\xfd\v\x821\x00\x83R?\x8c\x01\f\x82c\x00\x81\xbc\xad\x8c\x02\f\x83\xc5\x00\x81GY\x8d\x04\f\x82\xaf\x00\x01el\x80S\x11\x83\xa8\v\x8e\xfc\x00\x86?B\x8e\v\f\x82;\x00\x81\xebX\x8e\x0f\f\x82\x1d\x01\x84r\f\x8e\x03\x01\x00A\x80o]\x82\xc5\x05\x80\x14\f\x89\x1c\x00\x03Stmt\x90\x99\x01\x81\x17\x00\x87\x8c\f\x8d\x1a\x00\x82\x8c\f\x8a\x96\x00\x81\x16\x00\x83t\f\x8a\x93\x00\x82^\x00\x84t\f\x8a\x93\x00\x81\x19\x00\x88t\f\x8a\x9a\x01\x81\x1c\x00\x84t\f\x8a\x9a\x01\x81\x18\x00\x83\xa96\x8c\x9a\x01\x81\x19\x00\x90\x98\r\x81\x17\x00\x00S\x81\x95@\x8d\x98\x01\x81\x19\x00\x80\x10\x01\x81\xd2!\x8d\x99\x01\x81\x1b\x00\x81/\x01\x8e\x95\x01\x82M\x00\x86\xf1\f\x8e\xfc\x00\x00B\x80l*\x82Y\r\x8e\xff\x00\x84\x1b\x0e\x8b\x92\x01\x81\x19\x00\x823\x95\x84\x91\x01\x88\x1d&\x81}\x00\x96\x1a\a\x81\x9e\a\x88\x0f\x00\x02lef\x84\xe4\f\x83~\x06\x80+\x04\x88g\x06\x82\xd2\t\x02Arg\x84\x0f\x00\x80\xed\x0f\x83R6\xa1e\a\x80\xb0\x1a\x00e\x80\x80\xb8\x80\x10\x00\x8e\x8a\x05\x81\xa2\x00\x00P\x81\x9e\x04\x88\xa7\x00\x81\xb8B\x82y\x00\x8ac\x04\x845\x88\x89\xe5\x06\x89\x0e\x00\x80H\x00\x84\xb4\r\x86X\x00\x82\xa6\x00\x833\x00\x85g\xae\x82s\x95\x87&\x00\x8dXE\x86\x11\x01\x837\x05\x80M\xb9\x83 \x04\x8f\xa0\x88\x80\xa6P\x86\xbb\x00\x80U\xac\x84\xdf\x14\x86\xcd\x00\x80\xc6\x00\x80\xf0B\x81gI\x01ew\x83\xe1\t\x86\x1c\x00\x87\xc9\b\x01ep\x8b\f\x01\x8c\x81F\xa5z\xb7\x804_\x89\xc7\x01\x81\n\x01\x87\x0f\x00\x8c\b\xb6\x00m\x89\xbd\xb5\x8c\x0f\x02\x9a\v\t\x82W\x00\x88\x84\x00\x81\x0f\x00\x92\x98\b\x8c\x94\b\x83-\x00\x80X\x10\x89<\x00\x80\x0f\x00\x88\x1e\x00\x9a\xde\x00\x8a\xc0\x00\x81,\x8d\x96-\x02\x8f0\x02\x00s\x82\x17\x04\x83\xba\x0f\x82[\x00\x89\x1b\a\x83\xe2\x01\x81#\x00\x81j/\x88$\x02\x81\x13\x00\x84(H\x00 \x80Z9\x847\x01\x81\x87\x96\x83\x1a9\x8f\xba\x0f\x8a \x00\x83\xec\x03\x8a\xd9\x0f\x80\xc0\x00\x00I\x80l\xbb\x00l\x80\xa67\x8d\xae\x12\x82\x1b\x00\x8f\xad\x12\x83\x17\x00\x80\x85\x16\x8d\xad\x12\x80\x19\x00\x81(\x19\x8e\xad\x12\x81\x18\x00\x83\x7f\x06\x8b\xbc\x11\x80\x18\x00\x86\xc9\x06\x8b\xbf\x11\x80\x1a\x00\x82\xdc\x02\x82e\x00\x8b\xc1\x11\x83~\x00\x008\x8e\xb0\x12\x83\x18\x00\x80\xd2\r\x8d\xb3\x12\x83\x19\x00\x80rE\x8d\xb5\x12\x80\x19\x00\x00P\x84\xae\xb2\x8e\xb9\x12\x81\x9b\x00\x85z\x06\x8e\xfe\x00\x87\xd4\x12\x8e\x00\x01\x81N\x14\x82\x84B\x8e\x02\x01\x02Arr\x80ﲎ\xc0\x12\x80\x1a\x00\x01Ma\x81\x11\x12\x8c\xc1\x12\x80\x18\x00\x00U\x80\x9c\x00\x82\xd0\x00\x8c\xc3\x12\x84\x1b\x00\x82\xd2\x00\x8c\xc2\x12\x84\x1b\x00\x827\x01\x8c\xc5\x12\x81S\x01\x842\a\x8e\a\x01\x80 \x01\x83ܻ\x8f\xca\x12\x80\x1e\x00\x81\xfa\x03\x00l\x82\xda\a\x8b\xcb\x12\x82\xec\x00\x82\xdb\x00\x01li\x80ٽ\x8e=\a\x81%\x01\x02Lay\x80\x1d\x15\x81\xadT\x82f\x01\x80yD\x94#\x00\x82彀!\x00\x80[\x12\x88\"\x00\x81\xf5\x1f\x809\a\x8b\x0e\x01\x8a\xa1\x00\x8c\"\x00\x83\x15\x01\x8af\x00\x8c\"\x00\x83\x1c\x01\x8a\xb9\x01\x88\"\x00\x87\xec\x00\x8b\xc2\x01\x88#\x00\x89-\x01\x80\xcd\x01\x89X\x13\x82\x1e\x00\x8a\xb8\f\x87\xc6\x04\x86n\x04\x80\xd9+\x89\x11\x00\x83\x8d\x10\x88\x11\x00\x89\xcf\x13\x83\xf4\x03\x88\xb7\xb8\x84\x85\x04\x81\x99Z\x82\x1f\x1b\x85\x8c\r\x83p\x7f\x88\"\x00\x87\xfc\r\x8e\xfa\r\x8f=\x0e\x81\xd2\x05\x8c\xb9\x00\x9b\xd6\x05\x81i*\x88\x91\x00\x87\xff\xbb\x83\xe4\x00\x85\x9d\xb7\x90|\x14\x83b\x1b\x96m\x00\x91\xb0\x00\x84I\x06\x88J\x01\x8d\x85\x00\x85\x12\x00\x81ȼ\x8bH\x00\x81\x12\x00\x8bH\x00\x00i\x80\xbcC\x82U\x1c\x84\x12\x00\x00 \x82lI\x81\xe9\x01\x81\x1a\x00\x83/\x1d\x00;\x80\a\x00\x80}\xc0\x81\x12\f\x00B\x80\x17]\x84\xdf\x00\x01du\x82\xac\x04\x86-\xbd\x82\xc5E\x82\x83\xb6\x00s\x83j\x9d\x87\xc2\x01\x85\x12\x00\x01OK\x8bc\x00\x82h\x05\x80HM\x88a\x00\x8bO\x00\x82SK\x83\xa8f\x8f\xe1\x0f\x8c6\x01\x87Τ\x8a\x1c\x02\x89\xf6\x0f\x92\xf8\x0f\x89y\x02\x80\xb1\x06\x80-\x0e\x87\x15\x00\x81\xf2\xb7\x00m\x85\x97\x06\x8a*\x00\x80\xfa\u0081\xd0\x16\x86\x15\x00\x80t\x02\x80\x10\x00\x87+\x00\x88\x15\x00\x82\b\n\x89\x15\x00\x83*\x10\x85\x17\x00\x90,\x10\x92.\x10\x85\xfa\t\x80\xa6*\x83+c\x8c\x15\x00\x02DLL\x8b\xed\x01\x84\x15\x00\x8b\xf0\x01\x81\x15\x00\x01Me\x80\x1c_\x80\x9a.\x86\xcf\x02\x87\x15\x00\x89%\xc0\x86\xbb\xab\x86?\x00\x81\xba\x01\x83\x9c\x1f\x80\xa4L\x82P\x13\x80\x88\x12\x82&\x00\x00;\x80=\t\x80/_\x81\x18\x00\x83\x04G\x81d\x01\x01d-\x86\x1ev\x81\xd7\x01\x80OK\x01an\x81\xa7L\x8cJ\t\x01lo\x80}\xba\x8d*\x04\x85$m\x8cw\x01\x80{\\\x81t\x9f\x84Y\x02\x83\r\x00\x83u\x01\x84\\\x01\x80\x1f\xa0\x85/\x01\x8fn\x03\x82y\v\x00S\x81\\\r\x88i\x00\x80\xa3\x00\x82\x8b\x01\x8e\b\x04\x80\x12\x01\x80aL\x92\xbd\b\x8e\xbf\b\x823\xa0\x86\x1d\x00\x84\xb2\n\x85\x01\x05\x88\xcc\n\x89\x1f\x00\x86h\x04\x80\xc0\x11\x82y\xc0\x8d\x93\xbe\x86\x1c\x04\x84\x89\x02\x8dA\x00\x89!\x00\x96\x8b\x10\x89a\x00\x85Ѫ\x86,\x19\x83\x17\x00\x85\u0379\x86\x17\x00\x81M\x00\x8c\xf7\xb9\x85\x17\x00\x8c\xf9\xb9\x81\x17\x00\x81\xfc\x00\x90.\x00\x00c"
const compilerSourceData0Chunk2 = "\x83\xd8\x01\x84\x95\x00\x85\xc5\v\x87\xed\x01\x86\xc0\x01\x8b\"\x00\x8b\xf6\x00\x88\xb9\x19\x84\x06\n\x82R`\x86\xbb\xbe\x83\x12\x06\x83\x02\n\x89q\x12\x84\x13\x00\x89t\x12\x91l\x11\x8bY\x11\x95*\xbe\x8b\xf6\v\x80\x1c\x00\x84\xfd\x03\x940\x95\x8a&\x95\x885\a\x00I\x81\x16Ãt!\x86l\xba\x87{Ä[\x00\x04Outpu\x83\xe7\n\x00w\x80\xd5\x13\x80\xc1J\x84XÅ\x80a\x80\xe4\x00\x00i\x80o\a\x81\xf1\x02\x82\x83J\x83\x908\x03-neu\x80佂5\xc3\x03RNVI\x83\xf1\xbd\x82\x01\xc2\x00w\x814O\x82\x12b\x81\aO\x84\x96Æ\x1e\x00\x80\x17\xbd\x81\xf4\t\x80\x90\x0f\x81\xb0\xbc\x80\xf3O\x81d\xa1\x814\x1e\x81\x9b\x11\x01of\x81P\x00\x80\xa5\xc3\x06, PE, M\x80\xec^\x01-O\x83þ\x02Web\x81Y\x10\x02mbl\x80\xbe\x05\x82Eb\x81\xea\x00\x01um\x813Àp\f\x00o\x80\xf8\v\x80P\x04\x80\x06\x00\x02pay\x81E#\x82\xbeȀ\xefO\x81Q\x00\x83\xd1\x00\x00-\x82&\xc4\x01 m\x80\xe5 \x80\xc0K\x80S\x00\x00m\x80\x11\n\x82\rĂtK\x85\xc1c\x00r\x80\x05\x00\x83\x89K\x80\n\x00\x80\x11\x13\x00a\x81y\x04\x00m\x80\xe8\r\x82\xa3H\x00r\x89\xa4ƎC\x01\x8b\xa0Ƅ\xba9\x80\xef\x00\xad\xc8U\x83\xa2\x18\x87\xf7\x12\x93n\x00\x89\xf0i\x82\"\x00\x93-j\x83\xd7a\x85\x8f\x00\x8c\xa3#\x9aU\x00\x81\xba%\x958j\x8aC\x96\x98\xec\x00\x00!\x84E\x00\x01.e\x80\xbcS\x82\x92\x02\x92\xe9\x00\x84d\x01\x83:E\x84\x19N\x86\x05u\x82\xbaN\x82\xeat\x000\x82\xb5N\x02'M'\x86\x12\x00\x83\x15O\x02'Z'\x85\xc1A\x81G\x00\x83\xc9F\x87\xd3z\x89M\x00\x83\xbd#\x81\xc8G\x87Q\x00\x81L?\x8dR\x00\x00E\x87d\x00\x83+O\x01'L\x87\x12\x00\x81\x979\x80\x12\x00\x00F\x83v\x00\x87w\x00\x88gE\x8db\x00\x00c\x8db\x00\x80s\x19\x80V\xb1\x8ac\x00\x80\x1cL\x82\xc1\x99\x88d\x00\x80&\x00\x84\xb3E\x86e\x00\x8b\xddO\x89e\x00\x8d\xc4\x00\x00a\x8e\xc4\x00\x00s\x8e\xc4\x00\x00m\x8d\xc4\x00\x8b\x9aW\x89w\x01\x00R\x8ew\x01\x00N\x8ea\x00\x00V\x8ea\x00\x00B\x8da\x00\x81\xf2L\x83\\\x1a\x81p\x03\x87\xa0R\x86\xc5*\x91\xbe\x04\x82w&\x82\xc5\x01\x92\xdc,\x80\x9c\x00\x80\x05\x00\x00N\x81\x05\x00\x00V\x81\x05\x00\x01I'\x99\xed,\x92\x1a0\x85\x1d\x00\x91~\x00\x990\x00\x85X\x03\x95\x91-\x83\xf8\x00\x81\xbb\"\x99\xd5-\x89\xdf\x00\x82Z˂Њ\x80P\x02\x82\r\x00\x82wq\x8dOL\x84\xde)\x826\x00\x87\xd9)\x84=\x00\x80\xa6x\x84\n\x00\x00+\x81\x96\x03\x82&\x00\x81\x107\x81\xb2x\x80\xa1\x1c\x80K\x0e\x84+\x00\x81\fu\x83+\x00\x00B\x80+\x00\x834\x00\x88%\x00\x91\xaa.\x85\xfa\x00\x84-\x00\x9d\"\x00\x81\x8ft\x8f\x1c\x01\x81\x91\x00\x84\x11\x96\x94\xbe:\x82\x19#\x8e\xfb\x06\x86x0\x85b\a\x90a!\x80\n\x00\x8e8\x00\x82\xaf\f\x83\x8f\v\x81\xd4\x04\x8f\xaa\x11\x82\x1e\x18\x83\xbf\x00\x8dM\x0f\x82\x1b\x00\x82\xa5[\x84\x95\x10\x8a\xc0\x0e\x82\x1e\x00\x81\xbb\xbe\x8dz\x11\x82\x19\x00\x83\xc3\x11\x8a^\x10\x85\x18\x00\x8f_\x11\x86i\x00\x8d`\x11\x82\x19\x00\x81\xb0P\x8c_\x11\x82\x18\x00\x00O\x80\xb4\x00\x8d_\x11\x82\x19\x00\x81\xfe\b\x82(\x0f\x8a\xb4\x0f\x82\x1b\x00\x81\xf8\x8c\x8e\xac\x0f\x82\x1a\x00\x82\x91\xa7\x8e\xa5\x0f\x83P\x00\x00h\x80>\a\x8e\x9d\x0f\x83\x1b\x00\x807y\x8e_\x11\x85\xe9\x00\x839\x10\x92\x04\x01\x832\x10\x8f\x05\x01\x01Sy\x80\xbe\v\x82\xe9\x18\x8bd\x11\x83\x1d\x00\x85\xb7\x12\x8be\x11\x83\x89\x00\x83\xcf\x11\x8f\r\x01\x00P\x81\xdd\t\x8eb\x11\x85\x88\x00\x81\xd2\x12\x8b`\x11\x82\x1a\x00\x86\xf7\x10\x801$\x91\x1c\x00\x82\xbf\x00\x002\x8f\x0f\x01\x86\xeb\x10\x8b\x06Ă\x1c\x00\x80]\x87\x00e\x82b\x01\x002\x8f\x12\x01\x80;\x16\x81\x19\x00\x8f\x10\x01\x84߬\x81\x1d\x00\x8f\x10\x01\x829\xd2\x00l\x81\x04\x02\x80\x12/\x90\xea\x01\x81G\x01\x002\x8f\x12\x01\x81\xe5\x04\x81\xb4\x02\x8f\x11\x01\x87\x88\x11\x003\x80\xb0\x14\x8e\xea\x1b\x02Err\x80\x0ex\x8e\xe7\x1b\x90\xe9\x1f\x00p\x89L\x9f\x8b\xec\xc1\x80\xee\f\x83H\x00\x00m\x84H\x00\x81\x12\x00\x8eE\x00\x80\x90_\x01\tm\x96E\x00\x819\x17\x83E\x00\x80R\x17\x8ch\x17\x8eK\x00\x00e\x81\x91\x00\x00e\x97\x92\x00\x826\x00\x85\xae6\x87\xbba\x00)\x8a\xfb\x00\x83\x83\x04\x02r p\x8a\x16\x00\x81\xe9\x00\x8c\xa2a\x84\x10\x05\x846\t\x823\x1c\x85\x1c\x00\x98\xf1i\x82\x02\"\x8b6)\x85J\x00\x85T|\x8d \x00\x01OS\x8b\"\x00\x01OS\x8f$\x00\x83\xc9,\x89&\x00\x81\x12\x00\x89(\x00\x00N\x82\xee\v\x81\xf6_\x83+\f\x8f\x15\x00\x84.\x00\x80\xc7j\bdowsSubsy\x80\xe1\v\x80'?\x8b\xe9\x00\x00W\x8c \x00\x847\x00\x87\xff\t\x8c0\x00\x81\xd4]\x82\x19\x00\x89\xb2\t\x83T\a\x01Is\x84M\x00\x89\xad6\x01OS\x83\x1eh\xb3\x8c\x00\x85HG\x89\xec\x01\x80\xe0\x00\x00o\x83\x94b\x00&\x89 '\x97\x1d\x02\x89$\v\x89\xe3c\x990\v\xa3F\x02\x89\xaf\x02\x84N\x00\x82E\x03\x81\xb8\x04\x00*\x84\x11\x00\xc1\xc2\x00\x851\x00\x86\xbb\x00\xa3\xcc\x03\x812\x00\x80K0\x01rc\x84\x1d\x00\x80\x82w\x82iāx\x00\x82\x8d$\x81m%\x80\x17\x13\x81\x84\x05\x85\xe01\x80\x87\xc4\x00/\x81\xc1s\x80]\b\x006\x80[\n\x81\x90\x00\x8d\x1f\x00\x80\xbfo\x84\x1e\x00\x00p\x82$\xb8\x8d\xebn\x81\xde \x83\xa0n\x83\\\x00\x82\x8c\x00\x83\x81\x10\x8b)\x00\x85\v!\x82-\x00\x84j\x00\x87\x85\x04\x83&|\x82[\"\x8bc\xa0\x87C)\x00)\x80\xc6/\x83`\t\x88:{\x81\x13+\x00s\x83\x12)\x80l$\x84!\n\x87\xd3+\x85\xadj\x8e\x1f\x05\x87\xf57\x83qK\x81\x04W\x9eU\x00\x82\x7f\x05\xa9S\x00\x85\x15\n\x00<\x81\xfc$\x85\xda\x00\x80\x83\v\x85Q\x00\x86d\x00\x82.n\x85\x16\x00\x81\x1e-\x84\b\r\xa7\xe4\x00\x83\xc3\x00\x88\x86y\xa0\xc5\x00\x96\xc7\x00\x8er\x85\x84]\x00\x81\xe6\x02\x8b\x02\xba\x9ak\x00\x82%\n\x878\x93\x95'\x00\x80\xb5\x1f\x9f%\x00\x818\n\x84\xb6\x00\x87ʵ\x81\x0e\x00\x82\xfd\x16\x89\x92'\x8aX\x01\x82\xce\x00\x87\x1b\x01\x86\x9a\x00\x80\v\"\x00I\x80\r#\x82c\x00\x02'('\x85\x10\x01\x81`\n\x85z\x02\x04SkipB\x80\xc6z\x81ṡ*\x00\x80\x05\x00\x00)\x81\xc0\f\x83P\x00\x810\x00\x80_V\x830T\x99P\x01\x88Q\x01\x83R\x01\x83\xd5x\x81\x97&\x86G\x03\x82\x17\x00\x82\xb0\xc1\x82\xd4\x00\x80`\x82\x80\a\x00\x87\x15\x00\x89Wg\x89\xed\x00\x86\x88'\x83.W\x83p\x00\x862\x00\x83rg\x890\x00\x84\x99'\x8e.\x00\x86G\x1e\x86\xb6g\x85\x1a\x00\x84R\x1e\x84\xb9g\x80\x01\x00\x87\v\x04\x846\f\x84\x11\x00\x83\x06\x04\x84\x1e\x01\x880\x00\x888\x02\x84P\x02Ҧ\x02\x82\x16=\x889\x04\x81\x03)\x84iZ\x85\x04\x02\x8d\xe1\x01\x03TopL\x80\xeea\x00l\x83\xbb*\x85-\x00\x93\x9c\x01\x91\x9b\x01\x92\x9a\x01\x81\x10\x00\x83O\x01\x82N\x00\x90\x8c\x01\x82\"\x00\x80\x8c\x00\x87 \x00\x91~\x01\x92}\x01\xa0|\x01\x88{\x01\xac\xb2\x03\x81\xa5\x05\x84v\x01\x81\x04\x01\x80Q\xb9\x8a\xbc\x05\x81\x18\x00\x87\xb0\x06\x85\x16\x00\x84D\x00\x01&f\x83}\x8d\x81j,\x00n\x85\xb7\x00\x88\x1d\x03\xa5\xc6\x01\x87?\x06\x86\xe1\x00\x82\x11\x00\x81t\x80\x86\xdf\x00\x86b\x00\x91\xe5\x00\x83\xd1\\\x8fa\a\x87\xb1\x00\x8d\x19+\x88\xe0F\x80\xf4\x00\x83\x1d\x00\x88\xdfیp\a\x84\x8a\x00\x80\x84\x00\x8f\xb6\x01\x9c\xc3\x06\x83\xc2\x06\x85F-\x83\x90¨u\x06\x87X*\x82\x1e-\x83<X\x839_\x87\x1b\x00\x8dn\x06\x86`\x00\x87\xf6\x04\x88/\x00\x83\xd1\x04\x83\xa4\x01\x88\x17\x00\x82/\x03\x863\x02\x88]\x00\x86\xd1\x01\x8aQ\x88\x80\f\x01\x8b\t+\x88\x9f\x00\x87\x1b\x00\x83\x01\x03\x88\x0e\x00\x81`\x00\x8b\x12\x00\x835\x00\x83\x04S\xa8\x19\x01\x889\x8a\x82k\x03\x83\x94\x01\x80!\x06\x8b\xa3Ɠ9\x05\x82'\x06\x88\xbcƒ0\x05\x82%\x00\x83(\b\x85\xcb\n\x81|\x9c\x82\\\x83\x81\x0eց\xe4\"\x81\xed\x0f\x84\xa6\x00\x87\x83\x01\x83QA\x90\x85\x01\x81Q\x06\x00{\x84{\x01\x8b\xc2\x00\x87\x02\x1c\x82\xc4\x00\x80\x85\x17\x83܍\x810\x02\x81\x82\x00\x93V\b\x83'\x00\x85\x15P\x96\xee\x06\x85s\x00\x83W\x00\x83\xe8\x01\x86\xdd\v\x933\x00\x00}\x8a3\x00\x01--\x8bi\x03\x82\xb1\x15\x82|\x00\x91\x80ч$\xbd\x82\x14\x02\x82:^\x87 \x04\x81\xe0\x00\x8b\x85\x9c\x8av\a\x98\xa8\x03\x00o\x81Y\x11\x84\xdc\v\x82K\x11\x83\x10\x0e\x81\x9a\x1c\x90 \v\x88\xdb\x00\x00S\x80\x9f\x10\x80\xfb\v\x80\xe1\x00\x87\a\a\x81\xba\x00\x82Q\x00\x88\x00\x17\x84\xd1\x03\x81\xa9y\x89\x80\x01\x8c\xc0\x03\x9d\xf0\x03\xa1\xab\x01\x87\xaa\xad\x8e\x9f\x00\x85&a\x80\xdc\v\x88\xa2\x00\x92\xbb\x01\x82#\x00\x83\v\x01\xb0\xac\x01\x88\xef\x00\x85\x993\x8f\x99\x01\x8b.\a\x96\x9d\x01\x96\x86\x01\x9e\x1d\x05\x88\x89f\x88,\x00\x92\xa6\x00\x85\x062\x85F\x00\x85\xc2\a\x82\"\x00\x82%x\x87\xab\x01\x88\xc3\x01\x86\xa9\x15\x8a\x93\x01\x8c1\x03\x88\x98\v\x86\xabU\x87\x98\v\x87!\x01\x8eU\a\x87G\b\x82\xf7\x9f\x81\xa3\x00\x86\xee\x01\x87\xa3\xa8\x8c@\x00\xa5\xff\x01\x80\xba\x03\x82\xb0\xa0\x82\f\x00\x00(\x84\xba\x17\x96\n\x02\x80\xb5\x03\x87.\x00\x00)\x89.\x00\x8e\x14\x02\x94\xf1\x01\x84A\x0e\x87H\x1a\x81\x18/\x88\x815\x8f\x0fD\x84g\x0e\x805\x00\x881m\x83\xed҃m\x01\x83]\x0e\x804ׂ\xcd}\x9ao\x1b\x861\x00\x82\xd5\x0e\x80P\x00\x00/\x81\xa7\x0e\x81U\x7f\x82\xb4\x00\x86.4\x87g\x0e\x82\xf3\x13\x82_\x0e\x85<\x00\x8f\xc26\x87C\x0e\x85@\x02\x86\xb9À\xe0O\x83\xb8\x00\x8b\x93\x03\x9a's\x80*\x00\x84ـ\x02ARM\x81\x19\xe1\x82Q\x18\x80\xbc\x04\x87}ۂ\xc3/\x800h\x83\x99倫\b\x00v\x88a\x1d\x83\x80\x18\x82\xd8l\x82\x86\x7f\x82\x9b1\x80\x96\x7f\x81:\r\x80@\x1d\x82\x81\x1d\x853m\x85-܀\xb8\x00\x83\xff偏\xe0\x81\xb4\xe3\x00k\x81\xa3m\x82\x84m\x82\xcc\xc0\x83K\x00\x86\x80\x00\x83R\x81\x81\xcdh\x84\xc9\x00\x81\xb2p\x86R\x1d\x81'\x81\x81\xaf\x15\x83om\x83\xdb\x11\x81\xa4h\xa4\xb6X\x85\xdc_\x87\xa4\x02\x80\x02\x00\x86v\x02\x01\\t\x89\r\x00\x00n\x89\r\x00\x00r\x84\x91\x02\x91|\x01\x81\xd2\t\x85c\a\x9d~\x01\x89{\x00\x81b\x00\x84@\x00\x82\xde\x01\x83\xf2\v\x8b\x19\x03\x80_\x02\x81\xa3\x00\x80\x95\x03\x83\f\x00\x81\xa3\x00\x87\r\x00\x86\x96\x00\x89\xb8\x94\x84\xb0\r\x85B\f\x84\x0f\x00\x8d\xd3\f\x84\t\x04\x00c\x81\xbb\x04\x87V\x00\x80.\t\x84o\x00\x00(\x81\xb6k\x80)\\\x051>>(c-\x81\"\x00\x00)\x80\x10\xb7\x88Uh\x96c\x0f\x8c\xdd\x00\x87\xda\x00\x9c2\x00\x00/\x82x\x00\x83\xf3[\x84^\x01\x85{\x10\x99V\x01\x80g8\x85?\x00\x83\x98\x00\x86\x80h\x8c\xab\x01\xa1M\x00\x82\a\x05\x88\x99\x01\x84\xb3\x00\x82C\x01Ը\x00\x00*\x93\xb8\x00\x8cO\x00\x00!\xa0\xfbօO\x00\xab6\x01\x85\xb5\x0e\x85B\x03\x9fc\x00\x88\xb8\x02\x88\xb7\x02\x83g\x02\x891\x01\x81;8\x89\xc7\x00\x84h\x00\x86\xe8\x00\x91V\x01\x83\xe3\xe7\x80\xcc\x04\x00c\x80|Y\x81\x8a#\x83Md\x80\x15\x00\x00-\x81\x82\x1e\x81\xa0\x02\x01z'\x82\v\x00\x86\x9c\x03\x00_\x85A\x01\x83{\x00\x87n\x11\x85\xf6g\x92\xb3\x03\x00c\xa72\x05\x85\x96\x00\x80\x95\x00\x86\x96\x00\x83\x13\x10\x80cE\x94\x9a\x00\x803\x03\x000\x82\x15\x00\x009\x83\x0f\x00\x84\xaa\x00\x85m\x01\x8dg\x98\x8a8\x01\x86\xce\x06\x83A\x1c\x82\x0f\x06\x82\xab\x06\x84L\f\x80m6\x81\xaeA\x82\xf5\a\x89\x9bǃ\xc6\v\x81~Ņ\x11\x00\x83\xe3\u0602\x1eR\x83<\x9b\x90\xc4\x02\x87\xa9\x00\x98\xad\x12\x85\x98\x06\x83\xdb@\x8aA\x05\x80>\x00\x90\xff\x02\x9f\xaf\x02\x85\x82\x02\x00x\x821\x01\xa6/\x00\x00X\xab/\x00\x00b\xab/\x00\x00B\x86\xa2\x01\x00h\x88;\xbf\xd2\xc7\x00\x8c\r\x03\x95Y\x06\xa9\xa7\x02\x92\xa8\x02\x82\xaa\x01\x83\xab\x01\x00.\x82\xab\x01\x81\xda\x00\x856\x06\x84\x1e\x12\x86O\x11\x81\xa9/\x84\x1b\x00\x85?\x06\x8b;\x06\x87^\x06\x00f\x82I\x00\x81\xeb\x01\x84^\x00\x00p\x84\xfa\x02\x82\r\x00\x00P\x87\xeb\x02\xa3e\x00\x82h<\xabB\x02\x83J\x01\x00+\xa3y\x01\x83-\x00\x00-\x88\x97\x00\x88}\x00\x84\xd4\x00\x902\x06\xa0\x86\x00\x8a\xea\x03\xa4\x88\x00\x88\n\x04\x91\x88\x00\x90\xcd\a\xban\x04\x9d\x1e\b\x89\xcei\x86\x1a\x00\xb1?\a\x8cM\x04\x8d\x85\b\x8e\xe5\x01\xa4/\x01\x80\xb9\x02\x84P\x00\x97L\x02\x86F\x01¸\x00\x87O\x00\x83\xba\x00\x83'\x01\x85\xd6\x06\xb1\xc4\x00\x00i\x85\xc4\x00\x96\xc3\x00\xa4\x04\x06\x81@\x00\xab\xe3\x05\x82\x80\x00\x00\"\x883\a\x00`\x84\x8c\x00\x8b\xed\x05\x84\x80\x00\xb57\t\x84\xb6b\x8ar\x00\xa7\x1f\x01\x01\\\\\x8fH\x06\x85D\x02\x87%\x05\x8a\xa9\x02\xb3\xb3\b\x8bk\v\x91\r\x03\x8f\xe6\x01\x8f\r\n\x9d\xa4\a\x82\xaf\x13\x81Y\"\xb0\xaa\x01\x01\\'џ\x01\x87W\x00\xa98\x01\xb1\x96\x01\xd1M\x01\x81a\x10\xa7K\x01\x8a9\x01\x83j\x00\x90\x84\x00\x00c\x82\x83c\xa3\\\a\x01tw\x82\x8bo\x803\x00\x81\x17\x01\x00=\x83#\r\x83\xaf\x01\x00^\x88Y\x03\x00|\x84\f\x00\x81U\r\x00!\x88T\r\x00>\x85T\r\x003\x80\xc8l\x02563\x84V\r\x00!\x87U\r\x82R\x1c\x83\x13\x13\x82\xaby\x84]\x00\x89Q\x00\x00&\x91Q\x00\x82Fj\x00a\x84P\x00\x00&\x91P\x00\x858\x00\x83\xbb\x00\x00^\x82y\b\x81\x17!\x80\xd2\x00\x8b\xf1\x05\xb5\xda\x04\x8a\x0e\x01\x00<\x88\x0e\x01\x80\xa5\x00\x81\f\x00\x85y\x00\x86\x8f\x06\x8e\"\x02\x82\xb4\x01\x84\rF\x81\xb7\v\x85R\x1a\x00c\x80\xf6\x01\x00B\x81\v\x10\x83\x03\x11\x82p\x13\x82S\"\x81\xd0z\x83\xc4\x01\x85\"\x00\x97\xe3D\x89\xb2\x00\x84E\x1c\x83\xc7e\x8dx\x03\x80\xa3\x12\x84$\x8d\x86\xad\x11\x82\xe6+\x8d\x95\x11\x82\xd4ԃ\x1fW\x00t\x87+\x00\x82^z\x879\x00\x00-\x8d6\x00\x01])\x82Yd\x8a\xd0\x06\x82/\x00\x8a)0\x87`\xb6\x80\x04\x00\xa0\x18\x03\x02Op|\x85\x03\x01\x86\x1f\x03\x81#\x01\x86\x1c\x03\x85\xa5\"\x9bG\x00\x80+\x14\x82b\x86\x80\xf9\x01\x831V\x82=\x00\x8e_\x13\x8dA\x00\x8a^\x13\x87释\xf8\x16\x8a\xa2`\x87\xff\xb2\x91\x87\x13\x80*\x00\x828B\x864!\x81Q\x00\x98\x01H\x82-\x00\x83`x\x83|F\x84\xd7\x01\x84n\x15\x85L\x00\x82x\x00\x82#H\x83\x0f.\x85\x1b\x00\x82\xcc\x10\x81\xba\x02\x86\xba\x01\x88RG\x82\xfe\x14\x81V\x8c\x88.\x00\x86\xf0\x01\x86(\x00\x87\xf5\x01\x87;\x00\x81Y|\x81\xeb\x01\x81\xb9\x00\x83\xf3\x02\x8b!\x00\x87)\x1c\x8dsG\x82\x11\x14\x83\x16\x00\x82:8\x86nG\x00|\x85\x86\x00\x84!\x8a\x8dQ\x14\x89P\x00\x84yJ\x86\b\x89\x01|(\x81=\x00\x00&\x82IH\x81A\xc6\x00|\x85:\x01\x86\x98\x88\x82\xad\x01\x87l\x00\x00(\x81!\x00\x82\xbd\x00\x85n\x00\x87\x92\x00\x80\xb9\x03\x8a\x15\x02\x8c\x8b\x0e\x98\x80c\x92\x8f\x15\x90w\x17\x84\f\x02\x82\x8e\x15\x81;\x00\x86\r\x04\x80\xba\x01\x81\x86\xad\x83\xff\x84\x89\xcc0\x85[\x1b\x82\x16\x01\x8b4\x17\x98\xe3c\x819\x02\x02h*5\x84\xd2,\x9f\xea\x04\x83u\x01\x82\x85\x00\x80\x1b\x02\x83\x7fn\x81\x04\r\x81\x0e\x00\x006\x85\xaew\x8d\x97\x00\x84\xa0k\x889\x00\x83\xf3l\x859\x00\x02354\x84r\n\x8c:\x00\x80c\"\x87\x9e\x04\x83+\x00\x0121\x93+\x00\x80\xc0B\x8ef\x00\x86\x980\x82;\x00\x031818\x83+\x83\x8d<\x00\x81\xa5\"\x8ch\x00\x80O\x93\x80`%\x92i\x00\x80\xf6\x01\x8e-\x00\x80\"\x14\x92-\x00\x81\xe2O\x8fZ\x00\x004\x93-\x00\x817C\x8d-\x00\x0154\x84߃\x8d-\x00\x81\xa6O\x8e\xf1\x00\x005\x8a\xf1\x00\x037829\x82\x83U\x82\x0e\x00\x008\x80e\x01\x84;\x01\x9cp\x05\x86@\x00\x02919\x93\xaa\x00\x82\"$\x8d.\x00\x0186\x84\x94\xe1\x8d.\x00\x82DD\x8e\xac\x00\x83\xd7\x00\x85>\x00\x0444966\x93m\x00\x83T=\x8cn\x00\x0143\x80an\x8b\x98\x19\x850\x00\x83\xfaD\x8d0\x00\x0150\x802\x00\x93`\x00\x82\x19D\x8e\xa0\x00\x83\xcc\x00\x85@\x00\x0421761\x80N\x01\xa9@\x01\x002\x80\xac\x9a\x004\x80\xea,\x91u\x00\x84\x05&\x8d\xef\x01\x0495758\x93\a\x01\x84\x7fQ\x8e\xa8\x00\x83\n\x04\x85B\x00\x0499015\x94I\x01\x85\xb3E\x86C\x00\x92?\x04\x8d\x91L\x85\xc5\x1f\x92\x95L\x89֎\x91\xa6\xa0\x84\x1e\x1c\x00u\x81]\x04\x80'\t\x80F\b\x82\v\x00\x89)Q\x94!\xa3\x9bLN\xb1\x85P\x83RN\x82H\a\x80)\x01\x82\n$\x8e\xec\x00\x82\xc3-\x8enI\x86\xed\x00\x82\x8b*\x85\xf9i\x95\xf0\x00\xb0\x1bO\x84s\n\x83\x19Ɂ*\x00\x84\xbf\x93\x83|\t\x80\x15\x00\x9d\xe9\x00\x8e\xe2\x00\x88*\b\x83\xa3I\x92e\x01\xa7\x19O\xb7\xd0P\x85\x04\b\x85\x97ͤ\xc6\x00\x81\x9fn\x84\xa8u\x8b\xa9\x02\x83\x17\xd9\x01qu\x80\xd7<\x81-,\x82B+\x87\xf4\t\x81\a\x00\x00+\x83\xfa\t\x83\xea+\x8e\xf4R\x88\xa9\x1d\x94hO\x91\n[\x84\xc9\x02\x86\xa6\x01\x83\rP\x88\xc7\x02\x89a\x01\x83{Q\xa2\xc2\x02\x86A\v\xac\xc7\x02\x85\x03q\x8d\xdf\x00\x85\x01\"\x94\xc1\x02\x00c\x84o!\xf0\xac\x03\xb5\xea\x00\x86/\f\x00c\x8e\xed\x00\x002\x98\xea\x00\x00a\x84e\"\x00b\x9f\xf2\x00\x83\xd5\x01\x92\xda\x00\xb3\xcc\x03\x8f\xc3\x03\x92]\x00\x81{\x00\xb8\xd8\x03\x84\x02\f\xf2\xd5\x03\x8e\xa5T\x82\x1f\x00\x80\x9d\x00\x89\x1d\x93\x8b\xeb\x00\x98\\\n\x89\xc4\x03\x82\xa5\x11\x00a\x93F\x00\x89\a\x04\x9fJ\x00\x84d\x18\x8c\xaeԁ\xb7G\x82\xb0\x01\x83\x87_\x8e?\x02\x81\xa5K\x99\f#\x8b\x83\xaf\x89\x8f&\x80:\x00\x88\xb2$\xa1\xea\x00\x81\x04\x0f\x80s\x1e\x88\xec\x00\x8a\x98\x99\x82)\x9a\x8e\xce4\x82\x82d\x82\x81d\x0561\\x70\x83\x04\x00\x0165\x80\x04\x00\x00e\x80\x04\x00\x004\x81~c\x83\x04\x00\x005\x80fd\x015d\x80\x14\x00\x002\x80$\x00\x009\x80\x04\x00\x80\x1c\x00\x81(\x00\x85 \x00\x006\x81\x1c\x00\x80D\x00\x006\x80(\x00\x89\x18\x00\x86 \x00\x804\x00\x81T\x00\x818\x00\x8d\x1c\x00\x81\x04\x00\x007\x81t\x00\x98$\x00\x95x\x00\x91`\x00\x0138\x90 \x00\x00f\x8b\xdc\x00\x8e\x80\x00\x80`\x00\x82\x1c\x00\x81\xc4\x00\x91\x80\x00\x003\x87D\x00\x81\x88\x00\x8e@\x00\x81$\x00\x81<\x00\x818\x01\x81\x8c\x00\x800\x00\x99\xe0\x00\x8d\xa4\x00\x8a\x1c\x00\x80H\x00\x0136\x98 \x00\x80\\\x00\x003\x80\xb0\x00\x96 \x00\x80<\x00\x003\x8c\xc4\x00\x82\xc0\x00\x00c\x84\xc4\x00\x81\f\x00\x8cD\x01\x0177\x84\x04\x01\x94d\x01\x82@\x00\x80\xb4\x00\x82\xe8\x01\x80D\x00\x8d$\x01\x8e\xe0\x00\x8c\xc4\x00\x8e \x00\x8c\xc4\x00\x8e \x00\x8c\xc4\x00\x81p\x00\x82\xa0\x01\x81\xc4\x00\x80\b\x00\x8d\xa4\x00\x81\xd4\x00\x81\x14\x00\x85\xc4\x00\x82\x88\x01\x80\xd4\x00\x8a\xc0\x00\x84\xe4\x02\x92\x80\x02\x81@\x00\x81\xfc\x00\x81(\x00\x84,\x00\x82l\x00\x80\x04\x00\x82@\x00\x84x\x00\x91<\x02\x85\xa0\x02\x82\x18\x01\x81\x04\x00\x844\x00\x8a \x00\x81\xb4\x00\x81\xc4\x02\x84(\x00\x81\b\x00\x8a \x00\x80\xf0\x00\x85\xa0\x01\x82\xa8\x00\x8c\x04\x01\x82\xd0\x00\x81D\x00\x88\xd4\x00\x92\xc0\x02\x85\xa8\x02\x81P\x00\x84t\x00\x85\xa0\x02\x89\x1c\x01\x82@\x01\x81p\x00\x84\xd0\x00\x8a\x00\x03\x91\xc0\x00\x818\x00\x85\xe4\x03\x90\x84\x00\x85x\x00\x81$\x00\x82\f\x03\x85\xa8\x01\x82\xe8\x02\x00\"\x90\xc28\x00d\x85{\x04\x000\x80S\x00\x000\x81\xa7\x00\x813\x03\x81\xd3\x01\x81\x04\x00\x80c\x00\x001\x81\b\x00\x81k\x03\x81\xe1h\x80\xa7\x00\x001\x81\v\x01\x81{\x00\x80g\x00\x001\x81w\x00\x81_\x02\x81(i\x81\xaf\x00\x80w\x00\x001\x80\x10\x00\x001\x818\x00\x80s\x00\x001\x808\x00\x001\x80T\x00\x001\x80T\x00\x001\x81`\x00\x8co\x03\x001\x808\x00\x001\x80X\x00\x001\x80<\x00\x001\x81<\x00\x81`\x00\x00f\x8f\xa7\x00\x83\xf5J\x87\xab\x00\x89\xf6\x00\x81W\x00\x81\x04\x00\x81\xb7\x00\x91\x96\x01\x81\x18\x00\x81w\x00\x81\xc3\x00\x8c\xee\x01\x82\xb7\x00\x81\xd7\x00\x85j\x01\x8d\xd2\x04\x81\xeb\x00\x81\x14\x00\x8c\x06\x04\x87\x04\x00\x8f\xab\x00\x81ݯ\x84\xa7U\x81\xab\x00\x81>\x01\x002\x80\x9f\x00\x82\xea\x00\x85\xb5\x02\x85o\x00\x81B\x01\x84[\x00\x81\"\x01\x89[\x00\x002\x89\xab\x00\x80\x1a\x01\x91\x7f\x00\x82:\x01\x80D\x00\x82\xdb\x00\x84\xfb\x00\x81z\x01\x8a$\x00\x81H\x00\x84v\x01\x002\x893\x01\x85 \x00\x85E\x05\x82\xbfj\x84(\x00\x81\x8c\x00\x81\x04\x00\x81\x1f\x01\x85\x13\x01\x84\x90\x00\x81\xa6\x01\x81\x0f\x01\x82\x06\x02\x84\x15\x03\x82\xda\x01\x81\b\x00\x85\xd8\x00\x81\xc6\x01\x81\xfe\x01\x80\x1f\x01\x89N\xfe\x81\x1f\x01\x82%\xb3\x9cQ\x13\x86\xa9\a\x92+\x13\x830\x00\x84\xb4\v\x81\x1d\x00\x88\xdc\xfb\x80\x12\x00\x84\xc4\xf4\x82\n\x00\x00>\x84\xf2\x0f\x8a\xc4\v\x80\x92R\x82K\x13\x01(n\x817,\x010*\xa9]\x17\x02+ 5\xa20\x00\x80\x97\x00\x81ʇ\x81a\x00\x003\xa7a\x00\x01+n\x80e\x94\x82D_\x006\x80\xbdB\x86\x13\xb9\x86@\x00\x8b`\x02\x00[\x81\xc9\x00\x81\xbaw\x82\xfd4\x81,\x00\x86\xd7*\x8a\xf0\x00\x87t/\x81\xf5\x00\x83*\x00\x80?$\x80qS\x81\x91g\x85\xdc\b\x87\x89\b\x00[\x861\x00\x02+n]\x8e\x9c,\x83T\x00\x8daA\x00n\x8a\x9d\xe2\xa3\xed\x00\x88j7\x92}\x00\x85\xcc\xe2\x87y\x00\x8b\xe3\x10\x82\xca\x00\x8f\xe8<\x86\xd7\x04\x8f\b\n\x8f\xfd<\x80[\f\x83\xa9q\x93\x1c\n\x813\x00\x81\r=\x81\xea\x00\x00&\x80\x13=\x82\"U\x00[\x803\x00\x84Oރ\x834\x85\xc6\x00\x87<Y\x8e0\x01\x86\xcc\x01\x8d\t\x03\x84=\n\x00e\x89\x93k\x83\r\x00\x86\x1e\xf9\x99\xdc\x01\x8d4\x11\x87\xd4\x05\x00[\x827\x00\x81\xb1\x17\x8c,\v\x8bk\x0f\x9e\xda\x16\x91\x1e\x11\x82\x95\x00\x84e\xfe\x85T͆%\xb1\x8f\xe3\v\x91\x8eC\x82/\x00\xb65\x02\x81>\x00\x86\xec\xe4\x8bp\x00\x8b$\x02\x8f\xa8\xb3\x03HexD\x80\xbf\x94\x83\xf9N\x80\xd1C\x8b\xac0\x811\x1b\x00h\x8b2!\x88c\x01\x80.\x00\x00-\x81\x16&\x831\x17\x87\xd0'\x00h\x84\x93$\x8d\xd0'\x83\xbb\x15\x88A\x00\x86\x1e\x00\x82\x1a\x04\x8a\xc3\x01\x8d\x9c\xf2\x80\xef4\x80\xc7\x01\x83i\x1f\x83\x96\x1a\x91\xd7\f\x88\xb1\xba\x93\xeek\x84\xeb/\x8f\x8b7\x85=\x00\x83$.\x83\x10\x0f\x82\xb2<\x82\xaa\x01\x84\x0f\x1a\x84:7\x83_1\x84\xb07\x85\x1b\x00\x8137\x83\x87(\x84\x9fF\x82`\x00\x8e\xa8\x9f\x83\xbe\x05\x81j\x1e\x02quo\x83n\x94\x9e\x92\x18\x8a}\x00\x88\xb91\x81L\x00\x81R\x01\x83\xa8\x94\x9f\xd9\x18\x84\x02\x1d\x82E\x15\x85\xf0\x1f\x83\x86\x00\x87\xc4!\x83\x00 \x85Z\x00\x8d\xa0:\x9f\"\x1e\x80\x1d'\x82F\x00\x81\f\x86\x86F\x00\x84Վ\x90q\x02\x9eV\x00\x84n\x92\x82\x96\x8e\xb5C\x00\x80E\x06\x82C\x00\x81A\x16\x83\xe0\xf3\x82\xfe\x1d\x00o\x8aj\xf3\x94\x87G\x05hi*16+\x80`\x8f\x85\xd3-\x82Ά\x83\f\x00\x8a.'\x8a\x04!\xa4-\x01\x86\xab\"\x90\x9aH\x80\xc8\"\x82s\x00\x8c\x015\x9fU\x00\x84n\x0f\x93U\x00\x80\xdc-\xb2U\x00\x86\x7f.\x91U\x00\x00r\xb4U\x00\x80\xb2)\x97U\x00\x00b\xb4U\x00\x80\xc7\x02\x96U\x00\x00\"\xb4T\x00\x81,\x03\x97\xaa\x00\x00\\\x8aV\x00\x95(\x00\xa2x\x1c\x9d\xd4>\x8a\xae\x03\x81q!\x82\xad\x1e\x87\x1e0\x8fw\x00\x00c\x82@Ă?\x00\x8bS3\x8e\xabw\x82\x01\b\x807\x13\xa2^\x05\x95:\x12\x8a;\x05\x87\x9c#\x91\xdb8\x86r\x05\x81R\b\x8f)?\x84\xdc8\x89&\x00\x85\x95\x14\x81*\x06\x8at\a\x80\xa9\x13\xa1\xc5\"\x88\x93\x12\x80\xd2\x06\x811\x01\x80\xf9\x9f\x80\x992\xa1>\x05\x85o\x13\x83\x88\x01\x848\x00\x87\x0e,\x88\x11\x00\x80\xb7,\x82\x8c\x01\x82\xae\x00\x82\xa5H\x80\r\x00\x84\x977\x83G%\x87\x80\x02\x887\x00\x83\xbf,\x88\x11\x00\x85\x01M\x84H\x00\x82\x80%\x9fG\x00\x00o\x8dG\x00\x00O\x8bG\x00\x81B\xa4\x8cG\x00\x85\xbe\x14\x83\"\x00\x81_\x01\x83\xb1\xe7\x87^\x01\x82\xa7$\xaf^\x01\x88s\x00\x83?\x01\x86\xe87\x95@F\x85\xd0\x1e\x80\x19\b\x82D\x89\x82\xa5\xb4\x01ow\x82\xbe%\x81\f\x00\x811\x9d\x86\x19\x00\x81\r\x00\x86\x1a\x00\x9e\x06 \xa885\x87($\x85q0\x90Đ\x85y\x00\x91Z/\x80\x1e\x00\x83\xcd\x02\x00c\x86!\t\x8b\xec3\x81\xe4%\x83fO\x83\xe4%\x00f\x85h\x00\x869\x00\x89\x16\t\x8f<\x00\x00A\x88<\x00\x85NP\x89<\x00\x00A\x89<\x00\x81\x05\x00\x86\xcav\x81Z\x01\x00*\x84\xcfv\x82\x87?\x82k\x01\x80Ȇ\x82!\x00\x86\x86j\x87\xfd\xf1\x81\x7f\x01\x851\x00\x82\x14\x00\x81\xb6\x1a\x849\x00\x80\xef%\x979\x00\x82\xac\x01\x92:\x00\x83\xc6\x01\x9c;\x00\x93u\x00\x83\xf4\x01\x8f;\x00\x81\xe5\x00\x81\xe6e\x89\x94f\x84\x83\x00\x80\x8d\n\x826\x00\x81{\xad\x87\x7f\n\x82\xf7\x00\x80\xf4#\x80\xc5\x00\x83\x19\x00\x81\x1a\x0e\xa5R\"\x86\xfd\x01\xa2C\x06\x8c\x1d\x02\x8a\xc5=\x9b|\x06\x86=\x02\xaa\xb2\x06\x87]\x02\xa0-\x00\x89~\x02\xa7\x9a\x00\x8a\x9e\x02\xae\x9d\x00\x83\xbe\x02\xa4\x9d\x00\x85\xdf\x02\xa9\x9d\x00\x88\xff\x02\x81\x19\x02\x81\xe2L\x00n\x88\xf5\x02\x87\x05\a\x00n\x91\x8bA\x81\xa6-\x83\xef\x1a\x80KN\x91\xeb=\xa2\v\a\x9df\f\x81\x98)\x85\xd5\v\x82.\v\x85\xa8l\x9b\x1b\x01\x84!\x0f\x88\x8d\f\x87\x9a3\x99\x1c\x01\x8d8\x00\xa6\xcd2\x959\x00\x00X\x8a\x1f@\x88@\x01\x80\x9e\v\x8fC\x01\x8a\xfb\x00\x80\x80\x01\x89y\xf6\x82k\x03\x86`\x00\x8a\x05=\xa7\x11\x01\x84\xfa,\x84o)\xa2\xa2\x1a\x8e\x9a\x03\x85\x7f\x04\x82\b\x00\x00*\x80\a\a\x9e2&\x8aJ\x00\x8di\t\x8aO\x00\x80^\x12\x83Uz\xb1\xda\x00\x88I*\x83\x1b\n\x00f\x80M\xbc\x85\x84\x04\x81\xf1P\x85/<\x8e<\x01\x83\xc5\r\xb2\x0e\x01\x83e\x00\x80\xd0D\x80\a\x00\xb3\r\x01\x85\x9c\x00\x80I\x05\x82\b\x00\x00*\x89\x92\x06\x83\xc9\x00\x84\xd8\n\x83 \x00\x81i\b\x88\x89\x01\x80\xa0\b\x00(\x82\x84\x00\x80;\x01\x81\xcbڂ%\x00\x86\xb1\b\x85Q\x8d\x8f\xda\ue5c6\x02\xd2\xc9\x03\x90/\x10\x87\x94p\x00+\x81c\t\x80w=\x00t\x80NȂf\x1f\x81_\x06\x80\xd4\x00\x82\xc0\x0e\x85\xed,\x82\x8b^\x00D\x83EɄ\xb7\x11\x91\xc8\x01\xa7\xc1\b\x8e\xc0\b\x9c\x90;\x85\xa5,\x86\x89\x00\x86\xec%\x9d:\x00\x84\n6\x84\t6\x84j\n\x87\f'\x80\x8f\x94\x80\xe8\x00\x89\xb9\x0f\x82\x95\x01\x82\xfe\x00\x00(\x82\xfeЀJ\x00\x83$\x00\x87\x8c\x0f\x86/\x01\x81??\x83\v\x00\x80\x84\x0f\x81\xbb\x05\x81)\x00\x84\xd1\x02\x86\xab\x00\x87\xac\x02\x83T\x01\x87m0\x89\x8c\x03\x81\xec[\x00n\x81\x8b\x14\x83r\x01\x82[k\x846C\x8e\x93\x03\xa5\x8f6\x83\xfc\x00\xa4-\x00\x85&7\x8a\xa30\xa3\b\x04\x8b\xd66\x83\xf1\x00\x84\x1cl\x83RӄK\x03\x86\x87\a\xb3[\x00\x80^7\x88,\x02\x81=\x01\x92M\x04\xacG\v\x8dU\x04\x86\x89\x01\x80\xc9\x18\x84\v\x00\x87]\x04\x82.\x00\x8d\a\x0f\x83\xef\x03\x00p\x85^\x14\x81\xfa\x00\x00*\x86F\x00\x80`\x03\x80&\t\x87\xfe\x01\x00*\x81,P\x80\xb7\x00\x83/\x00\x85\xc6D\x90R\x02\x80U\x04\x81\xfd\f\x82(\x00\x81vB\x84\x98\x15\x838\x00\x85,#\x918\x00\x82S߃8\x00\x8bQ\x0f\x85\"\x00\x8e`\x15\x89\xf3\x02\x8f_\x15\x97^\x15\x93]\x15\xd0\\\x15\x821\x05\x81V%\xb9\xfb\x0f\xbc'\x05\x85\x8a\x03\x83_E\x81o\x02\x00-\x83\r\x06\x8a\xe0\x17\xa3d\n\x82\x13\x11\x84\xb3\x11\x00c\x82/\x0e\xa6\xf9-\x82\x93\x01\x000\x80\x01\x02\x81\xa6\xa5\x89O\x17\x00c\x85M\n\x02wid\x83\xafE\x81\a\x02\x00b\x81Ci\x81H\x04\x81\xfbC\x84<\x00\x81z^\x004\x84\xcb\x04\x83-\x00\x83\x1d]\x83-\x00\x82\x1d\x00\x8a\xae\x03\x843\x00\x85\x8b-\x853\x00\x82d\x14\x853\x00\x89\xc22\x01i+\x83#\x00\x00>\x8c)\x01\x8c\x19\x1a\x87c\t\x80a\x00\x80K\xe2\x80J\x00\x84\xd3\x03\x82}׀Ex\x81}ׂK\x00\x88oۋ\x03\t\x80\x8bX\xa45/\x01+j\x80\r1\x002\x82\x01\xa2\x83\xcf2\x88\x9d\a\x82\xb9\x01\x84\xc6R\x9d\xe1\x01\x00s\x80\a\xff\x83\xce\b\a\"abfnrtv\x80\xc9\x01\x01\\\"\x80G\x88\x82L\x00\x84\x98\x88\va\\b\\f\\n\\r\\t\\\x86!\x00\x91X\u0603O\x00\x88Pܦ\xf4\x13\x83:\x00\x81]؉\\\x01\x81\f\x01\x83\x89\x00\x80\x1a\x00\x84\xed\x00\x81C'\x89\xce\a\xaa,\x17\x82N\x0e\x83>\x00\x8c~`\xa4D\x00\x00u\x8cD\x00\x81\x143\xadD\x00\x00U\x8cD\x00\x83\xc0\x8a\x85\x9a\a\x00s\x8d͛\x874\x04\x00E\x80\x93\t\x01pe\x83z\x05\x86\xb0\x17\x81S\x9c\x81\x11\x00\x81\f\x84\x86K1\xa4\x1a\x0e\x83\xc8\f\xa4\x1a\x0e\x007\x8aW&\x9a\x96\x00\x82+\x82\x81\x9e\x02\x90$\x1c\x9c\x13\x04\x8f*\x05\x8d`\x00\x911\x1c\x830+\x82\v\x00\x87\x81\x86\x84:\x05\x89\xfc\f\x8d\f\x1c\x828\x00\x88i\x10\x98?\t\xa5!\x1c\x8af\t\x85\xa9\xf6\x85s\t\x82\x9d\x00\x97>\x04\x85\t\x04\x85<\x0f\x83\x81\t\x9a~\v\x00E\x80\x14\x00\x82<1\x01By\x81\xc2\x1e\x91Y֗Լ\x84\xefX\x89\xc3_\x8ck\x06\x81\x14Ѓ)\u0382\x1e\x00\x8d/\x00\x84-\x00\x8c\x85\x00\x82\xb8X\x80\xa0;\x88U\x1e\x84u\x00\x80\x1cR\x83J\x00\x80W\x00\x86I\x02\x82I\x00\x99\xd5\x00\x83P\x00\xa9\xd9\x00\x83$\x91\x85\xe2Y\x86\xaf\x00\x8e 7\x80\xa5\x00\x80)\x00\x81\xec\x16\x83\xbbn\x86\xfc\x01\x81\x82\x00\x84\xcfn\x82@\x00\x93\xcf\x00\x83X\x10\x84<\x00\x81\xbfX\x81\xdb\x01\x00*\x83\x16\x18\x84\x16\x00\x862\x03\x83p\x05\x00y\x80\xd5Y\x84Yф\xb1\x1c\x01nd\x81R]\x00G\x82si\x82\x1c\x00\x84y\xec\x93?\x01\x85\xf0\a\x83QW\x83\x91\"\x85T\x00\x86\xd3\v\x82\x1b\x05\x80BՂ\xc0\xec\x84Ej\x00[\x85'\x00\x84\xe0\xe4\x81\x7f-\x88\x81m\x87~H\x86/\x03\x89\"\x00\x89\xd7\x0e\x87\xc11\x01g.\x81\xfej\x81ŋ\x86Tn\x87\xa2\x00\x83\xd1D\x82\x9d\xb1\x82\x13\x00\x80\x82\x01\x81\x7fo\x81K%\x86\xe2\x00\x01s.\x81현JU\x85\xcd\b\x88\xd7r\x83\xc4\n\x8b\xd9\x0f\x81\x8a8\x86\xb3\n\x822\x00\x80k\xa3\x88\xe4\x01\x88\x9f\x91\x80\x11\t\x80W\r\x82\xe1\n\x8a\xa3R\x83\xd8u\x83\b\x02\x8a\x05v\x82\xad\x01\x87\x1e\x02\x82~!\x81\xf8\x00\x83\xb3Q\x83\x8e\x04\x80.\x00\x80M\x94\x81\xcb\xd2\x00K\x80!\x00\x81\xc2Ґ\x05\x01\x83\r\x00\x81\"\x02\x85\xee\x03\x94\xa8\x00\x81\x02[\x81\x83\x0e\x8f\xa5\x00\x80\u07b9\x80\xf2`\x84,\x02\x81]\a"
const compilerSourceData0Chunk3 = "\x85\x01\"\x84\xf7\x1e\x81\x8d\xba\x00I\x81\x8do\x80\x1f\x00\x80\xd3فY\x00\x81\xb5\x02\x81\x13\x00\x87\x1d\x00\x80\xbd\x01\x83\xbb\xac\x8c\"\x00\x82\x18\x00\x80'\x00\x8c\x17\x00\x81;\x10\x00.\x86\xfco\x8f \x00\x83O\x00\x83\xfb\x10\x84\x12\x04\x891\x03\x82\xde\x00\x81!\x01\x81.\x03\x81\x1c\x01\x86\xc4\x00\x81\xdf\x00\x86Y\x02\x83:\x00\x00.\x84\xae\b\x81 d\x87\x15\x00\x82\xc7U\x8f\x96\x00\x84\xcf\x00\x97\x92\x00\x89\xf0\x00\x83\xb4\x01\x84\x8e\x03\xb4#\x02\xa2\xb1\x01\x88\xd9\x03\xa00\x00\x8c\xd2i\x86(\x00\x01Ok\x83\xe4\b\x97\x91\x05\x82\x81\x05\x91|\x05\x83D\x01\x85\x1b\x03\x81\x11\x00\x88C]\x85`\x05\x8ey\x00\x80\xe1M\x83\xa8\x00\x80X\x05\x83\xd7\x06\x8b\x17\x1a\x82@\x05\x889\x96\x87\x905\x87H\r\x8e\xb3\x03\x82\x0fe\x88 \b\x852\x18\x81\xef/\x85\x96\b\x8e5\x00\x82\xd2c\x815\x00\x8b\xe3\x03\x856\x00\x814\x00\x83\x12\x00\x85츈\xa2\x04\x00-\x82\x14\xaa\x82\f\x83\x93\x03\v\x93p\x00\x86\x90\x04\x94\v\x1b\x8aDD\x85\x16w\x99Q\x00\x84\x8e7\x91\xc2\x00\x92\xc4\x00\x85Q\xaa\x8b\xc6\x00\xab\xc8\x00\x84\xf0d\x94o\x01\x9bq\x01\x84m\xc4\x01li\x80\xd2a\x82X\r\x8cl\xa9\x84\xad\x00\x80\x9f=\x81!\x00\x8b\xab\x00\x82\x14\x00\x9c\x12\x00\x84\xe4\x1c\xa7\xc9\x00\x80\x91\x00\x93\x94\x01\x00>\x84\x93\x01\x92\xe3\x00\x86\xe7\x00\x97\x1b\t\x89\xeb\x02\x83\x86ء\xee\x02\x84\x15\x83\x86q?\x80\xcd&\x00t\x85\x0e\x00\x89\x02\x03\x86\x18\x00\x91\xb9\x06\x81GۇH\x00\x86b3\x8c\xdb\x06\x8a\xd9\x00\x83\xd8\x06\x84\t\f\x85\\\x00\x91:\x00\x8b\\\x00\x957\a\x8b\x90\x02\x00/\x82\xa9\f\x8d\xaan\x9d\n\x04\x86$\x05\x85\x90\x00\x8d\xb9@\x8b\xf0\x04\x84\x12\x06\x8ev\t\x8a_\x01\x80\xa1\x04\x81\xc8'\x8e\x8a\t\x88\x17\n\x87\x1e\x06\x88\xda\x04\x85\x1f\x06\x81\xec\x05\x82=\x86\x90.\n\x83{\x06\x8f(\n\x9ay)\x9e\x02\v\x84\x86)\xa8\x06\v\x84\xad\x82\x82\x04\v\x81\a\a\x80l\x00\xad\xf9\n\x87C\x00\xaa\xcf\x00\xa8\xf8\n\x81\x99\x00\x83\xfc\n\x82\x0e\t\x83\xc7\b\x9em*\x85o\x02\x85\x90\x83\x87k\x02\x85\t\b\x8c\xd8\"\x81P*\x83\xc74\xa6\x8a\a\x88W\a\x93y\x00\x83\xd2\x7f\x94{\x00\x91\r\x1bσ\x00\x82B\x84\x94\x82\x00\x88\xdb\x13\xd1{\x00\x82&~\x8f{\x00\x8d\x866\xd1{\x00\x87_,\x81\x9f\xbf\x84Xy\x89\xcb\f\x82\xd7\xec\x84\xc6\f\x98W,\x83O\x15\x86B\x00\x8am\xc0\x01g.\x82\x1a\x00\x80\x01D\x86!\x00\x00]\x86\x8a\f\x80\xec\t\x88}\xbd\x96\xd8\x00\x9aD\x00\x8a\xf5\t\x87\xf6\t\x9cQ\f\x98\xa9\v\x98\x02\x0f\x93\x02\x01\x85y\x03\xa0g\x02\x81]m\x84I\x13\x01e.\x86\xb2\x83\x88\xa6G\x82\xc5\x05\x81\x8f\f\x82\xaex\x85\x8c\x01\x83\xdc\x05\x85\x17\x00\x03From\x89\x97\v\x01e.\x81)\x84\x864\x18\x8bC\x00\x8a`\x01\x842}\x85W\x00\x91\xc4\r\x8b?\x00\x85U\x01\x8a\xd9\x05\x82E\x00\x86\x14*\x86\xaf\x06\x81R\x06\x00I\x80\xa4ၚ\a\x85\\*\x83,\x00\x82\t\x01\x86\xd5H\x80\xf7\x00\x8bj\x02\x8f|:\x80\x85\x11\x80\xb3\x04\x81,\x84\x81\xde\x00\x85鄄D*\xa1\xaa\f\x85d\x00\x85w*\x81\xa7\x00\x85r\x06\x84\x87\x00\x84/\x8b\x9a\r\x01\x82\x19\x00\x80\xa6x\x00e\x83\x98\x05\x00d\x81c\x00\x83!\x00\x8cg\x00\x84h\x00\x8a*\x01\x83`\x00\x87\x1a\x00\x8a\b\a\x95\xd2\b\x86\xf9猺\a\x89?\x00\x85\xd5\b\x82W\x01\x82\x1b\x00\x88f\x01\x83o\x00\x82\xfd\x02\x86\xbc\x10\x84\x9b\x06\x84\x88\x00\x85!\x03\x87t+\xb1\"\r\x93\xe1\x02\x83Z\x89\x82\xe2\x02\x00n\x80\xd9Ǜ\xa5\x01\x87\xb8\x02\x81\x94\x0f\x821\x00\x86\xa0\x01\xb0\xb9\x03\x88\xd1\x10\x87\xe5`\x825\x05\x80g*\x86\xd0R\x96Y\x00\x00-\x83\x81\x00\x9aG\x0e\x9ac\x00\x00+\x9ec\x00\xbdb\x00\x80\x06M\x86X\x05\x88L\x00\x87\xce1\x98|\x00\x80Y\x16\xb2&\x05\xc3P\x0f\x94\xfb\x06\x83o\x8b\x81\xba\x00\x00o\x80\x83`\x829\x10\x82\xec\x00\x81=\x00\x81툆(\x04\x01e.\x82\x10\x00\x85\x18\x00\x82F\x89\x8a\xd9\b\x87/\x00\x81\x11\x13\x82\x0e\x00\x82P\v\x81\x81\x02\x852\x00\x82\x81\x00\x85\x1e\x00\x84o\x00\x87\x1d\x00\x83w\x00\x82s\x89\xa8\xb6\x02\x81\f\x00ĵ\x02\x82\xac@\x87\xed\x01\x00&\x81\x92j\x80\xa8N\x86\xf2\x01\x82k\x00\xa7\xf1\x01\x89\xbc\x01\x8e\xf1\x01\x82J\x8a\x9b\xec\x11\x86Q\x01\x85Y\x06\x00!\x82\x13\x00\x87B\x05\xa3\xee\x00\x8d{\x00\x81\xf1\x00\x82H\x00\x83\xca\x00\xa1\xff\a˻\x02\x97r\x01\x00|\x81r\x01\x00|\x93r\x01\xbe\xa8\x00\xffr\x01\xf6r\x01\x82k\r\x82\x00\x01\x8fj\r\x86\x9e\x00\x8a\xfe\x0e\x89\x8f\f\x9d\x90\f\x85\xce\x03\x83x\x00\x82g\x00\x87_\a\x8d\x95\x13\x8c\x0e*\x92y\x00\x86\f\f\x9e\r\f\xce{\x00\x86\f\f\x9e\r\f\xb5{\x00\x83\xa8\x04\x890\x00\xa0\x8c\x02\x847\x03\x8c\x8f\x02\xbf\\\v\x82\xff\x05\x85\\\v\x82\x02\x06\x81\x93{\x85t\x03\x84\x86\x00\x85\r\x00\x8fd\v\xa0\x81\x00\x94\x87\x1a\x88y\x00\x8f\x90\x0f\x84\xe0C\x83\x8b\x00\x83\n\x00\x831\x01\xb1\x89\x1a\x8a\x8d\x0f\x83\xb5*\x85F\x1c\x81\v\x00\x885S\x85-g\x84K\x12\xab`\a\x9dtD\x89\x1eo\x8a\x1e2\x80\x1c\x00\x8f\x17=\x89c\x1d\x83'\a\x83\x83\x16\x80\xc0\x00\x82QL\x83\xad\f\x9d\xcb$\x8a\xcaD\x83B\x02\x83\xea&\x85+%\x85\f\v\x82h\x01\x00+\x83e\x01\x8a%\x03\x83/\x00\x85\xb5%\x8a/\x00\x80\x00\xb6\x94/\x00\x85'b\x8a/\x00\x80\x87G\x94/\x00\x86\x0ec\x84\x94\x03\xa5\\\a\x97p\x05\x8ay\x00\x80\xf8\x83\x94y\x00\x00%\xdby\x00\x00%\x96y\x00\x80\xe6V\x8f!\x01\x80\xb2\x15\x94/\x00\x80YW\x8f/\x00\x80\xb9'\x94/\x00\x80\xe5W\x8f/\x00\x00^\x96/\x00\x80\x06W\x89n\a\x80\x1c\x03\x83\r\x01\x8b+\x1c\x82\xa8'\x8a\"6\x85\x1a\x00\x86\x12+\x8dY\x00\x80SW\x8aY\x00\x00>\xbcY\x00\x82\x1e\x00\x88\xc5z\x83\xbd\"\x86u\x00\x88\xedR\x834%\xa8\x19\x03\x9e_Y\x8c\xb4H\x84L\x03\x80\x042\x8f\xb4X\x92\xdb\x01\x00(\x83\xfb\x00\x00^\x83c\xe3\x8b=%\x84\x85\x01\x87D\x00\x85\x92\x01\x8aD\x00\x80\xce\x16\x90\xc2\x01\x83>\x00\x83bY\x84>\x00\x85w\x01\x8a>\x00\x80\vJ\x96>\x00\x83\x14Y\x87/Z\x8a\xb5\x01\x81\x1c\a\xbe\x0f\x02\x83h\x00\x84eZ\x93h\x00\x81\x98\x17\xc4h\x00\x8aL\x01\x8dh\x00\x80x#\xc5h\x00\x8av\x01\x8dh\x00\x81W\x06\xd6\xee\x02\x82\xaf\r\x88\x1b\x00\x83\xdf\r\x84\x16\b\xb0\x9c\x14\xae\xc7\a\x81\x1d\n\x00s\x83\xc9E\x82\xe0O\xa8\x99A\xa1\xa1Q\xc0\xa7A\x93\x91L\x93\x98P\x95T\x14\x90\x9dP\x8c\xb2 \x82\xc1\b\x91\xed\x00\x99^q\x86\x15E\x8c\xf7\x00\x81\xf6\t\x85\x18\x19\x03zero\x87\xde\x00\x82U\x00\x02\n\t*\x80j\x00\x00=\x82\x1b\x00\x82\xd0\x7f\x82)\x8d\x80\x91*\x83\r\x00\x82\xd4\xe7\x84>\b\x813\x01\x82u\x1d\x82\xaav\x81\xcd\xec\x80^C\x86\xb5\x00\x80\xa5l\x01nn\x80y.\x84\x03\x90\x80+m\x01ne\x80\x93\x14\x80\x8c\xb5\x80km\x03ST n\x81oB\x82Z\x13\x80'm\x80\xa4\xb8\x80I\t\x80\xb7W\x84\xf8l\x833\x9b\x84h\x8d\x82\xbf\xec\x80\xd4\x1c\x80\xb9D\x83\x18n\x80_m\x81\xb1m\x80< \x830m\x85\xc2݀\xb5\xe9\x81\x03\x13\x01er\x80%\x13\x82K\x00\x85\xf2ه\x8f\xda\x01sm\x81\x9a\x15\x87\xa6\x00\x00;\x82Hm\x83\xfe\xd5\x01um\x80\xf9Ճ\x8eڀ0\x00\x82\xf0\x8a\x84\xf9ځS\x00\x85\x9c\xed\x04ccumu\x80\xea\xec\x80w\x00\x81W\x00\x81:\x00\x81\x0fn\x80\xd6\x00\x84\xb1m\x80}m\x86\x8bލq\t\x81\xd7\x03\x86\xbaޅG\x06\x87\xb8ރI\x1c\x85\x8b\x02\x82O-\x87\x7f}\x81\xa3\x01\x8d\xb0ބ=\x15\x87*\x00\x82\xfb\x01\x8e$\x00\x84I\x01\x8bP\x00\x90\n߆\x9e߀}\x06\x82\xb9څЁ\x85\x9a \x85\x9c\x02\x83Y\v\x82I\f\x81P\x02\x82\xacq\x802\x03\x83!\x02\x80\x068\x83\x1a\x02\x86(\x04\x89I\x82\x82^(\x99\xee\x02\x82\xa0#\xb4\xec\x02\x91\xe8\x03\x85\xf1\x02\x8f\x01)\x86s\x00\x00R\x80\xf0\"\x83(\x00\x86?T\x82\xa8B\x81\xe1\x18\x9a\xac\x00\x849\x00\xb4\xae\x00\x90#.\x87\xad\x00\x96\a\x04\x8d\xa6\x00\x83\x9dv\x83\xaa\x01\x81\x9f]\x8as$\x8d\x00F\x8b\xef鏟$\x8f\xed\x00\x8a\xeb\x01\x8f\xe9\x00\x03minP\x80\xfdw\x98\xd1\x00\x80\xa1\x00\x8am\x13\x829\x00\x82@\x16\x84U\x00\x80!\x00\x82\xa1\x03\x82\xc2\x00\x81S=\x90G\x02\x80\x04\x01\x8aes\x00e\x82v\x00\x00e\x80\x90\x05\x01ce\x81\xc3\x00\x83\xcc%\x83:\x00\x848\t\x823\x00\x00<\x86\xa1\x00\x82\xea\x06\x89t3\x87\x8a\x14\x826\x00\x80\x12\x00\x83\t\x00\x83V\u05ca\xc7\x11\x91\xf4\x02\x81_\x00\x83\xa4\t\x83\xc2\b\x83*\x00\x80\x82چ\"\x00\x8c\xff\x14\x8a\xfa\x0e\x84k\x0e\x8c\x91\xb0\x89\x9a\x01\x00f\x91x@\x897\x01\x8f\x92\x85\x95\x7f\x01\x87\x9b\x03\x80\xd1\x02\x9c\x9c\x03\x85\x81\x00\x83h.\x95\xd9t\x8fr\x01\x89\xf5\r\x86\xeb4\x80\xd2\r\x86\f\x00\x80\x98\t\x89\x80c\x86\f\x00\x84\xc7\r\x9a\x8e\x01\x8bd\x18\x91A\x02\x8a\xde\x03\x92\x85\x01\x821\x00\x86\x84\x01\x82R\x00\x8f\x12\xb2\x8c\xc9\a\x83Ճ\x80\x0f\x91\x80g\x06\x86l\x00\x90\xf7\x83\x8a\"\x00\xa7\x98\x01\x8f\x17\x03\x84\x1f\xee\xa8\x19\x03\x8fH\x18\x8c\x9c\x01\x890z\x85\x1aB\x87\xee\b\x81\x83\x00\x81I\x17\x82\x10+\x80\x1e\x00\x99\xf4\b\x941\x02\x86|\x01\x82\xb4\x02\x85\xa4\x0e\x86\xc6\a\x82^\x06\x82\xda*\x82>\x00\x98\x1b\xe6\x83\x18ӈ\xf7\x01\x9b\xfe\x00\x90\x18}\x8f\xfb\x00\x86\xf8z\x8e\x91\x00\x86\x00D\x8c\x19\x00\x843\x02\x83\x05\x14\x8a\x1b\x00\x81\xf0\x00\x8c\x0e\x1d\x98z\x00\x00,\x87\xdee\x89\xd3\x00\x87\x8d\x1b\x87\xa1*\xa3\xc1\x00\xa8}\x01\x8aD\x01\x85\ueb04\xed\x05\x83\f\b\x82<\x00\x93\x16\xef\x8a\x0e\x01\x88mK\x81K\x00\x80\x13\x00\x82+3\x8b%\x00\x83ขw\x00\x86j\b\x84]\x01\x86\x13\x00\x81\xac\xbf\x80\b\x00\x82x\x00\x84!\x02\x81\x12\x1f\x84\x98\x00\x8dv\x00\x81!\x00\x9eW\x05\x86\x9e\x01\x83=0\x83\xdd\x17\x83\xcc\x03\x82\xf5\x00\x84_0\x84\x1e\x00\x88}\v\x86\x10\x00\x84\xd6 \x98d\x81\x96\x98\x01\x86r\x84\x81H\x8d\x8d\xbb\x04\x82\x15\x00\x80\xa3\x00\x80\xf1w\x83\x86\x1f\x85]\r\x8a\x9a\x01\x81\xba\t\x86bO\x87<\x00\x81X\x99\x81<\xf3\x8bQ\x00\x88\xf6܃\xb9\x01\x85'\x00\xa2\x10\x03\x84-\x00\x89*\x80\x81\x7f\x00\x84\x87\x80\x84\x99\x03\x80Z\xb4\x82\x9b\x16\x01un\x80P\xf5\x00y\x90=\x00\x83i\x00\x9e\x03\x03\x83Y\x00\x89x\x04\x80\xc0\x00\x81\xd6|\x85\x8b\x1b\x82\b\x0e\x89&~\x91;\x00\x83\xfc\x02\x83>\x00\x81]\x06\x85A\x00\x00>\x84%\x00\x86\xdf\x1f\x84\x0f\x00\x84:}\x80#\x00\x83\x18\x00\x83\x1a\x1f\x83\x06\x00\x85\xaae\x81\f\x00\x858\x01\x80\xa3\x02\x829\x00\x9d\xce\x00\x87;\x01\x88\xd2\x03\x84\x15\x00\x8e\xd3\x03\x8dm\x03\x81\xe3\x01\x92k\x03\x8c\xc12\x82\x19\x02\x84\xca\v\x87:\x03\x83\x18!\x82J\xc1\x83_\x00\x89R!\x82\t\x02\x86\x93\r\x86L\x02\xc37\x05\xb0&\x02\x85<\x00\xff%\x02\xb4%\x02\x82\x16E\x84\xec\x00\x8b\x1b\x02\x83\x0e\x00\x00-\x87D\t\x82\xcd)\x9b\xda\x00\x00-\x80J5\x801>\x87H1\x97*\x00\x80\xf2|\xa4*\x00\x80\xaf\x1b\x82*\x00\x850\x01\x89f\x04\x87\x8c>\x88\xcb\x00\x85\xca\x00\x80\xdc\v\x83\x8dM\x83\xeb\x00\x80:\x0f\x84\xe9\x00\x83\xae\x01\x85\x82\x02\x83\xcf\x0f\x85>\x00\x85\x00\x02\x81\xe5\f\x9a\v\v\x83\xbd߇A\x00\x83_\x00\x89\xd7\x02\x00[\x82\x19\x03\x00+\x85\xc0\x02\x82\xd1\xe2\x83Y\x00\x85e\x00\x82\x18\x00\x84P\x03\x89\xd6\x02\xa0\xa2\x03\xcds\a\x87\xfd\x02\xb4s\a\x80[\t\x86\xfa\x05\x86\xfcH\x89\xac\x01\x84\xf3\x03\x87\xbb\x01\x83\xb1\x13\xa3\xf6\x06\x80I\x00\x81\xe0\x0f\x82v\x06\x85M\f\x8e\xf3\x06\x85\\\x00\x85?\x04\xb0\xe2\x06\x00[\x86!\x1f\x81\x9b\x01\x8e\xe3\x06\x89\xf1\x00\x82\"\x00\x90\xcb\x06\x82\x18\x00\x8d?\x04\x00M\x81\xed\t\x80K\f\x82\xcd\x00\x81\x8e\x03\x95D\x04\x82\x84\x00\x80\x05\x00\x00]\x83\xe2\x03\x82\f#\x84P\x00\x80`\x15\x84%\x02\xb0\x99\n\x00l\x88q\xc1\x82\x01\x86\x81w\x96\x00C\x81\x17\x00\x87\x8a\x00\x87\xd2\x00\x84\f\x00\x85+\b\x82y'\x81B\x00\x88\x15Q\x81\x9f\x7f\x80Q\x00\x83f@\x82|I\x88\x0f\x00\x01ma\x82\xaf\x05\x88\x1d\x00\x85\xfd\x87\x84W\x00\x83\x96\x06\x82\xfa삅\x00\x9e\x9c\x00\x82\x80\x00\x81A:\x8a\x99\x00\x82\x1d6\x88F\x00\x89\xb5Q\x85v\x00\x82\xa9\xc0\x85\"\x00\x9d\x10\x04\x87\xea\x00\x88\x0e\x01\x8b`\x03\x82lH\x85\x1b\x00\x86\x19\x00\x83\x05\x04\x82<\x00\x83\x14\x00\x81 \x01\x9f?\x04\x83\x8b\x00\x85v\x00\x82`S\x85\xb8\x00\x8du\x00\x83\x98\x00\x84U\xe4\x88t\x00\x840\x00\x87\xf5\x00\xa9w\x00\x8e=\x01\x81\xb1/\x87\x14\x00\x82\x91\x00\x86\x81\x02\x8d\x92\x00\x89=\x00\x8f\x98\x00\x8a\xeb\x01\x82\x12\x02\xa5\x98\x00\x94T\x05\x88|\x01\x86r\x89\xa1=\x04\x82O\x02\x849\x02\x88?\x04\x81+\x01\x81I\xc8\x00w\x82J\x04\x80\xa0\x00\x857\x04\x8f\xd1M\x91+\x02\x92\xe8\x00\x9fB\x11\x83\xe9\x00\x90\xe2\x00\x96\xe1\x00\x9e\xe0\x00\x82F\x06\x8f\xe0\x00\x91l\x11\xb2\x14\x05\x8c\xa7\a\x84P9\x8c(\x00\x81\x9b\x03\x86\"\x00\x88\x06\x8f\x01do\x85\x8d&\x87\"\x05\x85ꊈg\x11\x83\x14+\x8bQ\x00\x88\x1a\x0f\x86ev\x9f\xed\x01\x84\x99\xb2\x80\b2\x82z\x00\x88-\x06\x83\x03\x00\x81\xdc=\x84\x81\x00\x84&K\x8b\x14\x00\x81\xc8\t\xc4*\x01\x93(\x00\x81*\x01\x87J\r\x91 \x01\x81w\x9c\x8cY\x06\x83-H\x83\x1b\x00\xa8\\\x06\x86J\x00\x88_\x06\x89\r\x92\x81\xb4!\x84R\x00\x80^\x06\x87x\x00\xb4\n\b\x81\x90\t\x84O\x00\xa5\xbd\x02\x83۳\x8d\xae\x01\x88\xb8\x00\x84Q\x00\x9a\xc6\x02\x84\xe2\x14\x99J\x14\x8cX\x06\xb5\xab\x16\x82\xfc\x95\x81\xc0\xa5\x84\xe7\b\x802\xe7\x80;\xb3\x87\f\x00\x8e\xbc?\x95'P\x81\xac\x15\x82H\x00\x82\xad\x16\x81Kv\x82J\x00\x89\x0e\x00\x84\n)\x8fQ\x02\x84ߌ\x00:\x87\x93+\x83\xb6@\x96\xaa\x02\x8d1\x94\x82z\x00\xa2C\x8d\x86\x17\n\x823\x00\x83\x83\x89\x9c3\x00\x86C\t\x82\xd2\x00\xa2f\x00\x80\xed\b\x883\x00\xa2f\x00\x87\xdf\x13\x81*\x01\xab\x0f\x8e\x823\x00\x85O\x8a\x875\x02\x92\xfbF\x00I\x80\xebC\x00i\x80\x1e\x1a\x86x\x11\xae\xf1\x14\x81\xff\x8c\x8c\xe3\x03\xa2\x92\v\x87d\x8f\x9e\xb1\x16\xb3w\x14\x87\xcd\n\xc7s\x14\xc7q\x14\xaa\xfc\f\x88\x98\v\x83\xd3\x01\xaag\x14\x9fb\x01\x88+\x01\x95Z\x14\xabX\x14\x9bV\x14\x86X\x00\x9aT\x14\x82\xfa\x01\x9aP\x14\x9e \x18\x88N\x14\x84\xa7\x02\x93M\x14\x83y\x05\x90\x19J\x8d\xbb\x01\x8f\x17\x03\x82\x10\x00\x8f\xec\xfc\x8e'\x03\x82\xb9\x95\x82\x1e\x00\x902\x00\x84\x7f\xac\x00.\x81|\xb6\x83W\f\x82\x10\x00\xb4\xa5\x11\xa3\x0e\r\x857\x00\x85j\x00\x81\xcb\x03\x8e\b\n\x89\x1a\r\x88\x9d\r\x80\xa8\x00\x8f\x1a\x0e\x8e&\f\x89\xd4\x00\x9b1\n\x86g\x00\x80\x12\x06\x85\\\x00\x80\x9c\v\x98\x96\t\x85&\x00\x93\x96\t\x83z\x00\x9bb\x94\x8eK\x00\x83\x17\t\x87;\x00\x93t\x94\x937\x00\x81\x98\x06\x91\xca\f\x84\xfa\x1f\x82J\x00\x85i\x01\x8a\xf7\x92\x9e\x1f\x05\x83\x90\x00\x82\x86\xb8\x8aE-\x94\xb8\x05\x818\x03\x87\xea#\x94=\x00\x90\x83\x01\x89\xa9\x00\x85\xb5\v\x86\xd1\x00\x87\xba\x00\x85##\x82\xb5\x02\x91,\x9f\x89\xeb\x1a\xe1\xcd\x1c\x88K\x01\x93\xb9\v\x8a\xaa\x82\x80ix\x8bԜ\x84\x11v\x8e4\x00\x04\"map\"\x8a+\x00\x9eS\x11\x86u\x98\x89\x14\x03\x8d\xd0\n\x84!\x01\x81\x876\x8aM\x02\x85=\x00\x89k\x15\x88\xbd\n\x00>\x86!\x00\x89\x10\x06\x87\x8f\n\x88&\t\x98H\r\x81\xed\x00\x89k\x00\x89)\x1d\x98 \x03\x851\x00\x00)\x84J\f\x92\x0e\x03\x84\x89\x00\x81\xeah\x84\x10\x03\xab\x9d\x01\x83㚫]\f\x82\x18\xb2\x8cq\x01\x81Ֆ\x82ݧ\x86\xff\x04\x80%\x00\x00L\x83\x02\xb3\x86\f\x98\x86U\x00\x84B\x00\x8cv\x01\x86D\x00\x86\x91ӓ*\f\x8c7J\x85P\x97\x91\xbc\f\x80\xff\xeb\x89\xd4 \x85b\x00\x90y\x00\x84\xac\f\x86\x84\x00\xa7\x80\x00\x86\x15\x02\x85G\x00\x83\xa4\f\x9e\x18\x02\x81\"\x01\x88\v\x01\x87\x9c\x00\x84H\x00\x8fO\x1f\xa8\xd8\x01\x88\x96\x05\x80\xcb\x1b\x865\x06\x98o\x02\x83B\x00\x82F\x02\x802\x00\x86X\x13\x94x\x02\x88.\x00\x88%\t\x85\xa1\x00\x8c\xb5'\x846\x00\x86\xd6Y\x85\x83\r\x82T\x00\x80\xf5\x03\x81m\x17\x80\xf6\x03\x89u\f\x977\x01\x81\xd71\x85\x80\x00\x81\xc5\x17\x90\x8cҊ\xaf\f\xac\x8c\x00\x82^\x1c\u038d\x00\xa5%\x04\x93J\x00\x8d\xa7\x00\xae\x0e\x02\x85\x88J\x81\xd5\x00\x88\xaf\x01\x9f\x96\x00\x97\x94\x00\xb2\x96\x02\x82\x98@\x8e\x87\x00\x80\v\x00\x86\xa3\xc0\x86z\x19\x9f?\x03\x810\x00ʞ\x00\x83\xeai\xaf&\x01\x85\x8b\x89ȋ\x00\x81\x86\x05\xaf\x89\x00\x83ǈ\xa8\x87\x00\x9e\x92\x1f\x89\xdc\x03\x8f8$\x94S\n\xa8\x16\x1a\x9aa\x05\x82r\x00\x8ae\x05\x89\a\x01\x84\x1e\x00\x85\f-\x8cE\x00\x86\xa4\x05\x8b\xae\x11\x90\x95\x06\x8e\xb3\x11\x85\xdf\x06\xa2\xb5\x11\x80\xef\x00\x850\x00\x84\xa24\x84\x0f\x00\x80G\v\x81T\t\x80?\x00\x80\x14\x00\x90\xbb\x9f\x86\xf8\x05\x8b\x8a\a\x89-\x00\x87g\x10\x86T\x00\x88\x9b\x01\x8b\x85(\x83\x06\xb9\x83F\xaf\x9b\xc5\x13\x88O\x00\x80-\x1d\x8d\xbc\x13\x83@\x12\x86K\x00\x80\x12\a\x87\xd0\x00\x8fv\x00\x92\x14\x11\x88@\x00\x82\xb1\x00\x8b՟\x8a_\x00\x85\xac\v\x83l?\x86\xa6\x06\x8e#\x00\x8f^\b\x95l\xa0\x88J\x00\x88\xd2)\x87Z\b\x85\xd8?\x87\x90\x14\x92\xcd)\x851\x00\x8d>ʊF\n\xb9\xed\x13\x81$\x19\x83\xeaf\x83%\x02\x88\x8a\x00\x87՝\x80%\x00\x86~\a\x87:\x02\x84\xaf*\xa0_\v\x87-\x00\x00\"\x80\x87\x00\x83\x8c\xc0\x00\"\x81\xddr\x91\xfb\x13\x84)3\x88\xb1\x01\x8eC \x8fZ\t\x898\x00\x87P\t\x88; \x84\x1e\x00\x8aO\a\x86\x1f\x00\x84\xed\xfb\x91\xfb\x00\x82\xb2\x13\x83\xdf\xf2\x87\xef-\x98\xe0\x00\x838\f\x81f\x00\x84:\x00\x87\xf9g\x8f\xeb\x00\x84#\x00\x88E\f\x9a\xeb\x00\x8a<\x03\x85_\x00\x83\xf1\x00\x8bW\x1d\x8b\xfb\x00\x85\xc3\x00\x8eJ\b\x8dG\x02\x84\xb3\xa1\x84\xe1\x03\x84G\x01\x92\x16\x01\x92\xce\x00\x84\x03\x01\x80\xfd)\x90\x1ec\x8ek\x00\x8c\xaf\x01\x92\x97\x06\x8fe\x02\x8e^\xa4\x89\xf5\xa1\x877\x03\x83\xaa\x00\x8bZ݆\xa9\x06\x8f\xf0,\x87ҋ\x9b?:\x86\xb5ɂ\x0e\x00\x86\x02F\x86\xf1T\x95\xd9U\x95\xf7\x0e\x81\x14\x12\x88\xb9ɀr\x0f\x8bɨ\x82\xff&\x81\x8b\b\x81\xdb\"\x83\xbb@\x84\x965\x81\x0f\x00\x86\t<\x83\x9e5\x87kE\x82\xb2\x0f\x83\v\x00\x81\x17\x00\x87\xaaF\x86\xb3\x00\x81\x17\x00\x89\x1e\x11\x86\f\x00\x85\x19\x00\x83\xfc\x10\x84\n\x00\x8a\xbe0\x87\xb0\x13\x82\x12\x00\x80\xc0\x01\x81F\x04\x98\x1cS\x86'\a\x80#\x00\x8eお\xf3-\x8e\xc8\x04\x81\xcf\f\x9c\xbd\x04\x83\xcb\x15\x82\xf1\x06\x84?\x10\x86\x99\x02\x8b\x93;\x884\x10\x97p;\x81K\f\x95p;\x83\x1c\x00\x81\xaa\x10\x86\x1el\xbfN;\x8cH\x90\x89\xa3\x03\x82\xb4\xba\x89,\x00\x95\x85-\x85=\x91\x89D8\x84D\x00\x8e\xfd\x8f\x80\x99-\x86,\x00\x80=;\x86\f\x00\x80\xd0:\x89\xc9-\x89D\x00\x85cj\x8dw\x11\x8a\a\x01\xf1=9\x80\xf8\x00\x87E7\x85\xe9:\x84\xa6\x00\x85\xd0\x05\x94k9\x8c\xe3\x00\x85'Q\x81\xe8\x06\x87\xda8\x81\x11\x01\x86\x7f8\x87\r\x00\x84\xb3\x01\x85\xc97\x82\xc6\x06\x8c\xca7\x8f\xc2\x01\x85W\x00\x8c\xad9\x82.\a\x85\x1c\x00\x8c\x8b9\x8a\x1c\x00\x8c):\x8b\x17\x0e\x87\x1e\xbc\x94n\n\x8d;\x16\xba1\b\x88\v\a\xa7*\x1c\x88\xb1u\x94~0\x81\xc5\x1a\x84\xe0\x01\xa79\x1c\x86\x81\xa5\x83\xb6+\x9ak(\x86Y\x1b\x87`(\x8b(\a\x85\x12\xad\x81I\xaa\x8aR(\x94U\xa2\xa7\xa7\x00\x845\x94\x00,\x8b\xfb\xa5\x86\f\x00\x00]\x88\f\x00\x86\xc5\x1b\x8f\xf5\x1c\x8bb\xa6\x91\xe4\x1c\x8bV\xa6\x8b\xa3\x00\x85\xf3\x1e\x86V\x00\x83\xd9\x1e\x91\xf8\x1c\x83G\x00\x00[\x86\xd3f\x8f\xe7\x1c\x86\xb8\x00\x85i\x00\x88\xfe\x00\x94i\x00\x91\xfb\x1c\x8b\xbf\x01\x91\xea\x1c\x864\xa7\x89i\x00\x8cCG\x90i\x00\x86\xfe\x1c\x9cM\xa7\x94^\t\x9f\x1f\x03\xad骉騉B\x03\xb0\x1e\x03\xb0t\xaa\x80\x13\x00\x8d\xed\xa8\x8f8\x01\x9a\x85\xa8\x90Q\t\x82<\t\x01On\x818\b\x83\xff\f\x01(b\x859\x01\x86YЦZ\x04\x00b\x82y \x81\xfd\x00\x00b\x83\xa5\x0f\x9a\x9a\f\x82\x9b\x1a\x85\xc9\a\x86*J\x846\x01\x8a:\n\x88\xe2\f\x8b\xa2U\x86\xce\xe1\x82^\x10\x81\xb4\x0f\x88F\x00\x86\xd3\x00\x81YD\x93\xb0\n\x83\xbe\x00\x80U\n\x81\xaeЀ\xbf\x00\x84\xa3\n\x87\x9bՇ\xcf7\x83]\x00\x89B\x00\x85\x12\x00\x91\xa6\x13\x85\xe3\x00\x83$\x00\x85m\a\x92\xc2\x00\x83\xc63\x89%\x1b\x8f\x90\f\x00d\x81PɄ\x92\f\xcb\xe7\x00\x82\xaa\xc9\xe1\xe6\x00\x83\x86݇}\xaf\x9e|\x0f\x90\n\x0e\x87>\x00\x80z\x0f\x83W\x02\x89f\x05\x84\x8e\x03\xa4\xc7\x17\x81~\r\x85P\x00\x8de\x00\x88\xbf\x17\x88k$\x90g\x00\x81\x18ӈ\x8a\x01\x02mt{\x81\xf4\v\x00:\x87\x10\x00\x00I\x80\xce\xe5\x85{\x19\x00:\x88\x1c:\x82\x0f\x00\x88\xe3\x17\x83j\x01\x82m\x00\x84'\x00\x87\x16\x00\x80#\x00\x83,\x00\x85%3\x85\v\x00\x88\x16\x00\x83.\x00\x84Q\x00\x86Z\x00\x81\xa3\x00\x82\xf6\xc1\x81\x93\x03\x8aP\x18\x92\xa7\r\x81+\x00\x88h\x99\x81\xf8?\x86{\x04\x93.\x00\x8aQ'\x00f\x85\x9d-\x00f\x81\xa3\b\x8d~\x01\x01If\x86\xe7\x01\x84\xa6\x02\x85A\x00\x89\x950\x86;\x00\x80\x7f\x01\x83 \x00\x85\xd1)\x8c~\x01\x85\x87)\x81\x82\x01\x00.\x87LՃ6\x00\x86w)\x86\x1e\x00\x83\v\r\x85^\x00\x88\x1c\x00\x85+\xb1\x8a\x1b\x00\x82D\x00\x8b\x14\x00\x99\xb8#\x85\xc9\x00\x8821\x81-\x00\x81\xce\x02\x9e\x84\x02\x91\x05\x01\x89=\x00\xbd\b\x01\x83\xf6\x9e\x8c\b\x01\x88a\x00\x90\v\x01\x89\x7f\x00\x85I\x01\x84\x12\x01\x90\x1b\x00\x85L\t\x83d\x04\x82X\x0e\x86g\x04\x81X\x00\x88)\x04\x81E\x00\x9a&\x04\x84\xff\xd9\xff*\x04\xcf*\x04\x97\x83\x05\x83\xf5\x00\x86\x84\x05\x84V\x00\x81\xd0\x00\x86\xd9\x00\x91\xfd\x03\x85\x18\x00\x8f\xdc\x1b\x89w\x14\x86\xa9\x01\x98v\x01\x81V\xdc\xffs\x01\xe9s\x01\x80\xf2\x00\xe3p\x01\x97`\x13\x85+\x04\xa2\f\x01\x8aT@\x8c\b\x01\x9bk\x01\x97\x04\x01\x82Pݑ\x06\x01\x83\xd9\x00\x8a\f\x01\xbfd\x02\x83\xa3ހ!\r\x92\x1e\x00\x86\xa8ޕ!\x00\x82\xadނ\xfe\b\x83\xa5\x04\xa9\xfd\b\x8a\x18\xac\x85\xfaހ\x18\x00\x80'\x00\x81z\xb1\x84\n4\x9b\xb9\x00\x82_\x01\x89\xc9b\x86wߊ\xb3\v\x9b\xdd\x00\x92E\x00\x8b\xf0\x99\x8b܉\x81\x98\x00\x85\xc8\x13\x8c\xa7\x00\x85儁\r\x01\x8fa%\x89\x06\x01\x90u\x15\x88f\x00\x99ﾅ\xba\x84\x9f뾅*\x00\x80\x9e\x00\x8abV\x87\x9d\xe0\x83\xbd\x06\x84s\x01\x84V5\x8e\f\x01\x84\x99\x01\x88Q\x01\x8eN\x00\x8bM\x01\x87Q\x00\x83\xe7\x06\x96Q\x00\x95\x0e\x03\x8a\xa0\xa8\x83O\x01\x85\xd9̎\xf3\n\x92\xadj\x88\xcd\f\x82i\x10\xa9\xe9\v\x91.\x19\x85/-\x93o\xbf\x86s\x13\x97\xd7\x03\x82\xbf\xe1\x8ck\x99\x86i\xf1\x8d,$\x88M\xbf\x88\x11\x00\x85]0\x8c\x9c\x17\x86Lc\x92\xde\x00\x82\xea\\\xb4\xa2\x03\x97\xce\x00\x81V\x00\x8e\xa0\x01\x8f\xcc\x00\x8d\x91\f\x9f\x8d\x01\x81\xcd☎\x04\x80>+\xb4\xcc\x00\xa0\xc1\x03\xff\xad\x03\x87\x13\x1a\x95y\x01\x80 \x01\xa0x\x01\xa5\x13\x03\x81֣\xa2\xb4\x0e\x85G\x01\x00a\x82<\xe4\x8dC\x1b\x83R\xe4\x818\x00\x82u\x18\x886\x00\x84a\x00\x83)\x10\x87=\x00\x842\x1c\x83\xee*\x8d\a\x06\x83N\x00\x8b\x93\x01\x84\x8fX\x86B\x00\x82\x92\x03\x80\x05\x00\x00=\x85\xd9\v\x8db\x04\x82\xfe䬼\x05\x93\x19\x04\xa8\xec\x01\xa5\xea\x01\x97\xe8\x01\x8a\xf8\x04\x84=\x01\x88\xf7\x00\x81\x8b\x02\x86\x16\x00\xa6\xf1\x01\x842\x00\x87F!\x92Z\x02\x81\xa2\x13\x8f{\x00\x8d\x10\x00\x90\xde\x03\x8cf\x00\x8d\x18\x1c\x84j\x00\x8f\xbd\x12\x8c꧉\x8d!\x87\f\x00\x85}\x0f\x87\x0f\x00\x84\xf8\x1b\x88\x02\n\x87\x0f\x00\x86\x1c\x00\x8a\xc5\xe3\x83\x0f\x00\x86\x1c\x00\x99L\x1c\x919\x13\x81H\x1c\x82P\x10\x86+\x01\x83x\xe3\x8bN\x1c\x82\x12\x00\x86\xc9\x00\x84\xff\t\x82h\x03\x8c\xc5\r\x84~\x03\x83\x16\x00\x86\xdf\x00\x82\xb5z\x83\f\x00\x88\x1c\x00\x84\x16\x0e\x85\xc8\x11\x82\x18\x00\x89(\xc1\x86\f\x00\x88\x1c\x00\x834\x00\x84\n\x00\x85L\x00\x88\x80\x0e\x86\f\x00\x88\x1c\x00\x87~\x0e\x874\x00\x94\xc2\x1c\x86\x1c\x00\x8c\xc5\x1c\x97g\x0e\x90\x83\xfb\x96\x14\x02\x8bh\x01\x93\x90\x01\x85\x93G\x80\xcc\x14\x875\xe5\x84M\x9e\x8a\xde\xe4\x83\x15\"\x89&\x00\x89&\xa2\x88\f\x00\x83\x80\xf9\x8b\x1a\xe5\x83씄>\x00\x81\x89\u0604\x17\f\x8a\xafυc\x03\x83\xcd \x87,\x00\x00[\x82V\x00\x81\xa6ւ\xd2\x00\x84^_\x8e!\x00\x81\xb5փ!\x00\x87.\x02\x8e%\x00\x81\xc8փ%\x00\x85;\x02\x8e#\x00\x81\xd9ք#\x00\x87E\x02\x8e&\x00\x004\x8a&\x00\x82\xb5\x01\x8e$\x00\x005\x86$\x00\x88[\x02\x8e&\x00\x006\x8a&\x00\x93J\x00\x007\x87n\x00\x87q\x02\x8e&\x00\x008\x8a&\x00\x93J\x00\x009\x86$\x00\x88\x87\x02\x8fL\x01\x87n\x01\x86\x94\x02\x89\xfc\x01\x8dv\xaa\x81u\x02\x82n\x06\x93\x89\x02\x83t\x1f\x877k\x82\x8e\xe8\xa5\x1e\x04\x86䠂E\x00\x96\x9b\x02\x83\x1f\x00Ք\x02\x82\x96\x00\x84\xc9\x17\x87\xad\x04\x90\xa5\x02\x8f\xbc\x04\x90\xa9\x02\x8d\xc7\x04\x90\xa7\x02\x90\xd4\x04\x90\xaa\x02\x8e\xde\x04\x90\xa8\x02\x91\xea\x04\x8f\xaa\x02\x8f\xf4\x04\x8f\xa8\x02\x90\x00\x05\x90\xaa\x02\x8e\n\x05\x90\xa8\x02\x90\x16\x05\x90\xaa\x02\x8e \x05\x91\xa8\x02\x88\xf8\x19\x80\xa2\x01\x8e3\x1b\x8d\x91\x15\xbb\x80&\x84\xf5\xbd\x9a\xf7#\x00f\x80.&\x92\x9b&\xb7z\x12\x97y\x12\x92e\x00\xafv\x12\x99u\x12\x8ec\x00\x92l\x17\xaak\x17\xabj\x17\x89\x9d%\xa2d\x17\x96z;\x8f\xc3\x16\x85\xa6\x02\xaa\xbe\x16\x84\xbd\x16\x91\xb9\x16\x8d\xb8\x16\x82\xb7\x16\x85+\f\x844\x00\x86\xc3'\x87\xb4\x1c\x824\x16\x8b$q\x8e=\f\xd3:)\x85\xa0\x1c\x92_\xa6\x9a\"\xc7\xc0a!\x9b\xbf\xa6\xb2?\xa6\x82\x0e\f\x85\x06\r\x86=\xa6\x82\x1c\xa6\x9e\xb2\x1e\x80\xfa\x00\x81\xe2\x00\x91\xf2\x00\x85\xd2\x1e\x80\x19\x81\x84K\x01\x80\xe3\x10\xa4V!\x85]\x1a\x8b\xc6t\x88\x0eȏ\xe1\x1e\x86O \x00;\x856\x90\x91#\x00\x85\xb0\x00\x85)Ȅ\x14\"\x8d\xad \x8b=\x00\x84J\x19\x90\x90\x00\x84f\x1e\x803\a\x8d\x1a\x00\x80\xd8\x1c\x90\x16\x00\x81R\x17\x90\x17\x00\x84\xdf\x18\x90\x1a\x00\x82\xcf\xff\x90\x18\x00\x85\xcf\xff\x90\x1b\x00\x84\xc2\x10\x8eJ\x00\x82\xbd\x10\x90\x19\x00\x86\x82\x15\x902\x00\x86}\x15\x8d\x1c\x00\x86x\x15\x96+\x01\x82*\x00\x81l\x01\x85G\x00\x01sA\x81و\x80\x11(\x00v\x86\xa5\x0f\x80\uf004D\x00\x82\x8d\x01\x82\v)\x813\x00\x83J\x00\x8a\x91\xb9\x8fe\x00\x85\xbc\x13\x82\n!\x8a\xb3O\xb0N#\x87)#\x85P\x00\x87\x15\xb0\xb6:#\x87\x15#\x9eU\x00\xd6&#\x8fz\x00\x90\x96\x03\x8d\x16\x03\xaf\xa9\x03\xaa\xee\x01\x8f\xed\x01\x8b\xbc\xbf\x84\xb8%\x86\xb3G\x89\x04\x01\x88'\x15\x86i\x04\x84\xb9\x8f\x85\xc6\x00\x86銊\xc9\x06\x82\xc0\x83\x82\xd70\x8f\xf79\x86\x1f\x00\x81\x03E\x98\x1f\x00\x80\xc8-\x87\x8f\xc0\x90\xb3\x02\x84Y#\x82\x01\x00\x95q\u0091\xca\x00\x8cY\x05\x85\x89\x90\x80\x15\x02\xa0\xef\x00\xb9\x90\x00\x859\x02\x86\xcf\x1d\x83\x18\x00\x8dP\x02\x9fk%\x9a\xfb\x01\x95\xaa\xaf\x9aխ\x8c\x06[\x88\"\xad\x80Y\x00\x83\x02\a\x82\x81,\x92\x9e\x89\x81$\x00\x80J\x00\x89\x948\x88\x87\x91\x87y8\x84\xb0\x87\x85\xffg\x84\x9f\b\x867\x00\x92\x80\x00\xa4\x0e,\x85E\x00\x83\xd1\x00\x86#(\x88S\x00\x83\x91\x03\x83\x8c\x16\x8f\xc0+\x84\xc5*\x96,\x00\x84\xaag\x87\xb9\x00\x83\x13\x02\x85]?\xa5\xfb\x92\x840\x00\x83[\x8a\x85\xfeg\x8au\x00\x8bw\t\x90'\xe0\x81\x01\n\x81\x96\xec\x82\xee\x01\x93\xf7a\x8fy\t\x84\xeea\x9b@ҘK'\x92\xad\n\x81=Ȇ\x9e\xa2\x8ed)\x9e\xf4&\x94\\\f\xdcO+\x8d\xda\x00\x92\xd1\x02\x85M\t\x85\xb1\x8e\x83\xed\x01\x85\xb8\x94\x83\xf0\x00\xa7\x99\x02\x88(َ,\a\x88-\a\x96.\a\x87}*\x85A\x89\x8bC\a\x84\xa1\a\x949\a\x88:\a\x96;\a\x87v*\x88b\x00\x88P\a\x93b\x00\x86\xbf\t\x99\xc0+\x84M\x00\xaeO,\x8fQ,\x81\xa3,\x85\x10\x00\x83\xc0\x01\x92\xc5\x1b\x85$\x00\x8b:U\x8f\x89,\x9c\xa4\x05\x88\xa0\x05\xaf\xbc\x00\x93\f-\x90\x84\x00\x93\xfa\xa1\xa7@\x03\x8c\n\x0e\x8d<\x03\x85OH\xa5\x84\r\x93\"\a\x84F\x00\x83\xb5\x04\x84\xf5\x01\x84\x97\x00\x84\x1b\x00\x83\xa1\r\x8dCօ~\x00\x82\xee\x06\xb5\x9d+\x86f\x02\x9a\x06ԇ\"\x00\x83\xb1\x02\xa1\xa5+\x90f\x01\x85\xcf\x00\x8eh\x01\x8e\xf3\x1a\xec\xa6\x04\xa6.\x01\xb1\x84\v\xc1s\v\x88D\xa0\x9a\n\x04\x86C\x00\x83\x142\x85\xd3\x00\x84\xf1\x1b\x83\xaaL\x84\xe9\x1b\x8a/ႛE\x80\a(\x87\x89\x01\x8a\xe4\n\xa0\xdc\x01\x90B\x03\x96Z\x00\x96鴘E\t\x90\x0f<\x82p]\x85\x17\x00\x00O\x8b>5\x87\xe2\b\x83;\x02\x92\xc8A\x83D\x00\x9e٢\x82\xb7ێE4\xa2\x15\x9a\x85\x8b\x1e\x85\x94\x01\x81\xa2\x00\x80\x06\x03\x80\xf9K\x80\x82\x02\xab\x804\x87D\x03\x83>\x00\x847\t\x80\xc7\x01\x8a\x13\x00\x83n5\x8a\x13\x00\x83\x89\t\x8a\x13\x00\x83P5\x8a\x13\x00\x83W5\x8a\x13\x00\x83'c\x8a\x13\x00\x83\xc15\x8a\x13\x00\x81\xc0ƍg5\x80\xcb\x04\x003\xa3\xb6\t\x84\xbc!\x83\xfe\x04\x84\"\x01\x8e\xc4\x01\x86\xeaK\xa70\x01\x83\x11U\xad\xb35\x85z\x00\x82p\x00\x81\xdd\x00\x83\x055\x84M\x00\x84\x11\x00\x81\xb1>\x86!\x00\x83\n5\x88!\x00\x83cǇ!\x00\x83\x0f5\x88!\x00\x800\x01\x8b<\x19\x80\xf1\x8d\x82̍\x01(p\x8e\xa8\xe7\x82\x0e\x00\x82:\xf8\x8d\x16\x03\x85.\x19\x00m\x87$\x00\x84\"\x00\x86P\x00\x82\xb0g\x00p\x80\xc4\x02\x00&\x81g\xeb\x84\xdb\x00\x00m\x94}\x00\x84-\x00\x8d\x9b\x03\x9a\xbe\xeb\x81\\\x00\x83\xc2끁\x9c\x01&p\x80/\xa4\x81\r\x00\x8aA\xf7\x8d\x80\x01\x00A\x80\x0f\x00\x00a\x81\xb3\xfe\x816\x8d\x82F1\x00p\x80\xdbk\x00m\x88\xe7k\x80\xf2j\x00M\x81\x02\xf6\x80\x9d\xf1\x80\x99~\x80\xc0\xf5\x82\r\xf9\x80\xf7\x04\x01 s\x80\x94\x05\x81SZ\x00s\x815l\x81\x14k\x81x\u0600\xbf,\x80\x9a:\x806\xae\x81~k\x80\x98\x02\x82\xc5\xe2\x80\r?\x83@\xfc\x81 \xf6\x02eav\x81A\x00\x83A\xd9\x03 unu\x81\x8e\x0f\x00t\x82첁\t\x06\x84\x11\xf7\x01fr\x81\x81逤\x01\x00u\x801l\x84\xe2k\x00s\x82\x11\xf0\x03stil\x80\xb9\xe2\x80K\x00\x81\xec\xd8\x00s\x80:l\x80sل|ق\x9e\x00"
const compilerSourceData0Chunk4 = "\x01-h\x80c\x00\x81\xec\xf6\x01pu\x80:\x00\x83\xc3\xf8\x88\x06\xe9\x84_ょ\xb1\x80w\xef\x83\xeaJ\x90 \x00\x01*2\x81\x80$\x005\x80境|\x8f\x93C\x00\x80\xbf\x95\x85J\xfc\x89 \x00\x82\xe1\xe2\x02)*3\x85C\x00\x00m\x81#\x8f\x82y\xb4\x89tk\x85D\xfa\x83#E\x83\xa7\x00\x82\xc1\x01\x92\xa2k\x86S\xfa\x82/\x00\x85\xb7\x00\x820\x00\x85c\xfa\x8b1\x00\x87n\xf9\x822\x00\x86\xc7\x00\x823\x00\x84u\xfa\x9a2\x00\x85\xd8\x00\x83\x94\x00\x94\x04\xea\x86.\x00\x89\xfa\x00\x00+\x83ז\x83\xf7\x00\x85@\xfa\x8d\xd9ۄ\xf2\x00\x00*\x81[l\x80\xb5\x02\x85S\xfa\x8c\x98l\x87U\xfa\x82f\x00\x82\x1f\x95\x80.\x00\x85_\xfa\x9a\xc1\x00\x003\x83[\x00\x8b!\xfb\x8d\x87\x00\x86\x18\x01\x82\x89\x00\x91\xaeP\x8cB\x00\x88\xaeP\x8c\x1a\x00\x81O\xb0\x83\x86O\x80'\x05\x833\x01\x95v\x00\x82UɊ/\x01\x98\x7f\x00\x88I\x00\x8a}\x00\x88\x18\x00\x8c{\x00\x8d\xa8m\x00I\x80G\x03\x84\n\x93\x81v\x02\x00s\x81\xec\uf0b9\x02\x80~\x03\x00G\x80}\xf9\x00p\x86\xcd\x10\x81C\x00\x88\x18\x00\x84\xce\x10\x82ZP\x90\x9c\x00\x85\v\x03\x88~\x95\x81h炻\x18\x82\x1a\x00\x83\xb8Q\x82\xa3\n\x85n爫\xbe\x87\xf7&\x90VX\x90e\b\x8a[\xe7\x84\x0f\x00\x88f\x84\x80\x12\x04\x84\xca\x00\x80\xd7\x01\x84\xbe\x00\x809\t\x00s\x82\xca\x00\x8aV\x1a\x81Q\x12\x00a\x80\x8dp\x81\x18\xb1\x00p\x81\x16\xe6\x82#\x00\x86c\x00\x83\xac$\x91n\x00\x83&\x1e\x85\xe0\x0e\x85[\x00\x89\x1b\x0e\x8bR\x01\x80d\x06\x87\x96\x00\x84\xfe\x14\x89\\\x01\x85 \x00\x81\f\x00\x85?\x0e\x8e(\r\x83\xc4\x01\x82\xbf\x1f\x8a\xaf\x00\x81\xea>\x8a\xb2\x00\x87k\x00\x81U\x14\x85Y\x00\x83\xa8\r\x8f\x9b\x00\x88/\x00\x8d\"\x00\x83\xe2\x1d\x85A\x00\x83\x1a\x0e\x8d\xfd[\x8e\x95\x00\x83\x8e\xb4\x8e\x95\x00\x9cG\x01\x8c\xf9\x01\x82s\xb4\x86\x8e\x02\x8bL\xe9\x8eH4\x88-\x83\x867\x00\x89\xd0W\xa58\x01\x89>\x00\x9c\xa0\x00\x87S\x00\x82\xbd\x02\x81U\x00\x80N\x03\x82Q\x00\x97F\x00\x80\xe6\a\x91\x80\x01\x90l\x03\xd6k\x03\x82-+\x80\x80\x02\x92\x1d\x00\x81\xd9\x19\xff\x86\x03\xff\x86\x03\xff\x86\x03\xff\x86\x03\xff\x86\x03\xaa\x86\x03\x9b\xf6\x00\x99\x93\x03\x94f\x03\x83\x93\a\x87f\x03\x87k\x00\x85\xef\b\x81g\x00\x81\x8a\x10\x85t*\x86\x1d\x00\x84\x9aK\x83\x10\x04\x84g\t\x8a\r̄\xd0\x1f\x89\x16\x00\x84D\x00\x80\x0f\x03\x80\x19\x8d\x00z\x82\x89\x8a\x02Lay\x80\ny\x82\xa4\a\x88E\f\x82a\x00\x02ook\x81:\x01\x85\x19\x00\x84\xbe\x8a\x85x\x9a\x00i\x82\xbd.\x839\x00\x86\xfa\v\x83E\x02\x97\xf8\v\x8e\x00\x12\x95\x96\x03\x8d\x8e\f\x92\xcf҆\x11\x12\x81\xd3ǂ\xe1/\x81\xe1\"\x90+\x92\x8c=\xed\x83Hꂑ\x01\x86\xacd\x92\x99\"\x807\x11\x83l\x04\x93\xff]\x8bE`\x82;\x03\x8bTL\x8e\xd0\x14\x842\x00\x8a\xfc_\x888\x00\x88\xa5!\x87{\x11\x84\xd6\x03\x86\xe1K\x83\xe2z\x8a\x91\x11\x84 \xa5\x85YC\x83\xb5\v\x94\t\xf9\x8b\x17\x03\x88\xe5\r\x90;v\x87v\x01\x8d\xf1\x14\x84\f\x00\x8ej\x01\x84\x8d\x02\x89\xcc\x05\x871\x01\x86\xdeZ\x85\xc0\x1c\x84I\x00\x80\xac\x1a\x84\x1b\x00\x868M\x84\x94\x00\x84I\xfa\x87\x06\x11\x82\xe8\x00\x86?\x05\x80h\x01\x85\xcd)\x94#\x04\x81\x1d\x00\x82\xbdj\x85EO\x86<\x00\x85;\x00\x83\x0e\x02\x83\xc7\x10\x93m \x8b\x99\x03\x8e\x8a\a\x86\xbb\x00\x8b\x7f\x05\x88\xb0\x00\x82\xf5\xa2\x8e\xb5\x15\x81\x03\xa3\x8a\t\x06\x92\x83\x02\x00j\x9351\x82l\x04\x9ds0\x80<\x00\x8a\x11\x06\x9a\xc9\x04\x83\xc4\x04\x803\x00\x85[\x00\x86\xf1$\x85k\x00\x80\xa7\x01\x00j\x84\x9c\x02\x80\xae\xa3\x82\x81\x02\x89\xf0\x1e\x00j\x82S\x01\x83,\x00\x86\x9e\x02\x88!\x00\x834\x00\x82\x86\x1b\x8b\x81\xa7\x80\x16\xc0\x04Range\xa5e\xc1\x00s\x84\x06ʁ\x18\x00\x8ah\xc1\x81\x18\x00\x8dq\x1d\x83\nH\x82i\xe9\x00i\x80\xa8I\x03s on\x80\xc0\x0f\x80\x99˂\xcb\f\x80\xdb\x0e\x80y\x00\x01rp\x81h\xfd\x00;\x84\xa9{\x00l\x82\xf8\x04\x83\xfc\x0f\x00 \x80\x12\x00\x00i\x80\xff\x0e\x80E\x10\x80\r\x00\x81\x9a\x00\x81\xe6\x0f\x80N\x00\x01Sa\x81\xdbZ\x80\x85\x10\x81A\xe9\x80X\x00\x81\x9b\x01\x81)\x00\x80U\x10\x83?\x00\x00b\x81\xfb\x14\x80\x88\x05\x80T\x00\x80V\x12\x81m\x10\x00o\x80.\x00\x01ge\x80\x87Q\x82\xc2{\x81\xdb(\x81L\x00\x84\xa7\x00\x01((\x82\xeb\xd5\x03*33+\x95\xf2$\x90\xdf\xc1\x80\xf6\x0f\xa30\x00\x81\xa0\x13\x81\xf5X\x800\x00\xa41\xa6\x83\x1a\x13\x81\x94\x00\x85\xe3\xc1\x88\xf7\x99\x8e\xf1\xfd\x83\x8f.\x83\x1b\x06\x8cU\x04\x80F\xa0\x84\xa2\x02\x860\x0f\x8f6\x04\x813\x04\x89\x9eK\x86g\x10\x8cs\x10\x84\xd8K\x86\x13\x00\x82_\x00\x83p\x04\x91=\x0f\x87 \x17\x88\x8e\x03\x85%\x00\x81\xec\x1d\x8fS\x00\x81\x16\x00\x80\xaa\x8f\x81\x13\x14\x85xÌ\xa6\x02\x83\xb2\x12\x84@\x14\x01ym\x89\xdfs\x85\x0f\x00\x83>\x03\x84c\x02\x80B\x00\x82J\x00\x00%\x92\xa3\x00\x8b\x90\x00\x00[\x82\x06\x01\x81^\x0f\x91\xa0\x01\x85\xf4&\x8cD\x00\x80\xf5\x06\x82\t\x00\x8f\x80\x10\x00[\x83\x19\x00\x81P\x00\x82\v\x10\x80(\a\x82p\x89\x8f\xef\x1a\x8cQ\xa2\x8b\xc3\x01\x996\xa3\x8e띍\xd8\x01\xa0F\x01\x93'\xa3\xa1\xfe'\x8e\n\x01\x81n\x00\x00%\x91h\x01\x87\x97\xbf\x8b\xf5\xa2\x86K\x02\x86\xd2\f\x00s\x86F\x90\x82\b\x00\x85\xfb\a\x87\x1aY\x90\a\x02\x8a\x05\x02\x87a\x81\x90\xd9\x00\x93\xd4\x1f\x89\xe54\x9c\xeb\x00\x83\xa1\x02\x85\x05لI\x00\x8d6e\x8e\xc5\t\x99\xcd\x15\x83\xc2\t\x81=\x00\x84\x13\x03\x8b>\x12\x87\x17\x12\x82\xc2Z\x976\x12\x81>\x00\x8e3\x12\x83\xd6\x02\x880\x12\x97@\x00\x8a\x9bc\x81\"\x00\x00&\x84\x18\x00\x83\x9b\x01\xa0I\x02\x00f\x89\x88\x01\x83\r\x00\x84\xc9\x06\x94\x8c\x03\x89\xed\x12\x90\xb3\x00\x9b\x90\x01\x88=\x00\x88\x83\x03\x8c+\x13\x8e\x82\x03\x82\xb8\x01\x92\x81\x03\x81\xb0\x01\x81\xbc\x16\xa6~\x03\xf5t\x03\x8a\xf9\x00\x88r\x03\x89N\x01\x90p\x03\x80\x1e\xf9\x8e\xd5\x01\x80p\x03\x88\xe4\xf7\x828\x10\x85\xe2\x1c\x9ev\x03\x89\x9f\xf7\x86\x0e\x00\xd0x\x03\x85\x14\x02\x9ev\x03\x95\"\r\x9d}\x03\x80\x16\b\x81\x1a\x01\x80\xa1\xf1\x83\x8a\x00\x86*\x8e\x83\x1c\x00\x85\"\x19\x83\xfc\x00\x83\x13\x00\x81=\x98\x81\x13\x00\x80\xc8%\x80\xa4\x84\x00g\x839*\x83\x18\f\x81v\x01\x85\x15\x00\x82\xe3\x1e\x84\f\x00\x87Y*\x99x\x16\x8ax{\x83\x13\x00\x84\xb6\x01\x8a(\x05\x81\x04\t\x82\n\v\x80T\xb1\x81\xfb\x84\x81\xc5\r\x81\x92\x84\x01ir\x80F\x19\x81m\x17\x81Bf\x81?\x82\x86\x83\xf2\x81]\x01\x00l\x81#\x00\x80~\t\x00r\x82\xbf\f\x80C\x00\x80\xc1\xf2\x80a\t\x82\x8d\x0e\x81\xd2\x02\x80\xa8\xf2\x8aȅ\x81\x98\x19\x03xt. \x82 \x99\x817\\\x01 f\x84\xb1\xa0\x01he\x86D\x00\x02wou\x82\xb0f\x82\xb5W\x80<\x00\x00t\x82\x1a\x85\x82\xbc\x9b\x80\x9d\x00\x80\x81\t\x80\x17\x88\x81\xb3\x1c\x01's\x83\xa1\xb6\x82;\x03\x00e\x80\xf6\t\x85*\xa0\x83F\x00\x84\xd5\xf2\x80\x0f\b\x01ly\x81j\x00\x81E\x00\x03requ\x80`\x85\x80煆\xb3\x9a\x81\xe1\xf2\x82\xb6\r\x82\x0e\x01\x92\xdd\x12\x80\xd9\f\x84\x1e\x00\x80\t\x01\x83\r\x93\x87\x13\x00\x86\xf3\xa7\x81\x18\x03\x88\x14\x00\x87\x0e\x12\x8ev\x11\x99}\xa8\x8aL\x02\x85\x11\\\x89\b\xa8\x87\xf4\v\x90u\x84\x83R\x02\x85\x97\x18\x89\x8f\xa8\x8b\x9a\x00\x85\v\f\x87Z\x00\x86ub\x90%\x12\x84\xb5w\x88:\x97\x857\x00\x82:\x02\x81\x15\x01\x842<\x85T\x00\x998\x9e\x82\x7f\"\x80\xa2\t\x80}U\x87\x91ʒ\xb4\b\x83>\xa8\x89\x14\x04\x86\x10\x00\x82\x16\x04\x88\xa4\x01\x86N$\x88\\\x00\x89\xb7t\x81\xa4\x00\x89\x1c\b\x87'\x00\x00]\x81\xd5\x01\x83\xa8\x13\x8a\xd9-\x00f\x80%\x85\x91\xa7\xab\x87\xd5\x05\x9b\x9f\x00\x87\x9c%\x85J\x00\x89\x90\x00\x84\x91\x00\x86\t\x1b\x81R\x00\x85\xa8\x9d\x85&\x12\x848\x00\x84I\x00\x83F\x14\x89_&\x83K\x00\x88I\x00\x92v\x9c\x83\xefc\x8c\x89\xa9\x87x0\x85\xd1\x02\x83M\x00\x88\xe7\x02\x82\xe6e\x83\x11\x02\x86p\x04\x8c\xa8\x10\x8c\xf7\x06\x8f'\x1a\x9d(\x05\x82\x10\x00\x80\v=\x886\x00\x82W\x01\x82\xd8\x01\x82\xe0\x1c\x80\xd2\x03\x00i\x84zx\x9f-\x00\x80\x82\x01\x80\xdd\x1b\x90\f\x9d\xa3>\x00\x0164\x83\xb2\xb0\x9d+\x00\x81\xc3\x06\x83\xef_\x9e*\x00\x82 c\xa1*\x00\x85Ea\x83$\a\x81\xec2\x81\xf3)\x81\x14\x00\x82\xbf\x95\xa4\xc5\x00\x84\xfe\xa5\xa3\xc7\x00\x81z\xa9\xa3\x9d\x00\x82\xe3\xa8\x01, \x81c\x1c\xa0+\x00\x81c\n\x80Dܞ+\x00\x83¨\xa3W\x00\x83%\xa8\xa7X\x00\xa5\x04\x01\x81\xd3$\x00l\x81\xe7u\x002\x84\xe9:\x83z\x01\x83t\x01\x01lo\xa8=\x02\x83_^\x9cI\x00\x8d\x03@\x8aP\x00\x8a$\n\x88\x1f\x15\x84\xa2\xa8\x94\xe6\v\x85\x1b \x86\xf6\x0e\x82\x11\x00\x8a\x9c\x00\x01fo\x84\xe5O\x84EA\x80Q\x00\x80\xb3O\x80\x06\x00\x00}\x93}n\x87\x0f\x13\x9bM\x14\x91\xd2\x11\x93>\x14\x81\xf7.\x83\xe6\x02\x84\x14\x18\x80,\x06\x85\x14\x00\x87pB\x81\x12\x00\x821\x01\x8clq\x81\xc5\x03\x88aq\x86\x9d\xae\x847\x00\x82\x8d\x13\x88\x8e-\x81\x87\x13\x88\x8e-\x90\x83\x1a\x94\x83\x13\x84\x04\x13\x8d\xef\xec\x01pe\x80n\x17\x9e\x98\x13\x87\xebJ\x851\x00\x87^\x13\x86E\x01\x88\xfe\x14\x86\xc1\x10\x832\x19\x00q\x8d\xdb\x1a\x80ޡ\x81H\x00\x81)\v\x84b\x00\x84X\x00\x81=\x00\x80\xa5\"\x85\xafP\x84\x16\x00\x83{\x00\x80G\x00\x00>\x85u\x00\x85$\x00\x80W\x13\x00q\x84f\x00\x82\xa3\x12\x96\\\x01\x81\\\x03\x00\t\x82W)\x00j\x84S\n\x81>,\x85G\x00\x85\x94(\x90O\x01\x88\xbb'\x89O\x01\x87\x18\xf3\x82m\x06\x83}\x00\x86\xa9\x02\x82\x0f\x00\x80<\x00\x82\f\x01\x84u-\x92\xf3\x15\x81^\x16\x87\x8e\x7f\x84*\x00\x8f\xa5\b\x89\x8f\x8b\x84=\x12\x82c\x00\x883\x12\xa0\x88\x01\x8cD\x01\x8b\xb8\x02\x80@\x10\x89\x15\x00\x83]\x01\x84 \x01\x82\xe2\x00\x01ew\x83\xbf\x02\x82㪆0\x02\x80W\x14\x80\xfa\x1a\x01pL\x809\x14\x80K\x9a\x01mm\x80\x1d&\x80/\x02\x00q\x82\xc0M\x87\xd3\x01\x82\\\x01\x8b\xb6\x9d\x8d\xaa\x00\x87\xab\x00\x83\xf3\x00\x880\x03\x82l\f\x83\f\x00\x84\xca\x00\x82\v\v\x83\x1e?\x85Y$\x86/\x00\x81\xdb\xc1\x84>\xbb\x88'\x00\xac(\x01\x88:\x00\x84\x81ӄp\x01\xa4C\x00\x886\n\x81u\x1d\x8aj\x01\x00<\x86\x10\x00\x86{\x02\x81\xd7\x04\x84\x9e\xab\x8a\x05\v\x85\x8c\x05\x84]3\x86D\x00\x87\x0f\x00\x85a\x01\x86\xd5\b\x84H\x00\x84\xf8\t\x81\x8c\x00\x91@\r\x83\xce\x00\x88<\r\x88`{\x82\x1c\x00\x848\r\x93\xf9J\x84-\x00\x86h\v\x8b\xfb\x0e\x89̓\x9b\xd7J\x80LW\x00_\x85\x8fk\x8f\xf5\x02\x87|\f\x81\xc9\x1f\x86\xe0\x01\x02[i*\x81v@\x83 \x00\x84(\x04\x8b\x1e\x00\x82\xb9@\x82Q\x00\x00s\x82\xd4\x0e\x82m\x0e\x83\xef\t\x81x,\x86\x17\x00\x88\x15.\x88\x15\x00\x88n\n\x81\xd9\x02\x83\xb8\x1c\x88\x89\x01\x88w\f\x89p\f\x86\x0f;\xa2_\x00\x84X\a\x869\x00\x82PB\x8f{\x16\x81\x1b\x00\x8a\xb5\x15\x84\x02\x10\x88S\x01\x89#\x00\x83\xb5\x03\x8ac\x01\x85\x1f\x00\x8a\xf7\xb1\x87\x8e\xea\x82\x1c\x00\x83<\x02\x86\xa4\x00\x85\x17\x00\x87\x80\x01\x81T\x00\x84\f\x00\x89\x1d\x00\x85o\x00\x82\n\x00\x86\x19\x00\x86\xc1\x06\x80\x1b\x00\x88j\xb5\x83\x04\x01\x8c\xe5\x02\x81\x81\x9e\x81H\x03\x87o\x9f\x95d\x01\x80\t\x00\x85M\x00\x85w\x02\x88Q\x00\x87\x12\xa2\x81\x83\x00\x87\t\xab\x85\xd7\x00\x84&\x00\x86B\x0f\x8c'\x00\x80 \xb8\x89[\x84\x86\xdf\x03\x8b(\x18\x85\xbe\x17\x83$\x04\x85\x8e\x00\x82\xb3\x05\x81M\x1a\x86\xac\x06\x8c9\f\x90\xe4\x00\xadz\b\x88\xfd\x00\x88\x9dD\x98ԯ\x84\x9a\b\x98\x8b\x0f\x8e\x89\x0f\x86\xfe\x06\x93\x06\xb8\x8b\x13L\x82m\x01\x95\xb6\xb5\x85p\x12\x84\xc1k\x9c緉5A\x85+\x01\x83\xe6\r\x8d\x15\x02\x8a\xe8\r\x8a\x10\x02\x92p\x01\x8eE\x00\x9bv\x01\x9a$\x99\xb0\x7f\x01\x81R\x00\x80W\x01\xa3V\xb1\x90\xb0\x00\x82\xe8,\x87\xf9\x00\x82c\xb1\x86\x87\x00\xa8n\xb1\x96[\x00\xc5\x0f\x01\xa5\x02\xa2\x87\xcc\x00\x83\t\xa2\xb0\x89\xb1\x83\x1e\x05\x90\x19\x9b\x87\xb9\x02\x8f\x99\xb1\xb2x\xb1\xa0j\x00\x97\x88\xb1\xb1g\xb1\xa0q\x00\x90w\xb1\xb1V\xb1\x9bj\x00\x95f\xb1\xb2E\xb1\x9b\x1c\b\x95\xe8\x9b\x00\"\x81_\x02\x87\xa6s\x94\xae\x00\x88\f\x03\x93e\xa7\xa2\x8b\xbe\x81\xea\x02\x94\x87\x00\x8a+\a\x85\xfe\f\x8e\x8b\xbe\x84\x8c\xbe\x87|\x13\x89\x87\xbe\x83\xa0\x1b\x94\x88\xbe\x97\xdb\x00\x893\x00\x97x\xa8\x86\xec%\xbev\xac\x9e\x85\xb1\x90a\xb0\x9c\xa7\x05\x81'\x00\xa6ư\x90\xdc\a\x8d\x9d\xb0\x81ǋ\x00e\x8c2\x04\x83\xbdk\x83R\x93\x94'\xb2\x88\x83\x10\x81|\x14\x86>\x03\x83O\x00\x85?\xb4\x85N\b\x94&\xb2\x88]\x00\x86Y\x00\x89\x1c\xb1\x80\xf7\x00\x91$\xb2\x8a\xfd\x04\x87!\x00\x86\x1d\x00\x9b\xfe\xb0\x81\xb1\xb8\x93\xef\x13\x8d\xfb\xb0\x88\xed\x17\x87\xf0\xb0\x86D:\x8f\xf2\xb0\x8a%\x03\xc3A\x02\x99尛)\x02\x83\xc4\x01\x8c\x01\x02\x81\x8b\b\xff\xfd\xb0\xff\xfd\xb0\x9cb\x00\xff\xfd\xb0\xd6\xfd\xb0\x8eu\xb0\xb4F\x02\xbd\x8d\xb0\x8f\xa5\xae\x9d\x89\x00\x84B\x8b\x8e\x8a\x00\xbe*\xac\x81I\n\x00g\x83\x88\x00\x86q\x1d\x80\x17\x00\x83J\xab\x83\x916\x87P\n\x8dի\x00&\x82\xab\xb7\x827\x02\xd8O\xac\x91\xdd\x13\xdc4\x89\xb1\xadB\xbaԈ\x90\x84A\x88\x83A\x88E(\x96K\x00\xb9숐\xa0A\x88\x9fA\xa1~\x00\xb9\x04\x89\x84~\x00\x81\xb9\xc0\x89~\x00\x84\xf3H\x8b~\x00\xbd\xa9\x8a\x86\xe3Y\xaePD\x902*\xa57,\xa7\xf4\x17\x81\xd9\t\x85\x17\x1f\x81+\x00\x93\bz\x8drQ\x89iu\x84\x90\x00\x933,\x9bp^\x90\xfb+\x85\xa62\x87\x02\x01\x80\x12\x00\x8d4+\x8a\xd4[\x8c\x90\x05\x8dQ\x00\x86A^\x8aY\x8e\x85}^\x82\xe60\x02sAl\x84\xafЏ\xc3\x01\x88\x8d\x8d\x81\xcb\x01\x83\x8e\x03\x852\x00\x86\xf3\x14\x83\t2\x85\x1fԠ\x05\x15\x89\x9c\x8e\x8aу\x87\xf5\x14\x83X\x02\x81N\xb0\x87\x17\x00\x82\tR\x00>\x87\xad.\x91~\x01\x8bn\x05\x00d\x80H!\x00c\x823\xeb\x00d\x85Q\n\x00!\x85\xbf\x00\x89\xeaJ\x88\xe5?\x87\x9b\x00\x85\x1d\x00\x90\xbey\x93\"\x01\x81\xdew\x9e%\x00\x81\aK\x83\xf1\x00\x8d\x9d\x00\x81\x91\x00\x84\x1b\x1b\x00[\x8b\r\x01\x00]\x8f{ʃ\x95\x00\x81o\x00\xa63\x00\x01Po\x82\xad\"\xaa4\x00\x82\x1e\x89\x84\xc3\x03\x955\x00\x9c\xd6\x14\x997\x00\x94\xea\x14\x82\x7f\x00\x82\x7f\r\x86\x1e\x01\x81:\x02\x8bB\x00\x82\xc3\x13\x88e \x85\xa1-\x87\xbc\x00\x80\x11\x00\x937\x00\x82\x99\x03\x86\x12\x02\x821\x00\x80\xe9\x1c\x8e2\x1d\x82}\x00\x8d@\x00\x86\xcbe\x82\xc4\v\x9b\x19\x17\x85\a\r\x8a2\x03\x86\x11\x01\x86\x85\x00\x00]\x83D\r\x85@\f\x86\xf4\x00\x825\x00\x86\x94\x05\x8b\xec\x03\x83\x8d\x1b\x843\a\x87^\x1c\x8b\xe9/\x88C\a\x00j\x86䕁\x19\x00\x87\x15\x0f\x88\tx\x93=I\x00j\x8a\x1f\x18\x80\x17\x00\x86\xa1\x1c\x82\xb6\x1a\x85\x16\x00\x80\x93\xf9\x83\fO\x82\xc3Ӈ\xc3Ղ~\x0e\xb1\xbcޅ1v\x81\xea\x00\x83\xee\x1b\x85\xed/\x93'6\x81\x04\x00\x82\x1d\x1d\x80\t\x00\x88[\x88\x83\xa1L\x89\x83\x18\x86\x12\x00\x8a\"\x00\x84T\x1b\x87\xeaV\x85D\x00\x84\x9b\x1c\x89F\x17\x80*\x00\x84<\x05\x86>\x17\x85\xd7T\x871\x1a\x85[\x06\x82Tf\x85M\x00\x85Y\x00\x9c \x05\x86\x8fW\x848\x00\x81\x83\x01\x93\x1a\x1a\x83\xf6\x05\x860\x05\x80i\x01\x87\xa9\x00\x81\xbf\x97\x87\xe3%\x8d\x83#\xa7\x15\x19\x85C\n\x91K\x17\x83\\\n\x86\xe9\x18\x00{\x86\f\x04\x00:\x8f\x1b\x03\x84\xf1\x03\x88\x1a\x00\x83=\x1a\x89\xf8\x1f\x80\xa6\x00\x00:\x81\x05\x00\x88\x8b\x00\x810\x00\x8d\x96\x00\x83\x14\x00\x80\t\x00\x92\x1e \x8b4\a\xc5  \x9e\xff\x1e\x8a\x98\a\x88\xfe\x1e\x94a\x02\x8b\xfc\x1e\x84.\b\x9b\xfa\x1e\x82\x9f\x03\x88'\v\x8d\xfc\x1e\xaa\xfb\x1e\x89\x8d\x1e\x98\xf8\x1e\x83\xdb\n\x9f\xf6\x1e\x84\xf5\x1e\x96\x9f\x95\x94\xf0\x1e\x9cB\t\x8aP\x03\x8d\xef\x00\xa0J\x03\x80\xa3\x00\x842\x00\x9aD\x03\x81\x96\r\x82@\r\x00s\x80\v4\x80\x04\x02\x91\xb0\x01\x82 \x00\x01Bu\x80{r\xa49\x1f\x87\xdb\b\x864\x1f\x9f\xb2\b\x84\x86\x00\x84Qʀo\x00\x84\xa0\x00\x8d)\x1f\x83(\x00\x84%\x1f\x8e\xea\x1e\x82\n\x04\x9a\xfd\x1e\x9cx\x01\xa1m\x1e\x93l\x1e\x9ek\x1e\xc5j\x1e\x8d\xc9=\x8e\xe4\x05\x8e\xe5\x05\x81L\x16\x8bI\x1e\x909\x01\x83#\r\x88\xee\x05\x83j\x01\x8e\xaf\x1e\x89\x19\x00\x84\xaa\x1e\x83Z\x16\x8d5\x1e\x86\x13\x00\xb8\x92\x1e\x86\x9e\x11ۄ\x05\x88\x87\f\x84\x8b\x05\x84\xbd\x00\xa8\x8f\x05\x8fq)\x90\xf0\x00\xaf\x94\x05\x91t0\x86\xc4\r\x8a\xdf\x04\x8du\x84\x00k\x85+\x8c\x89\xa3\x1c\x93r\a\x83m\x87\x00)\x89[\a\x85\xc4\a\x80\xd1\x01\x8c\xa4P\x99\ue146\xa4\x8a\x89t\x00\x87C)\xb8]\x00\x88\x9f\x8b\x8d\\\x00\x84Y)\x82]\x00\x82\x05{\x89\xaf\x06\x8cdT\x89\xae\x06\x83O\x10\x82\x91\x00\x827\x00\x89\xf5\x04\x9e4\x01\x83\x8a:\x873\x01\x86\x019\x90B\xe9\x86]>\x8a\xff\x01\x85z,\x95?(\x82\x01\x06\x85\x860\x83\xce1\x84\xc3>\x00[\x84;\x00\x80}\x03\x8a&j\x89\xa31\x83\x1b\x00\x84\x06\x04\x87\xae1\x83\x17\x00\x84\xbe\x04\x84\x17\x00\x85\xd2;\x85\x1a\x00\x81Y\x89\x00n\x87\x15@\xa06\x05\x00l\x86\xec\x12\x97x\x01\x84^\x00\x81!\x06\x80^\x00\x88\x1aa\x81\xd0\x12\x83'\a\x83F\x00\x81\xeb_\x84\x8a\x00\xa0{\x00\x00r\x8f{\x00\x92\x1c\x87\x83]\x00\x92~\x00\x88`\x8a\x84N\x00\x80\x83\x00\x84\x8d\x00\xa13\x06\x81\xc4\f\x80\xe9\x01\x01am\x85\xa4\x06\x85\x84I\x83\x05\x14\x80iI\x88ի\x8a}3\x86\xe2\a\x88\x963\x85\xc4\n\x88\x13\x00\x85\xf8\a\x01be\x80\x9f\x06\x80\xc3\a\x83\x16\x00\x90n\x00\x02\tun\x82]\r\x89#\x00\x92\xc3\x02\x8dp\x00\x8a\x12\x00\x84\x81\x05\x80\x97\x00\x8cO\x00\x87b1\x80\xb2\x03\x8d\x1c\x00\x83\xd4w\x82;\x02\x8d\xb8\x00\x89\x95J\x86\v+\x83\x12\x00\x8f\xc6\x05\x82\x7f\x05\x90y\x00\x81c\x05\x82\xad\x14\x84P\x01\x89\xfc\x13\x87d\b\x83s\x96\x81%\x00\x01Li\x80\x16ܣ\xee\x00\x80\x8f \x87X\x00\x86\"#\x85\xe5:\x84^\x01\x82\xb1c\x8b\x81\x01\xa4\xdb\b\x8bp5\x81\xd3\x03\x82R\x00\x00[\x8bN\x00\x84\xeb0\x85u\f\x92\xc9\x00\x87\xc5\x02\x83\xa9\x02\x8d\xb9\x00\x83&\x1b\x88[\x02\x82\x9c\x02\x87+\n\x8c/\x02\x83/\x00\x89\x9e\x02\x86\x03\x03\x82\xbe\r\x89*\x03\x84\n\x03\x85`\x00\x85\xc6\x1b\x85F\x88\x8b\xee\x04\x83r\x00\x85\xb3?\x85R\x00\x8b{\x03\x83a\r\x81\x15N\x80W\x1e\x83~\x00\x81\r\x00\x02DLL\x89\x89,\x84\x13\x00\x87\x88,\x81\x11\x00\x80n\x01\x01ho\x81uY\x8a'\x00\x83\x16\x00\x87*\x00\x85 \a\x80\x927\x80r\x18\x81\x8bR\x01ti\x80\x17\xe7\x81|\x12\x80p\x01\x80j\\\x80˳\x81\x1a\x04\x896\x05\x83a\x06\x81N\x00\x83/\x00\x8bA\x03\x90G\x00\x8eA\x00\x84?\x00\x82\x93%\x87H\x00\x838ۊ\xe0\x00\x8a\x1f\x00\x02dll\x85\x9f&\x88\xf2\x00\x8d#\x00\x83\xa7&\x8d\x02\x01\x8a&\x00\x80\xaa6\x85\x19\x00\x8a+\x00\x8eO\x00\x83)\x00\x84\xf1%\x88\x05N\x86\xa0\x03\x82\x11\x00\x84\x9f\x03\x85\xc2\x06\x00{\x81iE\x82{\x06\x00:\x85\xbf\x06\x88\xff7\x00:\x90\n8\x83\x14\x00\x82d\x03\x87(\x05\x80=\x00\x86\f\x00\x85\x8cN\x81H\x02\x00:\x88\f\x00\x840\x00\x83J\x02\x841\x00\x85\xafֈ{\x02\x81\xbc\t\x86\r\x00\x85\x1a\x00\x81\xa1\x02\x85\x19\x00\x85\xad\x02\x87\x83\x03\x81\x1a\x00\x87\x0e\x00\x8a\x01\x7f\x8a\xf1\x02\x8b\x04\x7f\x84\x1b\x00\x82\xca\x00\x87G\x01\x00:\x82\f\x00\x01OK\x83\x14\x00\x85\xdc\x01\x83\x16\x00\x85\x0e\x00\x86\x1c\x00\x82H\x00\x87\f\x00\x83\x18\x00\x88\xca\x01\x83\x1d\x00\x88\x11\x00\x89\"\x00\x86=\x00\x86\x0f\x00\x81\x11\x05\x82\xe4\x02\x88^\x04\x85\x9d\x05\x82\xb6\x01\x8c\xe5\x1f\x89)\x00\x84\xd4߉\xbf\u0605&\x15\x86\xf2\x06\x80\x1a\x14\x84\x14\x00\x91B\x00\x85\xda#\x83\"\x00\x00S\x80\x02f\x00e\x82\xdck\x8e\b\v\x90CG\x99\x06\v\x95\x86\x10\x82\x11\xbe\x86\xab\x04\x8d\xc8\x13\x83\xb9\r\x84\xc8\x13\x80\xbb\r\x83\x96Ǉ4\x00\x82\x12\x00\x87\x87\xa4\x81\x05\f\x88\x81g\x00[\x80\n\x00\x83\x85\x00\x83\x10%\x82\x18g\x02])&\x80\xcef\x89n8\x81\xc5\x00\x94\x05\x93\x81^\x00\x8d*b\x81/\x00\x82P\x00\x01Is\x81\x96\x11\x84+S\x02OrS\x80\xa0W\x00a\x81\xe3P\x85\xf7V\x92\xd7\r\xa2\xb5\x9a\x83A\x00\x82\x05\x00\x84\xe9\x00\x84\xb9\a\x8f\xaf\x9a\x8c_\x00\xaa\x94\x93\x81\xde\x00\x80#\f\x87\x06\x9a\x89UG\x83-\x1b\x89\x96\x93\x82\r\x01\x92v\x00\x9dL\x93\x87;#\x85\x06\t\x8b\xf4\x9a\x92\x8e\x11\x8aW\x93\x87\x1d\x1d\x85\xde\x06\xa3\xe3\x00\x88E\x00\x85\xa7|\x8f\xeb\x00\x88\xa0\x00\x84C\x94\x81\x1f\x02\x8b\xa3\x00\x92\r]\x89\x138\x8c\x8d$\x8d\x9a\t\x8a\xce\x00\x85[\x00\x8c}\x00\x8a(\x1a\x84\x13\x00\x82\x7f\t\xa3\x8e\x00\x88b\x02\x89<3\x96\xc2l\x83\t\x01\x92d\x02\x84K3\x8bu\x00\x8c\xf5\x01\x9a \v\xaf\x1b\n\x86\xb1\x04\x80$\x14\x82\x14\n\x80\x89\x12\x81\x15\x03\x82b\x00\x8b!\x04\x87D\t\x00s\x88\x8f*\x84\xce\x02\x88}\x02\x84\xd1\x00\x8fI\x00\x8b\xed\x9d\x00T\x80\xc6\x17\x00c\x83O\x00\x00(\x802'\x85\xa6\x00\x87\xe0\x00\x82\xa7\x01\x91\xfe\x00\x96\x82\t\x8f\xb2\t\x90\x95\t\x9d\x16\x03\xb4\x96\t\x96i\x02\x86o\x00\x8d\xd2\x11\xa8\x06\x01\x92\xa7\x18\x86>\b\x86\xf62\x84\x8aB\x81\x91\x04\x8d\x82\b\x84\x11\x00\x88\x82\b\x81F\x05\x00{\x85\x97\x0e\x80.\x17\x81\xfa\x04\x84*\x0e\x84\x0e\x00\x8c̆\x8a\xb3\x9e\x86ǆ\x922\x87\x82J\x02\x88V<\x89(C\x82\xa6\x02\xae \t\x86\v\x00\xa3\xfa\b\x8f}\x02\x82\x80\b\xc9\x05\t\x90\x1e\x01\x93釁x\b\x83\xb5\x12\x84Z\x01\x82\x1e\x01\x8a\xc9W\x86\a\x01\x85\x14\x00\x84\n\x01\x88\xd5W\x00{\x84O\x01\x86+\n\x82F\x00\x83\xbe\x94\x86Ę\x8d.\b\xa05\a\xae\xd6^\xa3\rP\x81\xc8\x06\x86,C\x88Xt\x82\xd0\x06\x86\xdfϒ$\x00\x83\x01\x1c\x81\x195\x87\x1d\x00\x93Q\x84\xa4\x1dg\x8e\xb9\x04\xc98\x14\x85\rp\x8c\x8b\x04\x86\x13\"\x84\x95\x13\x88\x06\x13\x83\xd6K\x80*\x00\x82\xbeǝ\x05\x18\x8a\x0f\x1a\x88\x05\x18\x87\xc7C\x85\xf5\x19\x89\x80m\x92\xa5\x01\x81r\x00\x81\xa3\x01\x82\f\xb1\x82E\x00\x81\x13\x00\x89@\b\x82\x1fY\x84\x18\x00\x85M5\x83\x16\x00\x83\x9c\x16\x89%\x15\x86[\x14\x86E\x00\x8e!\x1a\x83@T\x85\b\b\x81\xd2\x01\x84X\x00\x85\xf4!\x96\xb8\a\x887\x00\x83\r\x00\x88;8\x808\x00\x8a;\x11\x81\x10\x00\x85/\x11\x8aa\x00\x84\x16\x01\x88㹊\xa79\x837\x02\x84\xaa\x13\x833\x00\x82rN\x85(\x06\xa4D\x01\x96E\x01\x96F\x01\x94a\x1b\x97H\x01\x850\x06\x86\xf2\x01\x84|\b\xbdB\x01\x88\x1d#\x86\xf2\b\x8bB\x01\x8e\x877\x80\xe3\x1a\x02iad\x83\xcb\x0f\x86\x06C\x8eE\n\x8a}\x00\x88|\xbb\x86>\x00\x89a5\x86[\xf3\x82~\x01\x82_\xf3\x80\xcd!\x81\b\x00\x87d\x01\x8b\x9a\x15\x87#\x17\x80\x11\x00\x85p\x00\x855\xf3\x8a\xdb\x7f\x85*\x00\x84\xbd<\x8b(\x00\xa9-\t\xa5\x97\x0f\x85z\x1e\x83\xe4!\x88\xef\x18\x85\xfb\x00\x83y\x13\x82\xf9\x00\x83n\x02\x81Fm\x83\v\x8c\x84(\x13\x83\x17\x00\x84l\x1b\x83q\x02\x8a\xf6\x04\x82\x01\x02\x87\xc8!\x8cX\x13\x80\x8d\xf5\x80\x92\x04\x97\xb7U\xbf\x05\x04\xa2v\x02\x8at\x02\xa9s\x02\x8d\xe5\x00\x8dq\x02\x9bp\x02\x89n\x02\x8cm\x02\x81M\x00\xae\x1f\v\x9d\xca\x01\x87x\x06\x92\x86\x01\x80\x87\x06\x81'\x1e\x83\\\x00\x90\xf0\x12\x80\xde\x05\x82\x80%\x80\xb0\x00\x80\xd7\x05\x86\x01\x00\x82;\x1e\x85\xc5\x12\x89\x11\x00\x81&\x01\x87\"\x00\x88\x9e\x12\x89\x11\x00\x83%\x00\x81\x11\x00\x8d\xabR\x98\xb9\x13\x96\x19\x9c\x95\a\b\x8cr\xf9\x8f(\x9c\x83#\xf7\x00r\x80ꢈ\xaf\x06\x87\x1de\x81+q\x87v\x02\x81Z\xaa\x84\xd6b\x84\x16\x00\x85V*\x85kp\x87\x1a\x00\x83\x10\xf0\xa2*\xfc\x84\x84p\x82\xd21\x82\x0f$\x01\\n\x90G\xfe\x86[\x00\x84\x8bV\x84Wg\x86\x17\x00\x84߲\x80\x16\x00\x8d\x95\x00\x83\xc6S\xb3\x8f\x00\x81:f\x80\x02\x00\x82d\x99\x82T\xfa\x00t\x89\r\x00\x00r\x89\r\x00\x91\xb5\x00\x81 %\x83\xaf\x00\x81d \x839\x0e\x94\xaeq\x86Lh\x82\xbf\x1e\x82\x06Œc\x01\x88aX\xc9_\x01\x82W\x00\x88\x06\xfd\x83g\x00\x91\xc7j\x9e5T\x99<\x01\x93x\x00\x84\xcb%\x80\xaa\x00\x80\xe7\x02\x81i\x00\x00\"\x82\x9bЀm\x00\x00:\x81\xff\x13\x80$\x00\x81\x98\x16\x80\xe1\xf9\x89\xa3\x1c\x82T \x800\x03\x82m\x1b\x87\x7f\x00\x84\xe7\x1c\x83L\x00\x912$\x92\xd2\x16\x96Z\x03\x96\x15\x04\x90n\x03\x81Z\"\x84ز\x902\x00\xb5\x8e\x03\x83\xae\x16\xff\x8a\x03\xff\x8a\x03ڊ\x03\x88K\x99\xff\x86\x03\x91\x86\x03\x86\xc4,\x9e\x81\x03\x82`\x00\x80\x02\x00\x9b%k\x8d1\x00\x80Q\x01\x83x\x02\xab\x93\x03\x86'\v\xa2\x90\x03\x8fr\x01\x8a\xba\x80\x85\xd8*\x84\x1fD\x82\xc2\x03\x82\t\x01\x88\xa3\x80\xa6\r\x01\x87w\x1b\xa8\x11\x01\x8c5\x00\x86\x15\x01\x87ƒ\x83\x19\x01\x80\x86\xb7\x00m\x82\xd5~\x88\x7f\x85\x82\x18Q\x82\x18\x00\x8b\xe5r\x98o\x00\x82/\x00\x83\xa1l\x84\xf4v\x82\x12\x00\x87.\xa7\x84P\x00\x899\x81\x81\xfav\x82\x16\x00\x8fr\x7f\x84p\x7f\x83\x84\b\x80\x9d\x00\x82(\x00\x83\x99\x00\x84\x15\x00\x80\b\xa7\x86I\x00\xa1E\x01\x837\x00\x80\xaeX\xa8D\x01\x8b4\x00\x86C\x01\x84\x17\x00\x83\xde\x02\x89\x17\t\x85\xa9\x00\x87\xd1,\x89\x1e\x00\xa7\xf1\x01\x886\x00\xa9\xaf\x00\x8e7\x00\x86\xb2\x00\x88\x1a\x00\x84\x92\x01\x87\xbd\t\x89$\x04\x87\x16\x00\x00>\x8a\xbb\x00\xa7\xb5\x00\xaed\x01\x8e7\x00\x8c\xb5\x00\x87j\x01\x81~0\x83\xfc\x01\x8dF\x02\x87\xb7\x00\x80\x1a\x00\x89\xb8\x00\x8fR\x02\x83\x83i\x80\x9e\x01\x00d\x86\xb8\x1d\x84\xd3\x12\x84\xfc\x02\x82\x18\x00\x83r\x1d\x85\xb6\x1d\x00d\x89\x9a\x1d\x81\x05 \x89\xa8\x1d\x85\x1d\x00\x833\x00\x88\x9a\x1d\x86x\x00\x8boX\x8c]\x04\x98\xc6]\x94\x1fۆ\xec\x11\x84q\a\x83\xa0\x06\x86q\a\x83\x12\x00\x84cp\x83\x86\r\x87\"y\x8f5p\x90\xb5\r\x82/\x00\x8a\\\x13\xa2}\x05\x80\x9f\xff\x81\xff\x03\x81>\x00\x81\x13X\x89_\r\x89\xb7܆\x19\x01\x82'\x11\x93n\x1c\x86\xed\x16\xaf;\x13\x86\xe0b\x98>5\x8f\xd2\r\x84\xe1\x05\x86\x81\x1a\xa7\xb7\xab\x86\xf6.\x83\x94&\x8b\\\x1b\x8d\xb0\xac\x8b@x\x88\xc2b\xaa\x9f\x13\x81n\x00\x85F\x00\x85d\x11\x89\xe1J\x86\xdab\x86\xfb\x0f\x8aw\xbd\x84\xe4\x0f\x83\xa9J\x00\t\x80\x8d>\x00U\x83\xb0#\x83\xbe\x04\x83\xf5\x89\x82;\x00\x81L\x0e\x8a\xbf+\x84\x042\x82t\x00\x83\xe9n\x8b\x1e\x00\x88\xb6҃.g\x81\xab\x0f\x83;\\\x88\xf9ڂd\x00\x83D\x00\x9dpϑ,\x10\x84\xd2*\x900\x10\x86\xd3*\x9d\xa7\x1b\x937\x10\x8a\xb5\x00\x85\xd5Z\x88\xcfJ\xa4\xc4\x1b\x8b\xd2\x12\x89`\x01\x88b҇\xcd\x1b\x81U\x00\x88$\x00\x836\x00\x82/\a\x83\x8a\x01\x8d흃E\x04\x81\xb4\\\x01Tu\x80aQ\x86\xd6\x00\x87\xbb\x00\x80\x19+\x82\xbf\x01\x83_\x00\x858\x00\x89\xdc\x00\x010]\x89\x1d\x02\x87\x19\x1a\x82\x1e\x00\x81\x18\x1a\x84\xeaP\x86\x01\x02\x87\xe04\x82(\x00\x83\xb0\xbf\x81)\x00\x8a㿌+\x00\x02Reb\x81\xa7\x00\x86\x194\x84\xf5B\x84>\x02\x9aY\x1b\x91H\x1b\x98Z%\x8e\x16\x03\x86\xa3F\x87\x93\x00\x87\xfd\x1d\x87\x93M\x84\x89ۇH\x11\x80\xbf\x01\x88\x9a\x00\x80\x10\x8d\x871\x00\x97]\x03\x8fZ\x00\x8c舆4&\x88\\\x00\x821&\x80\v?\x88\x86\x01\x95\xdf\x01\x81=B\x84\xb3\x1b\x81\xbbV\x94G\x1a\x80\xf6\x01\x88\x0e\x00\x86l\x05\xa5\xb83\x85\xf3\x17\x85\x9c\x05\x8d>6\x904_\x92\xa1\x00\x8b%+\x82!6\x87\xf5\x03\x9a\x89]\x82-\x00\x83o\xc1\x8fQ\x04\x03offs\x86\xa1\x9b\x9c7\x04\x841\x14\x8bv\x01\x00+\x80\xd6\x19\x83\xc7\x03\x84K\x00\x85B7\x00l\x82\xe7\x94\x018(\x83\x17\x00\x84/\x1c\x8c\xcc\u0087\xe8\x02\x84\f\x06\x84\xf2s\x86\xb5\x13\x80\xba\x05\x82?\x00\x00:\x84\b\x00\x82v\x15\x84i\x00\x80\xf9\x14\x86\xf6\x1e\x03Copy\x88\xe17\x8a\xd2\x13\x83\x8f\x00\x90\xd17\x8359\x84^t\x85$\x01\x86\xea\u0092\xc6\x00\x85)\x95\x98\xb5\x01\x8c\xab\x01\x82\xf2\x03\x83G2Т\x01\x82V\b\x82\x9c\x04\x8e\xa7\x01\x83V8\x82\x02\x16\xff\x9a\x01\x8c\x9a\x01\x8a\x9d9\x8f\x90\x00\xb4\xb9\x01\x87\r\x01\x85\x909\x90\xad\x01\x8d\xe8\x04\xaf\xb6M\x83r\x03\x00*\x95\n\t\x87\x88\a\x83\x1a\x06\x9cx!\x8d\x18\x1c\x845\x00\x85d!\x86\x9d\x00\x93f-\x00*\x83\x8d\x00\x01= \x84\t\x00\x00+\x84@\x00\x91=?\xb4k1\x86v\x01\x9a\x95N\x8d\x12M\x871\x00\x89\xba+\x84\xa1\"\x8f\xfc\x00\xa4\xfbL\x80\xb7B\x87Y\x00\x8b\xba\xff\x87\x18\x00\x82h\x02\x83\xc5\x00\x82;\b\x91\xa9\x01\x8d\xb8\xff\x86\v6\x86\x12\x00\x84\x8d\xa5\x8f\x1b\x8f\x86L\v\x86}\x1f\xa1\x8d\x1e\x91\xad\x81\x85Y\x06\x8e\xc2\x00\x94X\x02\x88\xb5\x00\x94\f\x01\x82\xf2\x02\x85ҁ\x80\x82\x10\xa6m\v\x88@l\x8do\v\x89n\v\x87%m\x88\xf5\f\x85\a\x1f\x02amB\x93D\x1f\x8b\xee/\x98\f\x03\x88\x86\x00\x88\x87\v\x85K'\x8b}$\x875\t\x8fv#\x86\x8d\x00\x8d\x161\x8dW$\x85L\x92\x8bกK\x1e\x81\x19\x00\x87\xdb\x16\x890\"\x00_\x9cB$\x83v\x92\x87\xee7\x925$\xa6\xbe\x00\x8b4/\x85\"\xa8\x8b_<\x86\xdb\x01\x01Or\x80.\x05\x82,\"\x8e\xde\b\x86U\x00\x89`#\x89\x15#\x85W\x02\xa0\x95\x00\x98\x7f\x02\x82\x19\x06\x81\xa6\x00\x91v\x05\x87\xfe\x03\xafu\x05\xb4*\x03\x8d\xd2C\x86:\x02\x96>\x03\x86\xa1\x18\x8bJC\x85\xda\x0e\x97\x8a5\x80\xec\x00\x9e\xa8\xbb\x87\n\xbe\x98I\x04\x8bz\v\x82\x8f\x03\x86\xd0\x00\x95\x96\x00\x9a?\xbc\xe7>\xbc\x85\x1d\x96\x87?\xbc\xa2k\x01\x8d\x192\x965\x00\x96\x12\b\x88\xce^\x86X\xa7\x80\xce(\x87\xb7\f\x98\xe4^\x84'\b\x89Ի\x97j\x01\x8f\xda\x10\x93\xebӊa\x01\x9c#\x00\x85\x02݁3\x01\x80\xb5Ԃ\x11*\x97Q\f\x00+\x80[݇{\x01\x810\x00\x875\x0f\xb7u\x01\x89K\x04\x81韀uf\x81j\xba\x8f{\t\x83Cׅw\x00\x82S\x00\x89Z\x01\x82 \x00\x89\x00b\x9e.\x04\x82K\x00\x833\x04\xa7u\x01\x85:\xbd\xa0/\x01\x8a\xaa\x02\xd4/\x01\x8c\x120\x87\x1e\x01\x83\x98\x00\x8f\x0e0\xc1\x16\x01\x96T\xbf\x9c\x8e\x02\xafB\xbf\x89\x0f;\x97@\xbf\xc2\xfd\x03\x81\x04ϛ\xd0\x01\x88\xd7\x03\x81?\x00\x90\xbd\xfa\x883\x00\x90\xa7\xbf\x81:@\x01ey\x8ai\x12\x82D\x00\xc1\x17\x02\xb1\xbb\x04\x01Ma\x80\xa8\x00\x86\x82\x00\x82.\xcf"
const compilerSourceData0Chunk5 = "\x92Z\x03\x93\xb4\x04\x839\x00\xad?\x03\x81\x03\x02\x90\xceӊ'\x02\x85\x9fL\xb6\xb2\x15\xd9'\x02\x86x\x15\x82`$\x05ellips\x80Xu\x89\xcb\t\x80\xcb\x01\x83h\x00\x91\xafⱟ\x05\x98#\x00\x84\xee\xe2\x83\xea\x00\x00!\x86\x8f\x00\x82\xe0\x00\x80\r\v\x00g\x83;\x8d\x82>\x00\x95\x1d]\x90k\x13\x83\xe2\u0601R\x00\x83D\x00\x87\xe3\xee\x81\r\x00\x83\xf9\x02\x87\x04k\xa5H\x01\x87I\x01\x89\xc3\x16\x82\xb5\v\x86W\x00\x84f\x01\x9a^\x05\x93[\x03\xc5a\x05\x85\"\x10\x84+&\x84\xb5\x15\x87\xa0W\x81\x1f\x00\x85V\x17\x85\xbe\x9b\x81\x9f\x06\x84j\x10\x85\x87\x00\x81Y\x00\xa4\x99\x03\x96\xf3\x06\x03Arra\x80;\xed\x87\xd5\x05\x84!\x12\x81\x84\x00\x80\x82\x03\xb2\xc0\x06\x84\x81\x03\xa1\x80\x03\xa0\xe3\x06\x84\xa9@\xff\x12\b\xe6\x12\b\x9e\\\xc7\xff\xf3\n\xa9l\x01\x88\x18~\x83C*\x8a\xf1\xea\x85\x03S\x86t\x00\x82i\x00\x92\x0e\x01\x80eQ\x8a\x1f\b\x87\x87c\x85\x1c>\x83O\x00\x88[+\x82\xb1\x98\x00;\x90.\x01\x86\f+\x81\xd6G\x00;\x863\x00\x88\xcd+\x8aW\x00\x83\x15\x19\x81\xcer\x83\x03\x01\x90th\x80\x9e\x00\x8a_\x1b\x8b\xab\x9a\x84\xcf{\x84\x13\x01\x9a\x14\x15\x9c3\x19\x85:\x00\x00+\x86\x12\x1b\x82\x1c\x00\x8a=\xea\x8aW\x15\x00\t\x80\xee\xf6\x80֯\x81\x86\x80\x81%\x80\x83#@\x86\x03\x9d\x81\ab\x88\x9c\x01\xba\x8f\x01\x93\x12\x9b\x88\xd2\n\x83=%\x89\xf7,\xa1J\x01\x8b\xd1Q\x87\x84\x9a\x81\xac\x00\x8fp\x00\x86-\x00\x8a\xa8h\x88D\x00\x85e\xe1\x84\xd5\x01\x88\x1dC\x83;\x95\x82\xe1G\x84\xa4\x00\x866\x00\x83\xc6\x01\x95pT\x87\xe0\x00\x85O\x00\x85O\x9b\x85M\x00\x8aH\x02\x00e\x80\xff\xd0\x00d\x84E臘\x00\x80\x01\x06\x85\x1e\x01\x80I\x01\x85\x97\x00\x80]\x1a\x00i\x8bQ\x92\x9b\xbfQ\x81\xf5\x1f\x85\xad\x00\x86h\x00\x8e\x04\x01\x85\xec\x00\x83\x90\x00\x82A\x02\x85:\x12\x92\x8b\x05\x88l\x00\x87*\xaf\x83e\x00\x86=\x00\x8c\x98\x05\xa8\xb5\a\x88\xb6\a\x84\x92\x00\x86'ہ\x97\x17\x8c\xa6\x17\x87\xb3\x00\x81\x0e\x00\x84\xde\x14\x8a\x86\x00\x8c\"\x00\x86\a\x01\x80'\x11\x84\v\x00\x8f\xbd\x00\x84\x15\x13\x85\x82\x01\x81A\n\x8e8\x03\x85G\x01\x01ag\x89\xb7/\x83\xf6I\x8bJ\x00\x84\xd8\x00\x8eB\x00\x85\xe5]\x96\x10J\x80\\\x00\x8a\x0fJ\x81\x10\x00\x84\x0eJ\t`r:\\\"h\\\"`\"\x83^\x00\x84\xbc\x01\x84\xf1\x04\x82\xaf\x05\x83\x9dJ\x88H\x1e\x82\x96\x00\x81L\x1d\x89\a\x06\x86\xb4\x00\x89\x15i\xa0I\x19\x8aU\x01\x8d\nS\x89j\x00\x88\x12S\x8d3\x00\x83\xf0\"\x8e1\x00\x85\x0eS\x89/\x00\x86\x90\x00\x83\t\x00\x83\x1f\x00\x85\n\x05\x83\xa0\x1b\x83\t\x05\x87\x00\x05\x81~\x1f\x86A\x00\x8a\xd6\x00\x89\xb6\x19\x85H\t\x8a4\x02\x8b\x7f\x00\x87\xb1\xec\x86 \x04\x8c7\x04\x819\x05\x86\xb0\xb0\x9b\xee\x05\x9c\x11\x1a\x8d\x8d\b\xac\xcb\x1b\x89\r\x1a\x82\xd4\x02\x93\xb7\x02\x88\x9bT\x00]\x80\tE\x82'@\x88\x89\xb2\x81b\x00\x895\x00\x9f[\n\x83.\n\xa0V\x12\xa1]X\x9b\xfa\x0f\x02any\x8b\x86ې$\x00\x80\xbfx\x00o\x85\xe2\xc2\xc0f\x13\x83\x03\x00\xa1Y\x13\x84!\t\x8f\xf8\b\x81\xc8 \x80\x984\x86\xdb\x01\x95\xdaa\x896.\x854\x00\x87\x9fM\x98\xcb\x00\x84-\x00\x98\x83\x00\x9d\b\x01\x86f!\x87\x91\x00\x88{\v\x8b\xdd\x00\x90f]\x9a\xd9\x05\x00}\x8cg]\x96\xc0\x17\x9e\xfd\x1f\x89\xca\x17\x9a\r \x8c\x873\x88\x10#\x82\x847\x8c\xdc\x1f\x82\x1c\x00\x02-1]\x896l\x85\x86!\x8b\x973\x89\xf2&\x89\xd2$\x81\x01-\x81\xab\x1e\x81\xbb\r\x80\b\x00\x01--\x83\xa3\x1e\x81'\x00\x85\x0f#\x86\x85}\x84\x83y\x89\x7fC\x85]B\x81ѭ\x80\a\r\x82\x1b\x00\x86\xe8\x00\x82\x18\x00\x83\xbf\x00\x80\x19\x00\x83\t\x00\x82\x14\x00\x86\xbc\x03\x80\x17\x00\x86\xa7\x00\x82+\x02\x8c\x87>\x80\xfb{\x80,\xa8\x81c\b\x83Z8\x86\xc36\x80\xac\x00\x81\x19W\x84\x01!\x80IV\x86\xe5\t\x00t\x83\x9eW\x00+\x82BW\x8a\x97\n\x83JY\x84|\x05\x86'\x00\x82\x1e!\x81\x89\x00\x8c[\x01\x84\x19\x00\x83\x0e\x05\x83\x88\x00\x89\xc7$\x8d\xe28\x81{\x00\x83&\x00\x89\xff'\x84@]\x81}\x01\x99/\v\x9c\xd8!\xad\xfe\x1f\x92\x01\"\x84F5\x9d\xa9\x05\x83C݉P\x1b\x95{!\x98R\x04\x86Ev\x8e\xab\x05\x85\xee\x01\x89p#\x8fK=\x8f\xbaz\x97\x83N\x94H\x03\x82\x9eL\x87\x87|\x81t\x99\x873{\x89'?\x89\x1e*\x832<\x8c\x83\x80\x87\xb6N\x86h\x9a\x86\xfeL\x87q>\x86_0\x85\x1cZ\x81t\x03\x86\x98_\x8d\xbf\x80\x86\x1c\x05\x89.\x00\x8bX!\x91\b\x01\x83\x889\x81\xf7\a\x85\xc6H\x82@\x00\x8d\x11b\x97:\x00\x95G\x01\x88\xb5\x04\xeaR\x01\x82\xbf\n\x81y\x00\x85R\x00\x82\r\x00\x00>\x810\x01\x88S\x1e\x8eP\x00\x8a(\x01\x9bX\x1d\x80J\x00\x87\xbc@\x80g\t\x82,\xe7\x8a_\x00\x00-\x87\x15\x00\x89n\x1d\x8aS\x01\x86 @\x80\xb7\x00\x01By\x84f\x06\x81^\x81\x8aJ$\x85\xd2?\x91A\x01\x81\xaf|\x94\u0604\x80\x1b\x00\x86\x90@\x89ބ\x87\xd7A\x8a#\x00\x81\xa7?\x84\x1c\x00\x83w\x04\x8a\f~\x80$\x06\x87\xa6\x01\x86_\x00\x84\x99\x01\x81A\x06\x86\x0f\x00\x86\x87\x01\x89\xc6\x02\x848@\x93\xc4\x04\x873:\x8e_%\x8f\x15\b\x90\xf0@\x9b\xb6\x03\x84/I\x8f\xe3\v\x85:\x00\x83\x84\x02\x9d}\f\x8c-\xf0\x84\xe3\\\x81}\f\x81v這{\x0164\x88\x89\t\xb9I\x00\x80$\x99\x90\xabT\x88\x0e\x01\x84\n|\x8aM\n\xb2q\x00\x80H\x11\x91\x16U\x84\xf3\t\x003\x83\x95\xc0\x82W\x8d\x86>\x01\x82_\n\x83S[\xa0d\x00\x83[\x01\x83B\x00\x8c\x0f\x8b\x8bs\x03\x815\x00\x87`\x00\x83\xe5\x00\x00d\x80\x94\x02\x82;\x00\x80\x89\b\x8c8\x03\x91\x9d\t\x9b\\ \x9e'\x02\x87YK\x9a*\x02\x86\x066\x8b\xf7\x00\x8a̡\x85\xfe\x00\x86\x95]\x89e\x14\x8a\xcb`\x88\x05&\x80\x94K\x80*\x00\x86\xea\x16\x88\xc7\x06\xa1\xd3(\x84\xa4`\x86\x9e\v\x98J\a\x89y&\x8d\xe5}\x90,&\x87Pe\x82\x8a\t\x8b\xd5\x05\x8a\x8a\n\x82\xcc\r\x83\x7f%\x86\x01\x0f\x86\x0f\x00\x81\xdd\x0e\x99\x06\x06\xb1\x1e~\x81\x91\x00\x00:\x82\x06\x00\x84\x93\x00\x84\x14F\x84\x96\x00\x00:\x89\a\x0e\x83F~\xa5\x9fO\x82MN\x8b\xfdF\x87\xd7\n\x84\xbd\x00\x8f\x99b\x84ጇ\xd4\x02\x8e\xd0ٍ4\x00\x8aj\x01\x83q\x00\x95\x00W\x80K\x02\x83!\x00\x86\x16\a\x84\x92\x00\x8c\x91%\x8cc\v\x87\x11\a\x87Ҹ\x81\x95L\x88\xa5\x10\x86\xa2M\x8d\x9e\x02\x8a0\x84\x87-\x84\x8d\xa5\x02\x83\xac7\x84\xff\x9d\x82(,\x81|\x00\x84\x8c\x89\x89\x8a\x8e\x82f\x00\x93\x12\x8a\x95k\x00\x83,\x8b\x84]\x00\x84\xe9\x06\x806\x00\x00b\x83\x051\x80\xee\x06\x84\r\x00\x83\x94\x06\x85(\x00\x85\x17\x00\x87p3\x84\x1a\x00\x87\x12\x8b\x86E\x0e\x8e\x1a\x00\x81\x82\x01\x85\xae\x8e\x81P\x15\x91\xbe\x0e\x85\xb7އ[\x00\x81R\x00\x89\x83\x00\x89]\x00\x80T\x00\x84\x82\xe8\x8c\xdfG\x94\xd1/\x9d\x8b\x84\x93C\x89\x88u\x01\x8a\t\x8d\x88\x18\x00\x83\x841\x84<\t\x96E\x00\x8e\x14\x98\x90\xea\x02\x82\xf5\v\x8f®\x94\xda\x02\xb0\x10\x04\xbcP\x02\x8f\xdc\x03\xc4L\x02\x86\x0e\a\x86\xb2\x06\x94\xbb\x8b\x84@\x00\x86\x9d\x8d\x85\xa6\x1b\x8b\f\a\x88\xfc\b\x85\xc0^\x84v\x04\x83)\x00\x83G<\x93\xd4\x03\x90\xfc\a\xa5Y\x03\xa0\xa6\x8c\x84\b\n\xbd\xf0\x02\x95\xdd\t\x8d=#\x8a0\x02\x87j\x06\x02add\x80\x9b\n\x00s\x82C#\x9dF\f\x8a,\x00\x84\xddf\x8d\x83#\x81\xed\x04\x8a(\x00\x00>\x8f(\x00\x80\x8bo\x80\x18\x8c\x839\x10\x8a,\x00\x85\x01\x18\x8cT\x00\x82\xe7\x00\x80\x03=\x853T\x83\xc9\x06\x81:\xa6\x00m\x81Q\xa6\x00o\x80ʳ\x81\xba\a\x80G\x1d\x00s\x81}\x95\x80\x9b\x8c\x00e\x81\x86\x95\x80\n\x96\x02whi\x80\x0e\xa6\x80\x81\xfc\x80p\x00\x80\xf6\x8b\x81\bp\x01by\x82L\x00\x87\x89\x8c\x80\x14\xa6\x81\x14Y\x05ntly-c\x80\x1d\x10\x81C\x00\x83b\x00\x80%\x8c\x80\b=\x804Y\x81\xa2\x02\x00v\x80\xa4S\x827\x8c\x80\xab\x02\x00t\x80\xda\xfc\x80\x8f-\x80+\x00\x801\x8c\x9d\x9e\x11\x81\b\x00\x85\x9e\x11\x83\xab\b\x8f\xa0\x11\x80EE\x96Gj\x84\xc1I\x82\xb3\x01\x81,K\x81\b\x00\x84\x14\x00\x86\x8e\xa8\x8aF\x01\x9a\x04\f\x96\xe1\b\x84o\x00\x83\x1c\x02\x8b\x18\x02\xa22#\x8f\xd3Ɗ\xd8\x1e\x9e\xf3\b\x90\xe8\b\x97\xd71\xa8s\x01\x99\x11\x13\x88\x06\x94\x84\b\x13\x89a\x01\x84\x02\x13\x80\x13\x00\x83\t\x00\x82\x14\x00\x88{\x18\x8dc\x04\x9el\x01\x87U\t\x824\x01\x90D\x17\x8b\xdb+\x83\x92\x01\x80A\x00\x86\x8a\x01\x8f\x033\x9a(\x01\x87\xc5\x05\x8c\x9cW\x83t\x18\x89/\x00\x84\xd4+\x90*\x14\x8b\xa9W\x88Z\f\x87\xb4\x13\x99\r\x04\x85#\x00\x9c\b\x04\x8a\x01a\x91\x00\x04\x85\xb0\v\x83O\x00\x8e\x1b\a\x8f\xf3\x9e\x8d\xe5\a\xa4\x9b\x94\x96ǒ\x88\xa6[\x87\xfb\x01\x8d~S\x8c\xe7\x14\x8a\xb0\x10\x88\xef\x14\x84d\r\x81\x9bD\x87\xb4\x00\x81\x99\x01\x87\x02\x14\x8a\xff\x10\x83\xd4\x14\x8at#\x91>\x00\x8c\n\x11\xa7\x86\b\x9d&\x03\x86\r\x02\x84\x0fo\x82\xc5\x00\x8d\xed\x00\x841\x03\x88\xe7\x00\x86A\a\x8c\x7f\x02\x94\xcd\x15\x00)\x88q\x14\x96\x1d\x1a\x86\t\x1d\x9aI\x1a\x00H\x80\x19\x06\x83(\x00\x96-\x01\x82\x02\xb2\x89\x11\x16\x87\xe2:\x82\t'\x01ur\x80;\x00\x82\x19\x01\x8d\x18\x01\x84\x1b\x00\x8f+\x03\x87-p\x85#\x00\x80\x7f.\x80y\x00\x82x\x1b\x87\at\x8c5\x02\x8b1!\x8e*\x17\x84J\x00\x8d\\\x01\x8by!\x85&\x00\x83l\x03\x00+\x83\xc8m\x85d\x1e\x8b\xfc\x13\x87\x12\x00\x8eh\x17\x85\xd3\"\x8c\xd3N\x9f\x9d\x1d\x88\x1a\x1d\x86\x0f\x1d\x91D\x1d\x82\x1f\x00\x815\x06\x87\x03\x10\x88\x14\x1d\x92F\x00\x85\x1f\x1d\x85\xcd\x00\x82>\x00\x00<\x86\xb1:\x87\x14\x00\x85\xea\x1a\x90\xa3\x06\x8d\xca\x00\x80O\x1d\x868\x00\x85\xb1\x18\x86\xe4\x01\x00.\x84\x03'\x94\xed\x00\x8c\x96\v\x8fZ\x02\xaa\xa2\x05\x84\xc0\x10\x82\x11G\x83\xf5M\x98\x7f\x0e\x99\xe1\x00\x8e\x99\x0e\x81\xc1\x17\x86\x97\x0e\x8f\x85\x02\x86O\x05\x81\xee\x00\x8a;8\x85\x13\x00\x81\xe21\x89l\x01\x89\x17\x01\x96\x84\x00\x80\x87\x05\x80e\x00\x85\xdd\x01\x83\x1d\x01\x82y\x00\x82\"\xb4\x80\xbfU\x84\xde'\x83\x0f\xb0\x80\xd1\x03\x82S\t\x81\xb2\x00\x84\xedb\x80\xc8V\x00s\x80\x8d\t\x00d\x81\xaf\t\x82\x10\xb0\x80\xda\x02\x00s\x81\xf4I\x00p\x8a\xfd\t\x80\n\x00\x00m\x80\xf5\x05\x82\x81\t\x8b\xe1\x00\x80\r\t\x81\b\x00\x89\xce\x06\x89\xc1\x04\x82B\r\x84\x02\x01\x84?\x04\x82\xf4\x00\x81\x96\a\x85\xf2\v\x87\x84\x04\x86\xe1\a\x8bj\x04\x81\x8b\r\x84\xd3\x04\x8e\\\x0e\x85]\a\x85\\\x1a\x86<\x00\x84\t\x1c\x86\x10\x00\x8b\x8c\x05\x8a~)\x96\xb4\x04\x85=\x00\x82\x12\x03\x83l\x01\x87\x9f\x04\x85\x1d\x00\x81\xf3s\x86\x10\x01\x84\x94\b\x86\xd1\x18\x9b\xd4\x05\x8b\x8b\x04\x85a\x00\x81\"\r\x8dH\x06\x86\x91\x04\x86\xfb@\x8b\x91\x04\x87\x8b\x04\x82\xed#ŋ\x04\x8a.$\x950\x04\x86)\x00\x85\xa4\x01\x95\a\t\x86N\x00\x82P\x01\x8a\x9d\x04\x82-?\x82\x12\x00\x83W\x02\x85\x13\x00\x82C\x01\x9a\xa7\x06\x81{\x06\x82\xce\x17\x89\x82\x00\x96v\x01\x01&&\x87\xc7\x04\x86-\x00\x89g\x1d\x95\a\a\x8eb\x00\x9a5\x00\x82\x95\x00\x942\x05\x92\x97\"\x83\x1d\a\x88\x01\x01\x9d_\x05\x89\x84\"\x8ec\x00\x92\xad\b\x98k\x00\x85\xd3\x02\x86$\x00\x8d\xd4\x02\x83\x0e\x02\x85V\x02\x837\x00\x8c\x15\x06\x85L\x00\x87\xb1@\x8b/\x00\x00>\x83)\x04\x843\x00\x85\xec\x02\x87!\x00\x99\xff\x06\x83\ue143\x19\x00\x84\xca\x00\x82\x18\x00\xaa\r\a\x97\x8d\x06\x8e\x82\x06\x8bp\x00\x82\xac\x00\x81\x8b\x06\x99\xd6\x03\x82]-\x8e\xb9\x05\x91\x89\x01\x83\xfd\x04\x00)\x80\xee-\x84\xd5\x03\x88\xfb\x03\x86N\x06\x82$\x00\x8c\x86\x01\x9a\x80\x00\x8e\xe0c\x98{\x00\x87\xa5\x00\x93ă\x88\x91\x00\x9eX\x06\x83\x99\f\x83/\x00\x85\x12\x02\x88\xc9\x04\x81(\a\x85\xe2\a\x83\xe8\x06\x94?\x06\x84!\a\x82$\x00\x90\xf2\a\x87}\x00\x84Ȝ\x86Ӊ\x01mp\x80t\x10\x81\xfa\xaa\x82\xaf:\x8e\xcc\x0e\x85W\a\x80\xf2\x04\x008\x83\x99\xeb\x84\b\x9d\x8f\xf7\x00\x81P\x01\x008\x83sL\x88#\x00\x00T\x82\xe1\xdb\x01Ar\x81\xd8 \x85$\x02\x80\r\x00\x03Wasm\x80\xa6\xb4\x89\xdd\a\x80Q\xb6\x83\x0e\x01\x85q\x00\x004\x89\x1e\x00\x83\xc1n\x88\x1e\x00\x83},\x84\x1e\x00\x83\x9b\x1a\x84\r\x00\x8c[\x12\x81\x9f\x00\x81|.\x84߫\x00s\x84%s\x83\x8cA\x84:3\x8b\x1cU\x91\x86\f\x84Zs\x8a\xb6I\x85\xebq\x82@\x16\x83H\x00\x89b\x0f\xa4\xcf\\\x83\xb9q\x80\xa6\x00\x81#A\x97\x9d\x00\x82\x12\x00\x81`\x00\x81\xf3\x85\x81O\x06\x88\xf2G\x84\x86\xb6\x84\xa4\x00\x82\x85$\xa2\xc4\x00\x83>\x86\x84b\x19\x82\xfd\x81\x86\xd3\x00\x83\x9c\x02\x94!\x00\x87\xd5\x18\x80\x14\x00\x8f\xf8\x15\x95m\b\xb2l\n\xa2k\n\x847]\x96T\n\x8d\xd7\b\x88\x12\x00\x90\xd9\b\x86n\n\x85%\x00\xa8\x9c\x0e\x81\x98\x19\x82\xdf\x1e\x85\xd5#\x8d?\r\x81\xa7\x13\x91\xa7\r\x82\x19\x00\x89\x94\x19\x87\x11\x00\x88*_\x95\xa8\xb2\x99\xf4\x15\x8cI\x00\x89\x11\x00\x83\xe4Z\x94m\x19\x94q\x00\x83>\x00\x8eN\x0e\x83\xab\n\x81\x97\xbd\x82 \x00\x82\x98\x12\x86D\x0e\x8a\xff\x0e\x82c\t\xa5\xf6\x1f\x87\xef\a\xdeL\x12\x83Z\x04\x96r\f\x9e\xd6\f\x8e\xb8\x00\x87\xf4D\xaa\xbc\x00\x8a\x05+\x89\xef\b\x83\xbc\x00\x87\xea\f\x96\x8b\x00\xa7\x86\r\x8c8\x06\x83\xbfC\x825\x05\x82\xbf\x9e\x82\xbc\n\x86\x88\x00\x82+,\x8fd\xa4\x903\x15\x86\xe3\x00\x87\xa9?\x82\x9f.\x97\xe8\x03\x85V\"\x83\xf4\x03\x8e\x93\x03\x91\xda\x03\x9a4\r\x87%\x15\x86\xf3\x03\x82\x0e\x00\x91\xc8\f\x89*\x01\x8d/\x02\x86\xf3\a\x84\xfe\x02\xa0q\x00\x85t}\x87b\x1d\x00>\x8a\x8b\x15\x8b\xa5\r\x89\r \x9e\xa6\r\x8b\xa3\r\x89|f\x96\xc2\x00\x8a\x85\r\x85/\x12\x85\xde\x02\x89\x04\x02\x80zE\x8b\xf9\x01\x8f\xd1\x02\x01Is\x82J\a\x95\xed\x01\x91\\\\\xb0\x8d\x03\x86{\x03\x93x\x82\x8c>\a\x04smLoa\x83^6\x03MemS\x82\xe2\xc0\x81\xb3\xf5\x855%\x80!\x00\x8e6\x1d\x81$%\x89>\x00\x84m\xfb\x89@\x00\x04Disp(\x80\xdd\x00\x87\xbf\xa1\x05smPush\x84+\x00\xa9C\x00\x87Ο\xb6C\x00\x82\xfe\xbd\x85,\x00\x81W\x04\x85\x1f\xfc\x01oT\x80T\x8e\x00i\x8dN\x00\x02Pop\x88\t\x01\x8b\x19\x00\x88~\x00\x91\xe0\x01\x82\x173\xe1\xe6\x01\x93\xbf\x17\x82z\x00\x89\xbf\x04\x87JS\x8e\x93$\x84\xad\x00\x89\xa7\x03\x96\xd2\x00\xf7\xb3\x02\x83\xdby\x90\x99\x00\x82\x05\x90\xf4\x96\x00\x81\x9e\x9a\x8e\x93\x00\x81|0\x800\x01\x80?\x91\x80\xb15\x80\x9d\x00\x87O\xaf\x88\x1aU\x82\x15\x00\x84\x1e\x19\x83J\x00\x820\x04\x81\xf0\x04\x82\x1b\x00\x85F\x84\x86\xfb\x00\x8aN\a\x85sτ\x10\x00\x91\x98\x00\x82C\f\x91\x19\x00\x0116\x95\x1a\x00\x0132\x92\x1a\x00\x83\xa6\xa3\x96\x1b\x00\x986\x00\x80/{\x94\x1e\x01\x00W\x80X\x1d\x93\x1c\x01\x98\xd3\x00\x80$\xaa\xafj\x00\x83\x88\x01\x83K\x0f\x96n\x00\x9a\xbc\x01\x82\x7f(\x8ev\x00\x85\x10|\x92w\x00\x03Uses\x80\x80\x04\x00o\x80 \x04\xa7\xe2\x00\x84\xe8\x01\x81}\xfb\x83\x1e\x02\x8e\xd0\x03\x86\x1d\x02\x8eR\x12\x83\xb4\xfb\x8e7\x00\x83\x0f\x10\x917\x00\x80'A\x8c\xe7\x03\x83\xf5\x00\x81\xbe\x00\x82(\t\x90\x99\x0e\x82$\r\x8e\x1d\xb2\x85\xcd\x02\x89\xcb\x00\x81G\v\x926\x01\x82a\x97\x94\x7f\x02\x008\x89\xe3\x02\x94\xc0\xb7\x83*\x00\x8e\x98\t\x8c8\x10\x97:\x00\x98\xc8\x02\x80\x1b\x00\x8e\n\x0f\x94F\x00\x98\xf3\x02\x80\x1b\x00\x8en\x0f\xab\xf2\n\x83\xcc\x00\x83\x8e\x01\x00S\x80\xe4\xac\x01ag\x83\xb9\n\xba\x91\x01\x90\xcf\x1d\x949\x01\x89\x1e\x00\x9e\x13\x02\x84L\xbb\x92K\b\x84!\a\x82{\t\x85^\a\x83Q\x00\x01Or\x84\x8f\x00\x89]\b\x89\xc9\x00\x90g\b\x81\x98\x06\x8aC\x1a\x8c\x9c\x00\x80q-\x92\a\x96\x84\ue55e\x99\x00\x82D\x00\x83\xa7\x1f\x8a\xf2\xa7\x02smN\x82!Ȁ\x14\x00\x848\x00\x80)ۂ^6\x84\xd2 \x95-\a\x80\x95\x03\xf9-\a\x80\x7f\x00\x8f\x99\x00\x81\x97\x04\x84\xc9\x12\x01BI\xad\x9e\x00\xab\xb5\x1a\x87p\b\x81j3\x89_2\x99\x98\x1a\x85\xd8\x06\xc6\n\x01\x89O#\x84\xc7\f\x86V\f\x91\xc8\f\x82\xb45\x96\xfd\x14\x82qZ\x92V\x01\x01Hi\x80\xe4;\x00n\x84\x9a6\xfb\xf7\x01\x83\x7f!\x94\x1a\x16\x93\x1c\x00\x86\x898\x83t5\x91J\x03\x810\x00\x88\xfaE\x8e\xc9\a\x83V\x00\x92\r\x03\x82\xcbU\xf3\x06\v\x88\x11\x01\x83\xce#\x80\xbe\x02\x85\x8f\xbe\x8c\xa7\x02\x9e\xeb\x1a\x82\xaf\x17\x8a\x81\x1a\x85\xc8 \x86/\"\x81\x17\x00\x88\xad\x0e\x87\x10\x00\x8f\xa4q\xa4j^\x86\x8a\x1e\x00v\x8c\xeb\x10\x820\x00\x80\x16\x00\x00+\x98\xbe\x10\x80\x1b%\x80\xd2\x02\x00^\x84\x12a\x96#\x00\x8fy\x14\x82\xfb/\x81\xf10\x01In\x83\a\x13\xff6ُ\xec\x12\x92攂\xda)\x8f\xc8`\x88\xd2\x13\x89\xcb`\x00a\x88>+\x00a\x84;+\x80Z*\x88\x16\x00\x00b\x86Q+\x88\xbc\v\x81+\x00\x00-\x84<\x00\x81\ry\x81\x0f\x00\x845\x00\x96[\x02\x84/\x00\x00<\x83h\x00\x89\xf1\x00\x98\xaf`\x835\x00\x82\xef[\x9d+\x00\x83\x80\x00\x8b)\x01\x88d\x02\x00\t\x83K\x00\x82m*\x83+\x00\x8b=\x01\x85z\x02\x81\a\xbf\x82\x98ςX\xb5\x80\xc6\x12\x00c\x8002\x85㾂+\xb5\x88Z\x01\x80*\x02\x85\xbd6\x84\xc25\x00g\x84(\x02\x86}\x99\x9b\x81\x86\x818B\x82\x985\x80\x17\x02\x00g\x82\x00\xb7\x87}6\x8f\xf94\x80\x81U\x80\x81^\x81\xf3\xe9\x87\xd57\x98\x85\x05\x8457\x89\x1c%\x82\x1e\x01\x86E\x00\x8b\xdc\x1c\x89=\x00\x88\x8c\xea\x90\x1a\x04\x8c\xdf%\x85 \x04\x82\x14\x00\x87\xbc\x00\x92\xd2%\x89?Z\x8c\xd79\x02dLo\x80\x9a\x00\x00(\x80\x84\x9a\x82:\x00\x89L\x16\x87\x11\x00\x82h\x16\x83\x0f\x00\x84\xca\x12\x92\xd98\x81\xa9\x90\x88\xc9 \x00g\x85\x8d6\x03EnvO\x83}\x00\x88\x92\x1c\x86\xb2 \x87\xbe\b\x83\xb7\x10\x83\xf23\x86m\x00\x88\xc4&\x81\x97\n\x80\xf6\x05\x80Y5\x80\xb1\f\x81\x19\xa1\x811\x01\x81\xbb\x00\x85\\\x01\x85\xceZ\x84\xe5/\xa13\x00\x81\x10H\x835\x00\x00-\x96\xaf\x04\xa9O\x00\x80\xc5I\x84O\x00\x9bٱ\x88\x11\x02\x85\xb2A\x89jI\x88\v\x02\x91\xc5\x17\x8b\xf4\t\x82!\x11\xff7\x01\xab\xe6\x00\x82\xb7\x00\x99\xe7\x00\x82\xcc\x00\x85~!\x8f\x93\a\x8c\xf0\x00\x86\xf9\x1d\x84\xf7\x05\x85=\x00\x84\xad\x02\x86\x10\x00\x99\x86\b\xff3\x01\x8e3\x01\x82\x89C\x8f\x00\x02\x98\xcf\x00\x87}\b\x98%\x00\x86\x96\t\x80\xa4\x03\xb0v\t\x8bZ\x00\x89O$\x8f\xf8\x18\x8f\xa8\x01\x01\tw\x80\xdd\x00\x8aU\r\x85/\x01\x822\x00\x93\x93\x00\x84D\x00\x87u\x00\x81I\x00\x82\xe2\x06\x83B$\x00;\x81\t\x00\x00<\x82\n\x19\x82\v\x00\x80<\x01\x86g\x00\x85e\x17\xa9\xd9\x01\x00-\x80\x91\x8d\x827\x00\x86\xbf\x01\x86\xeaD\x92\xd5˪2\x02\x89T\x00\x82\r\a\x81\xa1\n\x01ov\x81WԀ\x17\a\x84\x94\x05\x80\xd7\x06\x80\x87\b\x82ԡ\x8bZ\b\x80\xfe\x00\x84j<\x840\x00\x9f\x01\a\x91\xef\n\x81\x06\a\x84\xa1\x05\x8b\x8c\xa7\x8b\xc7<\x86v\xba\x83*\a\x89\x1d\xba\x84AM\x86A\x00\x87\xd5[\x8bW\r\x00i\x81<\x1a\x81\xa2\x06\x83C\x00\x87\xa4<\x89>\x00\x83\xec\x1d\x80\\\xa4\x80\x11G\x80%+\x00d\x85\x9f\x02\x8dC\x06\x97Ys\x8d1\a\x82K\x00\x84rՌ5\a\x84\x16\x00\x8a\x95\x00\x84L\x01\x80\x913\x807\x00\x82=\a\x84_\x01\x83?\a\x82\xaeH\x01ck\x80\xf1\a\x86\xc3\a\x86&\v\x89\x1c\x00\x98\x1a\v\x86\xa5\x04\x80\x032\x81\x9c\x02\x814\x00\x00P\x80\x10,\x82\x8b\x01\x85\x94\x00\x80\xe7\x00\x83\x98\b\x86S\x00\x82}\x00\x00b\x80\xf6\x01\x81Z\x02\x8b\xf9\x01\x87N{\x93\xd4\a\x84T\x00\x89\xd6\a\x89\x13\x00\x82\xd8\a\x85\x11\x00\x84\x9e\x03\x98k\x00\x85\xd9\t\x02g.l\x82\xa1\x02\x00[\x84\t\x00\x83!?\x80`D\x88\xc3\x00\x80&,\x86\r\x00\x86\x9f\x00\x8a\t\x11\x82\xff\x00\x84\xae\x14\x80\x85\x01\x80R\"\x80,\xbe\x8e\xf0\x01\x80sց\xdf\xe7\x9bL\a\x85^\x00\x82\x85\x03\x89_\x00\x86Y\x00\x87\x8d\x00\x860\x00\x8eq\x03\x811\x01\x8b\xd2\x00\x87\xf1\xa3\x99-\r\x940\x03\x8e\xfa?\x9e\x91B\xaf\xfe?\x81\xe5\x10\x94\xf6?\x81\xc4\x05\x85\v\x00\x90\xc7\f\x98\xa9?\x85\xfb7\x85\x11_\xb5]\x04\x9e\vB\x84z\x03\x8f\x10B\x88\xd4\x03\x83\x97\v\x89*\x00\x8c\x19B\x84\xe9\n\x84\xd7b\x86i\x00\x84\x80\v\x8ae\xf8\x8b,\x00\x00+\x8c%\x00\x83$n\x84j\x00\x85\xf2h\xa2i\x04\x8bI\x00\x89o9\x85Yh\x85\xc1\x00\x8c\x9e\v\x84\x89\x00\xa2\x9f\v\x85\xd1b\x87\xca\x03\x88\x12\x00\x82\xc9\x03\x87\x05c\x86\xe4\x02\x03Zero\x82B\x00\x01At\x83O\x03\x81J\x00\x88^.\x9f{\x06\x97\xf7\x02\x01En\x81s\x02\x00P\x81\x14҂\xdcP\x8f(\x02\x92y\r\x80\x15\xa7\x813\x00\x83t\xad\x82)\x04\x82\xa3\x03\x01.b\x80v4\x82\r\x16\x84!\x00\x81\xfe\x00\x85 \x00\x8b2\x00\x98b\x05\x86>\x00\x01ID\x8a<\x00\x85M\x00\xa1;\x00\x81ݓ\x8c?\x00\x83\x0f\x00\xa1=\x00\x81\xe4\xeb\x8a;\x00\x87N\x00\xa1?\x00\x80\xc5\xf0\x80H\xc1\x83\x92.\x8aG\x00\x85X\x00\xa1E\x00\x81^\x06\x80CF\x01ed\x8aB\x00\x8d[\x00\x9cJ\x00\x88\x93\x01\x81L\t\x007\x85\x9fW\x9fI\x18\vEmitJumpIfBs\x83\x02\x11\x80\xa4\f\x81\x8c\x05\x90H\x04\x80b\x00\x84\xd7\a\x83\x8c7\x81(\x00\x89\x11\x00\x04label\x96\xc4\x0f\x82\xc1\x0f\x83\xe2\x05\x92k\x17\x80\x80\x00\x81/\x17\x86e\x00\xab\xc9\x1f\x83\xb5\x00\x81w·\x96\x00\x8b\x8c\x1f\x92\xbd\x1f\x01Cm\x86\x18\x00\x85I\x00\x80w\x03\x81\x8b \x01x9\x87E\xc0\x04smJnz\x86\x81\x00\x84\xe9\x00\x8d-\xb5\x80I\x01\x83\xd2\x06\x82I\x02\x80\x12\x11\x82`I\x91H\x01\x00n\x80\x1d\x00\x898\x01\x8cX\x01\x00d\x80\x88 \x00l\x80\xe2\f\x81C*\x96N\x01\x94A\x01\x85B\a\x91F\x01\x82\xbb!\x85\xaa \x8bq\a\x87\x92\x00\x880\x00\x89\xa0\a\x8e(!\x85:\x00\x89\xad\x00\x90\x12\x01\x82\x9f\x00\xf5\x11\x01\x91\xb4\b\x87k\x00\x8d\xbc\x00\x92\xf8\x00\x94T\x01\x8b\x8d9\x80V<\x80\x0e\x13\x85K\b\x81\xfb*\x01ro\x80\x95\x00\x8fa\x05\x95|\a\x00g\x80\\ۀ\xf0\x03\x00H\x80I\v\x86{\x11\x80\xbb\x12\x84\x17\x00\x83\xa5\xf5\x00L\x82]\x03\x8b\x18\x00\x81B\x06\x8b1\x00\x84\xf5׀\xbf>\x82\xc7\x04\x8d\x1a\x00\x84m\x04\x01Al\x81\xf8<\x91l\x00\x00S\x80$\x12\x82'\xbe\x00i\x80\xff\xe2\x80\xe3S\x80\xc3\x01\x80=\r\x00g\x82\x8f\x04\x88U\n\x80\xf0\n\x01up\x82&=\x82\xdd\x01\x02Che\x81\x95\xaa\x85\x1e\x00\x81\x1a\f\x86C\a\x88\x9bؑn\f\x94\xb3\x00\x85V\a\x84Jr\x88X\a\x87\b\x10\x8c\xa6#\x80\xab\x01\x00T\x81\x14K\x01ck\x81\xea\x04\x88\xa5\n\x87\x15\x06\x86\x0e\x00\x8ao\x00\x87\xe7\x06\x94\x1f\x01\u038d\x00\x8c\xde\x05\x86\x18\x00\x91\x80\x00\x89\xc5\x04\x84\x94\x1c\x01mm\x86Q\x00\x892%\x95\xb8\x02\x93u\x00\x94w\x02\xac\xec\x00\x82t\x00\x82\xe8\x00\x89\x96\x00\x8eY\x00\x83\xa9\x00\x92\xd0\x02\x85J\x00\x80W\xbb\x82\x13\x00\x84E\x00\x81[\v\x90N\n\x80s\f\x83\xcf8\x81n\x03\x86T\n\x88\xa0P\x85و\x8c/\n\x85'(\x84~a\x91\f\x16\x872\x0f\x8e\x0e\x16\x93q\x03\x95+\x01\x8dk;\x98\xdd\t\x90Y\x00\x9c\xbf\f\x81U\x05\x00P\x80\xb23\x81\xb5\x10\x87|\x03\xa4\xce\t\x95\x99\x03\x82\xbc\x0f\x8e\x9c\x01\x85\xc5\x1d\x92\xed\x03\x82\x18\x00\x8c\x1f\x04\x87\xe0\x03\x87\xae\n\x8c\xbe\a\x86\xdd\x01\x9c\xc0\x06\x89\xb6\x03\x8b\xaf\a\x87\x05\x03\x008\x8a\x06\x03\x02non\x80>2\x81\xb8\x00\x86\x95\v\x91U\x02\x86\xd1\a\x00z\x89\x19\x00\x81\x18\x06\x84?\x00\x80$\x00\x00s\x80\xcf\x01\x82\xeb\x00\xa5P\x00\x97E\t\xa1\x80\x04\x80\xb4\b\x8aq\x00\x89\xa6\x00\x01mp\x81\xd45\x8b\xab\x00\x8f\xab\x01\x98B\x00\x8f?\x00\x89\xea\x00\x88\x1f\t\x8d\xa2\x01\x8ev\x02\x82\xe5\x01\x80\xa8\n\x83x\x00\x91\xc7\a\x02stm\x85\xec2\x00S\x80\v\x00\x94\xf0\x06\x83(\x00\xa7\xe0\x03\x81.\x00\x82\xa8\xb8\x85\x1d\x1b\x86\x11\x00\x88%\x1b\x8e\x1e\x0e\x84\xd6\x18\xa2\x8bz\x83\xfa\xb3\x83\x98\x00\x87j\x00\x88\x10\x00\x88\xff\x8b\x81\x9bz\x84jw\x83{z\x01/2\x82iw\x8b\x80\x00\x8a),\x86aT\x83\xa78\xa4\x8f\x0e\xac\x91\x0e\x8e\x93\x0e\x81\xa3\x1d\x82p\x04\x87n\x04\x9d\x95\x0e\x83C\x15\x81v0\x83K\x00\x87\xe8d\x8e\xcb\x00\x83\xcc\x00\x9b\xa2Њ\xf7\x01\x84\xa3І%Ѓ:\t\x94\x9fЅ\x91\x01\x87%{\x88\f\x00\x80\x17{\x86\xa9\x00\x82N\x00\x840\x10\x83\xdb\x05\x81\xaa\x02\x82\xd5\u0383m\x05\x81\xf7\x00\x85\xee\xc0\x86L\x0f\x9b\xd5\x00\x82\xb7-\x88\xb38\x8b\xc1\x19\x83\xa8 \x98,\x06\x88(2\x81\x8c\x00\x820\x00\x853\x03\x9cc\x02\x9c\x98\x00\x89G9\xdcy\x01\x9e\n\x03\x8a}\x01\x9b$\x02\x9a\x81\x1d\x9aI\x01\x8bJ\x01\x83+\x19\x83K\x01\x82\xc4g\x88\xdb\x01\x862\x00\x8f\x85\x00\x84\x86\x00\x87\x918\x91\xcd\a\x85\xeb\x06\xa0D\x02\x91\xb3\a\xa0Q\x02\x8a\x12\a\x80\xd7\x05\x9d\xd3\x05\x9a\xcc\x11\x80\xa0\x00\x8cn\f\x00E\x80Z8\x01og\x80\xbe*\xa8v\f\x89\f\x01\x8c\xf6\a\x92I\x13\x92\xc1\x0f\x87`\x06\x80\xc6\x01\x92\xc7\x00\x80\x18߃\xee\x00\x92I\a\x81\x8d\x0f\x00d\x80\x92\x06\x84C\b\x95#\x00\x80\xed?\x80\x84\x17\x84\xae\x01\x88v\x13\x9c\xa7\n\x80\xa7`\xae4\x00\x00s\x80<\xf0\x83\xb4\x0e\x86\x90\f\xb1=\x00\x84\x04\x12\xab?\x00\x92V\x01\x86A\x01\x9c\xfa\x10\x8ev\v\x8a\xef\b\x88\xbf\x10\x87p\x01\x94>\f\x86S\x00\x89w\x01\x8c\xe2\f\x86\x151\x93\xfd0\xa8\xea1\x92z\x00\x99\xcd\x00\x94\xe3\x0f\x8c\xb0\x00\x98\x98J\x9d}\x00\x867\x02\x94\xe1\x17\x89-\x0f\x88\xe0\x17\x00s\x80\x10\x00\x83\x0e\x1a\x87\x1f\x00\x84\x92\xad\x80X\x14\x9b\x04\x03\x87\xaa\x01\x01cm\x81\xa8\xe9\x83Q\r\x89\x8c\x00\x84F\xe6\x86K\x00\x82\xa4\x12\x005\x81;\x00\x80x\xd5\x01dl\x85A\x11\x98m\x02\x81\xa0\x00\x82h\t\x8a\x99\f\xa8Q\x01\x9c%!\x9aT\x01\x89\xa5\x00\x81-\x00\x85\x88\x00\x920 \x85\x17\x06\x93\xb2\x00\x84\xc4\x04\x89\x18\x00\x80\xf9<\x83[\x00\x8e\xa1\x83\x85&\x00\x83\xaa'\x81,\x00\x81\xf7\x11\x81&\x00\x003\x9a&\x15\x90\xb2I\x8aJ\x00\x88pG\x84\xbcM\x85\xc9\n\x84\xe2?\x85.\x00\x89\xc7H\x81.\x00\x87\xab\x00\x80M\x95\x98G\x0e\x85\x80\x1f\x98\xbf\x13\x8f\xa2\x03\x87/\x00\x82gM\x84.\x00\x84K\x02\x81\xf9\x00\x82$\x00\x8e\xfd\x1f\x86=9\x85y\x01\x8a}\x00\x81p\x06\x81\"\x00\x89\xc9\x03\x84\xde\x10\x81\xa9\x00\x8a\xd1\x00\x86m?\x84h\x01\x85I\"\x86~\x1d\x85\x1f\x00\x86\x8c\x1f\x932\x11\x82\x03\x04\x89:\r\x8f\x97\x05\x89s\x02\x9aB\x00\x84\x8b\x05\x89D\x00\x87\x9e\x05\x89F\x00\x88a\x11\x84\xa4\x04\x96]\x11\x87^\x00\x89\xc1\x17\x83\x93\x1d\x8e6\x13\x84\xf6\x1d\x8a\xcf\b\x85\xc1\a\x82v\x02\x81\x17\x05\x82c\xb4\x8d\xa6\x03\x8b8\x03\x89l\x01\x81\xa0\x00\x85\xba%\x95\xa7\x13\x92\xe5'\x98/\x00\x82\xd0\x00\x82\x1f\x1a\x00R\x82\xd4\x1f\x9e\xad\x04\x92\x81\x17\x9a\xa9\x01\x8a\x89\x06\x8cp\x00\x86(\x00\xa7P\x0f\x8fm\x00\x97V\x00\x92o\x18\x94\xc5\x01\x86\xaf\x00\x8a\xf8\x17\xb1Z\x00\x85\xc3\x10\xab\x02\x01\x9e\\\x01\x93\xc1\x02\x97\xa6\x02\x840\x00\x89-\x00\x8ae\b\x98\x89\x00\x8a\x85\x10\x89\x90\b\x88\x8d\x06\x88\xa0\x1c\x9b2\x00\x8f|\b\x9a\xd0\x1c\x84\x9d\x01\x82\xc5\x02\x95\x8e\x02\x83\x9d\xf9\x9c%\x00\xa6\xa8\x01\x92\xa7\x01\x89c\x00\xc5\xf5\x11\x91T\x00\x92\x96\x01\x8e#\x00\x8f\xa7\x04\x86\xde\x00\x81\xf9\xfa\x8a\xf0\x00\x80=\x00\x8a\x10\x00\x8a_\x00\x8c\x83\x00\xadq\x15\x8bl\x11\x8a\xde\x04\x00B\x80\x11\x19\x83X\x00\x83MԀq\f\x96\xda.\x8bRc\x8f\xb9\x7f\x80o,\x03A vo\x80\xf88\x84=\x00\x80z䀻\x00\x80\x0e\x00\x00g\x80N\x84\x80\xb81\x84)\x11\x01to\x80\x1d\x1a\x00i\x80\xcc\x1b\x81\x883\x80\xfdK\x8d\x8eì\x80\x0e\x97n\x01\x90Y\x00\x85\x10+\xa0P\x00\x89\xd8\x03\x8e\xcf\a\x90^\x0e\x92\x15\x00\x9b\x95(\x89k\x00\x86\xbd4\x98c\x00\x9d\xfe*\x8a\xdb\x01\x82,\b\x81\xed\x00\x02Reg\x80q\a\x82\xe6\xf1\x8f\xf7\x16\x9f\xee\x01\x89<\x01\x83\x16+\xff=\x01\x87\xdd\x01\x95u\x00\x98l\x00\x8b\x04\x05\x99\x8b\x03\x98\xd8\x0f\x8f9\x03\xa7\xd1\x0f\x8d&/\x89 \x00\x85\xaf$\x8e9/\x9f\xe1\x03\x8d=b\x87*(\x98\xd1#\x9e\xbb#\x9f\xb9#\x92\x8a\x00\x85\x993\x86\x1b\x15\x97\x19\x15\x90\xa8#\xb4\x15\x15\x90\x13\x15\x90Y\t\x8efB\x8f\x02-\x90\xf5#\x87\x1d\x87\x86:B\xa0\xb30\x88I\x00\x86\xa6\x14\x00g\x80,\x01\x81\x95\x00\x84T,\x86\xc9\x11\x94\x89\x16\x98X\f\x87\x97\x12\x89R\x00\x8f\x11\f\x82.\x00\x00T\x801'\x88\vB\x86\xb3$\x87\x1bZ\x86_,\x85\xe1\x03\x88\xbe\x00\x84U\x00\x88Y\x02\x8d\x1eQ\x94\x9aB\x88\x00.\x9a\x18\x04\x85\xcc\x00\x85\x95\x00\xa7?0\x92A\x05\x8bO\x00\x9e70\x89);\x99=\x05\x8b\x19\x02\x9f\x02\x01\x87\xee?\xd7\x03\x01\x8d\x94\x01\x96\x0f\x05\x8b`\x00\x83\xda\x02\x8c\xab9\x81\x06\x17\x9a\xea\x0f\x8d5\x1d\x89\x1c\x03\x82>\x00\x83\xb1\x14\x82\v\x00\x9a\xc47\x82!\x00\x86\xa1n\x8cA\x04\x82\xb6\x1c\x93&\x03\xf28(ڐ\x04\x86\x8c8\x86\xd2\t\x84\x928\x82#\x01\x88\x968\xb2\n\x04\xa9\t\x04\x83\xe48\x85\x0e\x00\xa1\x14\x04\x8e\x03\x1f\x8a:>\x80\x8c\t\x04Fits8\x81Ň\x80/\xd8\x01im\x82)^\x8e=A\x81\x18\x00\x80\xbd*\x00-\x80\xd5i\x82\xee4\x80\x0f\x00\x81\xdb9\x002\x81\xc8\xf4\x97\x8a>\x84\xf6؊v>\x9c\xd3h\x8d\x8b>\x85\x9f\x8d\x8e&\x83\x89Tً\x03k\x86\x9b>\x9a\xc4O\x87\x97\b\x83\x10\x00\x81\x80\x01\x80J\x04\x84\x9c\n\x88\x19\x00\x01Op\x80W\r\x83\x1a\x00\x8a\x18\x00\x80\x13\x00\x01Ra\x80dn\x85ZN\x84+\x01\x82q\x01\x04needs\x807\x00\x01ab\x82E\x13\x84K\x02Εi\x88Й\x81YP\x9bU\x9b\x84\xe8j\x83T\x00\x82\x90\x9d\x000\x83\x90\x9d\x02dig\x80\x02\x02\x81a\x00\x81h\x00\x86\x0e\xf8\x81a\x00\x84\x1b\x00\x80n\x96\x84\x1c\x03\x89\xd9\x00\x86\x8d\x11\x87\x89\n\x840\x00\x81]\b\x841\x00\x01li\x80X\x01\x81\\\x00\x00\"\x87\xfc\xf6\x80T\x9f\x8f\xbd\x1d\x001\x81\b\x00\x86\xb1\x1d\x9dr\xa0\x89\xcd\x00\x80`\x9a\x824\x00\x81\x961\x82\xb0\xa8\x81s\x00\x86j\x9a\x8d\xb4\x00\x00c\x815\t\x84\"\x00\x83 \x00\x93\x9b\\\x836\t\x89<\x00\x93\xca\f\x0164\x810\x02\x91\x05\x02\x93\xf6\f\x84*\x00\x8c7\x03\x95\a\x18\x9c\rJ\xbd\xee\x02\x80\x03\x00"
const compilerSourceData0Chunk6 = "\x94\xee\x02\x80\x03\x00\x8e\xee\x02\x81\xeeݎ\x01\x03\x8c\xf5\x00\xa0\x92\x00\x01Aa\x80\x05\x00\x80\\F\x87P\x01\x83\x11\x00\x81S\x0f\x80|\x00\x01dx\x80V\x00\x85\x1c\x13\xaaX\x00\x01rm\x88T\x00\x01rm\xbeP\x00\x01md\x80\xa6\x00\x85\r6\x82\x0e\x00\x03Rewr\x80T\x14\x84\xaa\x01\x81\xec\x04\x81?\x01\x80\xfb8\x83/1\x95\xb7#\x81n\x01\x0116\x83\f+\x025a5\x82\x83b\x97\xff\x01\x87^+\xff\xfe\x01\x88\xeb\x01\x00c\xe2\xfe\x01\x00c\xcc\xfe\x01\xb7P\x00\xa5\xfe\x01\x86-3\xa2\xfe\x01\x009\x83\xfe\x01\x8f\xff\x01\x88\x0f\x18\xff\x01\x02\xa5\x01\x02\x00d\xd2\x01\x02\x00d\xcc\x01\x02\x90P\x00\x94\x9c\x01\x80\x19\uf41a\x03\x85\x90\x01\x00T\x80\xb5\b\x84\xc8\x14\xa4\xa5O\x81\xb0'\x95\xeaN\x8a\xd1N\x8at\x00\x8a\xa4/\xdc\x03\x02\x8e\x00\x02\x81}\x00\x91\xfe\x01\xcc\xec\x03\x82g\x00\xc6\xea\x03\x95N\x00\x804L\x82:\t\x03a.la\x80\x14@\x87\xb9\x03\x81\x94\f\x83\xd2\v\xa6\b\x04\x82L\x00\x84\xee?\x81\f\x00\x01/8\x85=l\x80C\x00\x80\v/\x88\xde\x01\x81\\\x01\x008\x84U\x02\x81\xe6\x14\x81\x7f\x11\x81o\x00\x81\xb6\x00\x8e\x8b\x00\x80\x94\b\x00-\x81P\x00\x8e\xf5b\x84\xd8\x00\x84(\x13\x89D\v\x84\xb2\f\x95\xbcI\x90\x8c\v\x86m\x13\x88\xa5\x9a\x90m\x02\x8f\x9b\x04\x86\x82\x00\x82\xd7;\xa9\x86\x00\xa6d\x05\x81\xccl\x9c)\x00\x0138\x85-L\x8ea\x01\x83\x89\x19\x87\xc7\r\x85pH\x85\xd6\r\x81\xa6\f\x83\xeaL\x91>\x00\x007\x82\xf6\x1f\x8f\x1a\x00\x00-\x8a\xe6>\x83P\x02\x8a\xba\x0f\x88D\x00\x00b\x82D\x00\x89\x19\x00\x80xq\x8bD\x00\x94\xcb+\x8e\x96\x01\x90\t\x04\xe6\r\x06\xa6\n\x04\x00c\xd0\n\x04\x00c\xca\n\x04\x90N\x00\x91\x9b\x03\x82\x8bG\x8f\xee\x02\xe6~\v\xa6r\x01\xccg\a\x82g\x00\xc6e\a\x95N\x00\x91r\x01\x8f`\a\x81>\x00\x82\x1a\r\x89Z\x04\x86\x86\x10\xc3u\x01\x89\x85\x00\x8ep\x01\x80}\x00\x93\xbf\x03\x80\x85\x00\xcev\x01\x84\x04\x0e\xb3[\x00\x93{\x01\x99S\x00\x85\xd5\x00\x8f\xe5\x11\x8b\v\x1a\x81\xf5\x00\x82\xf4\x00\x020x6\x95L\x00\x85\x02\x12\x87\xc7\x0f\x88\t\x12\x88\x15\x00\x94\xa7\x05\x006\x81NX\xa2f\x01\x86\x1a\x02\x8a7\x0f\x83(\x00\x96\xb5\x06\x8f\xc6\x03\x85\x1a\x16\xc0\xac\t\x8b\x15\x04\xab\x87\x00\x82^\x16\xae\x88\x00\xb2o\x00\x88S\n\xee\xb9\x04\x01op\xe14\n\x80f\x00\xc73\n\xb7M\x00\xa5\x1a\x0e\x85\x9b\xe6\x99\x19\x0e\x85\x1a\x05\x80\x1f\x03\x8f\xd0\x01\xf8\xfc\a\x93\xd1\x01\xcd\xfb\a\x80f\x00\xc7\xfa\a\xb7M\x00\xa8\xeb\x0f\xa6\xd1\x01\x009\x91\xd1\x01\xf9\\\b\x93\xd2\x01\xcd[\b\x80f\x00\xc7Z\b\xb7M\x00\xa8\xbb\x13\xa6\xd2\x01\x92s\x05\x85\xf2H\x001\xff\xd2\x01\x84\xd2\x01\x00s\x82\x0f\x17\xca\xd2\x01\x01si\xc8\xd2\x01\xb4M\x00\xa5\xd2\x01\x006\xa8\xd2\x01\x8f\x88\x17\x90p-\xb0y\x0f\x85\xfa-\x87\xdb\r\x81o\x00\x038948\x81\b\x00\x0145\x82\x0e\x00\x816\x0e\xa6\xf9\x00\x8e:\x10\x82\xa9\x00\x84\x00҉\x83\x10\x90&\x00\x83\x0eC\x85\x80P\x81e\x10\x9b\xf3\x00\x83\x9cY\x93\xf7\x00\x89kk\x93\xe4\x02\x85\xe8j\x93!Z\x8a\x1f\n\x92\xdd.\x925\x0f\x81\x97|\x80\xd6\x1c\x01er\x80\xa3r\x81\xcbr\x83\x10\x1c\x83x|\x01us\x81\xc0\x1f\x81\x16\x00\x00p\x83K\x00\x80\xda\x00\x84\xce&\x80\xc7&\x84b{\x81 \x00\x82G\x00\x00f\x80t\x1c\x80\xf0\xc0\x80\x9f\x1f\x02. F\x81\f\x00\x80\xbc\x1f\x00l\x82\xa2\x00\x84z\x00\x00s\x80?\x00\x00m\x80pk\x81\\\x1a\x80\xd2;\x04 acro\x83@\x00\x01 p\x80\x80\t\x80\r'\x94\x8f\t\x86\x18\x00\x84Kz\x9ez\x11\xa0\xfb1\x8b'\x14\x929\x01\x8d\x132\x85Z[\x84\xd5\xe5\x93\xe2\x02\x8d\xf1%\xce\xe4\x02\x005\x82\xe4\x02\x81T1\x99n\x02\x98\x86\x00\x84\xcc\x01\x8a%E\x85/\x00\x87\x15\x00\x9c\xa2\x00\x90_\x02\x8aX\x00\x8d-\x00\x8f\b'\x8ct\x00\x8e\xcf\x00\x8fc\x13\xd1\"\x13\x815\x03\x82n&\x8b\xeb\x03\x82@\x00\x92\x14\x04\x80vB\x81,\x05\x94\f\x04\x85\r\x04\x89\xef \x83\xdf\x12\x88(\x05\x94\xe0\x01\x00b\xbb\xc4\x04\x80\xc90\x01ta\x80\xaf~\x81\xcd\x00\x81\xe3Q\x8b\x7f!\x81\x86k\x83\x0e\x00\x80r\x1e\x85\xb6\x13\x863\x00\x02= 5\x84\x85\x13\x91D\x15\x88\x1b\x01\x01*8\x80\xe5G\x857\x00\x91W\x15\x8bkA\x96\xeb\x04\x88\xc6n\x99\xb0\r\x91\xdf\x1d\xa3\xe4\x04\x91\b\x1a\x8d{1\x89\x9d\x00\x9b6H\xa5\f\x16\x98\x1eH\x92\xae\x00\x8a\aH\x98z`\x8a\xf04\x89\xb7\x00\x8e\xdeH\x9e\x86F\x8d\xba\x00\x90\x99\x03\x92\x9cH\x9c+7\x98bG\x84~\x01\x94y\x01\x81\xc5Z\x83\xba\x00\x81\x97\x82\xb1x\x17\x81\x83\xbb\x9ch\x01\x81\\\x00\x8f\x96\x00\x80[S\xdcZ\x04\x80\x16\a\x03incq\x84\xc2\xed\x80Ѓ\x80\xfd\x06\x81\xef\x06\x89+\a\x00 \x81\xd4\x00\x85h\a\x86\x18\x03\x00o\x89w\a\x83J\x00\x86|\a\x80l3\x80\xa5\x01\x00o\x82]'\x80\x02\"\x00b\x80\xc3\x00\x80\xddZ\x00s\x80`\a\x01an\x83Mp\x00s\x807@\x80j\x00\x80E\x00\x80\a\x00\x81!\\\x80\x1b\x00\x80{.\x81\xa9\a\x81J\x00\x85\x8f\a\x00u\x81]R\x01by\x80*J\x80\xc8\x00\x82\x7f\xc0\x81\xfbs\x80=\x9c\x84\xf63\x00s\x80\x93\a\x9c\xb6\x04\x01ff\x8e\xb6\x04\x91\x1b\n\xa20\x19\x80\x90\x01\x9d\x93\a\x9e\xe8\x03\x80\x05\xd1\xdc\xd4\x01\xa4\x10\x01\x81l\x8d\x01x8\x8dz\xf1\xaa\x10\x01\x88\x84\x14\x81\xc0s\x88\xba\b\x92M\x13\x02Sub\x85\xf4\b\x92\x1f\x00\xa9G\x01\x86\xe09\x90M\x01\x82\xad\xf7\x82\xb3\x03\x83/\xf7\x8bVM\x81\xd9\a\x01tc\x82\xd4\x03\x9f\x8c\x13\x85\x87\x00\x81S\x00\x9c\xe6\x03\x82l\x00\xa0\x06\x01\x8f,M\x81\xff2\x83q\b\x80\x98\x00\x93\x17M\x89\xf2\x00\xa3\xb8\x06\xbd\xf2\x00\x8f\xed\x01\x9a\xec\x06\xcd\xee\x00\x958\x00\x8a\x9a\x05\x85\xd6\x00\x994O\xaf\x7f\x0f\x819\x06\x86\x83&\x83\x18\x00\x80\x1f@\x01dE\x82=\xef\x80\xe5\f\x82v\x00\x81\xce/\x80\xe4\n\x83\xa7\b\x822\x00\x8e1\x00\x00N\x8b '\x898\x00\x87ә\x908\x00\x00L\x82*^\x928\x00\x84\xfa\x9f\x938\x00\x00G\x97p\x00\x84\xe7-\x94p\x00\x978\x00\x00f\x9ap\x00\x85\xd2^\x88\x18\x00\x98]\"\x80\xd2\x01\xaf^$\x8aY\x00\x81u\x00\x80٦\x00n\x80\xe19\x80]\x00\x81\x95\x00\x86?\x02\xc8\xf5\x10\x86\xa8\x00\x86\xc2\x00\x84\x1c\x00\x8a\xab\x00\x88\x14\x00\x88\xac\x00\x87F\x00\x00B\x82Z\x01\x86\xba7\x83\xb67\x89$\x00\x81 \x00\x81\xfb\x93\x80)Q\x02cc(\x82u\x01\x82\xc6/\xbeh\x11\x90\xc0\x00\x00r\x8053\x89\xbc\x00\x83\x10\x00\x89\xb8\x00\x82:\x00\x98\xb4\x00\x00r\x80\"\t\xc1\xb0\x00\x91\xcd\x1f\x85\x84#\x02c13\x809\x15\x84\x1c\x00\x80)\x00\x82\xf4\x04\x83\x8aI\x860\x04\x03-0x1\x81:z\x90\xf6\x01\x89S\x00\x002\x82\x99)\x83S\x00\x004\x87\xccr\x81#\a\x9fV\x00\x8ey\x05\x80\x15l\xb2j\x06\x9am\x05\x8d\xc1\x06\x83M\x00\x84I\x00\x86~\x01\x81\xf4\x03\x90\x92\x00\x82\xe7\xdbŒ\x00\x80\x93\t\x00L\x81'\x11\x9d\xf49\x8c\b\x01\x8c\xb1\x00\x84F\x00\x9f.\t\x8e\xd6:\x84\x04;\x85@\x00\x8d\xed\x00\x92S\x11ǵ\x10\x00d\x8d\x1f\n\x8c\xe6\x0f\x84\x7f\x00\x85\xec\x15\x000Ձ\x00\x007\x82\x90\t\x00b\x82\xee\x01\x99\x81\x00\x001ց\x00\x82\x02\x01\x81\xd1\"\x90\xe8\x10\xd75\x12\x84U\x10\x965\x12\x98\xab8\xcc4\x12\x91\xd5\t\x953\x12\x94\x99\x0e\x9c2\x12\x8c\x95\x0e\x89\xc0\x00\x82\xe6A\xb9\xff\v\x84\xd1\x06\xa0Q%\x874\x06\x89\xba\x05\x82\x81\x00\x88\xa48\x87M\x05\x842\x17\x000\x80\xc1!\xa4e \x82\"C\x95f \x004\x80x\x19\x85CC\x9b\xa4\x17\x008\x81r\x00\x89\x18\x00\x837 \x83=\x00\x90'\x02\x8c\xa4;Τ\x02\x873\r\x97\xa4\x02\x98\x84\x00\x90\xa3\x02\x80-\x0f\x82.\x00Ԣ\x02\x8e\xb5<\x8bp\x00\x9b\xea\x03\x98\xca\x00\x90Z\x03\xb2\xcc\x00\xa0B\x03\xba\xd0\x00\x83\xec\x13\x81\x0e\"\xd2s\x0f\x93\xb3\x1b\x91x\x00\x94\xdb\x18\xbb\xa9\n\xc9f\x00\x8fG\n\xa5^\x00\x8al\x01\x96T>\x8c49\x89_|\x8ft\x03\x01-1\x80\xc9\x1b\x884\x1b\x95w\x03\x84\xcb\x15\x81g\x12\x82\xd8\x14\xb0\xf1\x03\x97q#\x90\x04D\x8f\x13\x0f\x9f\xa3\x19\x8a;\x00\x00+\x8f\xea!\x87g\x01\xb9\xc3\x00\xac\xbc$\xd5\xdc\x00\xb7=\x00\x81-~\x903!\x87\xe1\x01\x95(\x7f\x9c:\a\xa8\x91\x00\x955\x16\xc3F\x00\x90\xfb\x01\x86\xe1\x00\x99\b\x80\xff\xe0\x00\xa7\xe0\x00\xc2H\x00\x90\n\x02\x828\x00\x81\xfd7\x8a:K\xe2 %\x83͂\x8d\xcb\x10\x84\xf8j\x82g\xa8\x88\x19\x00\x85\x16:\x8c\x13\x00\x90;7\x81\x8b\x0f\x80Q$\x80t\x0e\x90Z\xaf\xbd\x13\x06\x00A\x80\xa5\xbb\x00m\x81\xfb6\x01cx\x80\x9a\"\xc7\r\x06\x9aX\x00\x8a\xe9\t\x84~\x0f\x040a048\x94\xf3\x04\x90\a\x02\x8b z\x8ap\b\x9cx \xbb\xa9\a\x80\xb4\x01\x86\xd9\x00\x85B\x1f\x85_M˚\x01\xc8j\x00\x94\xa4\x01\xa7b\x00\x83\xa2\x8d\x87\nD\xa2k\x03\x97G\x00\x8fs-\x83\xad\v\x80\xbf\a\x81\x06\x02\x0196\x81\x0e\x84\x94<\x00\x8b\xb7\x18\x89B\x02\x008\x82<\x00\xa0r\b\x91\xaf\x00\x80F\f\x8e|\x02\x80\x94\x10\xf7Y)\x80}\x00\xe0Y)\x81f\x00\xc6Y)\x94M\x00\x89\xac\x01\x87\xbf\x13\x81\x8f3\x8fp\x01\xf6\x99,\x94o\x01̙,\x81f\x00ƙ,\x94M\x00\x92o\x01\x000\x90o\x01\x01Mu\x80<\xab\x83\xdf\x02\xadY1\x81\x1f\x00\x88\x0f\x04\xa9\xc9\x00\xafUA\x00u\x80.M\x92UA\x81\x19\a\xcd}1\x01Im\x80o\x00\x01cx̀1\xa0V\x00\x86\x05\x03\xa0\x831\x003\x83\xd6\x01\x016b\x82\xdc\x01\x009\x99\x1d1\x8a\x06\x02\x0196\x81\x1f\x05\x8fx\x05\x82?\x00\x8c\x1e\x02\x82:Kφ\x03\x89\xb5\x11\x8a\xe7\x01\x80p\x00\xca\xc9\x01\x85\xfaK\xbf\xbd\x01\x91J\x00\x8e\xcc\x00\x80^\x01\x003\x8f#\x11\x83\x90L\xccF\x01\xc4!\x01\x87-M\xbf#\x01\x93L\x00\x91%\x01\x8f\xee.\x81\xac\x16\x84\xe0\x17\x8a\x9c\x18ȥ\x1d\x8ci\x04\x88r\x00\x87<\x19\xcb\x17\x1c\x8eb\x00î\x1b\x9dW\x00\x90r\x01\x00e\x81l\r\x83\x03x\x96\x83<\x84~\t\x88\x16\x00\x80H\x18\x01Re\x80\xe9s\x81\x18\x00\x00a\x85\x15\x1a\x8e\xbb\x01\x86T_\xe5\xba\x01\x87\xd1\x1d\x8a<\x04\x80\x88\x00\xd1\xdd\x1d\x87\xdf\x00\xc9\xc5\x01\x9dV\x00\x91\xc4\x01\x81\xb7\x05\xd7\xc4\x01\x88b\x1b\x89\xc8\x01\x00j\x80D!\x83A]\x82\xb3\x15\x80\x98\t\x83&\x00\x9f\xae\x1c\x88\xe2\x00\x86E\x00\x88 \x00\x8a\xd2\x1b\x86W\x00\x8f\x9a\x00\x84/h\xfd]\x02\x00z\xd2\\\x02\x85\xdd\x00\xca[\x02\x9bU\x00\x91\x14\b\x02840\x81\x18?\xd5]\x02\x00n\xff\xc4\x01\x82\xc4\x01\x00n\xd3\xc5\x01\x86\xdf\x00\xca\xc6\x01\x9cV\x00\x92\xc7\x01\x005\xda\xc7\x01\x87\x98Y\xa7\xc8\x01\x86\xe0\a\x8b@l\x8c\x81\x00\x8f\xb3\x02\x8fC\x02\xd7}\x00\x8fj\x01\x8b\x02\xf3\x81'P\x82ؗ\x87\xf8\xf2\x876\x88\x81}\x00\x83\x10\x00\x84\xe7\xf2\x86\x10\x00\x81\xa4\xb1\x85\x10\x00\x84\x99\x17\x86 \x00\x88\x02|\x82\x10\x00\x81\xc9`\x89G\xf3\x82\xe8\x10\x88\x10\x00\x80\xa8\x10\x01st\x82+R\x8b\x10\x00\x80\x9bY\x81\x10\x00\x8a\xb0\x00\x03Glob\x98\xb1\x00\x8c\xb0\x00\x8c\x9f\x00\x8eN\x00\x82k\x16\x81\x03\x01\x81=+\x88Q\x00\x863\x00\x8b\xc0\x00\x82\x0e\x00\x81\xb0h\x89\xf1\xf3\x00m\x83\x1c\x00\x81%P\x80tf\x81\xc0\xaf\x87\x0f\x00\x81E}\x81I,\x84\x0f\x00\x83\xa7\x85\x86\x1e\x00\x00g\x82\xcc\x00\x86\x0f\x00\x86o\xf4\x82\x0f\x00\x8d\xa8\xf4\x83\xa6W\x88\xa4\x00\x81Si\x87\xa0\xf4\x89\x01\x00\x8aUP\x84\xc0W\x98)\x00\x81\x99|\x80X\x03\x00s\x84\xc9\x00\x8e\x01\x00\x85K\x02\x80\xa2\x00\x01bj\x81\xcd\x00\x96J\x00\x00O\x82 \x00\x80\xa7\x00\x82\xf2]\x80XF\x80\xe6\x02\x82~\x02\x00s\x8d0\x00\x82Fc\x83!\x00\x80\x19^\x01ch\x82_4\x8b!\x00\x83\x15\x01\x81\"\x00\x02Que\x80\x1b\x02\x94C\x00\x88gX\x8c!\x00\x82\x1f\x00\x83U\x04\x84\x96S\x8f\x1f\x00\x8eZ\x80\x8b\x1f\x00\x94\x06\x7f\x80\x01\x00\x85\xef\x01\x8b\xe9r\x8c?\x00\x8e\x06i\x92\x1f\x00\x881j\x8a\x1f\x00\x90\xc2t\x8e\x1f\x00\x92[t\x87]\x00\x83xu\x8e9\x01\x82\xad\x01\x82/_\x81!\x00\x80\xd3\x02\x8b\xbaa\x88\x01\x00\x83\xe7\x00\x90\xa9q\x8a \x00\x8b\x9b{\x8ee\x01\x8a~{\x94\x1f\x00\x83\x1f{\x8c\x01\x00\x87\x1f\x00\x87B{\x92\x1f\x00\x85\x1a{\x94>\x00\x8d\xf7z\x93E\x01\x83,{\x8a>\x00\x84pQ\x01Fa\x80\xa3\x01\x8b\xc2\x01\x82\x1f\x00\x80\x9a/\x00R\x83\"\x00\x04 help\x81<\x01\x00h\x80&\x0e\x82p3\x80G0\x00t\x82\xf8\x83\x81\xf5/\x80\xd2\x04\x80\xe0/\x82\xa2/\x80\x80\x16\x00o\x80\x19րjm\x80\xde/\x00i\x80\xd5\xf3\x81W\x00\x82K\x00\x80\xc71\x80\xe9g\x83\xe3\xe8\x8120\x01pa\x84l7\x02exa\x80L\x00\x81}0\x82\xc67\x80S\a\x80\xb6\x01\x00c\x81\x8b\x02\x06-specif\x80!\xb0\x82\xc3\x01\x80\x81\x00\x81\x947\x83\x93\x00\x83+\x06\x89\xb6\x00\x89\xd3\x00\x86\x1e\x16\x86!\x00\x89\x1e\x00\x00B\x80\x8cV\x01ds\x95<\x00\x81\x10\x17\x82\xee\x19\x92<\x00\x81\x95%\x98\x1e\x00\x82>\x86\x95\x1e\x00\x83\xf9\x1d\x89}\x00\x83\xa6\x03\x81s\x02\x80\xa2b\x83Q\x91\x83\xcea\x87\x96\x00\x00i\x83\xbf\x98\x81G\xb5\x8b\"\x00\x83\b\x03\x00i\x81H\xb5\x82\xb5\x02\x90\xc2\x01\x83\xe08\x80\xb6\x05\x8d!\x00\x84I\x06\x82\x0f\x95\x02hif\x80\x8c'\x80\x04\x00\x86\x1f\x00\x8d\x1e\x00\x83\xca\x12\x85 \x00\x8d\x1e\x00\x80\xaeS\x88 \x00\x82\x1e\x00\x00w\x80\x94\x00\x80d\x81\x89\x80\x01\x88x\x00\x81\x1e\x00\x81ץ\x80\xb5]\x90\xb4\x00\x83x\x83\x8b\xec\x02\x82\x01\x00\x84\xd9\x03\x86\xd3\a\x84+\x00\x83\xa4X\x8b\x01\x00\x87I\x00\x00C\x80~\x05\x85\xee\a\x94\x1e\x00\x8cA\x00\x8c\x1e\x00\x83\xb1V\x8b\x1e\x00\x87\n\x85\x91x\x00\x82\x1e\x00\x81\xf4\x84\x92\x1e\x00\x80\xf5\x00\x01na\x82 ;\x91\x1e\x00\x88«\x95\x1e\x00\x8e\x8c\x05\x8a\x1e\x00\x84#\x02\x8aC\x00\x8e\x1e\x00\x8aC\x00\x82\x1e\x00\x83\xac\a\x90v\x01\x84u\x01\x87\x98\b\x80,\x00\x02oto\x92\xf7\x06\x90,\x00\x82qU\x91-\x00\x85\xdf\x06\x84g\x88\x8e#\x00\x84 \x00\x82@\x00\x02Dep\x80\x97ؐ\xf2\x00\x85>\x00\x8e!\x00\x83\xfd\x04\x83\x12\x05\x84\xeco\x8d\x1e\x00\x80j\b\x01eq\x8c\x9e\x02\x8c\x1e\x00\x81q\v\x81\xbd\xb8\x89\x01\x00\x83\x12\x06\x83o\xa6\x008\x8f?\x00\x83\xe3\x01\x83\x1e\x00\x8f?\x00\x89=\x00\x0164\x8e>\x00\x88=\x00\x0164\x8e>\x00\x89=\x00\x81%*\x91Z\x03\x87\x1e\x00\x8c?\x00\x89=\x00\x82\xb7\x91\x90y\x03\x88\x1e\x00\x8b>\x00\x84=\x00\x81\xb9\x02\x81\x8a\a\x84\xe1w\x8b=\x00\x81\x1e\x06\x81\x0e6\x01nt\x8c#\x00\x87\xf5\x02\x90g\x06\x84e\n\x80yl\x82\xe9y\x92\x11\x01\x85\x1e\x00\x94\x11\x01\x83\x1b\xf3\x80\xa5\b\x00p\x91?\a\x87\x1e\x00\x802\v\x8e\x00\a\x87\x1e\x00\x81\x16\xb7\x88\x1f\x00\x8c\x1e\x00\x83\xd8i\x8b<\x00\x01wi\x80\\`\x00a\x86\x15\x05\x93\x1e\x00\x95\x03\x02\x80\x1f\x00\x00W\x81\xd1@\x93\xf2\x00\x85\x1e\x00\x94\xf2\x00\x80\x03(\x800πeՒ=\x00\x85\x1e\x00\x9c=\x00\x02Buf\x805\b\x8d\xf3\x00\x802\a\x80}\x00\x82\x95\t\x8bN\x01\x83\x15\x05\x80\x8a;\x82꓃\xf4\t\x87\xaf\x03\x84\x8a\x01\x00c\x80\x16\xe7\x82Y\xe7\x8c\x01\x00\x83N\x01\x81\x1e\x00\x82E\t\x82\xa8f\x96\x1e\x00\x91+\n\x87\x1e\x00\x81\xb5\x87\x88\xce\x05\x90\x1e\x00\x84\xca\r\x86\x1e\x00\x82n\r\x81\xcb\xdc\x01Io\x8b(\f\x8f\x1e\x00\x83\x94\r\x88\x1e\x00\x80\xb3\xf9\x80夂\xf7\x0f\x83\xc0\r\x8a<\x00\x88\x1e\x00\x82\x11\f\x90\x1e\x00\x00P\x81\xb0Ƅ\xfcy\x85/\x01\x83-\x01\x80r\xb0\x01ne\x80%\x05\x80큐\x12\x03\x83\x1e\x00\x01Ex\x99\x1e\x00\x81K\x16\x81k9\x88;\x05\x845\x05\x80Z\x81\x80q\x1b\x81\x929\x84N\x01\x85{\x00\x85u\x05\x8b\x9f\x01\x87\x01\x00\x83\xe7\f\x8br\xad\x81\xaa\r\x82&\x01\x84S\x0e\x82\x15\x03\x82P\x90\x01nS\x80\xb5\r\x01ch\x821\x04\x81\xb2=\x0112\x8d\xb1\xbc\x82,\x00\x81[\x03\x91\xf8z\x02msg\x84.\x96\x92*\x8a\x81\x9be\x806\n\x00K\x81K\n\x82\xb5\x06\x00n\x81j\n\x00b\x81=\t\x80\xdca\x01 L\x81x\x01\x87\x14׀L\n\x81\xe7\x00\x03shou\x80}S\x80]0\x82\xcep\x00 \x80w:\x80%B\x80\xf5A\x81\x04ӀN\x00\x84͓\x80\xa2\x00\x80\x84\x95\x83\xfb:\x81\xb8\n\x80&\x8d\x81\x9e\n\x02ic-\x80g\t\x00a\x80\x96*\x00g\x817<\x03; mi\x80\xe9w\x80v\x00\x80+\x00\x81\xd4S\x83\xd6\xce\x02onl\x84\xf2\xbe\x80b\x03\x87\xe3:\x80\x85\x02\x00y\x82\xd8\n\x01do\x80\x0f\x01\x81\x82\x00\x80\xf7\r\x80,\x03\x81뾁\xa9\x0e\x80V\x00\x01ma\x80l\x00\x00c\x81\xc4\n\x00s\x82:\x01\x83\xc9\x02\x84\xef\x11\x83\x8f\x86\x81\x80\x00\x81y\xbd\x99l\x01\x83M!\x88B\x00\x85\xcf`\x89\x14\x00\x895À\xef\x0f\x82\x1e\x98\x87\x1f\x00\x00;\x81\x14\x00\x00+\x82Qf\x00s\x80dj\x85\xa0s\x86\x82\x00\x83 \x00\x84\x90ÅzЇ \x00\x00[\x89>\x00\x83\x9bĀ)\x00\x89\xe7]\x835\x00\x82-\x95\x84ދ\x80*\x00\x88\xf6]\x85GЌT\x00\x83\xa8\xae\x80,\x00\x83\xb2]\x81n6\x80\xec\x00\x8fNЀ,\x00\x83\x1f\x00\x80\x03\x00\x80.\x00\x81\xac\x04\x8fG\x01\x94g\x8c\x8a\x89\x00\x87/\x00\x87E\xae\x87\x14\x00\x82\xa5\x02\x86j\xae\x9d,\x00\x84\xffU\x83\x13\x00\x83L\x10\x83\xc2\x01\x00s\x81\xab^\x80\x1c\x84\x88r\x00\x8a\x1f\x00\x80_\x14\x00f\x88Hȕ\"\x00\x82\x8e\x00\x82\x1bm\x85\xc8\x00\x83\x98\x00\x84\x14\x01\x83\x1d\x00\x8cr\x9a\x849=\x824\v\x80\xe0\x0f\x00(\x80\xcah\x83\x89\x03\x81\x1a\x00\x80\x9c<\x00l\x92|\x03\x00f\x81\xd8l\x84\x03\v\x82\xa5s\x0116\x83\xdaV\x01n.\x81&\xfb\x81\x95\x99\x84\v\x00\x83m\x02\x00>\x81\xfd\x03\x82\xde\x00\x865\x00\x80)t\x8a\xf2\xb0\x85\x19\x00\x90톂\x13\x04\x83B\x9a\x92\x1f\x7f\x8d\x0f\x9b\x97\xcbi\x81\x1c\xac\x01bp\x83[\x00\x00B\x80\x9e\x00\x82>b\x80E\n\x80C`\x80\x8b{\x82A\xbf\x80T\x9a\x83\x0e\x00\x01Sc\x80w\x99\x03ch[:\x80i\x02\x82l\x12\x87\x8ct\x81\x0f\x00\x826\x00\x82\x18\x00\x80\xcf\xf7\x85\x10\x00\x818\x00\x84Ti\x81\xf2\x02\x80\x12\x00\x82J\xfc\x83\x1ca\x89\x82\x9b\x81*\a\x81O\x94\x84N\x99\x82\xf5\xff\x82-\x00\x84\x12\x03\x88\x9a\x9b\x81\x0f\x00\x82\x0fC\x82i\xc1\x83i\x16\x80\xa8\x9b\x81f\x00\x00(\x81y\x00\x84\xaah\x85\xba`\x84\x13\x03\x86(\x00\x84Л\x82\x80|\x81\xbd\xdc\x00;\x85\xbd܄\xb7ؕX\x97\x87\xcaׅ;\x00\x85\x18\x00\x02EOF\xact\x00\x00}\x85t\x00\x891\x00\x8f/\x01\x86\xc4\xee\x83\xc0\x13\x81\x9c\x01\x01On\x81\xce\a\x834\xde\x02(&b\x83\x97\x9c\x87\xbb\xe0\x00!\x835\x01\x81A݂\xd1ۄ>݊[\x00\x80[\x03\x86\xd0\xe0\x82j\x02\x89\xcde\x82\\\x81\x85r\x00\x81\x12\x02\x81b\x81\x80Tb\x82k\x00\x85cلf\x00\x95D\x00\x86\xcc\x01\x81\xde\x01\x80\xd1}\x81Gg\x819\x00\x81\xf0\x87\x81 \a\x81f\x00\x85\xf7ށ\xe5\x02\x85[\xf0\x89g\x91\x89%\x00\x82\x01/\x87%\x00\x89\x03\x93\x81\x8d\x00\x8c\x18\x03\x81\xb1\x00\x81\x15f\x00&\x82\xff\x81\x85\xa5\x00\x82\x00\x15\x80\v\x03\x80k\xf3\x01(\"\x82\x0f\x00\x80I\xcc\x00a\x80\xb5\a\x80j\xc5\x00o\x82\x99\x06\x83o\x11\x81p\x00\x01: \x83c܂BK\x00(\x80\x8e3\x85w\xb1\x80\u0e83\xd1\x01\x82\xc5\x03\x84\xd0\x01\x82\xe3\x00\x82\xc6\x02\x81L\xdc\x00:\x86\x15\x02\x86*\x02\x83\xd5~\x82ɞ\x80\xae\xff\x80\xbav\x80\x06\x00\x90\x95\x00\x01\\n\x83v\x00\x90Q\x01\x82*\x00\x80\xb4\x18\x00e\x80\x04\x01\x86\xfe\x01\x03Temp\x82\xc3r\x8fM\x01\x88\x14\x00\x86<\x01\x84\xbb\x01\x00g\x80\x91g\x8eg\t\x82$\x01\x92\x1a\x00\x88\xe3u\x80\x9e\x01\x8d\xce\n\x80A\x06\x86\xeb\x01\x843\x02\x81~\x01\x83\x1f\x00\x88\xcc\x00\x8a5\xb5\xafH\x00\x8br\x02\x8b \x01\x870\x05\x8f\xe8n\x942\x01\x8f2\x05\x82w\x02\x82a\x02\x826\x05\x82a\x02\x85\x0f\x00\x92ᆁ\x9f\x04\x89\xae\x02\x817e\x86D\x00\x86\xd6\x05\x84\x14i\x93\x17\x95\x83\x8f\x01\x82\x13\x00\x88\x96\xa1\x82W\x88\x81\xf8\x83\x86\x18\x00\x81\x9e\v\x87\x0fۉ0\x04\x8aQ\x00\x00-\x85}\x1b\x9a\x97\x00\x8b\xaf\x96\x96\xb2\x95\x86\x0fM\x87\xa4p\x8b:\x00\x86\"\x01\x8eAH\x82B\x81\x81_\f\x00d\u00a0\x06\x80E\n\x83\x8a\a\x854\xe5\x8b$\x04\x80\x1f\x00\x82m\x00\x88\x1d\x04\x85\x0f\x00\x83\x1d\x00\x86\xb4\x00\x8d:\x04\x80\x1d\x00\x82\xe2\x13\x8d#\x14\x82(\x00\x91_\x14\x823\x00\x84\x19\xad\x8fZ\x14\x827\x00\x95x\x14\x81\xf4\x02\x96\x94\x14\x84\x16\x8d\x87\v\x0e\x80\x81J\x89\xf5\x00\x86wل$\x00\x86\x11\x0e\x866\x00\x87#\x0e\x85\x89\xa0\x812\x00\x864\x02\x9dC\x94\x89F\x00\x86-\x0e\x8f\x17\x00\x83V\xb6\x88Qp\x81\x12H\x86&\x9d\x83\x84\x00\x87Ȃ\x89>\x00\x85\"s\x80=\x00\x8bg\x94\x88\xf2i\x8e\xd7\b\x8b\xc4Ҋ\xec\x02\x8f\"\x01\x8e?\x01\x86\x15\x02\x82\x1c\x00\x88\xb9\x02\x89\x14\x02\x81G\x16\x80\x9aφ\xd4\x01\x81\x8d\x17\x9f\xc9\x01\x92{\x16\x82Y\x00\x92P\x02\x80\xf2\xa4\x8ff\x00\x9c\x11\x02\x99i\x02\x80\x8a\xbb\x90O\x00\x85\xe5\v\x00k\x8aJ\x1e\x03Sync\x85\xf2x\x81P\x05\x83z\x0f\x92\x02\x05\x8eS\x89\x8d\x8c\x03\x86N\x89\x01lh\x81\x7fx\x83\x86\r\x8a\xfb\x06\x82\x1b\x00\x848恻\xb9\x81s\r\x85\xfe\a\x8a\xd7\x05\x00V\x80t\n\x80\xe3\x04\x93\x1d\x00\x02Sho\x83\xafғ\x1f\x00\x00A\x80_\x0e\x841\xbf\x84n\x00\x84\x1d\x00\x81\xe2n\x83\x1d\x00\x82\xea\x05\x82\xfdl\x8af\x86\x85\xa7\x00\x8a\x90\a\x84\x15\a\x84K\x00\x82\xef\xe9\x88+\x00\x81|\n\x97\xc3\x00\x82\x90\x05\x86\x85\x00\x88U\x00\x84\xea\x06\x870D\x92C\x00\x81\xf9\x85\x86a\x00\x839\x00\x80\xaf\x05\x8e\x80\x00\x83/\xa7\x80\r\x00\x002\x80A\n\x8b7\x87\x84R\b\x80O\n\x00+\x81\x8e\xef\x00+\x80T\n\x88$\xe2\x990\x00\x00-\x810\x00\x02-')\x83\x1e\t\x91\xc4\x00\x83\x95ЃR\x06\x84 \x00\x80L\x06\x85\xfb\x01\x82\x87\a\x00h\x82-\x03\x84\x1d\x00\x83\x94肒\xe8\x80\x18\x00\x85<\x8b\x83K\x00\x8f\xaf녘\x00\x80,\x00\x889\xf7\x81S\x00\x82\x83\v\x82\xc6N\x83\xd5?\x84\xf0u\x81'\x04\xaeX\x00\x00&\x82\xb5\uf054\x00\x84\\n\x85\xc0\x00\x80\x87ׂ.惼\x00\x82\x0e\x00\x88\x05\xe0\x869\xf1\x84\xef\v\x85U\x00\x80&\x00\x87\xf3\v\x8c\x81\xeb\x8c#Ă\xac\x04\x8b?\x9f\x86\x82q\x8315\x81\b\f\x85]҆P\n\x88j\x00\x00)\x84eىN\n\x8a\x1f\x00\x82+\n\x85A\b\x8bi\x9f\x90\x91\x00\x83\xd7\x1f\x91ۜ\x87@\x00\x86\f}\x83\xc5G\xbc\x9e\x03\x87\xbc\f\x81l\x01\x89\xb3\xea\x85j\xe8\x839\x02\x97\xc5\x01\x83l\xfb\x81\xa8\xfc\x84Q\x00\x82R\x00\x8b\x91\xec\x02f (\x837\xfb\x86\x89\x02\x8f\x84\xeb\x8cP\x00\x80\x14\xeb\x82Z\xad\x81-p\x848\x00\x83\xd5\x02\x86\x97\x89\x8f;\x00\x80+\x00\x828\x03\x80\xe8ꈄ\x89\x80+\x00\x87\xa7\x05\x90\xfd\x05\x8b_\x01\x82Y\x01\x83\xb8\x00\x82\x05\x00\x81(%\x8a\xe4\x02\x82:g\x88\xcd\x01\x93\xf2\xa2\x03*8-1\x82\x14\x0f\x9b>\x02\x81\xda\x00\x82\xa4\x01\x8c\xf1\xab\x95\xc1\x06\x00|\x81\x14\x0e\x00<\x80\x96\x01\x86\x82\x00\x85\xa9\x00\x82\xb5\v\x94\x83\x10\x83k\r\xbe\xa1\x8f\x96o\x02\x83\xcb\x15\x96o\x02\x00G\x80W\x1b\x97\x1e\x00\x00B\x81+\v\x97\x1f\x00\x81\xad\x15\x81$\x03\x84\xde\n\x94\xd7\a\x85\xc1ܑ?\x03\x82}\r\x85\v\xa0\x94\x89\x0e\x00C\x80R\x16\x86\xea\x00\x95\xbf\f\x99\xab\a\xff%\x01\xa7%\x01\x94\x87\r\x9c%\x03\x94\x8f\r\x9b\xa9\xab\x8b\xfa\x04\x80\a\x12\x98.\x03\x8cB0\x00b\x83ss\x8e\xef\x02\x94\xdf\x00\x01&^\x80\x01\x13\x00i\x82e\n\x96\xb3\t\x80>\x03\x81#\x00\x98&\x03\x83\b\x02\xbe*\x03\x8a\x1b\x8d\x84\x16\f\x83l\x13\x8a\x1f\x02\x87\x7fɅ\x1f\x02\x8a\xca\b\x89\x1f\x00\x80A\xb4\x97\x1d\x00\x02Swi\x85H\x16\x80h\x00\x8b\x1d\x1e\x85\xf7\x01\x9b\xe1\b\x84\xb3\x13\x8c\x12\x01\x82\xf5\x10\x85\xa8\x11\x8a\xa7\x11\x8c/\x10\x90<\x00\x80\x026\x80\x86\x15\x86䐓\xd7\t\x95O\x00\x99ϐ\x89r\x01\x83͐\x81\x89\x8f\x8b\xc6\a\x95А\x823\xea\x9bː\x81\xca\x00\x86P\x00\x9a\xdf}\x84A\x91\x01&e\x80r׀@\x00\x80Vͅ8\x00\x85\x11ڀ\x10\x00\x8b\xad\x01\x82\xab\xf9\x80\xde\x1a\x96U\x00\x86H\x01\x80)\x00\x82\xbc\b\x81{\xe1\x81bw\x85q\x90\x00.\x82\xc1Q\x86\xc1\x01\x82$\x00\x00D\x80@\x11\x80\xa5\x1b\x85\xa3\a\x81\x01\x17\x81\xa4 \x81\xe5L\x81m\x00\x89\xb0\x90\x84?\x00\x8d\xd8\x00\x86\xbc\x01\x84\xda\xe2\x83R\x00\x899\x00\x86\x1c\a\x83\xe8\x12\x86\x96\x83\x85r\x01\x80q\x00\x80\xaa%\x81w\x01\x00d\x82+\x91\x82\xcc{\x90?\x00\x86n\x15\x99~\x83\x8e8\x82\x8f\x1c\x0f\x8f9\x8f\x89b\x99\x8e\xd8\x00\x83H(\x81\x0e\x01\x90ő\x86\x01?\x87\x11\xe9\x87\"D\x84\x96\x01\x875\x06\x81\x82\x1e\x8co\x92\x83\xde\x00\x97*\x02\x89\xe0\x02\x99\x8b\x03\x82\xef&\x89~\x06\x86u\x00\x83\xf4'\x89\x8a\x03\x9bJ\x00ļ\r\x90.\a\x83\x1e\x00\x93\x11\x04\xb2\xf5\x00\x84\xa9\x87\x84o\x00\x90\x82\x92\x86\xbd\x97\x92\x15\x01\x88\x82\x98\x86\x1a\x01\x87\x8d\x15\x9aM\x88\x86\x94\x00\x87N\x98\x85\x8f\t\x89O\x98\x8b\x06\x01\x96ʆ\x8d\x05\x01\x88\xd2\v\x8b\x866\x86\x14\x00\x86\xbd7\x90\x02\x05\x8bc\x03\x98\x83\x87\x80N\a\x85*\x00\x8c_\x03\x8d\x9d\x96\x8eV\x03\x8a\xd8\x00\xb0\x99\x96\xca\xf1\x00\xff\xf3\x05\x9f\xf3\x05\xb3\xbd\x04\x8ag\x01\x99\xb6\x96\x89G\x04\x92]\x01\xa0i\x88\x9c~\x00\x83Ql\x86\xbe\x02\x82\xd4k\x99\n\x05\xaf\x8e\x00\x8b\xbb\x87\x9e\r\x01\x80-\x00\x97\x8a\x00\xa0~\x00\x84\xab\x01\x81f\x00\x9a\xc3Ӑ\x91\x00\x86\x9a\x02\x87s\x85\x88F\x00\x85a\x0f\x88\xae\x00\x80?\x04\x01ar\x81\xb5\x01\x85ν\x95:\x01\x8a\xcbӚ\xc5\x00\x85\xdd\x02\x8d\xa8:\x8c0\x03\xa6M\x05\x00I\x83\xe9V\x8d*\x05\x84\x93\t\x00f\xa4>\x06\x81m\n\x97G\x00\x80\x1e\x00\xa4H\x00\x88\x98\n\x93K\x00\x83!\x00\xa4N\x00\x00B\x80\x06\f\x83[\x1a\x8c\x97\x01\x88\xc6\x18\x84\xdd\x03\x86\xc1\x1f\x88\x10\x00\x8eW㲮\x06\x82\x92\x05\x82\x93\"\x92]\x15\x84B\x11\x90T\x1e\x86)\x17\x88H\x13\x86\xb8\x04\x80\x80\x9e\x81\xb3 \x04Group\x86\xab\x02\x81Z\x02\x84E\x00\x83\x95\b\x84A\x00\x8c\x18\x15\x8b\t\x03\x8cR\x00\x83\x1e\xec\xadR\x00\x87\x11\x01\x84y\x06\x81-\x15\x99\x16\x01\x82\xbd\x0e\x82\xa4\x14\x82\xb2\a\x89M\x13\x02OrC\x82*\xe3\x81#\x00\x83\xd14\x85\xa5\x01\x88ӄ\x86\x10\x00\x82\xa5\x01\x00+\x8c\xb2\x05\x88\x12\x03\x98\xa1:\xa0\xbd\x01\x83P\bŨ\x00\x88\x97\x00\x8f\bV\x81\x1e\x00\x90\x8c\r\x83x\x00\x83%\x02\xa6\xb7\x00\x83\xfd\x0f\x86!\t\x88:,\x86\xe7R\x96\x8e\x1e\x8c4\x01\x84>\x00\x83Z'\x80J\b\x87L\x00\x82\xd9\xed\xa8\x95\x00\x8as\x10\x82\x98\x00\x8b\xb4,\xb0\x9b\x00\x8b3-\x81\xe8\b\x89R\x00\x94\xa1\x00\x8a^\x00\x8e\x95\xbe\x90\xd6\x01\x90o\xaa\xab\x13\xe9\x85Y\x1e\x8f\x06\x9a\x87@.\x89汄@\xb5\x89\x1f\x00\x86y҂X\x00\x8dn\xbe\x83,\x10\x85\xd2\xef\x89\xc5\xfc\x88\x10\x00\xa4:膡\xfc\x83z\x01\x80\x03\x00\x8b\xfb\x02\x80\x85\x01\x97\x15\xa5\xa9\x1a\x00\x89\xdf\x00\x89\xf2%\x87\x16\x00\x84}\x04\x87E/\x00{\xa3\x01\ue14e\r\x00:\x83>\x03\x81\x10\xee\x85{%\x82\x833\x93\x9a\xa4\xc7\xf4\x14\x8f\x17\xa9\x85\x1f\xa0\x8c=\f\x80\xdf\x12\x8e=\f\x8eG\x14\x98\xe8\n\x8e\xe7\n\xa7\xe6\n\xa4\xa9\xa1\x92\xea\n\x8e\xa3\x00\x81\xfd4\x97\xda\x10\x80D\x00\x81!\x00\x98\xd9\x10\x8eQ\x00\x82\x84\x13\x81\x7f\x1e\x82#\x00\x863\x10\x81\x86̓\x18\x00\x80\xca8\x02hod\x8d\xad\x10\x855\x10\x89\x1b\x9c\x80\xcd\x12\x02pay\x81k~\x87\xe0\x9c\x83M\x1f\x8be\x00\x836*\x00l\x80i(\x80\xaa\x03\x8a\xcc\x00\x82\xbd\x00\x81\a\x11\x81\x83\x03\x8bL\x00\x99_\x10\x85\xe2\n\x834\x9c\x86\x93\x00\x88\x18\x1f\x85\x8f\x0e\x8c\xd6\x00\x83F̄\xd7\x00\x85\x93\x00\x83Z\xba\x81ѕ\x88\x80\x00\x84\x8c\f\x87\\\x00\x98C\x05\x88\xf6\a\x8d\x8c\x00\x8aJ\x9a\x81\r\x01\x00e\x84\x03\v\x83\x83\x00\x86\x00\x01\x97o\x00\x8dR\x00\x98\xdd\x11\x8aN\x00\x81\xdb\x05\xa5R\x01\x89\xae\x9d\x8a\xd0\t\x90j\xa3\x86e\x00\x8d1\x01\x96\x1e\x01\x95\fƆ_\x8e\x87~\x00\x89v\x03\x97\x16ƅ\x05\xfd\x83\xa8\x00\x81V\x01\x00M\x81e)\x01es\x85\x93\xf8\x00(\x80\x9d\x00\x81\xa8\x00\x94>\x18\x80(\x18\x94\x91\x9e\x844Ɖ\x9c\x18\x8cB\xb0\x82\xc9\x01\x01Ar\x87!\r\x83<\x02\x8a\xff\x9b\x94w\x00\x80.\xa0\x87@,\x88\xa5\xa0\x83\x83\b\xa4\xfa\x9e\x91\xed\x06\x88z\x00\x88\x1c\xe8\x91\xf9\x9e\x87\xf1Ƅ\xf2\x9e\x93\b\x9e\x86j\x01\x92|\x9e\x85\xa8,\x8a\x95\xb0\x86d\x06\x87\x16\x00\x84\xaa\x03\x86#;\x00{\x85\xe9\x01\x80F(\x84\n\x00\x81@\x06\x81\xc9>\x9f \xa1\x8c\xf5\x03\xb4t\xa4\x853\a\x93\x1b\xaf\x87\x8a\x00\x8b\xc5T\x81\n\x03\x00P\x8bz4\x87\xba\x85\x82\x16\x9e\x858\x00\x8dc\x00\x92\x8b\x91\x94\xb9\xa3\x9f$\x92\x90\xbb\xaf\x94L\x00\xa2\x1f\xb4\x8a\xd2Շ\x88g\x85\x1f\x00\x80\xaf\x02\x8c\x9e\x00\x94\x97\x00\xb9\x84\x00\x96\xea\x02\xaa\x19\x01\x8a\x89\x04\xbb\x91\x00\x9b5\x94\x83\xd0^\xec\xa4\x03\xaf\x83\x01\xa7E\xa2\x86\xe0\x02\x98*\x92\x87\xbb\x00\x80+\v\x83\x1a\x03\x87\x00T\x9aI\xa2\x88\x85D\x96\x99\x94\xa0\xad\x01\x9c\x06\x03\x87\x84\n\x93\xb7\x99\x9b\f\b\x8f\x96\n\x80\x16\n\x83\x14\x00\x86\x11\n\x87,\b\x88\x1a\x00\x83\xfb\x05\x8a\x11\x00\x89][\x91\xad\f\x91x\b\x83\xcd\x04\x00e\x80\x80\x1d\x82\xcc\a\xa1\xc5\x19\x85A\x00\x85\xec\a\x85@\x00\xa1\x0f\x05\x87j\x00\x8d\x81\x1f\x86\x1f\x01\x83V\x18\x8c\xf7\a\x8at\x00\x87I\x00\x89\xfc\a\x84\x85\x01\x88\xff\x1f\x96j\x05\x86\aa\x81T\x03\xa3\x1d\xb2\x8cy\n\x81d\x03\x88\xb2\xff\x80j\x03\x8b\x87\xff\x8a\x12\xbf\x86\x1d\x00\x8b.\xf0\x94\f\xbf\x87\x17\x01\x8c2\x02\x82̿\x83O\x9d\x87\x11\x01\x84\xf8\b\x8c\x021\x80\xf85\x00d\x82\xf6\x1e\x87\xd8\x10\x84A\b\x82\xc1\b\x80\x0e\x1c\x81u\r\x85\x85\"\x8a\x0fĄ\xbfY\x86\x85\x00\x91\xe0\b\x96L\t\x86x\x00\x80\f%\x87\x02\t\x90\xa01\x9bj\n\x86G\x00\x8a[\x16\x87\xa1\xb5"
const compilerSourceData0Chunk7 = "\x81\"\x0f\x00i\x80\xd9\x1f\x81Q1\x8d\xc7\t\x89\x85\x00\x8a\x14\n\x84\xfc\xf6\x9cq\xa9\x86\xf1\x01\x87\x9c\x04\x86\x87\x01\x81\xf1\xf5\x81v\x02\x82\x0f\x01\x89\xd0\x02\x85\xfa\x05\x82\b\x98\x87\xe3\x02\x8b\x05\xa3\x87Q\x00\x82\x1dA\x83\xd4\x01\x00H\x82å\x83\xd5\x01\x84\x7f\x01\x8eE\x00\x8df\x00\x86\a\x01\x8aR\x05\x8c7\x00\x80\x0f\xfc\x97$\x06\x8b\xf7`\x86\x80\x11\x8f\x11\xb4\x86\x1d\x03\x8eУ\x92\xc4\x01\x92\x83\x03\x98V\x00\x87;\x05\x85L\x00\x8b?\x05\x80\x96\x01\x840\x13\x96\xb1\x11\x02del\x80\xf14\x99\xa0\x11\x82\xb7\x0f\x8c~\x13\x8c8Ԏ \x00\x80ow\x81X\x00\x89V\x12\x96*\x02\x89\xbf+\x81g\x06\x84Z:\x01rF\x87:;\xa7\x84\xb7\x84\xd21\x89q;\x86\x16.\x88\x11#\x90'\x00\x83\xc2+\x93\x8d\x12\x82h\x04\x84\xfe@\x89\x95\xac\x89\x87\x04\x84\x1f\x00\x86\x8f\x12\x8d\xd0\xe4\x81\xcfъ\x8f\x12\x00s\x8a\x0e\x15\x87\x89\x12\x83\xab3\x88\xfe\x00\x00\"\x93\x06\x04\x92\xc4\x00\x842\x17\x00s\x80\xb9#\x81\x14\x1a\x85K\x11\x82\x0f\x00\x86\x85\x1d\x85\t\x01\x83@\x14\x87\x91.\x80\x12\x04\x81\bI\x80\xc5\x01\x80\xef<\x82Q\x1b\x84\x1c\x03\x86\x13\x11\x87W\x00\x85\r\x00\x82\xb3\x00\x85%5\x00r\x86#5\x8a\x9d\x00\x83\x17=\x80f\x00\x00.\x82\"r\x8d\x83\x00\x96l'\x00E\x80\xb9\x04\xc0x\x12\x925$\x81\x15\x05\x84\x19;\x85 \x02\x92\xa63\x85\n\x0f\x90\xcd\x15\x83H\x04\x87$7\x85#\x12\x85Z\x00\x88;+\x00f\x82\x80)\x9d1\x00\x81q)\x85$\x00\x81\xfc\x00\x83\xf8\x01\x81\xb08\x00n\x85d\xfb\x81S\x02\x87\xb48\x80\x8c\x05\x81\x18\x00\x89\xb98\x88\x12\x00\x89\xbd8\x85*\x00\x85\xad8\x8b<\x00\x8b\x807\x82\x17\x00\x88\xb48\x9e\x937\x833\x00\x8f\xff\x00\x86\x10\x00\x87\x1d\x1e\x00!\x87_\x00\x85\xb17\x80\xa0\x03\x89)\x00\x83\x18\x00\x8c\x9b\x00\x9a\xc07\x83.\x00\x81\n\x02\x92\xc67\x85\x9e\x00\x86\xca7\x87\x83\x00\x9c\xc3\x1a\x8c\x8f\x02\x86f7\x87q\x00\x85%\v\x8c\"#\x90G\x1b\x96\x17\x01\x94\xfc\x02\x81a\x1c\xd8<'\x80h>\x82\xe7\x04\x84l\x04\x91s֛\x02\x15\x83F:\x84f>\x80L\x00\x89\xb1\x15\x882/\x93I\x01\x82 \x01\x86\xcd\xc1\x83Y\x00\x81\x93\t\x00m\x81\xab\x84\xd6\xd9\x15\x9f\xbf \xa3\xd4\x15\x9b\xaa\x06\x81\xec\n\x81\x10\x00\x83\xf5\x04\x89\\\x05\x88'\x00\x81\x87ߐ\xf3\x1e\x8f6\x05\x8c\x14\x00\x84\xe7\x05\x80\x0e\x03\x83\xae\x00\x88j\x00\x86F\xe7\x83\xf9/\x85\xcf\x02\x8b%\x00\x86\xcd]\x81&\x00\x88p\x15\xa9\xf9\x1d\x87T\n\x90I\x00\x89\xb9\x05\x8bD$\x81z\x03\x98s\x03\x83\xc77\x8d\x80\x05\x89L\x06\x8d\xa69\x8a\xe2#\x8b\x9d\x05\x80\x8d\b\x97\xa2\n\x81\x06 \x81\xbf\x00\x86\"\x00\x85.\x00\x91\x1d\x06\x85\xe9\b\x871\x00\x94R\x00\x83\x13\x06\x87\x8f\r\x83\xbf\xac\x00F\x81\xe2\x00\x90\xe9\x01\x86O\x00\x94l\x14\xbb\x96\x1f\x8f\xbb\x14\x00h\x81[#\x839\x01\x83Q8\x8ci\x01\x9a\x18\a\x8f\x89\n\x80\x13\b\x855\x01\x83\x9d\x1d\xab9\a\x00!\x89\x90\x00\x89b\x00\x89\xc4\x1c\x88a\x00\x92\r\v\x81#\x00\x86F\x01\x92\x8d.\x8a\x86\x02\x98\xcb\x03\x98\xdb\x00\x8b\x99\x10\x91\xa8\x05\x82\xc2!ܩ\x05\x001ɪ\x05\x001ū\x05\x81\x83\x04\x81C\x01\x81\x84\x00\x81\xaf!\x85\xc0!\x87W\x00\x82Q5\x86R\v\x8b\x1d\x00\x83_\v\x89\xa8\x00\x8a\xcdφ+\t\x81\x95+\x86\x8c\xdc\x00\"\x82m\x00\x85\x10\v\x86z\x00\x84\x8b\xef\x88)<\x84\xa1\t\x85!\x00\xc0\xf2\x00\x85L\x00\x84\xa1\x06\x8da\x04\x8ej\r\x83p\b\x82\x15\"\x9e*\x00\x81J\x01\x93m.\x83\xd0\x06\x80\xb4m\x00L\x85籃\xb9\x18\x84\x7f\x00\x84v\"\x87\xae\x02\x90\xce\x02\x8a\"\x00\x8f\xa6)\x90\xf4\xc1\xff?(\xa2?(\xa6l\x05\x85\xcf\x03\x98\xe2\x1a\xccp\x05\x92\x14\x10\x8a\x8c\x01\x8cf\x04\x816\x01\x80\xe1\x01\x88\xe5\x01\x99\x16\x15\x8d\x11\x02\x8f\x7f\x04\x87\x9a\"\x83\x88!\x8a\x0f\"\x99b2\x8a\x13#\x85\xff\x0e\x88\xe8\"\x83\xf1\x00\x97\xfb\"\x81v\xb9\x87\x1c\x00\x8cO?\x89\xe8O\x88s\x1a\x88\x17\x00\x89\xba\x00\x86U\a\x8d\x0f#\x85\x97\x00\x8b\xe4\"\x85\x9a\x00\x9b\xfa\"\x81\xa0\x00\x8a\"\x00\x8c\xa3\x00\x8ckP\x88\xa6\x00\x8b\x1a\x00\x8cS\x01\x85T\x1b\x87\t\x01\x81\xb57\x8c|\x00\x80\x13\x00\x8b\xc7\x01\x8b\xf2\x01\xa2\xe3\x10\x8ag$\x80\x01A\x8d\xd9#\x00-\x96\x923\x8b\xd7\x04\x9e\xb2\x06\x80\x11\x00\x81\xceŘ\xab@\x86\xbd\x06ֱ@\x9a#@\x8a\xe7\n\x9d\xc5)\x8fT3\x02Sim\x81\xa5-\x8b\xa4\r\x88\x99\x04\x81\xfd\x00\x8521\x00l\x82\xc3\x17\x8b\x03>\x89R'\x82BF\x89\xfa.\x84<\x01\x84\x03:\x91\"\v\x8a@*\x90A\x00\x89t\x00\x84\xa6\x04\x8c#,\x8e\xb29\x82t\x00\x88\xddG\x91w\x00\x00C\x80\xa9\t\x02sic\x80\xb5\b\x83\x10\x02\x88\xd2\a\x82\xf1\x00\x8a\x0e\x03\x91A\x00\x821\x01\x99?\x00ո@\x89\xef?\x97\x1cJ\x88\x9a\x00\xa0\xe2\x02\x86 \b\xa0\xe5\x02\x8a\x95\t\x8a\xaf\t\x88i\b\x00+\x8b]\t\x96\xb9$\x03sour\x83\xf4\x8c\x9e\xe4\x0e\x83+\x00\x81K\b\x82\t\x00\x9fj\a\x83(\x00\x83\xa1*\x86\x97\x00\x91\xea\x0e\x89Q\x00\x96\xec\x0e\x83%\x00\xa1\xda\x1a\x85x\x00\x88W\x00\x82\xcb\x00\xa0I.\x87e\x00\x8c\xfd\x00\x88\xba\xb3\x82\xf8\x02\x89\xb4\xb1\x89R\"\x86g\xef\x97#\x00\x86\xc1\xef\x97#\x00\x80\x93\xef\x9cD\x00\x8e\t\xf2\x8d)\x01\x9f\xc3\x1b\x8a\xec\x00\x99\xad#\x90P\x01\x85\r\x00\x90\xb6\x1b\x8d\x89\x00\x02Len\x87\x8c\x00\x8a\x9c\x00\x00-\x81\xa1\xfe\x8eN\x01\x854\x05\x85\b\x01\x82\xdf\x16\x8cJ\x00\xa7\xd3%\x85\x00\t\x92\xf9\x8c\x89\xc3\x00\x89\xd6\x19\x80w\x00\x81\x15\x1e\x80\\\x02\x01tr\x80u\x00\x83\fޅJ\x00\x93\x89\x8e\x91K\x00\x81\x0eb\x93\xa4\xa7\xa4P\x00\x86\xf1\x00\x84\x81\b\x81z\x01Ī\"\x81\x84m\x87O\x00\x83#\f\x80\xe8Z\x01th\x8d\x81'\xa2\x9f\xb4\x89:\x00\xa6\x99\x00\x80>\x05\x80\x1bT\x85\x91}\x83q\x00\x82\x96\x17\x8a\x12\x00\x82:\x04\x83\xdc6\x8ae\a\x87R\r\x91Q\r\x81\\\x06\x81z\x1e\x87\xe4F\x91\xa3D\x90\a\f\x88]\r\x82%@\x86H\x00\x88\x9e\f\x86\xb2@\x87\x1e\x00\x81\vO\x85\x91\x00\x95)\f\x806\x00\x81V>\x9d\xa8ΐ\x95\x00\x86h\x00\x858\x16\x87\x9f΄U\x00\x81\xfd9\x82f\xb1\x8a\x14\x00\x00>\x84\xbct\x92Y\x16\x87X\x01\x85\xd4\x01\x83\xb7D\x80\x80\x00\x86p\x00\x80\xc4\a\x00:\x81\xaeD\x00=\x82\xcdC\x80\xad\x01\x8a\x7f\x05\x84\xcb\x01\x82\x19\x18\x85\x05I\x82\x1c\x00\x842\x02\x815\xef\x85\xf2\b\x9d\xe2\x03\x86]\x00\x88@\x00\x82\xbe\"\x87\xe4\x13\xa5\x8d\x02\x88\x8e\x00\x8b\xa9\x00\x81\xe2Q\x82\xfc\x00\x87v\x02\x85\v\x06\x82\xbc\x01\x827\x01\x87\xa4\xb5\x84G\x01\x01[0\x80\xab\"\x85\f\x00\x001\x80\f\x00\x84\xaa\x00\x84,\x02\x82C\x01\x84\x98\x01\x87X\x00\x9c1\x0e\x8a\xa6\x01\x86cv\x8a\xfe\x02\xa1\x9a\x00\x812υ\f\x00\x003\x80\f\x00\x86\xf9\x00\x8d\x9c\x00\x81t\x00\x89]\x00\x87\xadD\x94\xc04\x81\x9c\x03\xa5Z\x10\x8b\xd2\r\xb2]\x10\x90\x9d\x10\x8d\xd6\x14\x9e\x80\x10\x8d\x06\r\x9f\x83\x10\x85\"\x00\x8aY\x8e\x88\x16\x05\x91\xec\a\x89t\x02\x83\xec\a\x896\x14\x8b\x85\x8e\x86:\x00\x85\v*\xa4v\xbe\x92\xfd\x05\x86c\x00\xb0\xe4܉\xf7\xf4\x8b\xecĈ\xfb\x0f\x85T\x05\x83\x14\x04\x82\xdd\"\x800\x13\x8bMG\x80\x8b\x1e\x8c&E\x87a\v\x89\x1b\x00\x88\xd1G\x86\xe7N\x87\x1e\x00\x85\xe3N\x81M\x01\x873\x03\x82\xb6\xb9\x9a,\x00\x89\xc2\x02\x85\xbe\x02\x82\xc8\t\x81\x18f\x98\\G\x82\x02\x03\x86\xd9\x02\x8b\xa9\x03\x846\xad\x9b\x8b\t\x89\xb1\x01\x8c\x8b\x95\x8cG\a\x86Y\x00\x863\x10\xa2\xb3\x04\x81P\x18\xab\xd9\a\x003\x84\uf185)\x12\x83ͥ\x81\xc0\x01\x80!6\x81^@\x86\xb8\t\x85\x9b\x00\x8cV\x02\x8c\xb9\x00\x87\x82\x00\x01, \x88\xce\a\x84\xd9\x04\x89z\x01\x88\xb9=\x94\x12\x01\x89L\x00\x88:\x00\x84\x7f\x19\xa1\xce\x05\x84\x00\v\x00(\x8b\xa8\x01\x80\"\x02\x8c\x89\x00\x8b\xa9v\x92\x84\x85\x8b\xd0\x03\x87\x16\x04\x8c\x8bx\x84^\x01\x80y\x00\x82]7\x91dÐ\x0f\x86\x94\xf6\t\x89\x96ˋ\x9e|\x80{\b\x01ry\x81\xf0`\xae\xc7\t\x8c\xc8\t\x8e\x8c\x00\x8cZ\x00\x8e\x92\x06\x8b\xb7\x01\x85\xa9)\x94\xedˆ7\x00\x95\xa3$\x8b\xa4\a\x82\x10K\x84\xdb\x06\x9a+\x02\x93G\x01\x90\xbb\x00\x92K\x01\x85̕\x82\xac}\xa2\xc8\x00\x88\x8d\x00\x9e\xca\x00\x81\xae\b\x85\xc9\x00\x87\xa4\x02\x91\xcf\x00\xa9p\x02\x8e\xad\xfa\x9c\x81\x00\x83E\x01\x866\x00\x89n \x95\xb9\x02\x88\xa9\xfa\x87\xd0>\x9f\xb4\x06\x89c\x01\x91\x15\xa0\x8d\xdd\x02\x8e\x92:\xa4V\r\x89\x1a8\x98X\xa0\xa0=\x03\xae\xf2\x01\x88\x1a\x01\x80\x86\x00\xbe\xcf\x06\xdc\xce\x06\x83\x81\x04\xa5'N\xda.\x18\x8a4\t\x8dY\t\xa6\xd5\x06\x8f%\x02\x99.\x03\x8ex\x06\x88\x11\x02\x91\x98\x99\x9bA\x0f\x8b\x87\x03\x90y\t\x87\xbd\x9c\x8e-\x00\xde6\x19\x94\xb2\a\x8f(\x14\x01pt\x80\xb2\x1c\x82#\x93\x02eng\x80p\x18\x82\f\x00\x82\xae\x00\x83\v\x00\x888\b\x82\x10\x00\x82B\x01\x96U\x19\x8a,\x14\x01b0\xa2}\x06\x816(\x80;\x00\x00b\x87\xf9\x1d\xa1.\x00\x002\xaa.\x00\x003\xa9.\x00\x8a\x02&\xa0\x1c\xd8\x00w\x82\xa7;\x92S\f\x03thre\x87\x99\x05\x8d\x1e\x00\x00f\x80\xc8\x04\x96\x1d\x00\x81\xf8*\x96\x1d\x00\x84\xaaL\x9b\xcb\f\x87\x04\x02\x848\xc0\x80\xbc\x00\x80\xef\x01\x84\xdf\x01\x80~\x1a\x8e=\u05c9\xbc\x11\x82\xe9\x01\x8bל\x8e\x87\t\x00b\x81\x9aǆ!\x02\x8bx\x00\x81\x88e\x80\xf4\x05\x80N\x00\x82\xb8\x9a\x80|\x00\x81.\x00\x80٢\x83\xd3+\x99{\x00\x89\xde\t\x036553\x80\x85~\xa0Z\x00\x0194\x8bZ\x00\x99-\x00\x0122\x80-\x00\x80\xb9\x01\xa2,\x00\x004\x81ˮ\x81\xc9\x01\xa3.\x00\x80ȓ\x81\xd9\x01\x89\x11\r\x88\xea!\x83\xa2\x00\x94\b\x05\x8c\x92\x00\x81\x04q\x87\xc1\x01\x86\xbf\x01\x83\xaa\x03\x86\xc7\x01\x83\xf8R\x00b\x80\xf7\x16\x84\x16\x02\x89C\x00\x80\xaep\x80\xd0ၹ/\x8bW\x01\x832\x01\x80\xfb^\x006\x81\t\x01\x85\xf4\xed\x9d5\x00\x80d\x00\x82\xc1\x01\x88#\xf1\x9d@\x02\x89\u0092\xa7\b\x01\x8dn\x01\xb7\n\x01\x01e0\x88\f\x13\x98'\x03\x95(\x02\x80\xce\x01\x81C\x00\xa2-\x00\x0137\x86-\x00\x88\x05\x18\xafu\x00\x003\x80c\x01\x82\b\x18\x95%\x06\x81e\x00\x89#\x00\x86N\x00\x00G\x82\xb5@\x00r\x82\x84-\x89V\x00\x81\xb9\x01\x006\x80[\x00\x8c\"\x02\x97[\x00\x83\xc6\x00\x80\xb4g\x00E\x88\xc5\x05\x9a\xc9\x00\x95{\x00\x85F\x01\x82L\x00\x9e\xff\x00\x97\xa9\x00\x8cqҌM\x00\x9c!\x02\x83\x1a\x02\x84 \x02\x80\xf6\x02\xac*\x03\x82/\x04\x02409\x85_\xad\xa9,\x03\x81a\x03\x8a-\x03\x9a6\x00\x80\x9c\x00\xadb\x03\x86\x1e\x05\xa9b\x03\x89\xa2\x04\xbba\x03\x80\x8b\x01\x00F\xc1$\x02\x004\x81\x94܁L\x00\xa2$\x02\x004\x80V\x01\x9f$\x02\x82M\x00\x01f4\x96\x9e\x00\x82@\x00\x80@I\xa5\xad\x03\x9a\xc0\x00\x81\xe8\x01\x8a\xeb\xef\x8cZ\x03\x86m\x00\x89(\x00\xa2\xba\x03\xa0\xed\x00\x86]\x00\xcb\x15\x03\xa9B\x00\x003\xafW\x03\x81Z\a\x0126\x80@\xb9\xb1\x85\x06\x83\x90\x03\xaf[\x03\xab\x91\x03\x80\xd6\x00\xad\x91\x03\x99\x05\x02\x81\x95\x03\x9e\xcd\x01\x83\xba\x03\x94\xd0\v\x85\xcc\t\x98\xcb\v\x88\xbf\v\x96\xb3\xa9\xa1J\xf3\x8eL\r\x87>\n\x88\xbb\x00\x8a\xf5̀\x1b\x00\x8bƐ\x8bB\n\xa5\xfb\xa9\x91|\x02\xa4\xbc\f\x00f\x80\xb08\x84\x90G\x81\xc8\v\x8a\x06\x01\x86z\x01\xb6\x13\x01\x86\xb5\x00\x81g\x00\x88\xd9\x00\xa9\x19\xa9\x81\x98\x00\x89#\x02\x8dV\xa0\x83P\x03\x87{\x05\x8eT\x03\x92\xd5\v\x836\x00\x83L\x01\x9bA\x05\x81$\x00\x84\xd6\x02\x92]\x00\x97\x8e\x04\x84:\x00\x818\n\x86:\x00\x8e\xb8\x01\x87K\x03\x91\x817\x85\x89\x01\x84\x16\"\x82\f\x00\x01bi\x80\x89ك\x16\x00\x80c\r\x84\x15\x00\x82\xf7\x13\x82\xa8\"\xa7\xa9\x01\x8b\x1d\x19\x81W\x00\x88h\x01\xaa\xfd\xf5\x85\x89\"\x86=\x00\xabҩ\x81r\"\x82\xcb\x00\x86^\x13\x89D\r\x86\xa0\x12\x93n\x10\x8f\x80\x13\x82L\x00\x89#\x00\x97\xf5\x1f\x84\xb2\x11\x83>\x01\x9eK\x14\x84/\x02\x9d\t\x11\x8d$=\xa4\xc2\x03\x8f}\x02\x8f\x12\x02\x9d\xbb\xa9\x92\xfd\x01\x86;\x03\x89\x12\xaa\x8d\xb0=\x82N\x00\x89H\xa4\x80\x84\xae\x93\xa3\x00\x92\xee\x02\xfa\xab\x00\x8dX\x03\x90\xa4\x1d\xa1xi\x82;A\x84Z\x03\x82t\x1b\x83O\x03\x94\xfc:\x8d;8\x81E\x00\x82\xb06\x80W\x00\x80\xed%\x89@a\x89\xd57\x8b\xfd7\x878c\x84\x9c\x12\x81i:\x80@\x02\x87,M\x80e\x00\x8f\xdd`\x85J\x00\x81\x1f\x17\x85HM\x8c)\x00\x82qm\x88'\x00\x8f\x06M\x82v:\x84\x1dя\x18L\x80R/\x00_\x84N/\x8a{<\xa2\xcdc\x901M\x83\xe6\x03\x86\xcb\x1c\x88G\x00\x92F\x00\x02InC\x83~W\x82D\x15\x96T\x00\x82\xbc\x1f\x90\xf4c\x8aY<\x8d\xe3i\x91\xed\x00\x87\x03\u0603\x13\x04\x90U\x00\x8b\xa2\x01\x86\xdf<\x96T\x16\x94\x162\x85\x8dS\xd8\x192\xb6$7\x81\xdc\x00\x81V\x85\x83\xa4\x00\x82\x16\x01\x01eO\x80\x9a{\x80J?\x84c\x02\x83_\x02\x86#\x00\x87\x1d\x00\x9dk2\x81\xdf\x13\x87N\x00\x961+\x81$\x00\x87\xa4y\x83r$\x85\x14\x00\x84\x83\x00\x86\xd5k\x84\x84\x00\x88`$\xad]$\x8b\xe0\x00\x84P\x02\x84K\x00\x92\xc7$\x88 \x00\x86\x9c:\x85!\x00\x98\xf5\x03\x8c\xd3$\x8b\xfe\x03\x895\x00\x8a\xf0#\x88\xed#\x98\x1d\"\x8c3\x01\x96/\x04\x89\x84\x00\x830g\x89X\x01\x94=\x04\x935\x00\x8a\xc5\x01\x80\b/\x83\x11\x01\x83\xd3,\x86B\x03\x9fM2\x80}K\x85Q6\x91;-\x82\x1f\x00\x84\xf4\x01\x89<\x00\x83\xa6\x01\x8c\x00\x02\x89M\x00\x80\x008\x8c\xa5\x00\x86!\x00\x83\xeb\x00\x8b\xf7\x01\x85\x13\x1b\x86\t\x03\x9f\xac2\x87m\x00\x84\f\x00\xac\xa42\x81\x8c)\x82\x96\n\x84\xc2\x00\x81\xb7\x02\x868\x00\x85\x96̆k\x03\x90\xefY\x80\x1a\x00\xa2\v`\x83\xb6\x0f\x89\xc2'\x85\x13\x05\x9d\xa7\x17\x80\n\x00\x89O}\x87\x8a\x03\x87`o\x83\x14\x00\x80z\v\x8d\xa3(\x8a\xdc\x00\x82\xee\x05\xb0)*\x8bJ\x1b\xa3\xc3Z\x98\x04U\x9bp\xa4\x8a\xa6\x1c\x86\xae\x00\x81\xcc\t\x87\x1d!\x8b\xa1\x01\x84\x80\x1c\x8d\x87\x02\x8b\"\x01\x9f\xf1G\x8a\xb6a\x86\xa5\a\x91\n-\x8aZ\x00\x00)\x8f\x18#\x86KE\x9d,\x04\x89\xd7\x01\x97\x8f\x01\x8bo\x00\x84\x9d\x00\xa5SH\x88c5\x8cr\x00\xa3\xd5^\x90d\f\x8cH\x00\x9bGߍ\xd9F\xb5Qb\x98\xc5\v\x8bH#\x90\xd0\x1c\x8e\xf0\x10\x8ad\x02\x83\"9\xa7\xd4'\x93\xa7'\x80\b1\x82\xb6X\x83\xfd4\x82\x02\b\x87\x044\x86\x124\x9cW5\x888\x1d\x8b\xf6X\x90\xe35\x80\xb2\x00\x02cla\x80g\xb9\x82\xfd\x04\x87\x04\xb0\x82\xc0>\x81fh\x83XB\x00(\x81r\x96\x83)\x00\x84}\x00\x99)\x00\x80\xf5K\x87ڃ\x8au=\x80s\xe8\x80\xe3K\x81\x1d\x00\x89l,\x86\x11\x06\x86L\x1f\x85K:\x84e\x06\x84T\x1f\x82\x8f\x01\x83\x86\x00\x8a\x19\b\x82+\x11\x82\xb4\x03\x80\xf42\x80\x1d\x00\x84B:\x8d\xca>\x81\x82U\x83=\x00\x85\xb91\x89X\x00\x8a|v\x97\xedW\x82\xab\x0e\x8a3\x01\x86\x87\x01\x89\x16\x00\x80\xd5\x1f\x82\x0e\x00\x87.\x00\x8d\xb5\x01\x89\x16\x00\x88\xfdZ\x92lD\x83,\x00\x87i\b\x84D\x01\x84\xea\x02\x8ao\x01\x84,[\x81\x18\x00\x88m\x01\x8aB?\x81\xa9z\x84\t\x01\x82\xe3\a\x84\xba!\x8d\vG\x89\xcf\x00\x88\tG\x87\x80\x01\x89!\x00\x8b\x9aY\x9a\xbd\x00\x00C\x81\xaey\x86}\t\x88\x13\x06\x83\xc2\x01\x80\x1e\x00\x00T\x80P\x0f\x86\x1cl\x87A\x00\x93\xd4\x05\x81&\x00\x87\x9e\x06\x83X\x04\x85\f\x00\x89d\x01\x81\xb6\x7f\x9d\x93+\x81\x91\x00\x886\x01\x95\xaf>\x89q\x01\x93,\x04\x97\xdd>\xc4j\x01\x02col\x80\xc1\x91\x89\x05\x03\x89\x01\x03\x00C\x81\x1e\x00\x87|\x01\x86\x144\x8c\r\x03\x82D\x00\x80\xfb?\x84i\x00\x957\x05\x85&\x03\x9ds\x03\x82P\x00\x91l\x00\x80M\x00\x03lsTh\x80\xa6_\x00g\x82\xd5\x04\x85]\x00\x82#\x00\x81\x0e3\x83]\x00\x842\x00\x811\x00\x81\x1f\x7f\x88\x1d\x00\x00>\x85\\\x00\x90Pq\x80y\x00\x88+\x00\x82\xc8p\x86\xf3~\x89\x19\x00\x80A9\x85\xbd%\x9e[\x00\x88\x8a>\x8c\\\x00\x00\"\x81\xcc\x00\x80\xa0\x1d\x81\xcb\x00\x85\x9c>\x8a\xdf\x00\x86j\x03\x92}\x00\x86\xe4\x12\x8a\xff#\x8c\xa6\x02\x8e\x89\b\x80\x9a\x00\x89\xdb\v\x00>\x86\x0e\x00\x88\xc8\f\x00c\x818\x03\x84\xc5\t\x8a\xeb\a\x85\x1d\x00\x8d\xc2\x01\x81<\a\x82]M\x81\xe6\x12\x8a+\x02\x82\x11\x01\x8b\"\b\xa3\x8e\x04\x80\xa8\x00\x85j\x00\x80\xb2$\x83_\x02\x80\x14\x00\x87C\x00\x87W\x01\x87n\x00\x00\"\x80\b\x83\x85J\x01\x83\xd4\v\x87\xa8\x00\x83\x93a\x895\t\x8b\xa9\x00\x83m\x00\x82\xab\x00\x87\x01\x01\x80\xf2H\x82F\x00\x85)\xf6\x82\x8a\b\x90Lz\x851\x00\x8d\x1f\x00\x86J\t\x8c\xa2\b\x8d(\x00\x89\xa3\r\x8a\x91\x01\x91)\x00\x87\xa8\f\x84\x0e\x00\x84_\x01\x87\xb6\x00\x8e;\xfd\x8cm&\x86^\x03\x88X\x02\xa3gf\xb1S\x00\x93V1\x8a\xea\x02\x81\xa6s\x807\x03\x89\xc3\x04\x89\x9e=\x92\f\x05\x8b\xeb\x02\x00+\x83\x9b`\x91\xf8(\x94A\x05\x84\xa7\x05\x92G\x03\x97\xf7\b\x8aV\t\x8d6&\x87\xd3\x11\x93\x06\x11\x8b^\x96\x91g\x14\x02) (\x81\xd9\x11\x82\xd2v\x8e\x05\x15\x81\x93\x11\x83M\x14\x85\xae\xe5\x01 5\x91\x8cu\x81\xacn\x80$\x00\x80\x9d\x1b\x01'.\x83\xeax\x94\"\x00\x80\x92\x1b\x82\ve\x86\"\x00\x93\x01\x14\x925\x10\x81@\x00\x002\x91|w\x89\x1c\x00\x00\"\x81\xa6\x02\x80\x92\x03\x97\x83\x00\x81d\x05\x85\xb8v\x89)\x02\x82\x1e\x00\x8d-s\x83'\x01\x02- 4\x8b\xd3\x15\x98_}\x90I\x13\x89\xd58\x8b\xd9\x15\x89\x0e\x0f\x98\xec@\x99\x86\r\x84|\r\x89e)\x8b|\r\x86@\x03\x88zW\x86\x10+\x8b\x040\x8a\xa4\b\x9e\xe8\xfb\x86\xa4P\x8e\x05X\x90\x01X\x81\x88\x0f\x81'\x00\x80\xb1\a\x96W\x00\x98I1\x86:[\x95\xb0\x00\x8c\x93\x00\x89\xbc\r\x94\xcbX\x8c\x89,\x8a'\x01\xa1>,\x85\xa4̌W\x15\x83\xa00\x80\x87\x03\x95\x8a\x18\x86\xcc\xfd\x8c\f\x02\x82\x17\x8a\x9e\xf7B\xa0\v\x02\x97\x87\x0f\x86\xa0\x04\x91\xd0\x18\x88d\xfe\x83e\x00\x83啁F\x00\x01Ta\x87\xee\x11\x81h\x00\x89\xad\x00\x82\xf3\x18\x816\x1f\x89\x7f\x01\x00i\x82s\x00\x99J=\x83\x16\x02\x89\xe1\x00\x824\x00\x83\xe5\x00\x82\v\x00\x83<0\x81\xee\f\x83\x0f\x00\x83\xcf\xed\x9a\x1d5\x8e\xcb\x00\x89\x1f\x1b\x88\xda4\x85(\x00\x87\xc6\x00\x8c\xc0\x00\x81\xc3\t\x8aZW\x011;\x88\x10\x00\x8amS\x81p\x04\x81\xf8\n\x86\x1f\x00\x85s[\x83\x85_\x99K\x01\x87\xbfV\x810\x00\x84@\x17\x87U\x00\x80\xb5b\x84 \x00\x84\x9e\f\x81S\x00\x85j\a\x8cBB\x81[\x00\x826X\x82o\t\x84;\x01\x85\x1d\x00\x82\x19\x00\x82\xde/\x00l\x81\xad\x1d\x85\x86{\x9b\xd7W\x99W\x04\x87]\x05\x81\x17\x00\x81\x9fB\x81\xd8\x16\x87\xdac\x82\x9f\a\x85J\x00\x83\xec\x01\x84\xe8\t\x8b\x19T\xa5\x90\x02\x80\v\x00\x92s\x02\x8c\x90S\x96\x8e\x00\x90\x85\x03\x85v\x03\x86Ad\x82\xc8\b\x9a\uf10dZ\xf5\x97\xe5\x02\x83L\x01\x8a[\x00\x94\xed\x02\x82\x95\x7f\x00e\x80\xe4X\x80\xd0/\x824\x1b\x87\xfa\x02\x00;\x87\x19\x00\x00<\x89\x03\x03\x00;\x85\xed\x13\x8d\xdd\n\x86틁\xc1\x03\x83:\x00\x92\xdc\x1b\x80\x89\x00\x83\x1e\x00\x92S\x8b\x84\xb2\xed\x828\x00\x80\x94\x01\x84\xbd\x88\x80:\x01\x81j\a\x92c\x00\x88\x9c\x00\x8a*\x15\x87z\a\x907\x00\x81\xb9\t\x87\x15m\x86\xf9\x90\x8f<\v\x83L\x01\x92y\x00\x84Z\x8b\x82\xa2\b\x84A\x00\x81:\x03\x8c\x8e\n\x98\xa4\x02\x82\xf5\x84\x89;\x00\x9c\x10\x14\x84\x8f\x01\x82\x14\x12\x90;\x01\x81\x00U\x84\x04\f\x86z\x00\x83(r\x85\xec\x02\x82\xd7\x00\x81][\x81\x83\x9a\x00a\x81\xc61\x80\x90\x00\x00o\x97\xe4\x00\x81&\x01\x80l\x00\x80\xcaS\x83X\x00\x84`\x01\x87#\f\x86\xec\x00\x84\x13\x00\x85\xa8T\x85\x92\x8d\x91\v\v\x81\"\x15\x82|\x00\x98\xbc\x02\x87b\x00\x86C\x05\x85\xe7C\x85>\x00\x82\x1c\x0f\x87\x19]\x86\x9b\r\x83\xefZ\x00B\x82\x05=\x00A\x80l\x0f\x80}\x04\x86l\x01\x8f\xd8\t\x90\xf5\x00\x91\xe3\t\x92'\x00\x84\x0e\x01\x87\x90]\x98\a\xf3\x8e\xf3\xf8\x8b\x87]\x94\a\x01\x8dk[\x8f\x15\x05\x84l|\x86\x80\x0f\x8fD\x00\x93\x99\a\x858\x00\x8a\xa7\x02\x89\xee\\\x90\x12\xf5\x81t\b\x84}\x01\x83\x0e6\x87>\x00\x85\xf5]\x80a\x02\x80v\xf4\x82\x80\b\x8a\xc7\x00\x88;\x00\x81\xee\x15\x98e\x16\x8b\xe4\x02\x8b\x0e\v\x90\x83!\x8d\xf7\x12\xa0\xcdF\x84\xb1\x11\x91\x01\v\x88\x1a\x13\x84\xfa \x89\xbc\x19\x83\xa8\f\x88[\x10\x83\x11\x00\x8d9\t\xb5\xa8\x1e\xbd\x96\x12\x8f\x95\x12\x80a\x0e\x92H5\x82C\x13\x89\xc5\x14\x850\x16\x83@\x00\x814\x00\x82\x19\x01\x9d\xf6\x10\x80'\x16\x86\xef\x10\x85\x8d8\x84,\x87\x00i\x96\xe3\x01\xb85O\x81\x91\x1f\x83\x17S\x8ch\x1a\xa9\xae\x1c\x80\xb5\x00\x85\xa9\x00\x86f\x1a\x8f\xa6\x1c\x95\xe7\x14\x91\xe6\x1a\x9bM\"\x92L\x0e\x00i\x94H\x0e\x82\x18\x00\x8a\xd5\x11\x92\xa4\b\x8d@\x19\x80\v+\x91\x12\v\x8a\x1d\x10\x8a\xe5\x12\x97!\x12\x8d\x1f\x01\x89h\x11\x8a\xf2\x05\x86\x15\x00\x85\xf4\x05\x86\xff\x01\x83o\x00\x8eB\x01\x83\xc6\x06\x87\xe9\f\x8c\xaa\f\x8c\xd3\x00\x89t\x00\x8d*\v\x8c\xa3\x11\x8ea\x1d\x91\x1b\x17\x834\x1d\x85*\x04\x8eo\x00\x88\x12\x17\x8c\xb3\x1b\x88{\x00\x9f1\x12\x8a\x87\x11\x8a\xb9A\x8c,\x0e\x8e@\x1c\xae\x98y\x96_(\x88\xc4\x0e\x98uA\x83!\x02\x90\x9d\f\x81\n\b\x8an\x01\x85\xf6\x18\x85\xe0\x01\x88\xb2\x06\x8a\xdd\x10\x81\xbc\x94\x80A\x87\x84\x82\x01\x85\xad\x89\x8e\xc2\x05\x8b,s\x8f\v\x17\xa13\x12\x90\x85&\x81.\x04\x00d\x85\xf9\x1b\x81y\x1f\x83\x18\x1b\x8a\x0f\x1b\x88(\x96\x83+\x00\x82\xcc\x02\x89I\x8b\x87\xa8\x15\x88Õ\x83t\x19\x88=\x88\x92&\x00\x85\xc9\x15\x8c\rs\x877\x04\x932\x01\x00{\x852\x01\x82\x92\x00\x836\x01\x95\xc1N\x843\x00\x86!\x96\x86\xc8\x00\x86\xca>\x83F\x00\x822\x17\x87\xb2\x04\x81U\x00\x87\x87\x01\x81X\a\x8d\x86\x01\x90i\x06\xb8\x87\x01\x81Gn\x82\xc9\x06\x81\u0557\x00r\x80\x00\x03\x88\f\x00\x85(!\x9c\x9f\x01\x83C\x00\x85\x9f\x01\x83E\x00\x89\x0e\x00\x84\xf3\x15\x92\xd1\x18\x81#\x01\x00:\x87\xefx\xa3\x87\x01\x86\v\f\x82z\x00\xa2\x87\x01\x86}\x8a\x823\x00\x83\xa6\x18\x9c3\x00\x00[\x87ۗ\x80\xd2\x00\xa2f\x00\x00]\x8a3\x00\xa2f\x00\x86S\x02\x82*\x01\xaeS\x02\x88`\x01\x8a~\x04\x84u\f\x82|\x04\x82$\x00\x87\x16\x1a\x9bb\x02\x99VQ\xa1_S\x82\x8cY\xba[\t\x81C\x00\x87\xf5;\x96\x1cZ\x81i\x00\x8d\x03P\x8c\x15Z\x002\x82\t\x90\x82\x92\x00\x92[\t\x00l\x81d=\x81\x8a\x15\x93\xb8\x98\x81\td\x84났\x9d'\x85IZ\x80]\x17\x00I\x81v\x9f\x86\x88\x9c\x82N \x88X\x00\x8f\xc3Y\x88&\x03\x84R'\x87/\x00\x8aCK\x8a\x94\x06\xa3\xfeS\x82\x96\x00\x93\v\x01\xa5\xcd!\x00p\x80\xdc\xda\xfc\x9dI\x86\x83\x00\x88u-\x9b\x1cZ\x83+\x02\x81c!\x82\x15\x02\x81\x01\x01\xd9\x0eZ\x86\x9a\x02\x81n\x00\xa9\\'\xff\x00Z\xaf\xd2A\x89\x8e\x01\x81\f\x06\x8f\xf2\x02\x81L\x00\x8f0C\x8a|\x03\xac\vJ\x84=\x0f\xa0\xabI\x90\b\x01\x93+\x03\x81\xab\x01\x8eQT\x9b\a\x01\xc9\xd1A\x92n-\x89\xa3\x00\xbb}\x99\x8f,h\x81<\x00\x80}\x04\x85\xc6\a\x95\bh\x88\xdbW\x88\xae\x8b\x821\x02\x81Q\x13\x87b\x17\x98\xf7\x8e\x00&\x86\x1f\x06\x00{\x81\xda\x10\x00:\x85/\x14\x83Y\x8c\x84P\x00\x80\xef\x04\x00:\x88Z\x00\x82\x0f\x00\x80\b\x00\x81\x8bu\x8e\x9d\x00\xa8\x91Q\x86\xaa\x00\x82\xd3\x00\x88dQ\x84\x03\x01\x81\xc0\x00\x82o\x11\x87\xc6\x14\x85߈\x8b\x81\b\x98\xceP\x83\x94\x02\x83\xed\x11\x87E\x00\x82\xfbL\x84\xd7\x03\x8a\x131\x82\x8eh\x8a\x13.\x93M$\x97p1\x88P\x00\x9db1\x87k\x00\x9bc1\x83\xec\x13\x81\xcd\a\x89\t\x01\x84\xb0\x01\x81\x06\x00\x9b\xa7\x01\x80\r\x00\x85g\x06\x00:\x88f\x01\x80\xaf\x10\x83\x1a\x00\x82\xad}\x82(\x00\xa3\xd1}\x86\xf0\x17\x9b\xab\x91\x91\xd9\x03\x87~\x8a\x8b7\xa0\x93#)\x99\xb7\x02\x85\xc7Z\x8d\x7f\x02\x8aL\x00\x93\xbb\x03\x85-\x03\xbb\xb6\x03\x9c$\x90\x81\xb8/\x002\x80\xca\x02\x8c\xc4\x03\x87\xa9\x04\x80k\x0e\x83$\x03\x83\x97\x1e\x83ʙ\x8d\xb0/\x82%\x00\x89z\x98\x89\xc7\"\x8c$\x00\x85n\x98\x94C\b\xd7\xdfh\x82%\x02\x82\x86\x00\x84\xd9\x1c\xa0\xcfh\x9a}\x8f\x80ó\x87\x85\x1e\x96\f\x01\x86l\x00\x8b\xcb\x15\x86{\x8f\x83!.\x81\x97\x02\x8c\xa5.\x86\x114\x87hS\x82G\x00\x88\xf3\x02\x86\x10\x00\x8c\x0e4\x85 L\x88\xda}\x80Q\x00\x00C\x80\x00\xa1\x83\xa4\x92\x82\xc7n\x00A\x88\xc1S\x886\x00\x85\xac\x10\x86C\x93\x9fBמ+\x00\x80⻠'\x00\x88Լ\x9b\f-\x8d\xae\x00\x8a\x80\x11\x88a\xe3\x9a3\x11\x82\xf7\x1d\x80\xc2\x01\x86\xbc\x12\x83)\x00\x95\xddI\x8c[\x13\x860\x00\x94\xd39\x8b\xfd\x12\x95E-\x90\xc9\x00\x88'\x04\x8c\xf6\x11\x81\x1a\x04\x85\xed\xbc\x81\x96䅩\x01\x8e\xf2\x01\x85;\x98\x85\\U\x88\xd7\xfd\x94\xf5\x00\x81[\x00\x84i\xc1\x004\x83\xe6\xfd\x94\xee\x00\x89)\x00\x84.\x14\x8b\xe7\x00\x86!\x00\x80\xa8\xff\x8b\xdc\x00\x8aQ\x00\x9e\x87\x00\x83y标\x00\x83\x92呇\x00\x84Z\xfe\x8e\x88\x00\x88\xcb\x05\x88\xe6+\x83\xa4r\x90\x83\x03\x83I\x84\xaa\x84\x03\x8aL\x00\x9c\xab\v\xfbg\x03\x90f\x03\x84iԉ\xc4\x00\x8a9\x14\x8ed\x03\x97c\x03\x8a\xe6\x01\x9ea\x03\x8a\xeb\x01\x9e_\x03\x8a\x1b\x03\x90)Ր\xc0\x00\x8d\xf3\x01\xa0~\x01\x85\x80\xe1\x87\xe5\x00\x86e\x00\x81\xa6P\x92i\x00\x01op\x81>M\x82\x97\t\x02x08\x82i\xad\x8b\n\x01\x84!\x00\x82 \x00\x80\x96̘\xe9\x03\x83*\x00\x97\xbf\x00\x86T\x00\x89;\x00\x86O\xd2\x005\x85&\x04\x91\xab\x16\x8a*\x00\x00d\x86*\x00\x80\x04\x00\x90B\xc1\x90X\x03\x84.Ȇ\xd4\x01\x01Ab\x80\xba\x9c\x88G\xc1\x89\x17\x01\x84\x81\n\x80#\x00\x808\x01\x82&\x00\x91\x13\t\x96'\a\x00S\x85\xa2|\x8a\x87 \x82\x8f\x0e\x84\x1a\x00\x842R\x8a\xdc}\xa4\xe52\x91F\x01\x80z\t\x8b`֕E\x01\x80\xa0\t\x90)\x00\xa9\xdc\x00\x83\x81\b\x8e\xd9\x00\x82\x17\x00\x8b\bS\xb0\xb93\x99\xdeR\xfc\xf8\x00\x00U\x81ܺ\x93\xce\x15\x821\x00\x82_\xa1\x81b\x9f\x91\x1c\x01\x8e;\x19\x84p\x98\x9a\x10\x01\x84mB\x87\xfb\xbc\x86X\x01\x89\xca\x02\xff3\x01\x9a\x1a\f\x8a\xcf\x11\xa3\xe0\x7f\x01id\x84\xddE\x82R\x00\x9f\xb6\x1e\x83[\v\x8c\x00n\x85\xb1\x1b\x81q\x01\x80Q\x00\x89M\x00\x86J\r\x93\xac\x00\x00T\x80\xd8\x00\xae\xab\x00\x81\r\x01Ū\x00\x86L\x00\x855H\x8eS \x958)\x9a\xa3\x00\x88.\xec\x81\xe1Ƀ\xe9\x00\x842A\x99\xb0\x00\x97-g\x823\x06\x87j\f\x80j\x00\x83\a\x8b\x00e\x8f>\x03\x83\x1b\xbe\x82a\x02\x812\xb5\x8f\x85\f\x80E\x1d\x82A\x03\x00&\x81\x85\f\x83\xfa\xa4\x83\xa1\x8a\x94(\x00\x00|\x81(\x00\x00|\x82(\x00\x80r\x00\x00(\x88\xd2\x00\x80\xa3\x03\x81\n\x80\x80X\b\x01(!\x8b\x17\x00\x80z\x00\x91\x984\x89\x81\x01\x00e\x84T\x81\x84\xabB\x87@\x00\x9c\xe7\x1c\x97\xd3\x01\x01e.\x8b\xf1\xe7\x88S\x00\x87\xd1\x05\x81\x14\x01\x81 \xf5\x84\x96\xa7\x02ski\x84\xc6˖\xa26\x9f\xc3\x00\x86E\x00\x01, \x88\b\x01\x9a\xc8\x00\x98T\x00\x96\xc5\x00\xa1\xff\x1d\x8b1\x14\x85\x98\x00\x97&\b\x86\x84\x00\x844\xc0\x8e#\x03\x95\x87\x00\x8eN\x00\x83\xd2\x05\x90\x91\x02\x98\xcf\x05\x85c\x02\x00!\x8b\xf3\x0f\xa10\x02\x89i\x01\x8f\x84\x15\x8c\b\x06\x80\xca\x00\x9cl\x15\x8b\nɀ\x1c\x87\x02car\x82\b\xfd\x84y\xb6\x88\xdf\x02\x86\x93\x14\x83*\x1f\x86n\x01\x85x8\x91\xc46\x90&\x00\x9b\xa2\x15\x88\x8f\x01\x00O\x8c\xdf\xe6\x01c0\x82\xe6\xf3\x80\t\x00\x001\x84\t\x00\x97p\x04\x02, u\x84A\u0093\x00I\xafR̜\xd2\uf01d\x00\x809\x00\x80\xb6\x14\x86\xfe\x03\x8c:\x01\x95\x02\xef\x82A\x00\x8c\xa3\"\x97\v\xf0\x8c\xf4!\x84v\x00\x00!\xaev\x00\x84M\x00\x9fv\x00\x84\x9f\x00\x91v\x00\x00<\x87v\x00\x80\x92\x01\x89\xfe\x00\x92\x89\x00\x99:\xf0\x8d\xd4\x0e\x93+\x00\x82-\xf0\x84\xf8\x03\x8d:\x0f\xa6o\x00\x84D\x00\xa1o\x00\x88\xb0#\x8c\x01\x01\x8b\xef\x00\xa7w\x01\x83S\x00\xa0w\x01\x83\xa7\x00\x8dS#\xa8i\x00\x83@\x00\xa0i\x00\x8a\xd7%\x88\x1d\x00\x83\x8d\x03\xce-\xf1\xa8\\\xea\x85r\x03\x84\xc9\x17\xa7b\x03\x811\x00\x92\xfc\x00\x82_q\xb5B\x03\x83=\x00\x90V\x00\x83o\x00\xc8\"\x03\x0113\x97\xa4\x02\x80\x10\xbf\xaf\x04\x03\x001\x83[\xac\x93Q\x00\x82\xbf\x00\xbb\xe6\x02\x83D\x00\x92r\x01\x8ds\x01\x9eK\x00\x82\xe0\x00\x92K\x00\x82\x16\x01\x88\x81(\x86\xe2\x05\x814:\x000\x81|'\x81\xac\x00\x87\r\x00\x85\xd4\x01\x84@\x00\x82?\x00\x87\x9c\x01\x00>\x85\x8a\x01\x84\x1f\x00\x80\xe6n\x87\xa3\b\x8d\xae\x01\x84$\x00\x82\a\x00\x00^\x85\xef\x00\x84,\x00\x89\x02\n\x92.\x00\x8c\xb7\x00\xa5\xff\x02\x84E\a\x97V\xf3\x81`\x00\x93Z\r\x9bB\xf4\x868\x00\x8b\xc5\x03\x86o\x03\x80\xfdӃG+\x8aq\x03\x85\xed\x02\x82\x1e\x00\x95@\x03\x87%\x00\x80k\xff\x95\x0f\x03\x8f`\x01\x877\x00\x82T\t\x88\xd0\x00\x87\x1a\x00\x00c\x83\xb2\x00\x95\x9f\x02\x87)\x00\x810-\x87B\x00\x87\x18\x00\x80T\x12\x84.\t\x8c\xb1\x01\x8e\xaf\x01\x83'\x00\xa4_\x02\x87a\x00\x81\xba\x02\x8f`\x02\x87 \x00\x007\x87\x04\x02\x93\x00\x01\x84\x82\x00\x80`\x01\x86\xb4 \x8d\\\x02\x8f[\x02\x85](\x88\xc2\x12\x84\xc1\x12\x80Կ\x84\xeb\x01\xc7\x00ԉ\xb4\xac\x00s\x83\xac\t\x03ison\x81\xda\n\x01s(\x8d\xa1\t\x89\xf5\r\x82\xf2\t\x81\"\x00\x84\xf8\x00\x81;+\x85;\x02\x83\xf6=\x86\x13\x01\x87\x1b\x00\x801\x02\x83\x1a\x00\x81p\x01\x80\r\x00\x87\x1a\x00\x80^\x01\x87\x1a\x00\x01>'\x8b\x9a\x00\x83.\xa2\x87\x9e\x00\x01Is\x85N̥\xd2\x0e\x00e\x8b\xf9\x8f\x83\xd8\x00\x98\xc4\x0e\x80\x04\x00\x87w\x0f\x85\xe6\x00\x8c\xb1\x00\x83S\xb1\x86W\x00\x80\rԅ\x96\x00\x80\xb5\v\x89\xffG\x83\xf1\v\x87k)\x9d.\x00\x835\xfc\x90\xc4\x0f\x852\x00\x8c-\x16\x84c\v\x91\f\x01\x8fc\v\x81\xf6p\x81͜\x88r\x10\x85>\r\x88\xa0\x84\x835\x8b\x80\xe0\x00\x91<\x16\x85q1\x82\xdd\x04\x82b\xfe\xa1)\x00\x8a_ב\xbd\f\x8b\x929\x84\x95\x03\x842\x02\x83\r\x00\x84\x83\x03\x8f\xf9/\x00f\x84\xd7\x00\x80\x99\x01\x002\x88H\x02\x84\x8f\x03\x8f#u\x82\xce\xfa\x82\x1b\x05\x009\x80\xe5\x03\x8e\xe4\x03\x83 \x00\x82\x1f\x00\x80\xe4\x03\x8ea\x00\x89#\x00\x83\b\x00\x82\xe4\x03\x8b\x85\r"
const compilerSourceData0Chunk8 = "\x90\xa2,\x86#;\x82(\xf9\x8e\x032\x80\xdc\x03\x80^8\x00(\x84F\x00\x81\xf5\xc7\x03Visi\x81\x93҂wǂ\xb1\b\x86\x1b\x00\x00D\x81\vc\x85\x01\x00\x80\x95\x00\x88\x1b\x00\x85\xb52\x01Se\x81\xb1\x00\x81^0\x80\xd2G\x88c\x8d\x84x\x1f\x01it\x83\xf5\x19\x917\x02\x86.Y\xa7\xb77\x89 \x00\x81\x12\x00\x80#\x00\x81\xb95\x00s\x85\xf4(\x03ymbo\x84\xef͆\uf8c0w\a\x84\x187\x85w\x9c\x8azK\x81\x19G\x83\\4\x86\\\x8d\x88\\4\x00s\x81\xfa|\x843\xd7\x01OK\x880\xbe\x84W\x01\x8c \x00\x85\x92\a\x85=\x01\x84\x94\x05\x8d&\x00\x87%\x00\x85}\x01\x81%\x00\x84B\"\x88\xff\x8c\x80\x16\x00\x81\xbb\x00\x88[\x8d\x8a\xa6\x06\x8f\x195\x00-\x82\xbc\x00\x86\x05\xbf\x80\x824\x84gȂ\xc1\x82\x88x\x00\x8a\xbf\x01\x93\xa2\x10\x80_\x00\x8a>\x00\x93=\x00\x88\xb9\x00\x89\x88ņ\xba\x00\x87\xa8ņ\x9d;\x845\xb8\x827\x00\x852\xb8\x80-\x00\x89/\xb8\x89\x19!\x8f\"9\x961\xb8\x8c\xd47\x9c\xfbT\x8bR\x00\x82w#\x98\x02U\x90.\x00\x800.\x80\xb8\x00\x03ency\x8dE7\x00a\x854\xa1\x81\xc6T\x83\x1f2\x91+T\x85`\x00\x80\xfd\xad\x840\x14\x88S\x00\x85\x81\x1e\x83\t\x01\x8fQ\x03\x81\x0eH\x85-\x00\x97\xb1\x17\x94\xe67\x00a\x85\xc4\x01\x96\x9e\x00\x84\x91\x00\x85@\x00\x9f\x8e\x00\x80\x88ǂ+\x00\x80\x85Õ\x8e\x00\x83\xe5\x04\x83\x81\x03\x8c*\"\x86\xb5\x17\x85\"\xca\x01.i\x83\á\x17\x00\x81\x9a\x13\x81m\x00\x00i\x80\xfaZ\x00z\x80y7\x84\xcf4\x91S\x06\x86{-\x8d4\x00\x84\x00\x01\x84\xc7}\x80\x97̈\x1d\x00\x00S\x80,\x00\x81\xc3\x00\x85b]\x88r'\x836Q\x80>\a\x84)\x01\x00s\x83k:\x85\xa0\x13\xb6z\x91\x84\xf20\x8a|\x91\x85\xd9\x05\x90h\x9b\x8c\xf9\x06\x89h\x19\x8d\xb2\x1d\x88\xe4X\x87_\x13\x82\xcb\x04\x87\xae\x91\x80{+\x8a\xad\x91\x87\xcd\u008ev-\x83Dԓ%\xc6ն+\x9b\n\x92\xaa\xc3+\x80\x04=\x81\x8eќ\xb3R\x83\xd6\x01\x89y\x04\x82\x95F\x8f٠\x89\x8fP\x86Z\x00\xa0/\x1b\x88\xc0C\x81\xa4\x01\x81E\x04\x86?\x00\x82\xab\x01\x88\xb6R\x86\x87\x9b\x89r\x02\x81\x9d\x00\x8c\U001001b5\x01\x82\x1b\x00\x95FČ\xbd0\x83\x05T\x82\x82\xae\x8a\xd1\x02\x86\x80\x02\x83\x10\x16\x80\xfd\x00\x03mpty\x86\x1f\xf6\x85$\x01\x86W\x02\x9c~\x03\x8fa\x17\x86\x98\b\x8b\x98\x03\x83L\x00\x97!\a\x83F\a\x96\xc8:\x98\xcf\x03\x9aq\b\x97\x86\x96\x86\x1f\b\x83(B\x8f\xc1Ђc\v\x91\x19\x00\x849\b\x94\xe6Y\x81\xf8\x00\x926\x19\x8e\xab\xa7\x8cB\"\x87\x03\x04\x96s\x00\x88=\x00\x90*C\x81z\x00\x87\t\n\x81\x0e\x00\x8cIс?\x01\x82{\x01\x80Ǣ\x80\x05\x8f\x80\x7f\x01\x83\xa4\x04\x00_\x81q\x00\x00_\x82\xbb6\x01_\"\x8d1\x00\x81w\x04\x01ag\x933\x00\x81\xa3\x00\x80\x1c\x00\x805\x00\x8a5Ȁ5\x00\x80\x10F\x02ID(\x80 \x05\x84pњ\x1c5\x80\x18\x04\x81\\\x00\x87\xea>\x8a\xa7\x00\x80b~\x84*,\x83\v\x06\x87\xe9H\x80Q\xc1\x80\xbc\x01\x93\xaa\x00\x81\xbb\x05\x85\xa0\x02\x8c\xbd\x05\x83\xb6\x05\x85\x7f/\x81\xcf)\x98G\x00\x85iE\x8f`\x00\x81\xfb\x01\x84\xba\x00\x88\xb9\x00\x8a%\x00\x80\"\x00\x84\xa0,\x81\n]\x86\xa2\x03\x88\xabI\x83\x7f\x02\x83G\x00\x81q\x02\x802\x00\x92tI\x93\xb4\x00\x848\x00\x81`ˇ\x94\x00\x8b\x8f\x02\x83\xc4n\x84$\x9d\x83\xea\x0f\x83{\x00\x00+\x89z\x00\x00;\x81\x1b\x00\x84\x9e\t\x00a\x80#\xc0\x83\xbc\x10\x83fX\x83\xef\x01\x83\a \x00_\x805\x0e\x01af\x82\xc8o\x80\x1ac\x82\x95\x00\x00a\x85QB\x80/\x00\x03< '0\x83\xd7\x0e\x81o7\x01'9\x82\f\x00\x80\x82\x00\x00>\x80\x15\x13\x84\x01\x00\x8aC\x05\x82\xac<\x82\xcd\x10\x82)-\x03d*10\x80\x98\x00\x81\x92\t\x02ch-\x80K\x00\x8a\x11\x1a\x80\x1f\x00\x002\x80\x1e\x00\x82\f͐\x1c\x04\x87\xa5\b\x92\xfe\x88\x95z\f\x8cl\x05\x83KȈc\x05\x87\x11\x00\x82_ۃK\x01\x80\xed7\x80\x82c\x85\x87Y\x85N\x05\x85\f\n\x809\v\x81!\x00\x83}\n\x93\x95D\x9dR\x05\x85滂n\xa6\x81W\x02\x86\xda\x00\x83\x13\x01\x80\vԂz\xa4\x81\xeaF\x83qԄ\xfa\xe2\x01be\x80\xe8\x01\x81\xa5ԃ\x7f\xe0\x80\xd8\x1d\x00y\x82\xc94\x842\x05\x03. Go\x81,2\x80\x1f\x00\x81GԂI\x00\x88\x1f\x00\x81\xca̓m\n\x80s\xd4\x01 a\x80\xce:\x01ri\x82H\xe2\x00d\x80\xb2\xb0\x80\x8a\x00\x00d\x83\xd8Ԁ3\x00\x82\xc8\xd4\x00f\x80\xaf\x94\x80ZԒ\xf3ҙ䚒\xe2\x9a\x00s\x8c\x80A\x82.\v\x92\xef\v\x84:\n\x83\xb4\xd2\x00b\x80\xc4$\x82h\xa3\x80\\\x06\x86J\n\x81\x92M\x82&&\x80欄f܉\xf9\xac\x83\x13\x00\x84\xda\x03\x93\xf6\xac\x8a\xd5\t\x86'/\x88\xde\t\x85\xfa\xac\x80\b\x00\x82-1\x97e\xa3\x89\x7f\a\x82\x93\x00\x88\xb7\x00\x96-\xa3\x9b$\x02\x89%\x02\x82\x8d\x13\x85!\x02\x82\xdd\n\x84h\b\x85J\x00\x83\x90\v\xa8\xa5\x01\x80{\x00\x8c\xa2\x01\x8cSC\x83\x9b\x01\x9a%\f\x00i\x99\x1c\f\x952\x03\x81\x7f\r\x81g0\x86_\x03\x8f\xd7\x10\x8d\xf6\x03\x91#\x03\xa5ޝ\x93\xa7\x12\x81\xafC\x81\x86\v\x81C\x03\x01Im\x80\xcb\x05\x83\x96\x05\xa8#*\x8c\xa4J\xc3\x01\x9e\x84\x1f\x03\x8f\x84\x01\x8dt\a\x9f\x9b\f\x80U\x84\x86I\x02\x91m\b\x80,\x03\x89\a\xab\x90\xb4\x00\x829!\x81\xdc\x00\x00j\x84\xdc\x00\x00j\x86\xdc\x00\x90H\t\x80\x1f\x00\x85B6\x92p\x00\x01[j\x81H\x8f\x82\f\x06\x89\xce\"\x85/\x02\x90\xf6\x01\x8c\xf4\x02\x98\x02\n\x8bUf\x96\xe6\xfb\x85\x12Ö\v\n\x8cU\xa1\x83\xea\t\x92\xb0\x01\x85\xea0\x89\xa5\x8a\xa9\x9d\x01\x83\x9d\n\x81PJ\x8eq\x00\x80?\r\x84\x95\x00\x90\x00\x05\x8eX\x04\x80\xb3\x1a\x99\xbe\n\x81\x9d\x00\x85\x18\x00\x85>\x00\x81.\x00\x83\\\x13\x8e\x1c؈\x1b\x00\x89\x13\t\x82\x12\x00\x825\x04\x80\x1f\x05\x00i\x8b\x18\x05\x86\x82O\x809\x05\x82碇q\x00\x81\x8d6\x85\f\x00\x00,\x80\xdc\x00\x82\x9f\x16\x80\x8c\x06\x83O\x03\x82x\x00\x81_\x00\x80\xd2\x01\x01kT\x82\x81\x06\x83\x8c\x00\x00s\x82\x99\x04\x82\x0f\xd9\x01af\x81\x89\x06\x81\x86\x06\x83\x17䂍\x06\x01's\x80-\r\x80 \x00\x802\x00\x81N\x00\x81y\n\x03s. E\x80Tメ~\x82\b{\x80\x9e\xe4\x80\xfc\x06\x81\x06\t\x81Y\x00\x00s\x82\xc2\x00\x02 ID\x805\x02\x80\xfb\x02\x02BSS\x85Vȃ\x11\x00\x82*\xe6\x81M\x00\x82mۃ\xc8\x00\x81-%\x81z\x00\x84)\x00\x80\xec\x00\x82\x0f\x00\x88I\a\x00-\x85\xe0\xe7\x81\x05\xeb\x06flag. T\x80\"\x00\x01ou\x81\x16܁\xe4\xe6\x02NVI\x80%\t\x80.\xc5\x02sum\x81\x1eՁ~惛惗\x00\x01to\x80e\x04\x81\xe4ۀu@\x00h\x84\xb3\xe6\x02ecu\x82\x1d\x00\x00.\x89\xf3\u070f,\x01\x00(\x80f\x00\x86v\v\x8aG\xf6\x83\x15\x00\x8d\xfc\x02\x84\xed\"\x83\x00\x1a\x88\xe7\x01\x8e\xf5\x02\x81\xbf\x00\x82\x88\x02\x80e\x02\x89\xe2\f\x80\xbd\f\x84\xec/\x95\x01ۋX\x00\x8c\xf2\x04\x8a\x1d\x00\x83\xf0\x04\x81\xc2\x00\x85`\x00\x82\xe1\x00\x80\x84\x1a\x80\x14\x00\x82\x1c\x10\x82\x17\x10\x96!\x00\x80\x9b\x00\x01+s\x84Ng\x9a)\x00\x01s.\x85 \a\x9cL\x00\x87\xa9\x02\x83{\t\x96/\x00\x8f\xe9\x00\x801\x00\x83.\x00\x84J\x03\x82'\x00\x01'R\x819(\x00P\x81\x05\x00\x00L\x81\x05\x00\x001\x81\xe6\n\x88a\x01\x8e\xa8\x19\x93W\n\x8f\xe5\x06\x94\xeb\x0e\x8d^\x90\xae\xc9\x06\x86J\f\xa7z1\x87\x1a\x10\x86l\x1e\x81\xca\x00\x83z\x1c\x06a9bf7bf\x88\xa7\xb9\x90%\x00\x009\x811\f\x003\x85%\x00\x87\xff&\x87,\x00\x88\r\x01\x87\x97m\xa1\xf01\x87\x9d\x00\x82=\x1f\x87t\x00\x06e92d480\x88\xa7/\x82!\x00\x80\f9\x818\xfc\x88\xff\xfd\x80\x18\x00\x80\x0f\x00\x00F\x81'\x12\x87\x0f\x00\x00S\x84\x86M\x88\xac\x00\x82?\x00\x8f\xa8\x00\x8b?\f\x9dx\x1d\x80\xf10\x81\x01\x00\x00c\x81m0\x85N\t\x86A\x00\x9e.\x02\x82S\t\x8f \a\x88\x83\x00\x9a\xbf\x97\x9b\x86\x1b\x90\xa7\xfb\x83,\xbf\x86\xeb\x10\xbe7\x02\x82\xa4\x00\x82\xca\x00\x86\xe7\x10\x87\xbc\x00\x82&Յ\x9b\r\x8fu$\xb0\r\x02\xb9o\x00\x88T\x01\x90\xbc\a\x82\x1e\x00\x876\x05\x81\xef\v\x84t\xae\x87T\x00\x84\x18\x85\x85L\x00\x807\x0f\x80\x9d}\x002\x83K\x00\x83\x12\x00\x00=\x83\x12\x00\x82R\x00\x83\x98\a\x819\x02\x00[\x87{\x00\x80\xf1Z\x80%\x00\x81\xe7\x05\x00(\x832\x00\x03& 25\x81\x196\x93.\x00\x002\x86.\x00\x84/\x00\x03>> 8\x80;\x11\x835\x00\x8d~)\x90/\x14\x90j;\x81\x1c\x00\x85\xa9S\x82\x10\b\x96c\x02\x8a\x9b\x04\x9b\x17\xb6\x86V\x00\x85%\x03\x88\x18\xb6\x9f\xa0\x85\x81\x89\xa0\x82\x99\x85\x81}\x11\x85.\x00\x00<\x849r\x86\x11\x00\x823\t\x81\xdf\x06\x80\x8f\x01\x81,K\x84S\x00\x033276\x80\x19\x00\x84\x16\x00\xa4}\t\x88D\x00\x8e>s\x88\n5\x87U\x00\x88\xfd\x03\x90\x9b5\x83\x8d\x15\x8cH\x00\x84S6\x8ee\x80\x8e;\x00\x00+\x83<\x04\x91=\x00\x88\xa8\x00\x00/\x88k\x85\x9cP\x00\x81\xa7\x02\x8ez\x04\x84.Q\x87\x10@\x92\x9a\u0380\xbc \x8fQ!\x00p\x89B\xec\x83\x16\x83\x81\xb6 \x8f)\x00\x82\x17\x00\x88'\x00\x80W\x05\x80\xda\x03\x87n\x02\x87\x04?\x8ao\x1e\x8ai\x02\x8ax@\x92\xf7X\x86U\x00\x83\x14R\x97E-\x84\xfa\xb8\x88\xbe\x00\x99P-\x9aO3\x86\xb9\x17\x8e\x8a\x99\x89\xfc@\x85\xf7@\x81z\n\xae\xa1k\x92\xd6\x01\x86Y;\x87S\x00\x8d\xc8\x06\x85\x88N\x83\x8aj\x01oS\x80\xe2\x05\x80[\x1c\x00m\x82b\x00\x83\x95/\x87\x97\x01\x89>\x01\x8cT\x00\x88\xd2 \x95*v\x98K4\x86a\x06\x875\x17\x8d\xb7\xb5\x85\x10y\x814\x83\x81.\x00\x83\xe9#\x81U\x1e\x84\r\x04\x91\xe1Ѐ)\x8b\x80!\x00\x81\xab\t\x95\x9d\x00\x8a\xfd\x01\x92kƐ\x06\x01\x87`Ɩ\\/\x8d\xfd9\x8ah\x00\x82p\x01\x8c\x9a#\x80\xf2.\x8b\x0f\x02\x8e\xe9T\x00F\x80\xfe\f\x02t64\x9cy\x00\x03Norm\x82\xa7\f\x84`\x00\x85\xca\x00\x80;\x01\x82\xb7\x00\x8a\xa3\x00\x93\x86\x01\x99>\xb7\xbe\x87\x01\x8a\xf1\x11\x85\x15\x0e\x88 K\x80\xa1$\x81`S\x00L\x83\xeb\x13\x80\xf2耴\xb1\x00s\x80\xa0\r\x83\x17\x00\x84!\x01\x82IX\x03 who\x80s\x17\x81>w\x80\xff3\x81\a\x1f\x81P\x00\x02nee\x80J\x0e\x80a\xe9\x84\xc0\r\x01. \x81\xec\xed\x80[\x0e\x00a\x80\x19\x0e\x81k\r\x880\x00\x01 w\x80\x8d[\x81Z\xe9\x81\"#\x83\xe8\r\x80Q\x00\x80\xe4\f\x00m\x80T钾K\x8a\x9e\x00\xa2\xbcK\x8c\xb5\x04\x85\x15\x19\x89\xf64\x8dB\x16\x8a\xd1\x04\x80\x81ע\x02B\x80(\x00\x89g\x02\x8c\x95\x1d\x01OK\x81!\x00\x87X\xa3\x87\x18҇\xbb\x96\x89X\x02\x84\xdcu\x00h\x804\x1f\x85[H\x80\xca\n\x80\x10\x00\x83\x8d5\x81R\xea\x808\f\x80\x10\x00\x81\xee\x1d\x82\xaf\x00\x86\x1c\x00\x00[\x856\x00\x83\xae5\x84$\x00\x99\xea9\x84\xb8\x0f\x83\x13 \x8e\xb9\x05\x9f\xe3p\x82\xda\x00\x85h\x00\x82@'\x8d\xbb\x1e\x86b\x00\x81\x19\x00\x81\n\a\x8a\x06T\x8fn\x00\x860\x00\x86\xf4\x8d\x89N\x00\x85A\x00\x84\xca\x15\x87^\x00\x98n\x9c\x98$\x00\x82p\t\x890c\x80\x14\x00\x81Q\x03\x80\xe2\x1d\x82]\x03\x81\xb7 \x85s\x00\x89\xdbʍg\x19\x8e*\t\xa4\x9c\x03\x8b\\\x00\xb6\x80\x06\x8cG\a\x92\xb0;\x85\xaa\x01\x90\xb0;\x86\xc7\x00\xaa\xc8\x06\x9eZ\x06\xac[\x06\x89\xab\x8f\x953\x06\x85\xdcݒ\x93\x03\x8a)\x02\x80)\x00\x840\x00\x9f2!\x82\x95݉\rI\x879K\x89\x8c߆L\x00\x84\xe5钺\b\x82L\x00\x85*\x00\x9cg\x01\x8e\xa6@\x8a\xc8\x01\x9b\xa5\x06\x9c[\x00\x98\x8b\x06\x8et\x02\x89\xa7\x01\x8f\x8fs\x93\xf7\x01\xa4\xa8\x06\x8b\xd4\x01\x82\xab\x00\x89\xbdߓ\x9e\x04\xb3d?\xa1\xe0\x02\x81s\x00\x99ꠧ\xf0\x04\x86\xd3u\x8d\t\x06\x89M\xcf\xc0M\n\x9e\x90\x01\xac\x10\x03\x98\xa5\x06\x9e\x06\x03\x94r\x02\x8c\xa9\x06\x80\x10\x00\x8a\xa9\x06\x85\xeb\x01\xa2\x9e\x9c\x89\xb7(\x90\xa2L\x82\xc8H\x81\xab\v\x81͝\x89\xf5\x06\x86\x7f\x06\x84R\x1b\x89\xa5ǃ\xdaH\x8b\xa0k\x83\x8fY\x01on\x80\xe8\x1d\x03Pair\x8a\xcdv\x8a\xe3\x01\x93\xd1\x03\x8a\x05\x01\x8b\x11;\x83wY\x82\xbf\x90\x81P\x00\x8b\x13Y\xa1b\x03\x8a$\n\x83\xb8t\x81N\x00\x8b\xb1?\x84\xf4B\x88T\x03\x85\xe0\x02\xb1\x86\x06\x8d\x9f\x01\xb5\x15\x04\xa3\xe8\x05\x84\xa5\x00\x9a\xe7\x05\x95\x18\x0e\xc7^\x05\xa2\b\f\x9a\xb8\x02\x8a\x14\f\xb1\x89\x05\xc5w\x01\xa4\x8c\x05\x8ax\x01\xa4\x8b\x05\x98L=\x854\x00\x8b\x1eC\x80\x16\x00\x8a\xe0\t\xa2G\x05\xff\xd8\a\x90\xee{\x94z\x11\x90\xf3\n\x8c\x97\x02\x82\x1d\x00\x84\xa7\x0f\x93\xae\a\x87$\x02\x89\a\x18\x86\xff\v\x94:\xa9\x85\tP\xbe\xad\x80\x8d\xf4\f\x8a\x11\r\x893\x00\x84!0\x89\x13\x00\x81\x8c\x17\x8b^\x14\x81\x9cR\x82պ\x80\x15\x00\x00p\x81\x0e\x02\x00s\x82C\xf5\x84@0\x85\xf7*\x8a\xfa\f\x85\xd8ł\xd8R\x81\xdf\x04\x00d\x81\xa3,\x81\x1d\x00\x85h\xf3\x81\xaa$\x86Z\x00\x00[\x86J\x00\x80\av\x82B\x15\x8c\x95\x83\x82]\x00\x86\x12\x00\x8a\x87\x83\x86\x1b\x00\x82@/\x81-`\x87\x92\x00\x85\x9f\x00\x00+\x90\x8e\x00\x81\\\f\x93\xab\xac\x86h܅\xaf\x00\x8b: \x82\xda,\x8b\xbf\x00\x85v\x00\x02])&\x80\xbc\x00\x890\x00\x87uO\x89\x02S\x85\x1e\x00\x8b1\x80\x85=\x01\x00+\x82\xeaJ\x87\x06S\x85.\x00\x89(\x80\x8a,\x00\x89\xab`\x90\xb4\x00\xb1\x84\x00\xa7\x82\x00\x83\x9f\x12\xabr\xa6\x95\x10녉\x10\x87\xc3Z\x8ad\xa6\x82\xbb\x03\x89\x94\xa6\x86\xb4\x04\x83\x80\xf5\x8cܽ\x85P\x10\x88\xdd\x03\x89+\x04\x81\xda\x17\x81\x9cց\x93\xb9\x88|\xbf\x81\t\x1a\x83\x17\x00\x82A\x06\x80\x1c\x00\x81tև\xf1x\x89@\x00\x81*\x19\x87C\x00\x8c\xe0\xc0\x89\x1b\x00\x80A_\x86\xd0=\x8a\xd2U\x894\x03\x84^\x05\x8b\xf5\x02\x87\xe2\xec\x82\xcb\"\x96\xb1\x02\x82H㓱\x02\x83\x9a\x04\x85Z\x00\x86\xe6\xea\x81\x01\x03\x82&\x00\x80\x037\x8e\x84\xa7\x85.\x00\x8a\xe2\x04\x8587\x911\x00\x96\x82\x05\x87\x95\x01\x81[\x01\x80@\x8a\x01ti\x8boߖE\x05\x8d\nD\x97:\x01\x82\x03\x10\x8a;\x02\x83\x87\x01\x86\xc0\xeb\x8bh\x05\x8di\x12\x91\xdb\x01\x83V\x16\x82A\x00\x8e\xd24\x84\x18\x00\x82\xd5\x01\xa4\x9f\x00\x8f^\a\x8d\x9c\x16\x81\xc48\x87\xc2\x01\x88\xcc'\x86\xde\n\x87a\x00\x85\x0e\x85\x88\x06\x04\x85>\x02\xa3d\a\x83\xd0\x12\x86:\x17\xb5\xd0\x12\x9e\xc4\x12\x83\x91\r\x9a\xc6\x12\xb7R\b\xa4\x01\x13\xd5\x03\x13\x98\x05\x13\xb4\a\x13\x97\t\x13\xb5j\x0e\x83^,\x8b\x1e\x13\x8dj\xa4\x83$\x01\x8b<\v\x85\t\xa4\x84\x87\x0f\x94\x15\t\x85\x0e\x00\x84\xc5\x17\x85\xd54\x8f\xbc(\x85C\r\xa3U\x12\x88'\x00\x97\x00\xa3\xacF\x0f\x8a\x7fA\x97\x10\x01\x83R\x14\x81\x86-\x97$\x00\x83\xc1\xb0\x916\x01\xa8\x98\x13\xa1$\x01\xa0\xa4\x13\x8d{B\x8eT\x00\x83S\x00\x9a|\v\x92~\vȀ\v\x8fZ\x13\x9b\xad\x00\x89\x883\x81\f\x05\x81\x95\xe2\x80\xf5\f\x00o\x80M\x01\x8c\xa9\x15\x89\x7fT\x8a\xf1\x0e\x81\xb0\x01\x82\r=\x8aI\x00\x02IsW\x80\xfa\t\x95\xf1\x15\xa7\xb9\x1b\x8b\v\f\x8b\xc7\x03\x90\xa1\x01\x85\xd5\x00\x9d\n\x1b\x8bW\x00\x9a\xa3\x00\x92\xf4j\xac\x14\x14\xac\xb4\x10\xd9\xc0\x1a\x8b\x9c\x00\x85o\x00\x8f\x9cX\xa3\xdd\x13\x84O\x06\x87j\x11\x93\xbb\x13\xcb\x16\x0f\xffd\x03\xaad\x03\x80+\x00\x86\x96\a\x86\xcf\x13\x00[\x85A\x00\x82\x96\a\x9f\xd6\x13\x86ɵ\x95F\x01\x82\xb5ڈ!\x00\x80\xdf\x1e\x84\x1b\xfc\x84\x1f@\x8b\xc2\x13\x85\x17\xec\x85\n\x03\x87o\a\x87\x98=\x81(\x00\x83<(\x95\xb6\x03\x83\x1e\x00\x83\a\n\x80<\x0f\x81\x9c=\x87\xe2\t\x82[\x00\x8a\xe7\t\x87C\x03\x8bG\x00\xc7\x19\x10\x86\xbf\x02\xa2\x12\x17\x87.l\x8f\xff\x04\x8eO\x12\xb7\x02\x05\x8eK\x00\xff\xc7\x02\xff\xc7\x02\xff\xc7\x02\xbe\xc7\x02\xbaM\x19\x96h\x01\xb5}\n\xac\xa3\t\xb3\x81\a\x87s\x03\x8bO\x00\xa7t\x03\x83\xfd\x00\xd3;\x01\x85\x03\x01\x826\x18\x8d\xe8\n\xaf\xd1\x06\x9a\xd2\x06\xff\xbd\x03\xac\xe8\t\xab\x13\t\x8f\xff\x04\xbe\x16\t\x91\xa1\x17\x8b\xa0\x19\x90\xb3\x01Ł\x19\xb9\xe0\x17\x92!\t\x86\x8b\x10\x85\xba\x13\x80$;\x8b\x84\xf9\x91\xb2G\x86\xe7\x13\x88-\x00\x88r\x89\x93\xc0:\x8dʘ\x82\xdc\x04\x01'_\x86\x88L\x88\xa6\x13\x8d\x1b\x16\x93\xbb\x84\x91\xab'\x8f\t\x12\xd9\x05m\x9dD\x18\xa2LA\x80\xc7ہ\xe8U\xa1\xd0\x10\x91G\xf4\x89?\x00\x87w\x12\x84\x16\x00\x9f\x82\x05\x88?\x00\x85\xe3\n\x8bM\x05\x87z\x13\x8c\xaaA\x8ac\x00\x8c\x04\x1d\x8cc\x02\x8e\xa7\x05\x96^v\xaedg\x9e\x1f\x15\x98\xdd\x1e\x9d\xc6\x01\x98U9\x84\xa3;\x00s\x82H\x01\x86z\x15\xad\x18\x18\x9c\x9c\xf4\x82\xb7E\x9crg\x95ʛ\x8b\xa1\x00\x81\xc9\x00\x85I\xb1\x85[\x1a\x8dQd\x82Cׁ\b߂m\a\x90\x18\x00\x85\xa2\x02\x85D\x96\x968\x18\x88\x05\r\x00S\x80\xa6\x1e\x00l\x80I\xfb\x01ar\x91\x88\x18\x82\x02\x04\x00.\x82'L\x86B\x00\x8b\x96\x99\x86-\x00\x80\xa4\xa1\x8ae\x00\x84\xbe\x14\xa1휆\x8c\x00\x93\xb7\x18\x87!\x00\x92\xac\x18\x84g\x03\x98Ŝ\x8a\x19H\x81)\x01\x8a \x9b\x9b~\x00\x00+\x82;q\x866\x00\x8aś\x94\xbf\x19\x872\x00\x8c\xde\x03\x83T\xf3\x00F\x87\x1a\x00\x81\xfd\x00\x92\x00\x9d\x82sD\x8b\xab\x00\x88\x10\x00\x88\xa7H\x88f\x00\x9e\xf6\x00\x82\x1f\x02\x8f\x8b\x00\x85\xbc\x04\xbf\x89\x00\x83a\x00\x8dZ\x17\x8e\x88\x00\x89\xbf\x02\x86wG\x92T\xb4\x00-\x89\xe1\x00\x89\"\x03\x8dH\x00\x86IN\x8b\v\x01\x96^\x19\x84R\x18\x8aa\x19\x91k?\x8a\x83\x03\x88\xc0\x02\x8d\xd3g\x93HJ\x82L\x1a\x92\xcag\x8e\xdf\b\x82\x88\x05\x88\xf7\x13\x82\r\x01\x8ar\x06\x84\x85\v\x84W\x00\xb3\xce\x04\x83|\x00\x81\x8c~\x84\xc8\x02\x86Z\x05\x85\xbe\t\x98\xe4\a\x84\x99\t\x85>\x00\x853v\x82\x8a\x05\x8b\x03\n\x8c\x0f\x03\x80\xf7\x00\x855\x00\x88D\x00\x83f\x84\x8b\xc5\a\x88!\v\x8a)\xec\x89e\x04\x84K\x00\x841\x16\x80n\x00\x87M\x00\x82l~\x87c\a\x8aG\x01\x83\f\x90\x87(\x00\x83!\x00\x83\xb3\x00\x87G\x16\x9b\xaa\x06\x81p\x00\x81\xf8\a\x80\xfaA\xa5\r\b\x81A\x19\x85\x91a\x00)\x80#L\x86\xb6\x00\x8aI\x00\x96\xb4\x00\x89&\x00\x8a\xb2\x00\x89\r\r\x98\xa1\x06\x85\a\r\xc1\xb6\x00\x99\xb5\x00\x9a\xb4\x00\x87\xad\x00\x86\xc0\x03\x85\xed\b\x82\xc1\b\x9aW\xa2\x86Z\x00\x81\x85\x00\x90\x98\x1b\x92\xa7\x02\x8dx\x03\x8c\xc7n\x9244\x93\xba\v\x94\fj\x8eFX\x813/\x82\xc8\x00\x89\x14o\x87x;\x90\xd0\x03\x82.\x00\x82\xa0\x18\x932\x00\x8e#\b\x80\xad\x04\x8e?\x05\x81Q\x04\x85\x9c\a\x87\x98o\x00T\x81\xf7{\x82\xfc<\x85\x99o\x83M\x0f\x91`\x01\x8fO\t\x83\xd1\x00\x80TS\x93\xe9o\x86\x9f\xe4\x86\xf8>\x8f34\x87\xb5\x01\x87\x19\r\x8f\x9dk\x98Np\x88\b\x01\x8c\xa2\n\x87\xe6f\x89\b\f\x8a\xb1\x02\x83\xa7\x1c\x88\f5\x8eC\x05\x96 \x02\x885\x00\x8e\xee\x05\x85!\x03\x92\xec\x05\x87C\x04\x8e\xa4\x01\x93]\x00\x861\a\x8a\xdbR\x8f\x80\x00\x9b'\x02\x80\b\x01\x833\x00\xa0s\x10\x88\xc85\x8c58\x8aB\x00\x80\x1d\x00\x00t\x81@\x02\x87\x99\x01\x82i$\x8d\xc7\x06\x98\x8e\x02\x8e\xb7\x02\x99\x9f\x02\x89 5\x9d\xa0\x02\x84<\xa7\x86\x95\x00\x83F\x02\x81\x0e\x00\x83\xd8\x05\x00{\x83\x1d\x04\x8d\xbf\x00\x86\x88\n\x83\x0f\x00\x85.\x12\x80\xe1K\x88\x8d\xe1\x92\xe8\f\x91\xc0\a\x98\xf9\x00\x00!\x8f\xd4\v\xa6\xe9\x02\x83n\x00\x9d\xcb\x05\x9bOt\x85\xd3\x0e\x98\xef\x14\xa8\xec\x14\x8c\x1bk\x96\xe8\x14\x8b\xf4\x11\x81z\x15\x8ff\xa2\x81\x1f\x00\x8cu\x10\x80\x89\x03\x80t\x10\x80\xc8\x00\x80\x8f\x00\x81\x13\x12\x81j\x00\x82E\x8e\x80A\xf0\x87\xba\x16\x90'\t\x8c\x82\x14\x81q\x00\x86~\x14\x878\x04\x86+\x06\xa3~\x15\x81\xa6\x00\x8c\t!\xa9\xfd\x01\x87\t\x06\xa2\xd5\x04\x91\xd0\x04\x82\xc5\x1e\x8e\xf0\"\x81\xcf\x02\x8a\x9f\x03\x96\x8a-\x8f\xb2\x7f\x92\x84-\x83^\n\x81w:\x97U\x14\x8a\x90\x14\x843\xf3\x824\x00\x9fx\x11\x84\x03:\x98e\"\x843\x02\x87O\x00\x8e\x981\x9b\xe8-\x83\xa6 \x85>\x00\xa9\xfd\x86\x97\x16\b\x8cS\x02\x83ﰔ\x06r\x93er\x9a\x1c\xa5\x853\a\x83\b\x00\x00-\x83xu\x84\xcb\x02\x8d\r\x13\x00m\x82\x17\x1a\x00O\x82a\x11\x8c\x95{\x9e\xd7\x01\x86<\x00\x82\x19r\x0114\x81\xa6a\x8fƃ\x90G\x00\x82Ry\x93G\x00\x0129\xa7G\x00\x82,l\x94G\x00\xa8\x8e\x00\x82Kl\x94\xd5\x00\xa8\x8e\x00\x00^\x97G\x00\x003\x84\x8e\x00\x84\xe6\x03\x9d\x19A\x85\x87]\x86D\x00\x86\xc1]\xa8\x1d\x06\x87\x82\b\x88WW\x88\x94\a\x91M\x05\x91A\x17\x8d\x8fU\x8f\x1e\x04\xa4=\x05\x80\xa2\x00\x81}\x19\x88\xa0\x02\x85\xe0\x00\x83\xc6w\x88Ew\xa8\xaf\t\x8f\xd2\x02\x9f\x8d\v\x9f<v\x91\x10q\x91\xd8y\x8dc\x05\x84\xed\v\x9a\xa90\xbbf\x01\x95\xfeV\xc3\xcb0\x9d\xfc\x05\x92\xce0\x91\x8c\x00\x980\x19\x91\xdc\x00\xa2\xb7\x01\xb1(\r\x95\x03%\x8b\xf9\f\x97d\a\xc1:\f\x92\xda\x00\x92/\xac\x93\xa5\x03\x8b>\x02\xc3X\xab\x9at\x06\xb1\xc1\x00\x88\xebX\x9b\xc0\x00\x93\xb1\t\xad\xbf\x00\x85\x02E\xb8\xbe\x00\x87#!\x82\x80\x01\x80\x9f\x14\x90\xc0\x00\x81G\x9a\x9c\x14\x03\x8a\xf4\x99\xb3J!\x91\x13\x03\x83\n\x01\xa3X[\x8ak\r\x90\xf7\x03\x96\xb3\x19\xa1][\x93\xbb\x9e\x90\xe4\r\x83\xa3\x01\x9f\x87[\x8biy\x85\bL\x9d\xb7\x01\x89\xd7\x06\x9f\xd9\x00\x84\x97\x03\x85\x80\x02\x97\xe1\x03\x90\xc0\r\x85\x8e~\x82\x0e\x00\x86Z줧\x10\x88:\x00\x84\xf6\xb6\x94\xf0\x04Ρ\x10\xc7e\x06\x91\xe2\x1d\x93\x9c\x05\xa7\x9b\x05\x90\x80r\x9c\x99\x05\xff\xb7\x01ѷ\x01\x87\xc35\x93.\x98\x92\xb0\"\xad\x8dx\x85\xba\x9d\x88t#\x9e\x97x\xa4j\x04\x85\xaa\xa2\x9ab\x04\x83\xc7x\x8c\\\x04\x96\x11E\x98\x81\xa2\x8a\x8f#\x91_\x04\x8d \xfb\x89h\x04\x852\x14\x86\xb4\x04\x8c9\xff\x98\xebD\x90\xbe3\x86\xeaD\x80\x10\x00\x03Spec\x85\xdeD\x80\xc3\x05\x80g\x10\x80\xaa\x02\x80닀\x95\xfe\x802\xb9\x81\x92\x11\x81\xb1D\x81R\x00\x805\x11\x80\xab\x06\x80?\xe2\x81\x0e\x18\x80\xed\x04\x00u\x80\xec\v\x80\xd3D\x00\"\x81Og\x82~\x10\x81Bh\x821l\x80\xa1\x01\x03\". I\x81\xfb]\x81\x97\x00\x01s \x80\xc8R\x00o\x80d\x00\x809f\x80\xf6D\x81L\x00\x80\xde\x0e\x83k\x9e\x01 i\x83\x15E\x83N\x00\x84\x00\x13\x820E\x80r\x02\x81)E\x80\x7f^\x02ucc\x82ES\x81-S\x01-1\x82PZ\x80\xf6\x90\x01mi\x82;\x0f\x81N\x00\x03fail\x81&\x9b\x8d\xc1N\x91\xb84\xb6FE\x8ci\x02\x84[8\x92\xc4\xf3\x8a\x92=\x88]\x1a\x95\x9f\xb7\x87\xec\x0f\x85!\x00\x82X7\x88j\x02\x83/5\x88~\x1a\x8aA\x1a\x9e~\x19\x87y\x1a\x88\xb6\x1a\x80Q\x00\x81\x11\x03\x82\x9f\x8c\x97$\xb1\x81\xb9\x96\x80\"\x8e\x8f\xd38\x86ʚ\x84\x98\x06\x81%\x00\x80M\x05\x85k\x00\x93\xef\x00\x80%\x00\x95\xa5\xa0\x85\xe8\x00\x82^\x04\x88\x99\x00\x86\xf4R\x87\x14\x00\x82H\x00\x81\x8a\x04\xa0'\x00\x83>8\x81\t\x00\x81\xe95\x9b\xa8\x00\x87\x7f#\x82\xa8\x00\x87_\x97\x89o\xb1\x84K\x00\x84>\x01\x86\\\xe6\x81G\x17\x87{\x00\x02) /\x81\xfcj\x84O$\x83%\x00\x84\x94\u074c\x80\x00\x92\xe5\x01\x96\xe1\x1b\x88:\x9a\x82\xa3\x00\x87\xd2\x1b\x8f\xce\x1b\x82N\x1e\x81\xf5\t\x87\x17\x00\x85<\x9a\x90}\x00\x849!\x81\xcd\x03\x81y\x04\x00s\x80\xe3U\x80\xf9\x02\xa0\\\x02\x82\x96&\x9e\xc5ޜN$\x88\xc4ށ\x8a'\x01/2\x81\xa6\x00\x87;\x01\x89#\x02\x86q>\x83\xa7\x00\x94\xb7\x02\x86<\x00\x81a\x00\x80#\x04\x81\xb3\x16\x00u\x87\xe4^\x89\xaa^\x84\xe9^\x82\x01X\x01ew\x82v\x00\x80\xadW\x82\xaf\x9f\x82\x18\xad\x82x\x04\x83%\x00\x83L\x00\x83\xcc\x00\x85\x14_\x88\xe3I\x81\x9bW\x80\xd0\x04\x81\xd6\x13\x02erv\x80F\x00\x01Go\x80HX\x84e\x05\x87M\x00\x83F\x00\x81\x88\x13\x03-to-\x83\xa0N\x00m\x81\t8\x00-\x87qJ\x81А\x00a\x80\x8d\x05\x00c\x80\x1dJ\x83![\x89\nW\x86\xde\x00\x87\x01W\x9a\v&\x90\f&\xab\r&\x80\x95\x01\x02[i*\x81bބ\n\x00\x84\x0f\xad\x94\n&\x8a\xac\x01\x83=\x11\x81\xae\x01\x9c\x8e\a\x88\xbd\x02\x85\\\x00\xa9Zg\x97\xabB\x85*\x02\x84\"\x04\x82\x0f\x00\x844\x00\x86\xca\b\x83\xdf\b\x97\b\x05\x89Q\x02\xa0\x8f\x01\x84\xb2l\x87\x12\x04\x82?\x01\x84\xb3\x04\x98bl\x80\xd7\x00\xa0Zl\x88&\x00\x87F%\x84\xf3\x14\x857\x00\x84A\x03\x85\xc0(\x85\xad:\xa5\xc0(\x81\xa8p\x84\xc0(\xb1|\x1e\x8f\xcf\x01\x81\x8a\x01\x85e\x01\x87\xc8X\x83\x11\x00\x8e\xcd\x19\x9c\xa5\x1e\xa1\x10\x03\x86\xd3\"\x81\nZ\x89r\x1f\x82\xc5\x00\x98u\x1e\x85ز\x8d\x9e\f\x84\x95g\x96\x9ea\x89,\xbb\x8a\xfb\x00\xa0\xae\x00\x95\xad\x00\x91(\n\x83W\n\x84!\n\x810\x00\x89\xb9\x00\x8d\xada\x86\xbc\x00\x8e\x9e\v\x8a{<\xaf\x16\t\xa8\x96\xea\x98\xc5=\x9a\x8f#\x92:'\x87\x8a=\x8e,\t\x89\xd3=\x80\xfb\x00\x82\x98.\x9e\x99\x06\x91\xda=\x83\x16\f\x85\xe0\x06\x8e\xec\v\xbd\xf1\x06\x99]\x00\x80\x8f\x00\x8aS\b\x81\x9a<\x83L\b\x80w\x00\x8a\x1a\x00\x81(\a\x86f\b\x867\x00\x81p\x8e\x84\x9d1\x88\x11\x00\x95\n\x0f\x867\x00\x80Wg\x8a6\x00\x80\x8b\x01\x836\x00\x89\x06\x1c\x82\xdc\x00\x01OK\x8b\xaf>\x82\xbb\x01\x84\x050\x81\x1c\x06\x81 \xe5\x81\b\x00\x80 \x06\x8a\xb7\a\x94\x16\x83\x01Tu\x80\"\x97\x81c\x1d\x97V\x00\x85\xa5\x00\xa5`\x00\x8c\xdb\x00\x81\x88\v\x85\f\x00\x92\b\x01\x8eg^\x84.\x00\x87\x9e\x03\x92\x1b\x0f\x83\xe0\x01\x84]\xfb\x8d\xb6\x00\x84-\a\x84\n\x00\x83-\a\x81\xdc\t\x86\xd3\r\x9bq\v\x81(\x00\x81\\\x04\x9b&\x00\x8d\xb9\x00\x85\xe7\x00\x88\xb9\x00\x88z\x03\x85\xc3\a\x83\x17\x00\x85\x8d)\x86\xa1\x00\x80\x17\x00\xd8M.\x85\x89\x00\x82\n\x00\xae\x91o\x80\xcd\n\xb0=.\x86\x04\v\x82X\x00\x82\x0e\x00\x8d\x0f(\x87\x94\x06\x9f)\x10\xa9\x8f\b\x89\xb3\x13\x92\xd2\x00\x88\b\x02\x8a\x97\b\x84\x15\x00\x89n\x11\x87\f\x02\x8a*\x00\x82\x13\x00\x85\x9c\x00\xa2\xc6\x02\x89\x87\x05\x85\xa3\x02\x83\x17\x00\x84\r\x02\x87\xae\x02\x8d\xee\x00\x00T\x81q\x00\x84\xe4\x1b\x8f\xed\x02\x84\xda\x01\x83I\x00\x89\xb8\x10\x83\x91\x06\x86\xae\x00\x87ּ\x92w.\x9aL\x12\x8c|\x04\x8f\xb0\x06\x82B\x06\x83ff\x80\xf63\x84qf\x86\x00\x03\x85\x0e\x00\x81\xea\x00\x9a?x\x82_\x1f\x84w\x05\x80:\x04\x94\x18z\xad)\x97\x9e#\x03\x85\xb3)\x90(\x03\x84'\x03\x97(\x97\x8c\xbb\x8a\x81-\x00\x80\xc1\x01\xa85\x03\x83e\x00\x90Y\x88\x875B\x01ma\x82\xc3\x01\x92#%\xa5\x19Ƅo|\x8dN\x04\x84[\x00\x81\x17\x00\x8c9\xec\x94h\x00\x841\x00\x92.U\x86B\x00\x84\xb1\x03\x85,\x00\x8e\bU\x81\xeaA\x82W\x8b\x8c\xc7\x18\x87\x06U\x86K\x00\x84N\x16\x80\x1f\a\x8b\x13\x00\x92᭛&\x00\x86`\x19\x98\x1b\x04\x82\xa8\x04\x89\xe4\x00\x8a\xf0o\x8f\xeeO\x80\x13\x03\x80\x03\x1d\x93\x1b\x02\x83\xfbΞ\xdb\x04\x89wۙt߁ሕ,\x02\x88\x87\x00\x8eS\x15\x83\x1c\x00\x80\xf0\x02\x902\x05\x86Rρ\xff\x12\x83͎\x96$\x04\x87\xaf\x16\x8ac\x00\x90\x9eC\x89Њ\x86\xf1\x8b\x84!\xe8\x91v\x01\x8a\xe2K\x00\t\x82[\x14\x80\xdf\x0f\x86\x15\x01\x8d\xb2\x8c\x9a\xf1߆\r\x16\x00J\x8a婃T\x00\x89 \x00\xad\x00\xe5\x8a\xf2C\x8a\x1a\f\x99\xc1\xb8\x9c:\x16\x8dL\x1d\x87\U000ec051\x01\x82=\x13\x86\xd0\x00\x92!\u05cd\xd9\x00\x92Z\r\x82\x8a\x00\x9en\x00\x8aה\x90g\u05ce\x1b\x1a\x8d\x98\x06\x87\x80\t\x81'\n\x81\b\x00\x81\xa3\xef\x85\x06\x19\x87\xb5v\x8e\xbe\x17\x8ci;\x96W\x00\x85\xd5\t\x81`\uf1f0\x15\x86\x1c\x03\x8b6\xbc\x991\n\x99\xc1\x06\x83\xaf\x19\x88\xb9\x06\x83\x11\x00\x86\xbc\x06\x90\xb7\x06\xb6\x82ϟB6\x88\x8e\x00\x88\x8a\x00\x89J\x01\x86T,\x8b\x89\x06\x8c\n/\x83\xa2[\x87d)\x8f\xb2T\x8cR\x00\x85.\x00\x88\x919\x8b\xff\x99\xa5\x969\x8b6\x00\x8a\x9b9\x88o\x00\xa3o5\x9b\x80\x9a\x80\xb3\x00\x98\x82*\xafwҜo\x00\x84\xea\f\x87W\x00\x8b\xcd\x1c\x98\xcd\x1b\x98:4\x82X\x00\x8f\xcc\x1b\x8d\xa8\r\xa4\x82\t\x86\x87\r\xb4\x90\t\xc3[Ұ\x9f\f\x92\x9e\f\x8f:\x04\x9aU,\x96\xf0\x02\x82T,\x93\x8d\x0e\x8d}\x7f\x80\x86\x01\x81Rt\x00F\x80\xc4ځ6\x00\x89;\a\x83P\t\x82\xcdo\x843\xb6\x87\xc28\x8a\x85\x7f\x83j\x00\x86%\x00\x85\tS\x8c\x1b\xb7\x88{\xb6\x8c\xe4\x1e\x88:\x00\x84\xe5\t\x84\xc7\b\x83\xfd\xb7\x81\x98\x00\x83\xf1\x12\x95\x8f\r\x89\xb8\x05\x83\xa6\"\x82P\x02\x89\xf6\xec\x84>\x00\x94\xa2\x05\x00t\x81/\x00\x9c~\n\x86C\x00\x8c\xa3/\x81;\x00\x84!\x19\x81\v\x00\x84Z\xbe\x80\x8f\x01\x86\x9c\x02\x92s\x00\x9f\x18\x0e\x8as\x00\x8d\xda$\x80\x84#\x81\x18\x01\x97$\x0e\x89鷉0\x0e\xb0\xa0\x10\x82\\ \x83)\x03\x83\xd8\x01\x81\x10\x00\x01s[\x83\xef\x00\x82\x9b\x1d\x00+\x82\ro\xc8\x02\x0e\x95\xfd\r\x84\xa8+\x82\x82\x00\x84Q\x04\x84\xf58\x88q\xbb\xa0\xff\r\x8b~\x04\x8an\x0f\xacB \x87\xb6s\x9b5 \x8a\x96\x12\x94\b \x90\xa8\x01\x93\xb4\"\xae\x1f\x95\x8fA\"\x8byڎ\xe4\x1f\x8c\x9f\x05\x8a\x9f\x01\xb7]\b\x89\xbe\x0f\x87\x10\x00\x82\xfc\x03\xff\xa7\x05\x95\x8b\bí\x05\xa0\xd9\x17\x84\v\x01\x87q\x00\x99V\xa6\xe1\xbf\b\x90]\x15\xc1\xc7\b\x98\xc8\b\x804\x0f\x92\xac\x17\x85s\x19\x97\x1d\x00\x8b\xff\b\x84\x9e\x1b\x89\x81$\xce\x1f\t\x88\xf4F\x90\xe1>\x90\xe1\x05\x8b\xd7\x1a\x99^\x00\x8a\r\x02\xa1\xa8\x19\x85\xc9#\x89\xcdv\x88;\x00\xa3x%\x8c\xef\x01\x86\xa1\x1a\x94\x05\n\xa7\x96\x00\x98\x0f\n\x88\xab\x00\xbbU\n\x91\xad\x02\xf2\xf8\xa5\x91\x16\x01\xb9\xdb)\xb0*\x03\x91\x8c\x19\xf0\x7f\xa3\x90\xe89\xa5`\x17\x84\x8b\x05\x9b,q\x9eR+\x9c\xf3&\x87e\x00\x94{\x01\x9dף\x00b\x8d\x84\xbd\xb1\xb8\x14\x87k\v\x8dn\x14\x85_\x00\x84\x82\x02\x85\x0f\x00\x98XV\xa1\xb8\x12\x86p\x00\x84\v\x00\x8dOV\x9a\x9c2\x94T\x12\x86Gu\x92\xf5\x01\x91\x16\x01\x86\xcd\x00\x86\x8eW\x8aU\v\x8a\xdb\x01\x8a\n4\xb0..\x88f\x15\x88\xa3\x1f\xa8,\x02\x001\x80^꓄\x02\x8b\xc7\x00\x83\x15\x06\x91\x866\x97]ʇ\xfb)\x8a1\x00\x9e\xa4J\x85A\x00\x86\x9c\x00"
const compilerSourceData0Chunk9 = "\xa4\x1bK\x8d\x13\x01\x87\xc9\x06\x92J\x1d䷦\x87A\x02\xff5\x04\xd25\x04\xff\x14\xa7\xaa\x14\xa7\xff\x90\x01Ð\x01\x8a\x1d\x01\x8f\xa4\xa1\x8b\xa1\a\x90\xa6\"\x01rc\x89\xad\f\x807w\x89\x0f\x00\x9d\xa5\x81\x83\xa3Ѓp\x00\x96\xa2Ђ%\x00\x84\x1e\x01\x91%\x00\x86\xa4\x0f\x83\x13\x89\x80\xa5\x0f\x82\x01\x89\x817\x00\x82\v\x00\x80\xc3w\x94\x1c\x05\x89A0\x96\x80\x04\x86\xe2\x00\x00-\x83\x1f\x89\x91\x80\x04\x89\xf4\x8b\x86\x03\x01\x00+\x820\x00\x81\xcb\x13\x8b}\xc0\x97Q\v\x8f_\x01\x87\xad&\x82P\x01\x85\xcb\f\x99\x10\x8d\x86E\x95\x84VփT\x8e\x82\xe8#\x81\x19\x00\x85\x99\t\x85\x02\x94\x84\bb\x9c\xb0\f\x95\tL\x838\x00\x82\x83\xbd\x8c\xd3O\x82\x1a\x00\x89b\x02\x80q\f\x8b\xbc\x99\x93G1\xa6K\xea\x85R\x0f\x92\\\x02\x83(\x00\x87fA\x80t*\x81\xe4\xa0\x00s\x81+\x04\x96\xf9\x05\x84\xa7\x18\x84\x9e1\x86\xf6\x11\x8aW\x8a\x80\x9fC\x81\x05\x12\x81\xe3\v\x80\b\x00\x01--\x85\x8d\x04\x86{\v\x80b\x87\x87U\xfe\x84\n\x00\x82\x86\x04\x89\"\x00\x87:\x8f\x80\xa4\x00\x82w\x00\x95\"\x00\x82N\x8b\x82\xab\r\x85*\x17\x83\xae\x11\x9a\xe9\x18\xa2M\x01\x928\x01\xe1\xf5\x00\x82\xd3\x00\x82Y\x9f\x98\xd3\x00\x92rC\x98XЗ)\x03\x80\n&\x81`\x84\x9b8'\x88\x7f\x12\x8eF\x88\x947\x12\x98\xb4D\x97uӅ7\x00\x89\xb0\x14\x91\xfc\x1e\x8a\xd2\xff\x9b5\x1b\x84\xb9\x89\x810\x01\x81\xd7L\x01Wr\x80/\x8c\x02enA\x81\xf4\x00\x95\x1c*\x85\x11\x01\x8c0\x1b\x94D\x00\xa9\x96\x04\xa8m\x01\x9d\x14T\x86\xa2\x06\x8b\xda\u0080\x87\x90\x80\x0f\x00\x82\x9a\x11\x84\x94i\x84>\a\x85P\x00\x00-\x87O\x00\x83!\x00\x00F\x82\x9dӅ\xa8\x01\x98\xff\x8e\x87\xe3\x11\x86\x7f\x9a\x86\x8c\b\x84\xd1g\x85\x8d\x80\x83\xb7\x05\x81\x1c\x18\x86\x03:\x8b\x16\x00\x8a \x8a\x82\xe7\x17\x83\xc6\x01\x83b\x99\x8a\xff\x17\x8a9\x00\x00]\x8a{\x99\x82\x8b\x03\x85R\x01\x83q\x05\x87 N\x86\xbd\x05\x8dPƁs\v\x82\xb5,\x92\xf6j\x80\xad\x16\x84\x10\x01\x86\xd5,\x8f\xdeD\x0132\x82\xff\x12\x86\\k\x83\xc8\v\x82\v\v\x00p\x81\x83\a\x8b\x15-\xa5@\x00\x80\v2\x82\xf6\b\x83\x8f\x00\x84\xa7\x06\x84P\x00\x00&\x82ط\x81\x01\x00\x85\"\x00\x84\x13\x17\x88.\x00\x02+ (\x83.\x00\x03>>24\x82\xdaj\x00|\x83\xf94\x04>>16&\x81@\x00\x83\xf2\x83\x82\xee7\x80\x17\x00\x93\xfdj\x81\xb2Մ`\x00\x80\xff/\x86]\x00\x85oV\x81O\x02\x9b\x17\x14\x82-\x02\x87:\x00\x82\x11\x14\x87i\x02\x8fg\x98\x83\x80\xc0\x8c6\x00\x84\f\x00\x82\x90\x03\x90^\a\x86\xae\x0e\x8f\x0e\v\x00i\x82Sۀ\u05ee\x8b\x8f\x0e\x8a\x9a`\x889\x00\x85\x03ł\x02Ԇ\xa3\xbc\x88\xdeɊ!\x00\x8a\xa0\xbc\x93\\\x00\x00l\x83\x9dԇ\x7f+\x8d\xb6ԁM\x00\x853\xc0\x85\x9c\xed\x81\x12\x04\x89_\b\x90\x8ak\x804\x00\x84[\x00\x85\xd3\x0e\x89\xf82\x84aϖ\x82\x13\x8b\x93ǅ\xcf\n\x89p\b\x90&,\xa2\xaf݄I\x1d\x92^\xac\x81\x12\x04\x81\xb23\x80;\xa9\x81\x045\x87\xb33\x98K\x06\x85/5\x89\x99\x8d\x80\xa7\v\x82V\"\x81\xef\x04\x80\x83\x00\x88\xae-\x82\xc7\x04\xa8\xe9˂\x88*\x8c\xb6\x04\x83;\x01\x8a\xaf\xbd\x8b;U\x00i\x85r\x01\x80\xba\xa0\x80\xdd\x16\x00(\x83\xf9\x93\x82\f\x00\x00[\x88\f\x00\x00{\x85&\xa7\x87\xbcˉ\xc7f\x82$\x00\x00)\x880\x00\x00]\x88\f\x00\x00}\x88\x10\xa9\x8d\xc5ˉ\xc6˃d\x02\x87V\x00\x8b\xb9̃L\x00\x00,\x85L\x00\x86L\x01\x84\x98)\x83\x10\x00\x82OՃD\x01\x843\x10\x94'\x00\x83\xf7\x00\x88r\x01\x814\x05\x83\xc9\xee\x8eY\x02\x81\xb96\x86(\x00\x87r\x01\xa2\x82\x00\x95%\x00\x83#\x03\x88\x00#\x84\x18\x00\x8f\x82)\x8f\xe2l\xa1\xbb\x02\x91~\a\x8d8Ά\xf2\t\x84ܟ\x84O\x02\x8a\x1a1\x82\xfb\t\x93U\x02\x90\\\x0f\x9dh\x02\xa6g\x02\x91\"Σe\x02\x90d\x02\x8d)\u03a2a\x02\x91\xdb.\x97b\x04\x86\xa7!\x00R\x82#\x00\xbd\xbc\u008bV \x993\b\x898 \xc0\xa9\x1f\x81\xbc\x02\x9eb1\x87\xe4T\x82\xb8\x06\x86!ƖY1\x83\xf6\x1f\x84<1\x82c\x00\x87>1\x83\x1c\x00\x80z\x01\x89! \x82Y\x1f\x8c{\x1f\x84\x92ۆd4\x8a-\x05\x82U\x00\x85T\x1f\x82\x1b\x00\x84\xa7\x06\x86\x19\x00\x83X\x1f\xa6\xaf\x1f\x8c\x82\x1f\x87\xdb\x01\x82|X\x81^\v\x86\x80\x00\x83\v\x00\x82\xce\a\x86m\x1f\x85\v\x00\x8a\x8d.\x92>\x16\x88\xe54\x8bTM\x8a\v2\u07bb\x9f\x89\xcb\x01\xa7\x1e0\x8d\xbd'\x83|!\x83)\x01\x98\xa0P\x9ay\x12\x8fl\x01\xac\xc3\xf9\x89]Z\x9af\x03\xd3,\x1f\x95\x1e\x03\xa0%\x1f\x86\xbb\t\x82\xa7#\x83\fG\x89Q\x0e\x90\x89\x1a\x81$\x00\x83-\x01\x97\rG\x88=\x00\x99~\x16\x82\x17d\x83P\x00\x80E\x00\x87\xe5\x14\x89'\x13\x94`A\x81\xa2\x94\x81X\x00\x83\x00\x02\x895\x00\x86X|\x81Y\x00\x8a\xae\x14\x86\x9a\x8d\x87\xaf\x01\x91\xa5\x14\xb6PB\x9f\xb5:\x9aVB\xa2l8\x85*\x02\xac\x1e\x01\xad\xca\x15\x88#\x01\x86\x0e\x1d\x95\x92\"\x92\x80\x16\xaa\xb7#\x95vA\x85\xaa#\x81'\x00\x84\xfdP\x81\v\x00\x84|\xa1\x87\xc7V\x88O\x01\x86jv\x8aݻ\x80\x1a\xa4\x83kY\x8ee\x11\x93'\x00\x85\x9b?\x99d\x17\x00U\x80vQ\x80\x8a\x95\x86\xa0F\x81\xf6#\x85\x99?\x87g\x00\x94\x87\x00\x82\x95?\x8a\t%\x80\x0f\x00\x8b\b\xaf\x99r\x00\xc7^\x01\x9a.\x88\x95'\xbd\x00(\x92>2\x82\x05\x1f\x90\x1a\x00\x82{M\x88\tw\x82&\x03\x80\x87\r\x80\xdfO\x80'\x9b\x82_\xbd\x86\xbd\xba\x8a\xcc\x01\x83\xda\x0e\x01ui\x80\xba:\x00n\x83\x10\x03\x81aσ\xe8\x15\x93\x970\x81\x98-\x8eB\x00\x85\xb1-\x988\x00\x97\xbd\x00\x81M\n\x92R\x00\x82S6\x96Q\x00\x82\xf4\x00\x928\x00\x84\x89N\x98<\x00\x881\x82\x8d=\x00\x83\x1b\x00\x99x\x00\x81@\x02\x81:\x00\x03clos\x82\x82\xe2\x89A\x06\x00C\x88\x15\x00\x80\xc4\xe1\x82\f\x0f\x83Z\x04\x83}\x01\x840\v\x89;\x00\x89_\"\x87\x8c\x00\x85\x1d\xaa\x82\xd1\x00\x80\xac*\x81\xb4*\x89\xe9\xe2\x84C\x00\x80\xe6\xe6\x88L\x00\x01].\x84|*\x81h\x00\x88\xcc\a\x87\xb3\x03\x9e\xb7˝\xea$\x800݇\xde\x10\x83\r\x00\x8c\xaf˔\xd6\x00\x95\xd3a\x84\xaa\x00\x80홏{\x00\x93ǫ\x93\x83\x00\x8b\xc0<\x83\x90\x00\x86U\x00\x86\xf0\b\x86\x12\x00\xbef\x00\x82\xcd\x16\x85h\x01\x89l\x00\x8e\xfa\x00\x8a\x85\x9c\x85'\x00\x89\xfc\x00\x82J\x17\x83y\x02\x8dX\x11\x82f\x00\x86\x1b\x00\x81\x83\x14\x9c\x83\x01\x8cL\x00\x93]\x02\x89\xe9\x02\x82\x82\x00\xa4\xa3\xac\x9az\x00\x8e\"-\xa5\xd0\x02\x93\xb4\x02\xa4\a\x04\x86\xfa-\x86o*\x81\xd4\x02\x03sErr\x80\xa5ل4߇\xe6-\x868*\x9b\x0f\x01\x80\xa1\x02\x01le\x87*\b\x92\x8fZ\x84~7\x84v\x01\x831\x00\x8a\x98Z\x00R\x80\xfa\a\x80\xa8\x1a\x81\x96\x05\x00e\x87\xe8Z\x8e\x93d\x8d\x83\x05\x86\f.\x87[\x02\x91^\x00\x84\xf6Z\x8b]\x00\x82E[\x8e]\x00\x99\xbe\x1e\x90\x16\x15\x8c\r[\x84B\r\x82\n[\x9b\x93\x00\x81\"\x15\x86\xeep\x8b\xf3\x00\x83\xf1\f\x8a\x96\x00\x84\x1f(\x89\x1f{\x82\x88\x01\x81A\x00\x89\b4\x82,\x9d\x80P\x13\x85\xb2K\x843\x1e\x87,R\x83\xed\x1b\x81\"\x00\x9c\xa0\x00\x87\x9dZ\x9e\x9d\x00\x8e\x12\x02\x94S\x00\x00M\x80\xf4\x13\x8f\x84\x01\x94Q\x00\x81\xf7\x02\x8aA\r\xc9}\x01\x80\xed\f\x96\xda\x00\x90\xd2 Ð\x00\x82\x8c\t\x87]\x00\x8a\x14D\x9e\xea\x01\x84\xe29\x8bw_\x8f\xe9\x01\x8a\x1c \x87\xe8\x01\x89\xac)\x91\x10\x01\x80\xc3ԃ\xe6\xe3\x8f\x1b\x00\x81ൔ\x1b\x00\x80\xfc\xf3\x96\x1c\x00\x81\xdb\a\x82\xc8S\x93\xed\x03\x00a\x82\xfbJ\x91\x1c\x00\x81\x7f\x1b\x969\x00\x03Chmo\x96:\x00\x81K\f\x95\x1c\x00\x01Sy\x80Rm\x84\xfc\x04\x934\x05\x99\x1f\x01\x80\xb0\x00\x00l\x95Z\x00\x814\n\x94\xc2\x02\x85Z\t\x9az\x01\x83D\n\x9a\xe5\x04\x86h\n\x83~\x06\x80\x1c\x06\x8a\x9e\x02\x85-\x06\x82\xfc\x01\x81\xc0\x05\x00e\x84\xf3\x12\x90{\x05\x86=\x00\x90G\x81\x80K\x00\x90\x95\xea\x841\x00\x00)\x84\r<\x85\xcc\x00\x8b\xa0\x13\x84:\x05\xa0\x983\x81T\x06\x81m\xee\x86>\x00\x94Ё\x83\xd0\x13\x93o\a\x94\x954\x8b\xe9\x00\x95`\a\x9d{4\x85\xe1\x00\x92\x1c\x04\x800\b\x80\xa5\x06\x81\xed\x10\x8a\xfa\x00\x83d!\x85\x17\x00\x8d*\x04\x87\x98\x00\x84s\b\x89C\x00\x8f\x06\x04\x8b!\x00\x88\xbd\x03\x98.\f\x85r*\x81i\x00\xa5\x8c%\x87\x97\x00\x93\xb2\x9c\x84\x11f\x84R\x00\x8dg\x13\x85h\x01\x90\x1b\xf2\x83\xd6\x06\x937\xf2\x86\xd3\x7f\x90\x1c\x00\x86\xa7*\x85\x83\x0e\x8cs\x02\x91k\x00\x88̎\x8ec\r\x80\f\a\x9c9\x01\x87=\x80\x8e\xab+\xa29\x01\x85l\x1e\x94<\x01\x89\xa1+\x89<\x01\x82N\x1e\x83\xd4\x00\x81\v\x00\x8f\xd7\x00\x85\xcf?\x82\xd8\x00\x82e\x00\x9ad\x00\x86%+\x84)\x01\x93U\x00\x83{\x01\xacZ\b\x86_\x00\xadV\b\x84c\x00\x85\x03\x01\x99\x85\x01\x89d.\xb3\x88\x01\x84\xc9\x03\x80\x13\x00\x86\x8d\x14\x86A\x00\x83\x8d\x04\x85e\x00\x82I\v\x8a!\x11\x93-\x04\x86' \x82\x0f\x1b\x81\xb9\x00\x87Z\x00\x83\xae\x03\x84\xf6\xf4\x87\x17Ş\xc1\v\x83cM\x8a\xc6\v\x81\xd9\x12\x80G\x00\x855\x01\x8a\fr\x82H\x00\x90\xeeo\x85#\x01\x9da\f\x86L\x00\x8eb\x05\x88\xc2h\x9a\x1f\x03\x88UA\x80\x8d\x1e\x80\v\x00\x984\xf3\x82\x90\x01\x84,.\x88\xf8\b\x83\x8c\x00\x85>\x00\x87\xe7m\x83;\x8a\x83\x15\x00\x82\x17R\x80x\x00\x877\x00\x8a\xae\x00\x89=\x00\x8b]\x02\x99\xa9\x0f\x82V\x88\x80\xab\xbc\x85\xe8(\x9b]\n\x83\v\x02\x96M\x00\x83\x9e+\x898\r\x8a\x94 \x85\xe7̌[ \x8f!\x00\x86[ \xa4q\f\x87\xe2\x02\x86v\a\x95[\x00\x86\x12!\x8e솢`\x00\x82\xf9\x00\x85:\x00\x87v\r\x88j\x01\x90\xe5\x02\x81\xcf׃\xaa\x04\x88\t\x02\x85F\x00\x84+\x04\x84!\x00\x00S\x80\xbb\"\x00e\x81\x9e\x8d\xa2\xcd\x00\x86ȁ\x01in\x80\xeeg\xb1\xce\x00\x818\x00\x98\x9a\x05\x86X\x00\x82.\x00\x89\x9c\x05\x82\x1a\x00\x85\x12\x01\x82\r\x00\x9c\x9f\x05\x87\xf3)\x85v\x84\xa1\xb3\a\x88\xc6я\xae\"\x85\a\x01\x00=\x88\x7f\x95\x94#\x00\x00!\x90#\x00\x8fP\x01\x00<\x9d!\x00\x81\xb7×e\x00\x85JҘ#\x00\x85Eҝa\v\x85O\b\x8b\xd2\t\xa2\xd5\x01\x82]\x04\xac<\x00\x834đ\x19\t\x97\xea\b\x86_\x11\x89\x17\x02\x8a\a\t\x85\x89\x00\x98M\x00\x8b\xad\x00\x8dN\x00\x86\x1e\x00\x85k\x1c\x9aS\x04\x81ba\x85\x80\x00\x96\x03\t\x81\x9b\x01\x85V\x00\x95%\x00\xa1\xcd\x11\x81\x98\x14\x96l\x00\x84\xd2\f\x9cm\x00\x85&\x00\xa3\x15\r\x97n\x00\x85\x1b\r\x9bn\x00\xafA\r\x97q\x03\x00<\x81\xc6\x02\x8c-\x03\x8c#\x00\x00>\x81#\x00\x81/\x03\x89p\x00\x8a;\x02\x99\xdb\x00\x8b\xc7\x00\x8f\x994\x87\x04+\x8a<\x00\xa2n\x00\xa5K\x00\x8a7n\x80oǁ1T\x81\xdcO\x01eg\x80\xf0*\x897\x03\xbau\x00\x8b\xeb\x00\xa2v\x00\x8f\xb52\x8bF\x03\x86S\x05\x91_\x04\x8b\x8c\"\x92\xd3\x19\x8d5$\x81%W\x9a*$\x81t\f\x82ڒ\x83\xc9Z\x83!\x16\x86\xac\x03\x89\n$\x8f<\x1d\x85\x97!\x99dW\x84g+\x97_W\x85\x14\x1c\x80(\x00\x85q袴=\x81\x98\xbb\x84\x03|\x00i\x8c5ʔ\x80\x01\x98\xad\x1b\x91\x1e\x01\x82\xab\x1b\xa8\xb5ا\xd0\x1a\x89\x02\"\x9a\x8a\t\x8ay!\x9cU\x02\xa3\x89\a\xa9R\x00\xa7F\x03\x9b\xef!\x85@\t\x82\xd5\x13\x83^d\xc8L\x1d\x87\x9d\t\x8a\xcb\x14\x82\x8f\a\xa9\xbe\x01\xdd\xf5\x1a\x84\x15\x00\x01fo\x82\x94\x00\x91\xfc\x1a\x81&\x00\x89\xcf\x00\x84M\u00814\x00\x85\x18\f\x88X9\x83?\x1a\x8a\xf8\x00\x8f\x0ev\x97\xa7\x00\x82\xe7.\x87C\x00\x88\xa3\x11\x8b\x83\x00\x87$\x00\x89\xf3\t\x87\x88\x00\x8b.\x00\x9d\xae\b\x86\x84\f\x847\x00\x9a\x19v\x86\x8a_\x87c\x00\x8c\xb4#\x8cF\x00\x83\xcf\x04\x8c\x15\x00\x9b\xdb\n\x83j\x16\xa9\x87\x00\x86X\x00\x91\x1dQ\x8bO\x00\x89\xe9\"\x8f f\x895\x03\x91\xb4\x00\x8aD\x03\x8b\xd1\r\xe4\x8b \x8d,\x06\x89\x10\x00\x84ț\x92b\x03\x82\xf8.\x86JY\x8dM\x06\x84\x82\x03\x88v\x06\x83\r\x00\x81\xb2a\x879\x00\x8e_\"\x83\xdcY\x81Q\x00\x82/\x00\x83\xd8*\x84\x15\x00\x80\xc3}\x87:\x00\x84,\x9b\x8cn\x06\x86\x1c\x98\x80\x8e2\x86\t\x03\x83.\"\x82\x1a\x00\x84\x05,\xa0\xfc}\x87)\t\x89oZ\x8c\x1ab\x81\x97*\x81\x870\x8b\x16\x00\x88ʽ\x81\x1a\x00\x80F#\x82\xb8q\x85\x0f\x00\x00[\x8b/\x00\x8dʽ\x86\xe0\x12\x9b5\x00\x83T(\x84\x01k\x9e6\x10\x86\xb5)\x82s\uf066\x10\x84\f\x00\x8d\x99)\x87,\x16\x88\x9e)\x86h)\x80\x02\x02\x84d)\x87\xe2\x10\x84c)\x83\xb59\x81[\x00\x84w\x04\x834)\x01ke\x84N˃v\x04\x81\x0f\x00\x86^\x1d\x91\xfdx\x866\x00\x83\xd3-\x81\x05&\x80\r\x00\x81\xbai\x81\aB\x80\n\x00\x83\x128\x8f\x06\x8a\x88\x15ׁ\x8c\x00\x00=\x87-\x00\x86\xf1\x0f\x83\x9e\x11\x82K:\x86\r\x13\x82\x14\x00\x00>\x84\xa2)\x83R\x00\x84\xae)\x86\xcc\x00\x85q\x1a\x84e*\x99\x8f\x01\x81\xe8Ӄ\xbaɚ-\x00\x84\n;\x834\x00\x85\xdc3\x81\xbf\f\x89\x92&\x9aB\x00\x84\x96\x04\x8a\xe5$\x89Y\x80\x8d\xac:\x83F\x16\x96A\xf3\xb0\x9f:\x89\xc3%\x82\x11\xfd\x81\xc3'\x8aJ\x05\x95l:\x829\x03\x8c,&\x8c\xb3%\x81ʠ\x88\x179\x94\x94\x18\xc7 \x05\x87\xf8\x1f\x90G\b\x83\x1d\x00\x9flQ\x84\xc2\x04\x00b\x83\xad\r\x86\x1d\x01\x88\xbd\r\x81\xbb\x00\x84\xce!\x84X*\x84\\\x00\x83\"$\x81\xf0\x16\x84=\x00\x8dL'\x84\x18\x00\x8bY*\x8e\x97\xb2\x87N\x00\x88\xb4\xfb\xa61\x14\x8a\xf5\x15\x8d4\x02\x86]\x00\x88\xd6\x01\x88\x12\x00\x82\xdd\x01\x89\xb4\x01\x903~\x9b\xc5:\x94g\x02\x8d\xa0\x04\x8b\x10\xf7\x88\xdc0\x9f\xc4:\x8d\x90$\x80)\x00\x86\x88\x15\x80\x03\x00\xa3j\x00\x9b\x13\xb7\x8c\\\x00\xa9j\x1a\x82\x1e\x17\x84o\x05\x8c\xc6\xc1\x00t\x83^\x04\x89\xb4\xc1\x95\xfa.\x84\xf6.\x00j\x86\xa3\x92\x8f\x17\x01\x8aSN\x8d$\x01\x8bY\x17\x86\xa4\x84\x82?\x05\x87\t\x14\x92\xa6\x03\x8e\xefM\xd4_N\x99\xbf\b\x84\xaf\b\x81Jh\x8a3\v\x9b\xc1\x80\xa8@\f\x8f$Z\x8a\xfc\x00\x95\xa0Y\x88\xf4N\x83\xcbA\x86\f䁫\x00\xa08\x81\x85\xd2\x00\x8c\x9f\t\x89>\x00\x83A\x04\x89\x12\x00\x9bb\x12\x8a`-\x84\x19\x00\x8ew.\x8e8%\x96~u\x93y|\x8b|O\x86\xd6P\x83\x19\x05\x90\xe8!\x915.\x9e\xd6\x00\x87mu\x91\x98\x01\x86\x1e\x00\x848X\x96\x9a\x01\x86\\\x0f\x9bn\x00\x85\xdc\x1d\x8dh\x00\x80\x18\x00\x97b\x00\x85\xc0\x01\x8el\x00\x8a\xc3\x01\x98e\x1e\x9b'\x00\x84\x8d.\x94\v\n\x87\xa9\x06\x99\xb7u\x88c\x02\x8e\xdc\x00\x82\xdd\a\x82\xa9\x01\x89\xdd\x00\x8e\x85M\xa1?\x01\xaa\xd2\x00\x85\xa9\x02\x99\x00(\x8e\xad\x00\x964T\x95\x8a\x01\x87(!\x98\x90 \x90T_\x9e\x02\x0f\x845\x00\xa0\xe0\x03\x8ao_\x81\x8c\x00\x8a9\x00\x86|\b\x8f4\x01\x86\xdf\x15\x8b\xcd\x01\x87P\x00\x8b\xb5\xb4\x90\xef\x01\x8d\x90\xb2\x96\xfcH\x87\f\x04\x8d\r\x04\x85P\x1b\x83\x0f\x04\x9f:K\x88w\x04\x96s]\x85[\x02\x9a\xbc\x00\x84N\x00\x880\x04\x98\xcc\x01\x8b\x97\x97\x8f\xa1\x1e\xa0\xcf\x01\x85{\t\x90]$\x85O\x00\x83n\x88\xaa\xad\x01\x87<\x00\x9f\xad\x01\x98\x80\x01\x8bL4\x9c\xd5N\xa2\xcd\x01\xee\xa3\x01\x95<J\x85\xe1\n\x8eV\x1d\xb2\x95\x03\x97\xc6\x01\x877\x03\xdbs\x03\xa5\xc6\x01\x8c\x11K\x8aY\x18\x9c\xb8\x01\x97\x11K\xff\xa9\x03\x9c\x06\x02\x8b\xbb\x10\x83\x85\x00\x9d܌\xa4x\x06\x8f\xa5*\x85\xfe\b\x82q\x00\x83\x9e\"\x87\xdc\x00\x9a6\x06\x83q\x01\xa2A\x11\xa2B\x11\x83%\x00\x8cW2\x85\x9a\x00\x88>#\x86\x9e\x16\x87\x95\x00\x00&\x82;\x00\x86\t?\x85~\x11\x8d\xa9U\x8e3\x02\x840\x11\x8c(\x94\x8bT\f\x87J\x00\x85B\f\x874\x00\x85z\x03\x972\x00\x85B\f\x8a\xc7#\x88\x96!\x95\x93\x00\x8e\x9e\n\x96\xa0\x01\x83\xaa\f\x81\xbb\v\x88J\x05\x8b@[\x8a\xce~\x95s\x00\x89\x14\"\x88\xa3\x02\x8e\x10\x1b\x9ej\x02\x88\xca'\x8b\x93\x05\x93\xa6\x81\xd4c\v\x82ᇐK\v\xb3_R\x8e\xf2\x00\x8f\\\x10\x81\xe3\x00\x81/\x00\x90\xab9\x8a\xff\f\x8fK\x00\x8e/;\x89\x82\x1d\x83K\xad\x90\x80\x00\x9eC\n\x85\x01\x18\x9e)\x00\x86\xda5\x8b\xaf\x01\x82\x7f\x00\x82\xfa5\x8b.\x7f\x86\x11\x04\xac\x8b\x85\xa0\x9a\\\x91\xb1\x01\x89\xed_\x89R\x83\x8bN\x06\x91\xa7\x02\x9da\x83\xa4M]\x88ތ\x9cK]\x8c\x0e\x10\x906\f\x90\x14\x10\x8a\xb9\xe7\x93\x1aҕ\x0f\x10\x80\x81\x00\xbb\xc7\x1b\x94\xc6\x1b\x89\x8c\x02\x8c\x94\x15\x93\xcc6\x82\xf3\a\x82\xb0\x00\x9a\x05\x02\x95BZ\x9a6Z\x8d>Z\x8d#\x02\xa6\xfbY\x99\x06\x01\x8e\xf4Y\x8e\xe5\b\x8a\xe5W\xa6\x83\x1c\x8b\x19\x01\x91\xa5\x02\xff;R\x8a\x10\t\x80\x02R\x84\x99\x01\x81\\\x00\x87\xf6=\x88 \x01\x80\x10R\x86f\x05\x84\x1bR\x98\b\x03\x82U\x1f\x82[\x1b\x8d\xb5!\x89\xfa\x02\x8a\xac\xe9\xa1l\x16\x93ti\x8c\xa2܅D!\x94\xd28\x04\"nil\"\x906ʕ2\x11\xd70b\x84{>\x82\xcc\x1a\x83\x92>\x8f\x86>\x92\xa6\x13\x86\xab\x03\x87h\x01\x86,\f\x86\x92\x05\x89\xcc\x04\x85)k\x8d6\a\x97~\x97\x91\xfa\x04\x9b\xc1\x12\xa7\xe9\n\x85\x12\x93\x8a\xe7\x01\x82m8\x86\xc6\x00\x88\xf7\v\x92f8\x83]*\x8a\xe51\x8f\x891\x8d$\f\x8b\xb6\a\x84K\x00\x88\xb5\a\x8dÒ\x03sour\x84BΦh\r\x834\x00\x9a/\x17\x87W\x00\x8c\xd8\x14\x83\x19\x00\x83\x1c\x02\x83\f\x00\x9d\xf6\x13\x96\x1e\x02\xc8;\x12\x87\xaf\x00\xae=\x12\xc2@]\x88\xf8q\x8a.\x01\x89\x9d1\x8551\x81\x10\x00\x98\x982\x8b\x1f\b\xad\xf8o\x96\xb6\v\x99\xf0o\x88W\x0e\x97\xf7o\x89%\x00\x85\x1d\x00\x87\xfeo\x85\x85\x03\x88*o\xa9\xce\x0e\x86+\x00\x8d\fp\x87b\\\x88(\x00\xb2\xf7\x0e\x90\xda\x02\x8c\xcd\x00\x00m\x83\xe8\xfc\x86t\x00\x84\x91o\x88#\x00\x8f\xb8\xe5\x8f\xf0\x00\x9d\x0f\x0f\x98M\x00\x89q\x00\x89\xa7\x04\x86\xe8\x1e\x8a\x1b\x02\x9d\v\x14\x98\xf0\n\x9e\x91\x01\xceg\x01\x8d\x1b\t\x93\xef\x16\x92~\x04\x87\x8a\b\x97\xcfG\x83\x86\b\x85]\x05\xa2\x94\b\x82\x15\x12\x9f\xf2F\x8d\x8b\x00\x9a\xf9F\x82\x8c\x04\x88Y\x00\x97\x01\f\x83\xd2\x00\x98\xa4\x00\x8e\xff\b\x8f\xfa\b\x88i\x00\x89\xbd\x18\x87\x1b&\x81e\x00\x9f\xe2\x00\x89\xb7\x05\x81\xab\x01\xc1\xe1ƍ\xcc\a\x87\x8a\x00\x89.\v\x84I\x01\x00P\x81B \x00s\x80\x0eW\x00t\x82\xa6\xe3\x00T\x80\x88\t\x86\xd3\x02\x879\x00\x8ee\x00\x92\x05\b\xaa\xd0ʔ\xf0\x02\x94*H\x8ao\x01\x80*\x1c\x8a\xc8\x00\x99\xdf\\\x9f\xe1Ô\xc3\r\x8e\xef\r\x93#\t\x97\xf3\b\x84\xa7\x01\x84q\x14\x81\xae\x01\x02Tag\x94\xa3\x03\x96(\v\x83\xbd*\x84\xe9\U00101756\x83\xdc\a\xb1\xff\xf5\x9e\xf6\xf5\x87U\x0f\x83\x14/\x8d^\x16\x86\xad2\x86O\xe3\x94)\x00\x86\xb32\x92\x81\x03\x8aᚻ\xf0\a\x89\xc9\x00\x84\a,\x84\x95/\xa4\x0e\x1d\x87'`\x82%\x87\xbb\x96\x00\x85\xbf\xf6\x8a\x97\x00\x85#,\x89\xf0.\x98\x9d\x00\x98v\f\x98\xee\xf6\xbe\xfb\x01\x813\x01\x80\x13\x00\x8b\xe2C\x8a7\f\x87D\n\x83\x7f\x01\x82\xe1\xeb\x81\xcd\x00\xa77\x00\x82/\x00\x818\x00\x84\xa4\x01\x81:\x00\x85\xfa1\x81\f\x00\x81\x98\x01\x80\xb8\x88\x81\v\x00\x00e\x81\xac\r\x02ity\x80\x8c\x8d\x00l\x81\x02\x89\x83Rယ9\x83\xbd\xe0\x84\x12\x01\x80\xfc\x88\x01dy\x80\x1a\x05\x01ic\x82\xe8%\x80g*\x83\xbd\xe0\x83H\x00\x00g\x83H\x9e\x82\xba\x9d\x83?\xf9\x80\x13\xe8\x01dd\x82\x14\xe8\x02clu\x80(\x12\x84\xac\x89\x83!\x00\x82\xcc\xe0\x84s/\x83O\x00\x86J\x89\x80s\x89\x01bo\x80ES\x00u\x80\x016\x81*\x8e\x81\x8d\x19\x81\xb4\x89\x01es\x80w\x89\x80所\xa3\x00\x80\xe4\x00\x00e\x80\xa5\xf8\x80\xddဦ$\x80 \x13\x80\x8c\xe5\x81\x01\x01\x80\xd1\x0e\x82`\x89\x82\xbf\x04\x86\x8f\x11\x83B\x01\x83S\b\x85\t\x01\x87\xb7\x19\x85\x90G\x841\x01\x84>\b\x9ej{\x83/\x04\x908E\x84]#\x8a>\x19\x98\xfa\x1f\x87\x84\x00\x85Vy\x96\xd2\b\x8b\xd5z\x85.\x05\x90\xbf\xa5\x92\v\x06\x8b\x80\x99\x96\xc9\x05\x85C\x1a\x9b\\\x0e\x80\x8a\x05\x86\xda\xf8\x81{4\x8c\x024\x9a\xa2\x04\x89\xf7\xf8\x80\tǋ\xad\t\x92\xd1\xf8\x81\xc0\x05\x84\xcc\xf8\x8eJ\x04\x8a\xdf\x04\xac\xa8\x01\x8b\x86\x04\xac=\x00\xa8\xe4\x01\x85\xc2\f\x86\x9f\xfb\xa79\x00\x89Aؔ\xe1\x05\x8a\x17\x02\x02dif\x803\x05\x81\xa6\x11\x91\xd8\f\x81\xfb\x01\x00n\x82\x8e\x04\x96\x1f\x00\x80+\x05\x01ir\x80\xb4\x1d\x99@\x00\x83\x1b\x05\x82\xc2\x03\x95&\x00\x9aR}\x86\x86\f\x01cm\x80\xcaQ\x81\xeb\t\x85{\x02\x82E\x8d\x99\xe3\a\x81\b\x01\x99!\x00\x86\x00\x01\x82+\u2073\x9d\x99\xea\x02\x9bo\x00\x89\xaa\x00\x87T\xf1\x81S*\x82C\x01\x88\x1f\x00\x8b\x84\x03\x81e}\x8ei\r\x87\xf5|\x8f\x14\r\x91S\x00\x86\x1c\x01\x84U\x00\x9d\x1a\x01\x80\xa5\t\x8a\x9a\x01\x82\x00\x01\x83\xfe\xfb\xb3Q\x00\x84\x81\a\x84\x9f\x02\x80\xa2\x04\x82\x17\x02\x81\x06\x03\x81\x03f\x82I\xe9\x82\x12\x00\x82i\x00\x89\x1bڈi\x01\x85\xcc\x03\x8aq\x01\x85\xce\x02\x872\x00\x96\xf6\x03\x81^\x04\xb0M\x01\x85\x9b\x00\x80 \x00\x82n\xfa\x83$,\x80ud\x87\x17/\x89\xd7,\x80?E\x80\b\x00\x85Z)\x80}F\x86\x98\b\x93L\n\x87@\x86\x81-\x00\x85 \x15\x96+\x01\x00+\x81v\x00\x85\xc9\x16\x95\xd8c\x9dA\t\x8e\xd9\xfa\x84=/\x92`\x03\xb6\xf4\x01\x80\xd0\x00\x80G\x02\x80[\x00\x86>\x03\x82`\x05\x83[f\x98(\x05\x85e*\x81\xd8\x01\xa5-\x00\x9b\x16\x0f\x89\xb7*\x96\xc4\xc1\x86\xc9<\x89\xd2\f\x94\xc2\x0f\x86\xc8\x00\x93\xcd\f\x8f]\x00\x86\xea<\xa1^\x00\x87\xfa\x00\x90\xf4\r\x868\x1e\x84S\n\x80W8\x83\a\x01\x8a\x96\x00\x89C\x00\x86\xc6\x04\x89\xa7\x00\x8fe\x04\x99\x19\x03\x94g\x04\x80\xdc\x01\x8bm\r\x972⨻\x04\x87w\x04\x85%\x00\x88\xfc!\x00F\x81\xe6\xfa\x84\x83\\\x86Z\x00\x90y\x82\x89\xf5\x00\x9f\x9e\x00\x91O\x82\xa9\x86\b\x85H\x00\x818T\x01No\x85\xac\u0605\x89\xe7\x96!\x0e\x85\xbf*\x83\xee\x00\x82\x04\x1d\x84\xf9\v\x81\xb0P\x862Z\x93\x02\f\x84\x18,\x99\x1eH\x8f\xe4g\x84f\r\xac\x17H\x84\x10\x87\x90\x1a\x00\x86g\x1e\x91\xab\x11\x96aH\x91\xc3/\x8c\b\x01\x80\xbd\x00\x88\x112\x9e`.\x8d\xb2\"\x86_.\x89\xf2\x91\x87v\x1e\x8em\x00\x91q.\x84\xf0.\x98v\x18\x8a:.\x85\xdf\x01\x88\xd8\xf8\x96\xc6\x05\x818k\x05048576\x89/\x00\x03Pani\x82\xceK\x87s-\x80\x13\x06\x85+\x00\x005\x8e+\x00\x01Ou\x80)\x15\x83\xef\u0089)\x00\x004\x8a&\xf9\x8bv\x06\x97c\x02\x90\xac0\x84b\x02\x84\xdf2\x80t\x13\x852\x98\x85SY\x89\x0f6\x8e42\x82\x99\x02\x8b\xef3\x83\x83.\x90\xca\x01\x82V\x1f\x82v6\x83|\x01\x86\x1d\x00\x86\x823\x80\xca\xe8\x80O\x9c\x82\"\x00\x81\x17\x02\x86=a\x89G\x02\x90\xec\x00\x8eG\x02\x98\x04\x02\x8d\x03\x86\x00-\x85\xc13\x8e;\x1f\x880\x00\x00>\x9e\x89\x14\x89KF\x95\x0f\x02\x00+\x94\xe0Y\x88\xf2\x01\x85\xd0\x18\x83\xda\"\x80.莳\x93\x01ap\x84\xce\xfa\x84\x04\x14\xacK4\xa0\xcf\x1c\xa4U[\x96~\x8c\x9f\xc6<\x8f\xa1h\x82\xf5\x1d\x89\xd0\xf2\x9b\xfa\x1d\x8a\x8f\x05\x88\xf1\x05\x85\xf9\x13\x84\xd3\x0e\x8b\xf7\r\x8d\xc1\x8c\x9e\b\x1c\x91n)\x8c\x82\x8c\x87n)\x8aG\x05\x95,\x05\x9a3(\x81\x8c\x8c\xcck\x1d\x81\xedS\x83-\x01\x9f˂\x88\x85\x8d\x8dc\x1b\x97\x1e0\x845\x00\x9f\uf416S\r\x9fJ$\x8f\xaf0\x01ch\x80\xee\x02\x90`\x81\x90\xc9#\x01ew\x80\xc0\x00\x00H\x80\xebR\x80\xeb\x01\x953\x03\x92\x88p\x8a#\x0f\xb2*\x18\xb2)\x18\x85(\x01\x8e\x1d\x8b\x89#\x18\x89\x8d\x04\x8b\x00N\x89L\t\xa68\x18\x8at\x00\x9a^φ~\r\x9f[\xe9\xa3W\xec\x8d7y\xad,\x00\x89\x8c\xec\x9d,\x00\x82$\x1d\x96\x88\x02\x8c\xeb\x00\x8f,\x99\x8e\a\x03\xacU\"\x85\x7f\x04\xaab\"\x8a\x86\x02\x92h\x05\xa2\ar\x87\xdc\x03\x89e\x00\x8b\vr\x8a\xf1q\x91)\x91\x8a\xcf'\x83⫈\xd1g\x83<\x00\x83JO\x9d\x00\x05\x8a\b\x89\x86\x00\x05\x81cI\x91!\x00\x81\x00\x05\x85\f\x0f\x9f\x00\x05\x86\\\x0f\x8b\x00\x05\x8d\xd3\x04\x8bE\a\xb5\xd0*\x8f种\xbd\x04\x82*\xf8\x8a_y\x89\xe3\a\xa29O\x8e\xfb\x91\x92\x12\"\x8aO$\xab\"\x01\x83\xe3@\x86\x85#\x81\xcb\xf0\x8b\x12\x00\x00>\x8c\xa4[\x89\x18\x01\x00m\x80[\x05\x8aW\a\x821\f\xbe\xa8Y\x9b|\a\x83s\x00\x98}\a\x91\xaa\x00\x80'\x18\x00A\x81\n\x03\x80\xfe;\x80\tO\x81\xbb\x18\x806\x18\x02a p\x80\xae\t\x81߯\x00n\x80\x19\r\x80X\x06\x00t\x80\xe3\xf9\x85)\xa2\x80馂s\f\x80\xa3\x97\x00s\x83\xbar\x81\x04\xa7\x80s\x0e\x80_\xf9\x80\x04R\x80\x8e\xf7\x00l\x80\xc5\x03\x81\xf1\x18\x82'\xa7\x00d\x81\xe0\xda\x00w\x82\xe4\x14\x80\xbb\x18\x03crip\x81\xb43\x80\xa1\x01\x800\x04\x80N\x00\x81\xfa\xf7\x80\x02\xfe\x81m\x18\x8b\xf6$\x80\xd0\x01\x82I\xb8\x97O|\xa9?\x01\x81\xe3r\x95\x04\x01\x8aӋ\x91:+\x964\a\x9d'\x06\x86\x02\x03\xa1\x191\x9f\\6\x8eY\x04\x96ꕉ\xccD\x8a\xfa\v\x92͕\x8c\xf9,\x85\xab\x95\x8e\xaf6\x86F\x00\x8dՕ\x97*\x00\x8c}\x13\x90\x81\x02\x82\f\x04\x01Pt\x81d\x06\xa9; \x80?\x02\x86/\x00\x82\xee\a\x81*\x00\x818\x0e\x00{\x83u\x01\x87\x1f\xfd\x80\x82\xb4\x00:\x82{\x04\x87\xd0\x14\x83\x10\x00\x81~\x00\xab0C\x81g\x06\x95\xef1\x8bg#\x82\xd6_\x00D\x80\xd3-\x8cN\x05\x00&\x80\xb8\x00\x81\x83D\x84\xeb\x04\xa2\x817\x92[\x02\x887\x01\x81\x0f\x01\x8b\xa2C\x94\xff\xb8\x8e2.\x87\x9eC\xa1\x88\x00\xb0\xd1捦\x00\x86K\x00\xa0\xd2\xe6\xa4l#\x8e\r\x03\x9eq#\x89b2\x8ex#\x9c\x04\x01\xab\xe7\x00\x97\x97چ\xa0\x00\xa8<\"\x8b\x89\x0f\x93\r\x04\x81]\x00\x92\x9b\x11\x8b\xb8\t\x93\x9bl\xac\xbc\t\x88+]\xa1F\x0f\xb7\xbf0\x87\xf7\x06\x81\x19\x00\x00e\x83\xde\v\aCanReuse\x80e\x03\x84U\x06\x95I\x00\x964\r\x82|\x01\x85Um\x00T\x80\x98\xb9\x01en\x80Aq\x8b\x8aq\x8a;\x01\x9e\x81\x00\xc8x\x10\xbd\xe4I\x88\xb8\x10\x95U\x01\xd2\xcd\x10\x86|\t\xc2}e\x95\x1fe\x90\x9bc\xa4\x1e\x02\xafv\t\x82(\x06\xbe\xea_\x81ǻ\x84\x10\x00\x88QJ\x88\x83|\x80d\x00\x82f\x01\x90\a`\x84\xd6\x04\x83\xe2\x0e\x92\x140\x01fn\x89\x1b\x12\x84\x0e\x00\x83\x1c\x12\x8b\xf1\x00\x82\xe5\x02\x84\x05\x0f\x82K\x00\x808\x12\x01||\x84\xf9\x04\xcb_\x00\x04Check\x81\xc6\x14\x02Ref\xddg\x00\x85 =\xe0k\x00\x81\x18\x04\xe0g\x00\x81P\x19\x81d\x00\x8a\x95\x06\x8a\xf1{\x89\xfd\x02\x81\x84\x02\x84\xcb\x04\x81\xbc\x04\x9a\x1d\x05\x8d\xaai\x96\x86\x0e\x98\xa62\x9b\x8e\x02\xa2\xa8\x14\x8c\x7f\"\xc8\xf95\x8c\xf4\x04\x92\x00\x06\x83Y\x00\x00s\x84酁\xcf\x03\x80\x9d\x05\x00a\x828؇J\x00\x8d\xb9\x9c\x9fe\x01\xacC\a\x85\x12\x04ֆ\x16\x88\x86\x04\x84<\x00\x88\x95\x04\x93\v\x81\xa3\xfd\x05\x84\xad\x04\x921\x99\x84w\x00\x80\xa05\x01ce\x80[&\x83gR\x86\xc62\x91\x9dK\x84\x9c'\x89\b\x06\x8f\x8f\x02\x8b\xf1A\x92\x8e\x10\x88p\x00\xa0\xd1\x16\x84i\x00\x88\xb2\x05\x89\xcd\x11\x8a\xe2u\x89[\x00\x88I*\xa4t\x06\x89i\x00\x96\x86\x0e\x8f\xb3J\x91\x8d\f\x80\x12\x00\x8b&\x03\xa6\x02\x0f\x82M>\x80\x16\x00\xa5\x1e\x01\x85j\x00\x9d\x1b\x01\x84S\x00\xaf\x16\x01\x86a\x00\x98\x13\x01\x96\xc6\n\x96\xc0\x03\x8f\x82\x03\x88\x1a\x04\x9d\xfd\x84\x8cE\x04\x81z\xb3\x8aP:\x8a\x7f\x87\x95q\x03\x8dr\x84\x82H\x00\x8e\x9d\x84\xa4}\x03\x82p\x00\x84k\x03\x91}V\x91\x88\x03\x8b\x87|\x8fX\x02\x80\x9b\x03\x81\xff\x1b\x80\xb1\x16\x8a[\x02\x82\x14\x00\x89N\x00\x82\x11\x00\x81\xd7\x03\x83E\x02\x82a\x01\x83\xee\x0e\x85+\x01\x87\x90\x05\x81\xb7\t\x820\x00\x88\x13\x00\x85\xae\xbb\x89뗇$\x00\x86\xbcю_7\x87\xf8\x01\x94\xce}\x93\xb9\v\x90\x8bz\x81$\x00\x9c\xa1\f\x8dP\x16\x9bN-\x86R\x00\x9a] \x8eY\xfc\x94Y\x05\x8d,\xfc\x8f\xbe#\x85\xd6\x0e\x81\xa1\a\x85.\x00\x81\x8b\x14\x82$7\x85\x11\x00\x01= \x80zƁ 3\x00l\x81\x03(\x84Q\x00\x81\xca^\x896\x00\x80\xa7[\x86\x1f\x00\x82\xe81\x86\x0e\x00\x80\xb3+\x84%\x00\x87F\x00\x80wm\x83\x0e\x14\x80J\x00\x87*\x00\x80\xe8\x13\x86*\x00\x83\x80\x8d\xa8\xb3\x11\x80\xf1\x02\xab1\x00\x80\x92\x14\xac1\x00\x80\x17\x02\x80\xb9\x00\xab5\x00\x00b\x80\xc2\b\x82\t\x03\xab7\x00\x82\xc1\x14\x81\n\x01\xab7\x00\x81\xe6?\xab2\x00\x83\xd1(\x82\xa2#\x96\xa8&\x81*\x01\x00K\x9b#\x00\x83}\x02\x9d$\x00\x90q\x12\x8e\xed\x10\x83\xf9\x01\x82\xd1Ӄ\xf0\x10\x877\x00\x80\"\x00\x84\xffǃ\xbc\x01\x82\xefǀ_ɂ\xfdǀ\x00\n\x80\x0e\x00\x94\xe1(\x88\x8b&\x8cV\x00\x81v\x12\x85\xee\x1b\x89\x9a\x02\x89#\x00\x8c\x15ǈ\x7f\x11\x8c@)\x97\xe7\x00\x85\x80\x00\x87D\x02\x89h%\x8e`+\x85\xe0\x00\x87/\x00\x83\x14\x00\x83\x86\x01\x82\xf6'\x89\xe8%\x8b\x8c5\x8ag\x00\x85L\x00\x95\x93%\x87V\x00\x9c:\x01\x83\x98\x01\x89\xb6\x00\x90l+\x8dI\x00\x97\x91\x1c\x8a\xea\x12\x90\x80*\x81\xa7\x01\x90\xbc\x00\x8d\x93&\x88x\x02\x95\x84\x00\x9a\a\x02\x89\xc3\x04\x80W\x05\x85\xb3\xb3\x87W\x01\x9c\x98/\x80ε\x85\x19\x00\x84\xe5\x00\x8b\x8a\xfe\x8f\xbb\x02\x89\x11\x04\x94\xc1\x02\xa5\xe9\u0089K\x00\x8b.(\x91\xf4\x00\x86L\x01\xe3\xf4\x00\x81I\x00\x85'\x00\x87\a\x1f\x86\xb8'\x98\xd7\x00\x89\xfc\x04\x89\\\x1f\x82\x88\a\x82W\x1f\x82+\x00\x88\xfb\x16\x912\x00\x95^\x00\x84#\x05\x83\b\x01\xa3H͉ \x01\x91Z\x01\x87S\x00\x93G\x01\x81\xd9\r\x04Word0\x9f\xd41\x86f\x03\x9bJ\x00\x001\x8fJ\x00\x8eD\x03\x8c\x1e\x02\x86-\x00\x81K\x01\x0116\x83\xb7-\x03a4f3\x90q\x02\x85\x05\t\x82\x7f\x0f\x82\xbb \x84\x95\x05\x84\xea\x00\xa5{\x02\x8e\xdd\x05\x86@\x00\x8e\x88\x05\x92\xc3\x00\x9b\xbb\x04\x88\xfc\x03\x86\x82\x06\x99\x91\x16\xb5\x8b\x16\xabaV\x9f> \x93\xd9\x14\x88,V\xa4D\xb2\x84\xa1N\xb3I\xb5\x8b\r)\xa0\x80V\xaaf$\x9dP҂4\x00\x97\xd2U\x98\x13\x02\x84A\x00\x002\x83\xad\x01\xa8\x15V\xd4\x06s\xa0\xaeS\x99\x0es\x89J\x1d\x00a\x81\xc2+\x85\x86\x00\x89\x1d\x00\x83\xbc\x01\x89\x12\x00"
const compilerSourceData0Chunk10 = "\x9c\x9bm\x87J\x00\x9a\x95\x00\x8e\xb6b\x84\xd0?\x86?\x00\x9a\x18O\xab\x93\x00\x8e\x885\x97\xaaP\x8e#\x1b\x84/B\x86>\x00\x98\xadP\x87\xb8!\x9d\x95@\xa5\x1eQ\x81H\x06\x8ce\x1b\x87 \x01\x82\v-\x8a\x94\x1b\x82\x8b\t\x87z0\x8bB\a\x89\xabe\x92?\x01\x8f\xda\r\x8bh\x1d\x92\xda\x1a\x9f\xca\x00\x86uD\x86hr\x824\x18\x82q\"\x87P\x0f\x87\x14\x00\x83q7\x87\x89a\x97J\x0e\x85\xa4\x11\x85\x11\x01\x89&\x1d\x8eR\x0e\x8dT\x0e\x84g\x01\x81\a\x01\x9c\xb5\f\x8a\xb4D\x02low\xac\xce\x1f\x01\th\x80\xd1\x00\xad4\x00\x02max\xad3\x00\x8ay\b\x8b\xe7ل\xe5\x00\x86\x1c\x01\x8c\x8b\x01\xa1$\x03\x866\x1a\x9b(\x03\x92h\xa1\x91=\xe0\x9f\x06 \x83j\x01\x87\xb4\x00\x8d\x18\x02\x9c\xb1\x00\x89Nm\x9b\xd6\x03\x95\x81\x00\x84\xb8\x01\x89\xdb\x03\x8b\xd8\x00\x8e\xfa\f\x84h\x01\x00-\x80T\v\x8a=\x00\x86\xc4\x00\x8c\xf0\x02\xa1\xc8\x00\x87\"\x98\xb9\xcc\x00\x83P\x02\xb0\xcb\x00\x81ʢ\x89=\x00\x86\xb7\x01\x86\x13\x04\x00B\x81\x83\xdb\x00s\x82\xd8\x19\x83rڂ\xb8\x01\x86\x02\x01\x85?\x00\x89S\x00\x8e^!\x95\v8\x85;\x00\x88\f\x02\x86\xe7\x00\x01ub\x91\x01\x0f\x8b\xd3!\x89\xfa\v\xa3r\x00\x86\xb6\x00\xe7s\x00\x84\x18\x01\x8e\xf2\x02\x8e'\r\xa5\x06\r\x8b]\x03\x94*\x10\x8b\xb1\"\x8c\xe3\xef\x95~\x10\x90\xd1\x14\xa4\xef\b\x8b$\xad\x82?\t\xba\f0\x9a]\x04\x95<\a\x8b\x1e\x00\x9a.\a\x90\xe9\x00ʇm\x86\xeaV\xbf\x14Q\xc8zm\x8bVQ\x95\xcfS\x87o\x00\xa6X$\x88\xb5\xa2\x86A\x00\x84\xa3P\x8c\x0f\x04\xa2D\x03\x91H\x00\x83'\u07bdG\x00\xc9\x1a\x03\x8a\x9e(\x8cC\x01\x96\x9eS\xba\xea\f\x9a\x9eS\x98\x1d\x00\x85\x83W\x98\xfc\f\x99>\x00\x85\x9e\xbc\xa2\t\x04\x86jN\xb1\x11]\x98S\x01\x88\xd5\\\xaf'`\xaf\x1cL\x8e\x04\x11\x8fj\x92\x84#\x00\xa1\x16\x01\xadN^\xd7<\x01\x95\x0f\x01\xa6C\r\x99RV\xb6\xfb\xa8\xcbn\x01\x8an\x1f\xfcK\x01\xa7\xfe`\x9c\x15\x04\xba\x12\x01\x8b\xaf-\x87\\\x1c\x99\xe4/\x9f\f\x01\x87R\x1c\x98\xc2\x00\x8b\xb8(\x83\xf0,\x80\x89\x00\x80'H\x8cB)\x8b\xa2\x1c\x97\xcb\x00\x85\xa5'\x81:\x03\x89i(\x84\x9e!\x00L\x84\rF\x86\xf2G\x9b\xcd'\x86N1\x87>\x00\x84\xf6\x00\x8dՌ\x81˛\x97\xe7'\x82\x01\x01\x81\xb8\x9f\x82e͂\x1f\x00\x81\x1e\xb2\x84\x7f\a\x8d_-\x8ew\xe7\x00&\x87x\xe7\x86\xdbR\xa22U\xb6b\xe8\x93؋\x8d\xc60\x8b82\x80\x13\x00\x003\x86b\x10\x91\r\x01\x82~2\x8a\xbe\x00\x86\xa9\x00\x81\x1b\x00\x87\a\x98\x8bd\x02\x8bI\x10\x9a#\x88\x98\f\x13\x82\x17\x00\x9b6\x88\x88\xe5\x01\x87\xef\a\x843\x13\x87d\x00\x82\x1b\x00\xb6\xae\"\x85s\t\x87P\x00\x95\xb7?\x98eᝩ\x04\x86\x81\"\x85-\x02\x82_=\x97\x1c\x01\x88\x8d\x00\x86G\x11\x8a\xfe\x00\x87\x16\x00\x84\x9c\f\x8f\xb5\x00\x81\xd2\v\x8c\xa5\x0e\x86\xde\x01\x86y\x8f\x87\x80\x01\x91\xe8\x01\x84\xcc\x0e\x96c\x00\x82襕d\x00\x80^\x06\xa7d\x00\x85R\x02\x81\xf2\x01\xc7\xfe\x05\x85N\x00\xb3H\a\x9c\xec\x05\x92\xf2'\x94G\"\x83-\x02\xff{\x18\x92{\x18\x8a\xfa&\x97D\"\xb2\x19\x17\x8d\x9d\x01\x895\x03\x86\xca\x13\x96\xe0$\x9eW2\x89\xeb\b\x93\xf18\x90\xe4\x11\x93)\x00\x90\x10\x15\x8c\xe4\x12\xa0\x9d\x14\x872\x04\x83m\x82\x806\x00\xaf\xa3\x14\xb0\xa2\x14\x9an\x12\x88p\x14\x94m\x0f\x8a\x9b\r\xa1L\x00\x83\xa2\f\x95\xbd\x14\xab\xbc\x14\x92\xa6\x16\x88\x16\x13\x98[\x10\x9e\x19:\x87\xc4\x11\x92\xb5\x14\xa8\xb4\x14\xaf85\x88t\x14\x91\xcf\x00\xa4\xaf\x14\x8a\xb1\v\xa3\xe2\x13\x86\t\x00\x8a\xad\x01\xa1\xfc\x12\x90o\x13\x86\xe3\x00\x94n\x13\x96\xe2\x0f\xa1p\x00\x90l\x13\x857\x00\x95(\x13\x97\r\x10\x94\x92\x05\x92\xad\xc1\x8f\xd8\n\xacO-\xa1\xf0'\x84\x9b\x05\x9f\x8b\x05\xff\t(\xb6\t(\x01ne\x80}+\x84P\x00\x88\v\n\x00*\x88\xbf'\x00b\x80\xed\x01\x81\xfd\x06\x89v\x00\x80\x02\x02\x80Y݃\xcf\x02\x87\x1f\x00\x00(\x85N\x00\x8aA\x15\x84@\x00\x84\x12\x05\x82H\x01\x00.\x80c\xb5\x83]\x00\x8a\x0f\x00\x81\xaec\x88n\x00\x91\f6\x84\xf4\x01\x84u\x00\x93\xcf\f\x81\x98\x02\x85s\x00\x9c\xe7f\x8b\x94\x04\x87\x01\x01\x85\xab\x01\x90\x19\x03\x8c;\x00\x80\xf5\x12\x81l\x0e\x83\x0e\x03\x86v\x00\x88\xb9\"\x8c5\x15\x93d\x00\x8e\x97&\xa3\xfb\x02\x86\a\x01\xb9\xfe\x02\x89\xb9\x00\xff\x0e\x03\xae\x0e\x03\x85\xd3\b\x85j\x93\x81\x06\x00\xa2\x1c=\x85=\x00\x8c\x89\x00\x89@\x00\x80\x1b\x00\x9fq\x03\x88H\x00\xa2s\x03\xa1\xbc/\xa06n\x86\xc7;\x85\"-\x00>\x88\x10\x00\x832\t\x95\xfc\n\x00d\x80\xd2C\x81]\x00\x81_\xb2\x87\xe8\x03\x85\xbe\x00\xa2\xe0l\xa2\xde\t\x87?;\xbf6<\x9co\x03\xa3\xf3\x12\x8a~\x06\x97V<\x81 \x01\x82/\x00\x8c\x02R\x9e!\x01\x8c\xc4>\xa3\xf5\xa6\x88@\x02\xaa\xc7X\x89\x9d<\x8e\xba\xed\x98j\x01\x8cL<\x90\xb8ÇZ\x01\x00+\x81\v\x01\x8c\x0f\x1b\xad\x15\x01\x89\xe1|\xb3\xfd_\xcc\x05\x02\x80\xb2\x00\x82\x02\x03\x8d\xd1\xe0\x83\xb6\b\x8d\xb1\x05\x86\r\x02\x8f2\n\x8f2\x18\x8b\x8c_\x8b\xce\x01\x8d\xccp\x82\xcc\xeb\x8f\xcb\x01\x87|\x92\x87M\x00\x9d\xa6\x12\xad\x93\x01\x86\x8by\x9b'\x00\x84\xb9F\x9c\xdf\x01\x85\xdc\"\xb3`p\x8e]\x00\x84\xe9\x00\xbd<\x03\x81\x16\x00\x8c\x80̵1\x03\x9cy\x02\x82$\x03\xac\x83\x04\xa86\xaa\x80\xb5'\x9c\x7f\x03\x93\xb4C\x83?q\x90_\x01\x81\"=\x8e\xd2\x01\x91\xb4C\x98t\x11\x9b\x13\x02\x8a=\x91\x8b)\x06\x95[q\x89\x9c\x01\x8dH\x00\xa0i\x0e\x99\t\x0e\x8e\x86\x06\x98\xfa\x17\x98\xa9\xf6\x8fJ\x01\xa1>\r\x9d\xb2\x04\xa13\x02\x88\xb5\x06\x9e\xe9\x0f\x92Hń\xc6\x04\x8aI\x02\x9ca\r\x8c?\x16\xc8\xea\x12\xa4\xda\x12\x89\xd4l\x82\r\x18\x8b\x13\x00\x83\x18\x17\x8e\x11\n\xa3k\x19\x82\x19\x00\xa9\xaf\x17\xff\xe1\r\xb6\xe1\r\x83\x9e-\xabq\a\x83\xac-\xab4\x00\x99\x82\x03\xaap\x01\x86\x80I\x96\xb5\r\x93*\x12\x85\xe8\x00\x84\x19\x01\x90F\x19ǣ\x00\x002\x97#J\x9b\xa6\x00\x86Z\x01\x81\x82\x03\x8f\x1b2\x8eT\x12\x86\xd6\x00\x8c;\x00\x8e\x96\x0f\x033276\x80\xf1\x01\x84\x16\x00\x83\x03\xf5\x80\x17\x00\x84\x99\x00\x80G\x00\x86\x13\x00\x83\x02\x01\x91\x82\x8b\xae\xa7\x01\x84\xe8d\x83\\\x00\x81\xaa\x8b\x81\xc79\x85\x0f\x00\x83\xcfc\x85\x82V\x89\xaf\x00\x9bD\x10\x8bA\x00\x00*\x85\xd1\x02\x8b\x06\a\x8a\xe8\x00\x80\xfc\r\x8a\x8f\x1d\x8f\xfa\x01\x8c/\x00\x85\xaf\x01\x80S\x01\xce\x17\x01\x80\x1b\x02\x83k\x02\x85]\x00\x84\x18\x01\x86\x0f\x00\x8b\x18\x01\xa8\x19\x01\x8bB\x00\x94\x19\x01\x93\x1a\x01\x84+;\x82\xa8,\x88\x1f\x00\x81\x81\x00\x81X\xf4\x85E\x02\x84\xff\xec\xa3\xd2\x01\x87:\x00\x82\xa2<\x89#\x00\x8aV\x0e\x8a\x01\x15\x82W\x06\x82\xdf\x00\x00R\x80\x86\x00\x88@\"\x88\a\x01\x00,\x82\xec\xf4\x85\xa7\x06\xbdol\x85[\x03\x98\x952\x8c:k\xbd\x145\x9b\x02\x04\x90rl\x9b\x115\x941\x00\x81\bp\x00D\x83\x1bh\x86\xac\a\x82N\x16\x872\x04\x8d\xee\a\x87\t\x01\x9d\xae7\x8eq\x04\x9a\x923\x93\x8b\x00\x90^?\x86\x8b\x06\x83\U000f716b\x06\x95\xcbƊ*\b\x9a\xc8\x01\x89\xfd\x05\xa2\xc7\x01\x86\xc6\x01\x80a\x1c\x88\x854\x81\xd1\x00\x00n\x81\\\xb1\x81\xc8\x00\x81\xd7\x00\x02Hel\x80\xe0P\x80\x8e\x00\x8d\xd2T\x92&\x00\x8f\x19W\x94܌\x8a\xda\x00\x82\xbc6\x81K\xc0\x81K\x00\x81P\x01\x81\xa3\xa2\x88\x01\a\x87\x1d\x00\x82\xaa\x00\x83\xfby\x8e1\x00\x85\xeb\x03\x8c.\x00\x86r\xf0\x8c\xc1;\x82\x93ģ\xe4;\x8d\xa89\x87;\x00\x82\xab\x90\x89n\x00\x83\x12\x06\xa7\x8a7\x80\x0fR\x00P\x84\xea\xf3\x82\aR\x83OK\x85.\x95\x82\x82j\x02ABI\x82\a\x1e\x80\x1c\x00\x00g\x81\x8eW\x00r\x80\x05\xf9\x00i\x80\"R\bREP STOSB\x83G\x00\x00c\x81A\xc9\x04s RCX\x82\xd06\x80\xcfj\x80/\x00\x00n\x83b\xf4\x04t RAX\x817R\x85\xd2\x00\x82 \x0e\x81&+\x80\xce\x00\x04\"\\x50\x80\x04\x00\x007\x84\b\x00\af\\x31\\xc\x80\f\x00\x05f3\\xaa\x83\x14\x00\x0158\x80\x14\x00\x003\x804y\x88(\x04\x93\x15\x01\x88\xcb\x18\x91\xba\x01\x01lo\x80\x85\xbd\x9ax\x01\x81Za\xa3\x9a\x01\xa1GX\x94\xbe\x16\x8a\xbd\x00\x86\x94\x00\x8c\\\x00\x93\xe0\x04\x86\x18\x02\x894<\x86\xb5\x00\x8f\"\x17\xac\xc3X\x85\xb2\f\x81QÈ3\x00\x91!O\xaa\xaf\x00\x88\x1e>\x899\x00\x95\x12>\x940\x1b\x92{\x01\x92\"\x00\x8d7\x03\x86e\x01\x94-\x01\x8b\xdd\r\x85\x17\x00\x80!E\x97\xb8\x01\x8au\x02\x94t\x02\x90\x89Y\x92\x83\a\x8f\xaf\x05\x89\x9a\b\x82\xb1\x05\x86\xf1\a\xa2\xb1\x05\x00s\x80\xc3\n\x86$\x98\x80u\x95\x87}\b\x83\xb1\f\x80\x17\x12\x02096\x84!'\x85+\x00\x80\xb1\t\x89\xb1W\x8c1\x00\x036553\x8f2\x00\x80\x81\xc0\x80X\x03\x80\xc8D\x01so\x85\x1bT\x8ce\x1a\x81\xc0Ȅ\x1a\x00\x87'\x00\x00+\x81!\r\x8e\x7f\x1a\x008\x80\x18\x00\x88v\x00\x00*\x86i\x00\x81_A\x02Wra\x9c\xbc\x03\x89\xa6\x06\x8b\x16-\x86y\x00\xa0\x9d\x03\x00I\x80\xa3F\x90\x17\x00\x80\xb4i\x87S\x03\x008\x83\xe7@\x84\x9e\x00\x89x\x02\x01nz\x88(f\x86\xb3\x00\xa2\x98\x03\x8cef\x91=\x00\x8d5ѕ\xdb\x00\x94W\x03\x8f\x96\a\x88n\x01\x9a^\x1b\x84\xc5\x01\x8b\x13\x04\x91\xa3\x03\x808\x02\x86\xaa\x02\x85\xad\n\x8b\x14\x00\x89W\x02\x8d\xcb\n\x8a\x80\x1c\x82\xbd\n\x88\x1d\x00\x83z\x00\x00l\x82\x8c\x17\x018(\x88\xa7\n\x85\xd9\x16\xc6\xf4!\x84P\x00\xa5#\x12\x89\xe0\x00\x81\xaf\xf4\x0128\x9f\xd71\x8f6\x81\x85C\x00\x85:\x81\x84E\x00\xa2\xb7\x05\x82\xb5\x00\x87\x1e\x89\x9f\x01\"\x89>\x01\xa0W\x05\x92\x91 \x91/\x01\xb1\xdc\t\x9cda\x8aa\x00\x8b\x0fԚ\x8d'\xfb6\x13\x94\xb4\xf6ߎG\xaf\xbaF\x80\xc2\x00\xab1\x00\xb9.*\xa1\xba\x1c\x8bqL\xa3\x8a\x12\xa4\xffF\x9b\xee\r\x90+G\x9a\xf9B\x8a'\x00\x89\xf0b\x83S\x01\x83\xec\x03\xc9t\n\x9e9\n\x01Jg\x83\x88\x00\x86\xad\x00\x85\x8a\x00\x85\tF\x92\xfe\b\x82\xfb\x1d\x8a1\x00\x93N\a\x97\xc4F\x95r\x06\x81=\x00\x81\xa2\x03\x85~\x04\x81\xd7\x01\x92)\x00\x96\xe9!\xae\x9c\x00\x8f\x9f\x01\xa1\xaa\v\x94\xc0\x00\x94\x19\n\x82\xf1\x01\x81\xd8\x00\x8a\x1fo\x91A\x00\x80N\b\x97\xbf\x00\xac\xa6\n\xb4\x12D\x99\x1c8\x9a[\x10\x96\x84,\xff[\x05\xf2[\x05\x80I\x18\x00e\xac+\x05\x80\x19\x05\xa9zL\x0132\x804\x00\x03widt\xac\xc3*\x8fz\x19\x9e\xfa-\xa0(\x06\x8e[\x19\x92\xff\x82\x87p\x03\x9f\xec_\x86\xa5\x02\x80\x1f8\x00:\x894&\x01ok\x86\xec_\xa1\"\x06\xabv\x06\xd0H\x06\x92\xf5\x05\x84\x1f\x02\x87\xf7\x05\x9a\xf2\x05\xaf\xed\x05\x9a\xe8\x05\x86}\x00\x89\xea\x05\x89\xf7\x06\x84\xdd#\x81X\xa0\x00D\x80\xe6\x00\x81`e\x8d\xde\x00\x89G\x00\x84\xba\x02\x01, \x85\x8f\x02\x95\x95\x05\x84)\x00\x8d\xdc\a\x9c[a\x84X\x1e\x96\x95\x01\xa3\xb4\x05\x96\x9c\x05\x9f\xdf\x10\x89hw\x99f+\x87\x12\x01\x90\t\x01\xb1\xbaN\x85Q\x00\x9c\b\x06\x8e\x84t\xa3\xfe\x05\x84\t\x00\x82\xb6,\x89:\x00\x8e\xd8\x00\x85)\x00\x84Yj\x97\x8d\x1e\x94\x06\x94\xadBY\x86\x86\x94\x82\x0f\x00\x84~\x00\xa2Gj\x82;\x00\xa2U(\x87ҙ\x8bJ\x00\x8aB\x00\x83\xa9\x02\x8a\x13\x00\xc4n\x9e\x88\a\x95\x87\xe0\x00\x82\xb5\f\xa0r\x00\x87\x11H\x9dT\x8b\x93\x81j\x95\x12\x1d\x9f\xd3\x1e\x8b\x99\x00\x85\x1c5\xff\xae\xa8\x83\xe5\x00\xab\xae\xa8\x8bN5\x8dWD\x94\xa1\xa8\x81\xaaI\x86)@\x80\n\x00\x80\x8b\x00\x8b\x14\x01\x89\xa7\xa8\x92\xaa$\x9ak&\x841\x03\x8fk#\x8fy\x01\x899\x02\x80吆g\x1c\x9a'%\x8d`\xa9\x91a5\x8d\xf4\x18\x9c\x8d\x02\x87#!\x8f\x05.\xb8J\x97\x8b\xcaG\x8a$\x03\x8e\xb2\x00\xa0\xa5\x00\xeb\U000572b2\x00\x8a\xa9\x01\x95\xf4\x97\x9f\xc0\x00\x81\x9b)\x81\xec]\x9b)\x00\x87\xd9*\xb6\xe9'\x8fb\x00\x83\f\x01\xa3\xe9'\x89X\x05\x9e\xe9'\x82\v\x05\x8e\xe2'\x90t\x01\x9b\x11}\x8at\x00\x88\\\x03\x9b\t\xf0\x89\xa2\x01\x98\xf3\xee\xa5o\x98\x957\x01\xa7\x1e#\x86\x03&\x88\x99\x00\x88\xbf\x01\x83\x7f\x00\x816\x00\x80]m\x84\x00\x01\x93^吋\x00\x9e\xb9\a\x8d,\x01\x9e\x80苗\a\x9c\x81\xe8\x8ai\x00\x83\xae\x00\x87S\n\x92\x8e\x01\x8a\xfb\x00\x8d\x9f\x00\x8bɪ\x9a\xa4)\xa2\xc8\x00\x81\xf0\t\xc6\xc6\x00\x81M\x00\x9b\xc4\x00\x80\xa2\x00\x93\xc2\x00\x92B\x7f\x8f\xc2\x00\xc1{\x01\x80\xd7\n\x9es\x01\x80\x8f\x00\x88q\x01\x89\xbfy\x93\x97\x01\x82@\xe7\x99&\x00\x80Q\x00\x82\b\x1a\x92$\x00\x87n\x00\x82^\x1a\x90\x1f\x01\x85\xbe\x00\xb6\x9c\x02\x80ZK\x80\xcd\f\xa3\x17\x1b\xb6\xac\x98\x03chun\x86\xb3]\x93(\x00\x83\x1b\x05\x81P\x00\x80\xba\a\x81lۆ3\x00\x83\xd6?\x86\x0f\x00\x84\x9a\x99\x00-\x80v\x00\x84\n\x05\x808\x00\x82\xc4\x00\x87S|\x90@\x01\x8a\xce\x17\x88\r\f\x95\xe4\f\x81/\x99\x86u\x00\x82f\x17\x90\x16\x18\x97\xdd\x13\x83\x82\b\x85\x9e\x17\x97\xa2\x00\x88\x06\x02\x8aZ\x00\xa2\x18+\x86\xd3\x01\x82ݙ\x9e\xae\x00\xa0^\x05\x80\xb4\x00\x8dI\x00\x836\x18\x8a\x9b~\x85\xc0\x0e\x8d\xdd\x02\x81\x19\x00\x80\xf6\x1a\x82\xd0\x02\x8c\xac\x02\x81\x1b\x00\x812X\x92\xff\x12\x91@\x9d\x801\x0e\x80/\x00\x87\xc1\x1d\x9a\xa6\x02\x89֒\x82\xe3\x1a\x83A.\x83\xc2\x03\x85H\x00\x81\f\r\x86\xc1\x02\x84D\x02\x85\x1c\x00\x82\xc4\x02\x83b\xea\x80\t\x00\x01-=\x87}\x00\x84 \t\x8a\xbf\x01\x87\x01\x01\x803\b\x86*\x00\x80\x1e\x00\x94\x03\x03\x81\xdev\xa3Y\"\x89\xa2\b\x94)\x00\x02386\x8d\xf8L\x85\x8f\x00\x81a\x01\x8d\x01\x91\x84\xd8\x1a\x8fz/\x94\xd2\x00\x9b\xe0\x02\x92]\x00\x87\xf4\x1e\x8eT\x00\x81\x0e\x02\x95R\x00\x89\xb7\xee\x83P\x00\x83\xb4\xee\x9dj\x03\x8e\xbe\x1b\x86M\x92\x86p\x03\x89\x1a\x01\x85\xe5\x10\x86Ғ\x8f\x05\x1b\x82X\x17\x80\xfe9\x82R\n\xb5\xe4y\x86\xbf\xaf\xba\x18\xb0\x9f\xd1\x15\xb2c̏\xe2\x14\x8f\xf8C\x88cÉ\xaa\x00\x89\xc7\x14\x81\xa2\x05\x85\x0f\x00\xb6\xed8\x94\x7f\x00\x87Y\x00\x84D\x0f\x89\x85\x00\x88,3\xcd|\xb0\x85[\x00\x90\xd0\x00\x86b\f\x8f\x8a\xa3\x90(\x00\xac\x13/\x94\xf6\x00\x80\x92\x00\x91(\x00\x878\xa3\x80z\x00\x86U\x00\x92s\x00\x8c+.\x9f\xf3L\xb6F\x14\x9c戅nN\x8a\xbc(\x93q\v\x80J'\x81눇ʜ\xba\x7f\x03\x807\xe9\x82\x14\x00\x92/\x06\x84y\x03\x92\\\x03\x99\x81r\x84qr\xae#q\x81\xca\x0e\x8b\x9cl\x87\xf44\x05UsesHi\x80\xf6\x92\x80\x1a\x1a\x81>(\x8a\xac\x86\x95#ыÄ\x807놇˞9\x02\x91!\x00\xb2m\x00\x99\xc5q\x85El\x86(\x01\x81\xed\xff\x85\x15\x00\x01Do\x81s\xeb\x84\x1a\x13\x82\x1b\x01\xe2@m\x84\xba\x00\x84\x1d\x06\x89\xa0\x00\x80W%\x87\xb7l\x88\x1e\x00\x84\xa9\x00\x86\x1f\x00\x82\u05fd\x80?\x00\x81\xef\a\x8b?\xbe\x82\x06\x03\x80%\x00\x80\xa8\x13\x01sR\x81\xb4\x94\x80\xc0\xe3\x85\x05\x02\x81\xfcn\x87Wm\x85il\x80\xbe\x00\x87G\x00\x8c\xc7o\x87d\x01\x86#\x00\x81\xff\xbd\x82\xde\x01\x89\xb8\x00\x86\xf1\x13\x81'\x00\x00s\x8a\x8d\x00\x83rπ \xa1\x82/\x00\x80\x97\x00\x8c\x96\x00\x8aI\x00\x84\x01\x02\x91\x05k\x86\x0e\xb8\x84\xb0\x00\x00s\x87\xabT\x83\x0f\x00\x99t\x00\x822\xba\x89\x10\x01\x8bY\x01\xa1w\x00\x90x\x00\x8d\xd0\x01\x86\xbcI\x87P\x01\x80\x8a\f\x825\x00\x8a\x1aI\x85\xeeφ'\x00\x90nk\x8d\xc3\x01\xafɗ\x81\xee\x01\x84\x0f\x00\x85\x17\x04\x8cn\x01\x9bԻ\x841\x02\x82\xb5\x17\x80\x90\b\x82\x053\x89\xc5l\x99\a\x02\x822\x00\x81bꍤ\x02\x83h\x03\x89\x8dH\x82\r\x9e\x82\xa9u\x88\\\x00\x85\x16\xc0\x99\x15m\x8a1\x00\x01-1\x81\xbf\xe2\x810\x14\x84T\x00\x83Y\x1e\x86\x88\x00\x8cz\x1e\x80\x90m\x82\xd4\x00\x8a\x91S\x80\xfc\xde\x04iadic\x80x\x01\x84\xb17\x8b?\x03\x87\x01\x17\x82=\x00\x89\x82B\x80$\xad\x82\x12\x00\xaa\xb0\x00\x8eWU\x81\x9b\x04\x8c@\x02\x84\xd5\x02\x89c\x85\x81X\v\x84\x81\x01\x88\x9c\n\x83\xd0\x00\x89{D\x8b#A\x83 \x00\x92\xbe\xf6\x82\x96\x00\x86 \x05\x00i\x83-\x01\x94\xd9\x01\x88-\x00\x83\x8e\xec\x92\xf4\x03\x81\xbe\x02\x82\xf5\x00\x91\xef\x03\x80$\x00\xa8@q\x82\xc1u\x88F\x01\x87\x80\x00\x93\f\x04\x97K\x01\x91\x8b\x03\x89\x82\x03\x8e\xa8L\x8dǤ\xe2\x83\v\x859\a\x80\xacʏAٕ-\t\x88a\t\x994\x00\x8bA\xae\x84\x90\n\x88\xad\a\x9d;ڊ-\xe6\x86Ã\x8f\x19\x8d\x81\x8a\x00\x8eL\x00\x90\x88\x00\x83~\x00\x8f\x0f\x05\x86L\x02\x90\x89\t\x88E\x00\x88\xc5\x00\x8c\xd7\b\x9c\xd7\x15\x80M\x03\x813@\x8e\xc0\xa8\x80ij\x84wj\x005\x82\x0e\x00\x89\x82\x97\x92\xbd\r\x8a\xf1\x02\x02Wit\x82U\x10\x83\xbeŁj\x17\x8e\xd9\x00\x9c\xe5\x15\x89t\x02\x94d\xfe\xd0r\x02\xed\x80\x01\x8c\x91,\x90\x10\xaf\xe7r\x01\x80\xf3\n\x82\x98U\xca\a%\x95\xfa$\xd8\xd8\x03\x85\xaa\x80\x90(\x00\x83\xcc\v\x8d4$\xab\xf9\x03\xbb\xed\x03\x81B#\x87\xe8\x03\xb6\xac\f\x91y\x00\x82\xb0\x91\x87\xd2&\x8dL\x01\x8d\x8fy\x86\x03v\x81\x06\x02\x82\xa2!\x95\x03v\x9eky\x86\x83\x00\x84;Z\x82\x89*\x8e\xfb\x00\x80?\t\x89`\x00\x88\x92M\xff\x96\f\xa1\xd6y\xff\x96\f\x91\x96\f\x8c\x13}Ӊ\f\x98\xcb\tۋ\f\xa1y\x00\x98\x8d\f\x8e\xe4h\x94\x02\t\x83Y\x02\x80f\xfa\x81x&\x80\xc44\x87W\x02\x80[ҁ\xd44\x8b\xdc˂!\x1e\x82\x04\x16\x83/\x00\x85\xeb\x02\x81\xbc\x01\x89n\x05\x82\x96\x13\x89A\x00\x8es\xe1\x8a\x1e\x00\x81u\x00\x85\xd8\x17\xbf\xdd\x05\x89\xb2ɕ\xd3\x04\xc7\xf2ȓ\xb4M\x83\xa7n\x85\xe8\f\x9b\xe3]Ϫށo\x13\x8e\x9dބ%\x01\xad\x9cކ\xbe\x1f\x85\xa6\x00\x86jT\x81\xe5\x00\xa5\x9c*\x8e5\x8e\x93\ue030S\x00\x817\x00ԃ҃\x8e\x00\x99w\xed\x88\x16\x18\x88\xbb\x00\xa9\xded\x86J@\x8e4\x16\x8f\\\x9f\x89.\x13\x8d\x04\x9b\x83\xa0\x11\x85\t\x03\x8d\xa9\xf1\x91G\x02\xac\x03\x03\x83\xbf\x14\x92\xf4\xfd\x9d\xf3\b\x9d|\x06\x88A\x11\x8b_Y\x94\xd5\x06\x82\xca8\x8d\xcf\xe2\x8fϗ\x8f\x03\x02\x826\x00\x88\x8a\x01\x86\x10\x00\x81\x8d\x01\x85\x03Д\xc3\x01\x9b<\x00\x86ͮ\x8d\xcé?\x00\x88\xfc˚F\x00\x83\x8b\x02\x8a\x9b\xf3\x95X\xee\x80\xce\x01\x80\x1d\xf1\x81e(\x831\u03826#\x81\x8f\x9f\x9bHg\x8f+\x04\x8e\x8f\x12\x8cŰ\x84\x8a\x01\xae\xde\x19\xa8\xb8\x00\xa0\xbd⑻\x00\x8d\xb9\x00\x89d\f\x8cP\x02\x8b\x14\x06\x95\x8a\x00\x8f\x11\x03\x84\xa8\x9c\xb2\xd7ϽF\x8a\x02has\x82\x92\xfe\x82\x1b\x00\x80\xee\xfe\x00h\x83D\x02\x84腈(\x01\x88&\x01\x82\xba\x11\x85\xccӏ_\x11\x0132\x80a\x11\x86\xcb\n\x01Bu\x80N\x12\x819\x92\x81j\x00\x00%\x8a\x18\x89\x84\x1b\x00\x00)\x81!\f\x83<\x12\x87\xd4\x13\x8ef\x17\x86>S\x91\xa1\n\x8f[\x9b\x8a\xc7\x00\x97\xa5\x87\x90\xe1\x00\x86M\x00\x8bN\t\x83\xdd+\x00t\x80u\xf6\x00s\x87$\x9d\x82M\x00\x8b;\x84\x89~\b\x81\xdf\x12\x82t\x1e\x80\xb3\x05\xa61\x01\x00N\x82V\xa4\x00i\x846\r\x87c\x12\x8e^\xa1\x81\xe9\x00\x00i\x80\x91*\x80\x8d\x04\x8f\xfc\x9e\x82\uea43ƍ\x82~[\x9dk\xa1\x82AF\x803\x00\x81\xe8\x04\x821\x00\x91J\f\x87h6\x93D\x1d\x8cc\x02\x82\x834\x983\x00\x8aަ\x85\x9e\x97\x84\x8c\x00\x87\xcc\x05\x83\n\x00\x95\x92\v\x84)\x00\x94H\xc0\x90\x1e\x00\x8e\xab\x1d\x96P\x01\x80\xd4\x00\x84\\+\x83]\xe3\x86\xe2\r\x90V\x00\x8e\xfc\xa1\x00l\x85bԁ\xc2\x00\x83\v\x00\x89e)\xb9l\x00\x91c.\x95T\x00\x82\xcf\v\x81U\x00\x84\xa3\x98ń\x00\x89\x83\xc1\x85\xeb\x00\x82\xad\x01\x83\v\x00\x82{\x01\x86\xa4\x99\x82\x19\x00\x86\x0e\x00\x8a\a\x1c\x9e\x84\x00\x966\x0e\x8d[.\x84\x86\x00\x95\x16\xa3\x8fi\x00\x83q\x03\x83p.\x84)\x01\x84\x17\xa3\x8b\x1c\x00\x84<\x01\xc03\xa3\x8a'\f\x00D\x83=\xac\x8cH$\x8bJ\f\x832\xf8\x8d%'\x8a$\x00\x83\xa5\x04\x81 \a\x84\x86\v\x81.'\x95-\x00\x82\xc4^\x832\x00\x80(\x00\x8aL\xa3\x8bU\x00\x81\xe53\x8eS\x04\x88̊\x87\x9d\xef\xa0a\xa3\x9b\xa0\x8a\x94!\x87\x9fm\x1d\x99\x1d\xa6\x86;\xf0\x8b\x94\x00\x97\xdbO\x82\xd0\x02\x9c\x9a\x02\x82\xeb\x05\x85\xe0\x12\x86\xd1O\x8f\xb5\x00\x85\xed\x0e\x82\xec[\x82\xdc\xf7\x8c\xa7\u0085l\x01\x82g\x0f\x00s\x82U\x06\x89\xbc\x00\x81\x12\b\x81\xeeD\x8a\xfb\x02\x96\x1e\x02\x86E\x11\x8e\x82\x00\x93\xc8\x11\xaa\x85\x00\x85\xc0V\x96\x85\x00\x8d\x7f\x02\x85\xf1\x06\xca\xea\x00\x88\xb7\x02\x94\xee\x00\xae\xd2\x00\x96l\x00\x83\x97\x03\x89\xc9\x03\x816\xd5\x00\n\x80\xacH\x8f,\x00\x81\x99\xa6\x81\xf9\x00\x81\tI\x00s\x82\nI\x82\xb2\xb3\x80\xd6\x03\x00s\x80(\xb4\x809\x02\x80\x83\xb3\x81*\xac\x01s \x80\x1f\x8b\x00d\x80\xe2H\x80\x9dC\x81\xa9T\x81N\x00\x05whole-\x84\x8b\xb3\x01 b\x81N\xb7\x03ies.\x81!I\x01L \x80\x88\x16\x00g\x80R\x00\x81\x98_\x80\xab\x9b\x03stro\x80\xcd\b\x00r\x81UI\x80\xed8\x03heir\x82\xe1\x02\x81\x88\x00\x81K\x00\x82\x942\x00s\x80\x18\x13\x05n outl\x81쳁&8\x81n\x11\x81\x9d\x9b\x82?k\x81,\x00\x80\xcd\x10\x82\x84I\x00l\x80\x97\x9b\x00r\x88\x18\x00\x80\x0f\x9c\x80e\x04\x03free\x81N\x00\x01to\x816A\x80ǉ\x01ck\x82\x85\x00\x81\xceI\x80\xfb\x00\x02umb\x805\x00\x81\xe4\x00\x81kC\x81\xcck\x85\x83\x00\x80\xe2\x00\x80\xfc\x9b\x04. Der\x81{\x00\x80\xa6\x01\x80R\r\x81\xf6\x00\x81N\x00\x00f\x80\xe5\x0f\x81\x85\x11\x81\x1e\x9c\x84a\xc0\x80Y0\x80\x1a\x01\x81\x88\x9c\x80\xa5\x04\x80o\x9b\x00.\x95\x86\x04\x82J\xae\x8f.\v\x8aS\x8f\x84y\x04\x86\x03\x02\x81y\x1c\x83:\x12\x87,\r\x89\xec\x01\x03Repl\x8fe\x00\x891\x91\x8e;\x1f\x82\x1d3\x8c&\x96\x91E\x00\xa3\xaa\x00\x8d\xc0\v\x83\xb9O\x80\x86\x0f\x80\xfe\x18\x81?\x17\x81\xa9*\x83\x91*\x80\x10\x05\x82\xc3\x00\x883\x05\xad⏈\xc1\x00\x81\xd8\x00\x84\xd4\x01\x8b2\r\x02Obj\x80\xf1\x02\x87<\x03\x82#\x00\x8b\x13\x01\x80\xa4\x00\x8a;\x00\x85\a\x14\x88\xe3\x04\x86u\f\x8dP#\x87$\x00\x84-\b\x8b\x17\x05\x81\xa9P\x87\x12\x00\x84WƆ\x96\xe0\x83\xd8\f\x84\x1f\x04\x82\x1b5\x84\xb5\x12\x86M\v\x86\xdb\xe6\x85$r\x87N\x00\x83\xbcl\x86\xc8\x02\x87g\x1a\x82s\x03\x84\xe9\x00\x85]r\x82,\x00\x8eS\b\x80]\x01\x85@\x00\x80\xfb\xb0\x87\x1e\u0381\x11\x01\x85\x8e\x00\x80\x85\x01\x85$\x00\x82Fڀ\xbe\v\x83\xc3\r\x80\xdb\x00\x86%\x00\x00<\x8e$\x00\x86\x1d\x8d\x86\xa3\x00\x85\xff\x16\x815\f\x80\x01\x00\x03brea\x814\x01\x8b\xaak\x83\xef\x04\x92\x8e\x01\x95\xf5\x01\x00k\x87\xa7\xb1\x94\xfc\x00\x00[\x89P\x00\x86s\x8e\x94\x8f\x18\x81\xfcG\x8c=\x02\x817\x0e\x81,4\b1879, 376\x80\x12\x0f\x80w\x00\x80V\x16\x05thKeyA\x81M/\x816\x00\x925\x00\x81\x1a\x00\x8a/\x00\x00B\x96/\x00\x83\xd4\r\x831\x00\x89*y\x95\xdf\r\x85\x7f\b\x03.dec\x89v\x13\x83\x01\"\x87\x15\x00\x85鲂R\x00\x88G\x03\x81\"\x00\x87_\x0f\x86\n\x01\x87:\x00\x84\x93\x0e\x81\x10\x00\x86n\a\x83\xfd\x01\x00<\x8b\x15\x00\x86\xee\x01\x98\x9d\xe9\x85\xc2\x02\x8fN\x00\x83\xca\x02\x94\xb3\xe9\x927\x00\x80\x19\x00\x80\x86\xe9\x827\x00\xabK\x01\x82\xa0\x00\x80\x15\x11\x8c6\x14\x89b\x01\x81\x96\x04\x87d\x01\x82\xd7\x00\x89d\x00\x85J\x04\x84\xecd\x803\x00\x80\xfc\x05\x81s\x00\x8aW\x17\x87\xf6\x01\x861\x03\x83|\x05\x84V\xb4\x05(a ^ b\x80\xb0\f\n 2147483647\x83\xbc\t\x81\r\xae\x86\x06\x13\x83\x1a\xae\x8aw\v\x01ag\x93\x9c\x17\x90\x90\x00\x9a\xb2\x05\x80\xa4\x00\x84ge\x83\a\x00\x84$\x03\x81\x81P\x86\xa3\x11\x9an)\x82\x9e\x12\x98I\x03\x8b>\x05\x8a2\n\x83\x17\x06\x88\x18\x05\x85\xf1\x00\x88\x14\x00\x823\x00\x02bod\x81\x9f.\x00r\x8c\x80#\x88\xc0\x04\x84}\x00\x83\xdey\x89\xc6\x04\x83\x12\x00\x88\xa0\x00\x84#\x00\x86i\x11\x8a\x98\x05\x83\x1d\x00\x88\xf6$\x81\xe2\r\x88\xcb\x05\x85\x92\xe8\x82\"\x00\x86\xee\x02\x8c{/\x9d\x05\x04\x82\xaa\xb3\xab\xb0\x02\x84v\x00\x88\xff\x03\x88\x12\x00\x84\x92\x14\x89\x00\b\x91w\x00\x91'\x02\x02Ord\x80\x93\t\x82t\x16\x87\xe7\x00\x86]\x00\x86\a\x01\x8a\x12\x00\x82@͝\x89\x01\x83_\x04\x87\x87\x01\x01ow\x84/\xf4\x8a&\x02\x85\x84\x01\x82\x1e\x00\x8dK\f\x8b{\x01\x00<\x84%\x00\x86\v\x02\x8f\x9b\x01\x87!\x00\xb5\x9a\x01\x81^D\xac\x9a\x01\x83u\x00\x88\x99\x01\x87\x11\x00\x87\x85\x16\x83\x14\x00\x8f\x9f\x05\x8d\x18\x00\x95\xa2\x05\x93\xa3\x05\x8c>\x00\x85^\x9d\xa8\xa7\x05\xb9\xa8\x05\xb5\xa9\x05\xba\xaa\x05\x86\x81\x1d\xc8\xed\x02\x8cX\x02\x89\x11\x00\x87\xeb\x02\x8c\xd3\t\x84\xc0\x01\xa4\xd4\t\x9d\xad\x00\xa3\xe7\t\x00-\x8d\x9b\x05\x8a\xc6\v\x96]\x00\x86\xe0\n\x99/\x06\x86\x1b\x01\x90\x18Y\x87\xe4\x00\x83\xbf5\x87\xb9\x17\x81\x02\x02\x99\xf5\v\x80T\x1e\x81V\x00\x84\xbc\x1d\xa8.\x04\x81\x91\xeb\x8f,\x04\x8ee\v\x82\xb8\xeb\x84\xebꃖ\x01\x86\xc2\xf1\x83\xe0\xeb\x84s\xa1\x83\r\x00\x88\xc9\x00\x82\xfd\x02\x84\x9e\x00\x85s)\x87K\x01\x84\x19\x00\x931\x01\x91v\x0f\x8c?\x12\x8e!,\x80\xb2n\x86p\x11\x83\x12\x00\x83\"\xb5\x9a\xad\x16\x84\xcb\x0f\x86\xdd\t\x88\xe8*\x83>\x00\x80\xeb\x10\x84#\xb7\x83ٷ\x83\v\x00\x84\x10\x01\xb2\xe3+\x82R\x00\x86\xc1\x14\x93\xc4#\x9d\xa5\xb7\xa1\x8e\x14\x93\x98\x00\x96\x9a\x14\x92ͷ\x8f+\x15\x8f\x94\x14\x8b\x98&\x90Q%\xb2)\xa6\xa5\x97E\x93o\x9e\x85P\x14\x89\xb2%\x9f'&\x9d\xe5c\xbc\t\x14\x81x\x00\x84\xf5\x19\x81\x19\x00\x82[\x00\x81\xe0\x03\x94\xc9%\x00h\x80-\x11\x00l\xa0\xee^\x88\x96\x00\x8a\xb34\x90̨\x85\x12É[\x00\x94~\x00\x80\xf7\x10\x84:\x10\x81|\x00\x81PX\x02([]\x82\xa0\x01\x84\x8d\x02\x89o\x00\x84n)\x8af\x01\x811%\x88*%\x81\x03\v\x86S\x00\x9605\x98\x9d'\x81\xa38\x81=\x01\x89\xf3\x00\x8b\xca\x00\x89b\x00\x8bG\x02\x90\x9a\xa1\x8e\x89\x01\x8e>\x04\x9f[Ȃ\xbd\x01\x84\xfc\x01\x86\xd1\x03\x85g\x11\x89*0\x8d\x7f(\x8b\xa0b\x84Q\x01\x89\x03\x01\x8b\t\x7f\x84!\x00\x8d\xb7\x1b\x97v\x01\xb1s1\x8f\x01\x01\x88\x03\x02\x82\xfb\x01\x9b`ɃF\x05\x86q1\x86\xd5\x00\x8b\x1e\x01\x85a\x1d\x8eH1\x82\xa8\x1d\x88|1\x8e\x86\x9e\x81\x1c\x00\x8c~\x9e\x85\xe3\x03\x93\a\xeb\x86\xe2\xeb\x87\xc8\x00\x80\xdf\x06\x86\xdf<\x8fI\x03\x86T\x00\x84P\n\x9aK\x03\x82\x1c\x00\xaa\x0e0\x8a\x87\x00\x99`\x05\x82\xb4E\x81G\x01\x86\xf9\x05\xa5\xf3\x00\x86)\x02\x90\xfb\x00\x87\x1c\x00\xb2\x03\x01\x88c2\x80D\x9f\x8cV\x04\x9f_2\x86Y\x00\x8a\b\x01\x87\x94\x00\xb6p\x06\x92\x98\x00\xa3\x00\x03\x86\x1f\b\x81\xac\x7f\x81f\x01\x91\x18u\xa5\x8c.\xff\x1fj\xa5\x1fj\x8f\xeb\x05\xb1\x91q\x81\xa4+\x85\xc1\x04\x85\xdc\x04\x819\x00\x95HЋ\xc9p\xc8\xd5e\x9f\x0e҂\xa8\x00\x87\xc5J\x85<\x00\x82OA\xd5\x18Ґ\xc2\x04\x8c\xc3\t\xa3\xf4H\x86\xca\x01\xc1\x91\x04\x84\x18\x05\x80\x8c\x04\xa1\x19I\x85\xf2\x00\x90Ű\x98wҨ\xd6p\x00i\x93\xc0h\x8fq1\x89\xd9\x01\x85|\b\x85#\x00\x9dxӒ(\x00\x86'Q\x8e'\x00\xa3bӋ|\x02\xb5\"\xe1\x81\xcd\x02\x83\xea\x01\x89\xd3-\x9b\xd7C\x99\x86\u0082\x99\xf5\x9a\x87\x04\x93\xe7ġ\x13ȁ\x1c-\x83E\x04\x82&\x00\xbb\xac߆\xebC\x85u\x00\x85\b\x9d\x9a{J\x83%\x05\x85\xc0\x00\x8c\rE\x8b*ᇭD\x84\x18\x03\x86\x98C\x87\x94\x01\x83\xc4\x01\x96\xe5D\x80\xbe\xa4\x85\f\x00\x8f=\n\x86\xac\x00\x8f\xa8\x00\x83\xa7\x01\x82\xcf\x05\x8cT\x1c\x97\x82u\x90F\x00\x9cIM\x8e\x04L\x8fC\x00\x8eR\v\x92\x8f\x01\x9b\xc0\r\x87t\v\x90\xde\x16\x88\xb4!\x8b\x88\v\x84\xf1\x16\x8c>\n\xa6\xd9\r\x80\xa3\x01\xa0@@\x9b\xae\\\x86\xd8\x03\x81\xa6\x00\x85\x91\xff\x8e\x17\x03\x9a\xd6\r\x85:\x00\x80\x17\x00\x00c\x83\x1d!\x80\x99\x1d\x87\xb1\x05\x81\xf72\x80\xaf\x1f\x06viousDe\x81\\*\x80\\\x01\x83\xd4s\x84\"\x00\x83I/\x02g.e\x81\x9ei\x80\x1a\x00\x82&\x00\x83\xc7E\x989\x00\xaf\x01\a\x99\xb9\xe2\x80\x05\x10\x80\xffƌg\x00\x80\x8e\t\x96\x80\x00\x83\x80\x05\x00h\x88LA\x89\xa4\x06\x87\x10\x00\x81,\x01\x86е\x81r\x18\x84.\x01\x84\x81}\x89EA\x94\x9dA\x89\x1cA\x80\xe9\x02\x90s\x00\x86Z\b\x91\x1c\x00\x98'\x01\x87\x8f\xb5\x84%\x01\x921Z\x8fU\x00\x87\xb7\a\x88\t,\x80\xbd\a\x96\x89\xb3\x86\x1b\x00\x84\xd3\a\x82\xb7G\x92s\x10\x86\x04%\x88\xb6\x1a\x88x\x02\x80\x8e}\x85\xfdъ\xfbG\x91\xe4%\x800\x04\x97$\x00\x90B#\x84\xbd\x02\x9b\\\x00\x85\x1d&\x9a]\x00\x8b:#\x81\x90\b\x84\xb7\x00\x81˭\x85g\x00\x91\x11\x18\x80+\x00\x9f{\x00\x839\x00\x83\r\x00\x8bU \x84\"\x00\x82\x15\x00\x01By\x85=\x00\x8d\xe51\x85/.\x8aC\x00\x85C\x16\x00!\x840\r\x84\x1d\x00\x01s[\x89&\x00\x81\xa8C\x01ad\x85\x1f\ueb88 \x82\x9a\r\x82\x94\xe3\x81E\x00\x81\xfb\x0e\x84\x8e.\x82K\x02\x83\x1c\x00\x84J\x02\x84\r\x00\x92\x96\x15\x83\x1c\x00\x86\x16 \x92\xc87\x83$\x00\x830\ue0fb\x1f\x82P\x00\x808\f\x85\xa4\x02\x8b/\x17\x81CV\x88\xd8\x1b\x8eM\x17\x84\x1d\x00\x81\xaa\x18\x81\\K\x84O\x00\x8al8\x80\xd6\x00\x01ch\x82c\u0382\xc9\x12\x8c\x15\x00\x85\x92\x00\x86J\x9b\x8a\f\x01\x87fs\x85y \x84\x06\x00\x81<\x02\x89)\x00\x84=\x00\x887\x02\x8dS\x8c\x83\xc3χ\x8c\x04\x89p\x06\x83b\x02\x8a\x81\x02\x87\x10\x00\x87\xb5\x05\x87p6\x8e\x1b\x00\xa7u\x05\x97\xd4K\x83_̆{\x05\x8b\x99\x12\x83ng\xa0E\f\x8d\x9b\x00\x86\x8f\x19\x8c\x03\x01\x80\xba8\x8c*\x00\x84*\x01\x81\x87W\xa0\x18\a\x8aqӛ\xc4$\x86\xb6\x00\x8a\xd7҇\x90\v\x88\x97\x00\x88\xcb҇ڪ\x82\xd0ҍKC\x87\x1e\r\x81k\x02\x89\x1a\x14\x92\xe9A\x8b\v8\x9cB\v\x8ck\x11\x86\x988\x85\xa1\xf0\x85\xab\x06\x8a\xf0\x16\x84?\x01\x80\xba\x00\x00r\x82{\b\x84\bu\xa4\xb8\x04\x86\xb1\f\x92CN\x8ao\x15\x81/\x00\x83f\x00\x82m \x95\xf6M\x96k+\x84p\x00\x8b\xbc\xb4\x8bz9\x93\xb5\x04\x8c\x8d9\x89G\x00\xa1~\x0f\x88\x970\x89\xf2\x00\x98\x1e\x0e\x8e\xf7\x00\x854\x00\x95\x82喧\n\x87>\x00\x9c+K\x8b\xd1\x00"
const compilerSourceData0Chunk11 = "\x88\xbf\x03\x82\x93\x0e\x89\xd7\f\x8a\xd1\x00\x8a\x95\x01\x9e^\x02\x8fe\x00\x8b\x1c\x01\x84\xf3\x06\x90\xb6\b\x868w\x88\n\x01\x88RL\x8c?\x01\x91\xa1\b\x9c\x94O\x84\xc6\x00\x86\xe1D\x05oldSup\x82\x0e\b\x83'\x02\x00s\x84\x0e\x00\x82\x17т\x80\x8c\x80&\x00\x91\x17\x00\x878x\x95\xc5\n\x99\xa6\x0f\x82}!\x92\xef\x04\x89\xaeP\x93\x9f\n\x85C\x01\x87\xf0\x01\xa3T;\x00+\x82\xfb\x00\x84+\x11\x9b\xb2\x00\x96\xe6\x0f\x9a\x19\v\xbd\xd1\x00\x94g\x01\x88\xa4\x01\xb7t\x04\x86\xa7\x7f\x88\v\x02\x862\x12\x01Re\x80E\x81\x00d\x84=\x00\x80H\xb0\x80\x14\x0e\x83\b\xac\x86E\x01\x8f\x11\x1a\x93\x950\x87u\x00\x87\xf6b\x8d2\xf8\x83\x1e\x00\x97R\xf8\x8c\xe8h\x87\x1f\x00\x848\x03\x80d\b\x96\xbc\x01\x82\xf6\x0f\x00o\x80\xf4\xbc\x82\xa7G\x85E\x01\x83\U0001a274\x12\x8a\xcbb\x89\xfc\xe8\x85[\xb0\x85\xa2\x06\x83\xf4\v\x82\xd7Ȁ\n\xa1\x84\b\x01\x80A\x06\x80o5\x00n\x80S\x1d\x01id\x86\x13\x00\x81\xf3T\x87\xa7,\x81k\\\x00a\x81H\x01\x80\x90c\x80\x97\x05\x80\xc7\xc8\x02any\x82I\x00\x80\xf7\x00\x00c\x80;\x01\x80\x19\x00\x8a\x95-\x80\x80\t\x80H,\x00s\x810\xc9\x02sti\x80\xccv\x00a\x81k-\x80`\x00\x82\xd9v\x81\xa8_\x02. I\x80,Ɂ\xb6ׁ\x04\xe2\x00l\x83N\x00\x81\xc1\x15\x03xecu\x82u\x00\x80\xa7\n\x81\xb4\x1a\x80M\xc9\x06; guard\x80$\x18\x81\xb6\x00\x81C\x00\x823.\x01re\x80W\a\x839.\x81\x9c-\x83!.\x01ly\x80\xf8v\x86>\x01\x96\x1eؐ\xc6\x03\x93\x17r\x8eO\x01\x99\xe8\x12\x94{\x02\x9c-'\x00_\x9b\x1f\x10\xbb&\f\x8d$\f\x95\x00\xbe\x00i\x847\x10\x85\x83\v\x93<\f\x83\x06\x1d\x81,\x00\x88F\f\x80\xb9\x01\x81\xa2\x02\x81\x94\x01\x04rough\x80\xed\x01\x85\x9f\n\x83f\x00\x83\xc1/\x01an\x80p〱%\x86V\x02\x81v/\x02be \x82\xff\x02\x82(\xac\x80I\x00\x00b\x83\xd4\x01\x01th\x80QW\x80 E\x80z\x04\x82u˃\f\x02\x82G\x00\x81H/\x86C\x00\x80+0\x00u\x80K\x02\x80 \xe4\x805\x00\x81\x8b/\x01no\x83H\x00\x82\xeaB\x00r\x835>\x80\x99\x00\x00o\x80B\x00\x80\xa6/\x80\xb09\x80\xcb\xe3\x82]\x00\x00c\x80\xd3:\x80\x93݁M\x00\x84g\x00\x00w\x81\xa8\x02\x80F.\x80\xea\v\x00i\x80)\x00\x80\x1b\x00\x85K\x00\x82\xc8\x01\x80\xfc/\x00y\x81\xfa\x02\x86\xa2\x00\x80z\x02\x84\xe6\x00\x81V\f\x81\xf4\xcb\x01el\x80O\x8e\x80\x82\xe4\x83\xd1\x00\x83\x80y\x8bf\x01\x8d&\x17\x82J\x01\x84a\x00\x8c\xdcc\x85w\x00\x89\x94\x01\x84R\x02\x00[\x827\x00\x82\xe2\b\x84e\x02\x83\xebc\xa2e?\x84E\x00\x89_&\x89\x13\x00\x9bm\xa4\x8c\xeb\x0e\x82c\x00\x00M\x80Q\xf1\x84\x87\x00\x87B\t\x87=\x00\x84\xe2;\x8aY$\x96\xfbl\x8c\xa2E\xae2\xc0\x8c'#\x9a\xc4\x1d\x823O\x8a\x04<\x89%\x00\x82\a\x16\x80\xbbȀj1\x80tC\x86P\x13\x83\xa3\x00\x80\x1f\r\x83\x19\x00\x01ID\x9d(;\x83\x83\x03\x87J\x00\x86\xf3N\x8d\xff\x1f\x84[\x00\x02Exi\x83\xae\xa5\x8c\x1bG\x8aB\x00\x83\u009a\x94B\x00\x82@\x01\x81\xc1\x04\x9eG\x00\x8aS\x86\x92G\x00\x80\x90\t\x84=\xa6\x99H\x00\x85e\xb4\x97H\x00\x84z\x1a\xa2\x96\x00\x005\xa5N\x00\xa3\x9d\x00\x83?y\xa0O\x00\x85\xa2ҜP\x00\x007\xa5P\x00\x86\x80\xb4\x9aO\x00\x83rv\xa1\x9f\x00\x85\xf0\x80\x9aO\x00\x001\x9f\x1b\x02\x80\xe7\x16\x00c\x80N\a\x9fK\x00\x9f\x1f\x02\x84K\x00\x93\x9b\x00\x8aR\t\x83\b6\x81\xa6g\x80\xab\a\x00r\x80(\b\x80\xc3%\x810хq\x00\x00s\x80\xab\x11\x83i\xe9\x84\x16\x7f\x81\x196\x82>5\x87\xe7\x1b\x82g>\x80\xa3\x17\x80\"\xf5\x81M\x00\x00A\x80\xdd\x03\x80)\x0e\x80&\x00\x82\x89?\x81m5\x81\xe7k\x81\x02m\x81\xd8\x11\x81\x15\x7f\x80\x95^\x81t\x98\x01um\x80\x81h\x80:\x04\x83\x006\x81\x19\x8a\x81\xe7\x17\x83}5\x81J\x00\x85{6\x80~\x00\x83>\xea\x80\x05\x06\x80\xce\t\x00l\x81\v6\x85\xb35\x83\x006\x80\x1a$\x82a\x7f\x01cc\x82\x8b5\x80\x88(\x80\xd6\b\x80J\x06\x82\xb15\x80\x96\x05\x03easi\x81\xb05\x03acro\x80\x85\f\x83\xf6'\x81Q\x00\x89\xc05\x80\x9a\x0f\x00r\x80B\xea\x887\b\x8fV\x04\x80T\x04\x80I\x18\x81\xc4\x00\x9a\x1e)\x81\xfa\x00\x001\x81\x9e\x04\x02538\x80_\x0f\x81\x0f\x00\x002\x8d\x1b)\x82?\x00\x84Dj\x00n\x88U\"\x80\x02\x01\x98\x8d@\x81\xbe\x02\x80N\x1d\x82\xdc\x04\x82Q?\x84l\x00\x80`0\x01((\x83\v\x00\x04<< 5)\x80-3\x82\x0e\x00\x00)\x80u0\x01ch\x8dv0\x84\x92\x00\x80\xc6\x10\x01ch\x85e\x02\x84H\x00\x80a\x02\b723302425\x82\x13\x17\x82*\x00\x81\x17\x00\x0192\x8a\xb4\x03\x83\xa40\x899\x00\x80\x16}\x035127\x8c8\x00\x02239\x8aM\x03\x83&}\x8aq\x00\a61028053\x8b8\x00\x0151\x8a8\x00\x81\x90}\x8d8\x00\a49965359\x8a9\x00\x02314\x8a\xfa\x04\x80U\xc0\x8c9\x00\b741790831\x8b8\x00\x002\x86\x97\xb9\x828\x00\x80\xa0\xea\x8c8\x00\a83911966\x8b\xa9\x00\x02338\x8a\xbc\t\x006\x8fp\x00\x065976451\x8b\x19\x01\x80p\x00\x8a\xe1\x00\x80\x98\x01\x8d\xe1\x00\x02080\x80r\x00\x0103\x8bq\x00\x0140\x8bO\x04\x83`\x8b\x899\x00\a48469821\x8b\x19\x01\x02446\x8a\xa9\x00\x8f8\x00\a81454906\x82茈p\x00\x004\x8a\xfd\x05\x8f8\x00\b109001718\x8c\xe2\x00\x0173\x8a\xe2\x00\x909\x00\x0143\x80\xe4\x00\x031866\x8b\xfc\x01\x0170\x8a\x8e\a\x001\x905\x02\x0152\x80p\x00\x02920\x8c\x8d\x01\x0122\x8a\xe4\x00\x001\x907\x02\x02567\x80S\x01\x0170\x82\x95\x17\x88\xad\x00\x8b\xe6\x00\x90:\x00\x0143\x80W\x01\x006\x81\xd5\x00\x8b9\x00\x002\x8a}\x06\x91s\x00\a76771584\x8cr\x02\x0185\x9f\xad\x00\x0138\x80&\xe2\x003\x8d\xe7\x00\x80\x8e\x03\x9f:\x00\x002\x80>\x02\x80\x95\x03\x8c!\x01\x8b=\x02\x84:\x00\x89\x1a<\x92\xff\t\x83\x01\t\xe0\xe7Q\x8d\xe1v\x8d3\xed\xb8@\x8f\xa3\xf1)\x81\xea\x00\x81\xa5M\x00u\x80&\b\x90@܃\xc0M\x01Wr\x80-\x0f\x92\xfaF\x81\x82n\x80\xe0<\x80\x90\x06\x80p\n\x84\x17\x06\x95D\x0e\x818\xa8\x81O\x80\x84T\x06\x939/\x81R\x00\x881/\x820\x00\x80\xe3n\x82Tt\x00(\x81\x0e\x00\x83u\x00\x81\xd0'\x82\xd0\x00\x8f\xbc\xbb\x83C\t\x00D\x80+\x00\x819\x01\x813\x00\x8fs\x0f\x81\x1e\x00\x9bQT\x92.\x15\x81\xa1\x00\x82Q\x00\x8c\xd4 \x81*\x01\x82$\x01\x8a|n\x00f\x80x\v\x8eQ\x01\x84d\xef\x82J\x11\xf2b\x02\x95{,\x8b\xb3\r\xab\xd9}\x00g\x80\xad3\x807\x12\x83Wʃ\v\x19\x86\xf36\x8el\x00\xa67ց\x9a\x16\xbe\x92\xf0\x85\xda\x00\xa1\xc2\xf9\x8d\xd3\x01\x82\xa5\x01\x81\x02\x03\x82X\n\x89@\x00\x8f\xd8\x01\x89,\x00\x8f\xd6\x01\x89\xf4\x00\x9a$\x03\x00n\x81c,\x82\x10\x15\x9bM\x1a\x90W\x15\x90\x16\x15\x01ID\x8cov\x8e\xda\xfd\x87p\x00\x84\x96$\xae\x16(\x00n\x80;\x15\xae5\x00\x8a\xd6\x15\x9aJ(\x004\x9a\xa7\xbe\x88\xc9\x15\x88\xe1\x15\x96w\x17\x9av\x17\x87\xcb\x01\xa5\xa2(\x9f^\x16\x89}\x00\x91\xca\x16\x8b\v\x17\x87K\x01\x89s%\x830\x00\x81I\x00\x00N\x80 \x00\x82[t\x81\x8a\x00\x87-\x00\x86\xef\x01\x82\x1e\x01\x82n\"\x86G\x14\xabA\x00\x81\xa1\x01\x82@\x00\x99t\x01\xb0X\x00\x82\x88\x02\x80\x868\x9a\xcc\x01\xb0X\x00\x81\xbc\x02\x82Z\x00\x003\x9fZ\x00\x99\x84\x18\x8fy\x01\x9fr\x18\x84|\x00\x9a\xb0\x15\x8a^\x03\x9e\x86\x00\x8aa\x04\xa5\x87\x00\x85\xf4\x01\xaca\x00\xa2\f\xf4\x9c{\x00\x84.\x02\xa6\x8e\x04\x81\x19M\x8d\x92\x04\x88t\x89\x8e\xdc\x04\x9c\x7f\x00\x91O\x00\x9c3\x00\x8d/\x00\x9c\x81\x17\x9cN\x00\x80ZN\x80v\x14\x80q\x14\x8ce\x05\x85N\xf0\x87/\x00\x8d\x1e\a\x99\xbf\x17\x8f2\x18\x97\xf9\xe7\x8d,\x00\x85\xc7t\x89\xd1\x0f\x81\xa6\x01\x89\xd4\xf3\x8a\x8a\x05\x86\x18\x15\x9a\x83\x00\x83W\x00\x8f\xd6\x06\x83\x06\x02\x80\xd6 \x83\xb7/\x87\xf2\xed\x94\x00T\x80\xf7\x00\x90\x83\x91\x83F\x1f\x80J\x00\x01En\x81\f\x11\x82\x18#\x90Q\b\x85\xc9\x1d\xc0?\b\x94\x7f\x06\x80\x1d\x01\x8a\xd2݊y\xf2\x99+\x00\x99i\xf4\x85$\x01\x86L\x00\x9cY\b\x91\xa0\x98\x89\xa0\xf2\x83D\x00\x82R\x89\x03Unca\x80\xea\x18\x00t\x82\xa4\x01\x85W\x89\x8a\x88\x01\x83\xe4;\x90C\x93\x85;\x00\x89\xe6\x01\xa0O\x93\x88\x1f\t\x99\x82\x00\x92T\x02\x971\x00\x90\x7f-\x8eK\x02\x94|-\x00l\x81\x17\x01\x82I\x01\x83\xf5\a\x84\xb6\n\x82_\x00\x84\xfd\x91\x81\xa6>\x88O\x00\x81X\x01\x886\x00\x82\xb5\x8e\x81F\x14\x893\x00\x84\x17=\x87&\x00\x8c\xd1\xef\x88\x1a\x00\x80;#\x83A\v\x89\xd8\x02\x82 \x00\x92\xc0\t\x84RM\x8d\x91\x00\x8e\x84\x00\x81ݗ\x82\b\x00\x83\x06F\x87\x13\x02\x90\xe3\x00\x8c,\x00\x84e\x94\x96\x7f\x00\x88U\x02\x8f\u0590\x80\xe3\f\x84\xa0\x04\x80\xe5\x14\x00s\x80\x94=\x81G\x00\x00\"\x82\xc4\x02\x02\\n\"\x92\xbc\x00\x85)\x00\x80(\x00\x81\x9a\x1a\x00o\x80M\x1f\x82\x1d\x00\x820\x00\x85Y0\x8eK\x0e\x81\t;\x828\x00\x83\x9c@\x90\x91\x05\x80\x93\x00\x86\x1a\x00\x8f\xa9\x0e\x90u\a\x85\xc4\x00\x87]\x05\x82\xcc\x00\x96\xdb\x04\x8c\xc0\xb9\xaf_\xed\x839\x1f\x8f\xc0\x04\x81\x16\x01\x82\xdb\x04\xa5\x90\x95\x86\xcd\x00\x8f<\x8d\x82%\x00\x83<\x03\x84\xb7\x00\x84\x7f\x1f\x80O\x83\x86\f\x02\x83\xa1\x00\x85\xff%\x82]\x95\x004\x809\x95\x0185\x83Q\x95\x0474\\x0\x81]\x95\x80Y\x95\x01e9\x80\f\x00\x80\x14\x00\x87\x04\x00\x00\"\x83\x89\x8d\x86\x13%\x9d\xb7\x00\x00W\x80\xfc\x00\x85\xbe\xb4\x83\xb1)\x92g\x02\x88\xbe\x04\x8a\xe6Ѐ\xf1?\x8a\x1d\x00\x9b\xdb\x04\x91\xa0\x04\x88Զ\x8d\x00\x02\x83]\x00\x927\xb0\x94\x96\x8e\x83;\x01\x82T\x01\x90\x99\x8e\x81F\x02\x83f\x10\x97\xe9\x00\x98\xe7\x00\x94\xd0\a\x95\xbe\x02\x814\x00\x904\x05\x90\xa3\x00\xa6\U00098a87\x02\x8a\xa61\xe0x\x02\x85i\x05\x91P\x00\x8ds\x05\x92$\x00\x85}\x05\x97p\x05\x86T\n\x92@\x00\x8a9\x05\x976\x05\x86E\x00\x94\x06\x02\x8e\xb9\n\x92\v#\x8c`\x05\x907\x02\x86\x8c\x12\x86<\x02\x91N\n\xa8&\x03\x97\x99\f\x8ac\x00\x81햎\xc4\x00\x94\xc1\x00\xab]\x05\x98\xba}\xf1_\x05\x81\xa0\x00\x0124\x82\a\x88\x05xd5ff4\x854'\x83\xe8\x03\x85\x0e%\x91Z\x00\x85(:\x8d\x02\x05\xa3`\x04\x86\b\x01\x8fi\x04\x8a~\x00\x89\x887\x81c&\xa6\xfe\x88\x97\xd7\x06\x889\x00\x97\x14u\x96v\x04\x93\xb9\x00\xff\x7f\x04\x82\x13\x00\x86\x9d\x00\x84\x82\x04\x80\xb6N\x88\x82\x04\x01d2\xb0\x82\x04\x8bS\x00\x96\x85\x04\x8c'\x00\xb1\x88\x04\x8cC\x00\xff\x8b\x04\x8ds\x02\x8eK\x00\x91\x80(\xff\xc6\x04\xcf\xc6\x04\x8aH\x03\x82P\x0e\x00N\x80\xc8U\x00e\x92\x02\x0f\xb5\xba\xe0\x93q9\x02*8-\x83\xa0\x17\x00b\x80\xc3\xf1\x80\xdf\x01\x82\xde\x1e\x878\x00\x86\x9e\x04\x81\v\x03\x01ed\x84']\x82\xa2\x00\x01s&\x813\x00\x87\x0fb\x90\\<\x938\x00\x01 |\x80|\x99\x00i\x8a\tC\x9a\x93\x10\x85\x0f\x18\x82\xc8%\xb1\xf4B\x87ނ\x99\xdaB\x833\x01\x8d\x8f\xaa\x8f\xcaр\xd3\xed\x00L\x8183\xca!\x1b\x87\x0e\x03\x8e\xf0\x02\x8dy\x18\xd8o\xa9\xa4>=\x99\x96\x03\x88\x8f\x13\x82\xb2\x01\x86\v\x8e\x81\x96/\x89m\x17\x83\xda\x00\x83I<\x87J%\x84\\\x04\x94\x9c\xad\x8a\xca\x03\x84b\x11\x82ƒ\xa4J\x02\x00T\x80*\x01\x81a\xf4\x96\xb8\xa4\x9dL\x02\x97n\x03\x89\x10\x00\x82\x1c\x1b\x8a\x11\x00\xa0\\\x02\xd3y\x1d\xffX\x02\x97).\x85\x1e\x00\x9al\x9c\xa152\xa4\xfb\x01\x80\x173\x83\x87\x04\xc8\xfa\x01\x87<\x04\xa4\xa8\xe7\x8b2\x1d\xabh\x01\x01i)\x84\xe3Q\x80\x1a\x00\x99)Ї \xe6\x82\x1d\x00\x8f\v+\x81@\x00\x88\xb5)\x85\x0f\x00\x88\x8eg\x83B\x00\x86\x9bO\x82\x0e\x00\x9eC\x06\x99\xf1\x05\x87X\x06\x81)\x00\x84\xf17\xa4\xb7\x03\x88\x17\a\x9a\x98\x89\x8d\x1a\a\x93\x15\a\x9cq\a\x8a\xeb뇖\x04\x99h\f\x90\xf2\x14\x87v\x1f\x84\xb2\x17\xf0x\x1f\xe4\f\x1f\x84\xe1\x00\x88\x04\x1f\xa1\xf6\x1e\x8e.\x06\x9b\x98\x1a\x98%\x02\x86\xa1Z\x87(2\x8f-\f\x98%\t\x96\xf1\r\x8d\xc4.\x88@\n\x89M\x17\x8dD\x0e\x83\x8f1\x9bc\x9d\x83\xbf\"\x9b$\x00\x00a\x85\xe8ݛ'\x00\x88\x1c\x15\x9b)\x00\x00e\x80\xcd\x14\xa3\xf9\x9d\x95\x1f\x9d\x90\x01ҝ\xf4\x1f\x80$\x00\x88\x10\x01\x89;\x0e\x8c\x9b\x15\x83\xf1\x15\x02: \"\x8b\x9d\x15\x96s\x00\x8f\t\x1c\x9f\xa8\xa7\x8b\xea\x15\x82\x16\x00\x82\xc9\x01\x00O\x87C\x01\x836\x19\x86S\x00\x00m\x86\xc14\x86\xa7\x91\x82\vT\x80\xf0:\x89ӗ\x8c\x88\x13\x8c\x92\x01\x8c\xa4\x00\x9c\xbc\xa8\x94\xa4\x00\x82JD\x86\xfa\xdf\xc0\xa6\x00\x8b_\x02\xbd\xa4\x00\x9d\xf9\x1b\x84eǾ\xb6\x00\x889\x03\x99M\x02\x82?\x04\x8cK\x02\x8d}\x18\x86\x10\x03\x92V\x00\x99|\x02\x90\x00\x1f\xa0B\x9a\x99\x94\x89\x85+\x01\x9c\x1d\x1f\xae\x99\x03Ҫ\x00\x89\xaf\x1e\x8e\xdcņ\x93\x01\x8f\x9c&\xa4\x8d\x01\x93\x99\x02\x91\xe6\x01\x82c\b\x82\xab\x94\x88\xc6\xce\x01fa\x80\xb0.\x00d\xa7\xfc\x01\x95\xae\x03\x91q\x00\x8am\x1a\x8cc\x00\x93`\x00\x99N\x00\x80\xae\x1a\x9d\x8a\x1a\x8c\x0eL\x88\x8e\x1a\x9bX\a\x8cީ\x8e\x81\x05\x91\xd3\x13\x99\x88\t\x8c\xe3\a\x99\xbdJ\xa4R\xef\x80\xf6震\xa4\x82诛#\x00\x9f̤\x85\xea;\xb6.&\x91\xb4\x90\x8b\x8c!\x81\xb1%\x00w\x82\x91!\x8bE#\x8c\x05\a\x9ab\xa3\xaaO\a\x8fJ\x00\x90\x1cH\x8f\x04\x04\x90q*\x9a8\x00\x86\x99%\xa0\xfe\xe5\x8a\xcb\r\x89\xb2 \x98+\x01\x8cI\x04\x8a\xfc\x02\x89\xb7\xaf\x90\x87\xac\x9b\r#\x9a\xd6\x00\x86\xbf%\x8b\x1a\x02\x95n\x01\x87\x85\x02\x89\xca\x03\x82\xba\x01\x8e-&\x8bR\x00\x9d\"'\xaaD\x00\xab%'\xaa[\x00\xab('\xaa[\x00\xac+'\x8d\xa5\x05\x88\xc9=\x8f\x87\x01\x8e3\x02\x99E%\x97[\x03\x97*\x00\x8fl'\x98\xa0\x00\x91\x95\x03\x8e\f\x03\x86ǃ\x9f%\x00\x99\xde#\x96Ư\xa2\xaa=\x96\xfe\x86\xacs:\x88\x94\x87\x9d\x87|\x8d\xe7M\x96{:\x84\xf4M\x89\x13\x00\x84\x95P\x88n\x00\x85\x94\x10\x88\x13\x00\x88\xb2K\x83\x1bE\x83\x1e\a\x87\xbb\xf6\x896E\x878\x00\x84M\x11\x87\xf9\x05\x8a\x91ԃ\x94\xf6\x87$]\x93)\xa1\x83v\x0f\x9c\xeey\xb6\x10\xfd\xac\x12\x9f\x86\x11\b\x82]\x88\x85\x86I\x89=\n\x92AB\x856\x00\x80\xa82\x89\x14b\x9e4\x92\x87\"\x01\x85%\x11\x85\x90u\x88\x1f\xeb\x85a\x01\x8cfm\x83u\x01\x82\x0f\x00\x80r\x02\x03uxKe\x80.?\x00l\x83\x99\x1b\x827\x01\x96qā\xca\x02\x89p\x18\x83\xdf\x00\x82\xbc\x1b\x80#\x01\x83H\x00\x81\xe1\x02\x81\xc08\x8fD\x81\x82\xf5\x82\x8a\xb9\x00\x84\x81\x1d\x97r\x00\xb2\xeaɊc\x00\xa9<0\x93ў\x8b\xd9\x01\x8b\xa3C\x92\x8cH\x87B\x00\x9b\xb6\xed\xa6G\x00\x84-\x00\x85a8\x8e\xb8\x1e\xaa\xd8R\x8am\x01\x90\xcaq\x87l\x88\xa5\xc2\x01\x84h:\x99\x16U\x82\x19\x00\x9c\xbb\x7f\x8d\xca\x02\x83W\x00\x86\xc8\x02\x9d\x06ǀ\xd1\x17\x832\x00\xc2)ǂ\xea\x00\x91+\x01\x9c\x0e\x02\x92\xb2E\x85R:\x8bw\x15\x8a\x13\x06\x92l\x01\x8fg\x9e\x97\xa7\x84\xae\x02b\x88\xdeJ\xadE\x06\x8c2\xbe\x83J\x00\x98\xad\x04\x8c\xbeI\x8b\xaf\x04\x83\x1b\x00\x82$\x13\x83\x14\x02\x86I\x00\x9e끀?=\x80\xd8\x05\x85\x1c\x00\x818\x00\x85D\x00\xaaH\xf2\x87\xbd\x17\xd41\x82\x8c\xa8\x00\x9b<\x82\x83\xd3)\x862\x00\xa0@\x98\x8b_\x00\x8ca\x01\x8fJ\x00\x83\xd6\a\x85y\x01\x9b\x85\xf0\x81\xf0\x18\x8eA\x00\x9c\xb8\xf0\x99\xdc\x1a\x880\a\xa3H\x03\x8a\xa6慷\x8f\x8ab\x00\xa4%\xe5\x86\xf4\x8f\x96f\x00\x8d\xfa=\x8b\"\x01\x91\xbaˀe\x05\xad\x1e\x01\xa3\x1d\x01\x95\xb4\x00\x99\x9c\xb8\x93cZ\x92\x81\x03\x86\xfd\x1d\x80\xb57\x96\xa2\x06\x8b\xf0$\xa0\x87\xa0\x80\x11(\x85\x89\xa5\xa7\xcb\x01\x86\f\x01\x8aiZ\x84K\x00\x98s\r\x84\xf0Q\x84N\x00\x82\xcd\x00\x84\xf2w\x96\x13[\xc9w\x05\x8c\xa8\x89\x90壃\xfe\x8a\xa8l\x05\x83\x97\x03\x848\x00\x8dN9\x81\n\x02\x80\xc3\x00\x86\xe6l\x84'\x00\x82\x89$\x86S\x02\x80\x12\x00\x01Is\x83\xc5\x06\x84vk\x84tl\x86\x1e\x00\x81\xe9\x04\x8c'\x99\x84\x1b\x01\x84\xdel\x87\xa5\x84\x80\xca\x11\x868\x06\x00(\x94\xb5\x05\x00E\x84\"\f\x84\xa2f\x81+\x00\x87\x18W\x01OK\x88(\x00\x85\vm\x86\x93\x00\x83\xc1\x00\x93\x8c\x00\x8b\xa7\x01\x99\x9a\x8b\x89a\x00\x81\x87\f\x87\x10\x00\x83\xf7\x05\x00)\x81샋\xfd\x02\x8d\xdb\x01\x8d?\x04\xef\xf2\xb4\xef\x90\x06\x85\x9e\x03\x91\x1bQ\x82\x85\x0f\x965\xeb\x89\xc3\x03\x884\xec\xc0\x0f\xee\x81\xd0\n\x89F\x00\x8f\xae\x00\x87*\x10\x85\xac\xbe\x90\x03팚\x00\x83\xca\x05\x9dj\x8b\x8b\x13\n\xc1\xdb\xe8\x9b9\xe0\x8b\xdb\x1c\x94\x05\x02\x82\xb4\x01\x903\x06\x80\x17\x00\xb2\x18\xec\xa1u\x00\xad\xd1\xeb\x99\xce\x06\xc2_\xeb\x8d\x05\x1e\x8a\xddG\x96\xa6f\x8b\xa1\x99ƪf\x9b\xee\x03\x9fU\xfc\x8b\xa2f\x8b\xe6\x04\x98\xfcg\x84\x13\x84\x82\x96\x00\x8a\x7f݄\x93\x03\x86\xb0\x01\x99QU\x86\xbba\x87\xdd\xea\x85\xf9\x01\x93?\x9a\x8e\u1a8c.\a\xc7*\x8f\xbd\x12\x89\x8ag\x05\xaa\t\xfe\x86\x91\"\x8eS\v\x87]\x8d\x97\x8e\x10\xa9\xbe\xb3\x88 $\x8d\xdc\tӡ\xf3\x99\xf6\n\x87k\x10\x9b\xed\x05\xa3t\xfe\xa9R\x00\x88\xd5\x03\x86\xf4F\x87^\x01\x8a\x03\x14\x86\xfd\x13\x9dg\x01\x99\x87%\xb7W\x01\x96<\a\x88\xe8\x03\x98\xe9\x00\x84\xe2\f\x94\"\x01\x8a\x81\xf2\x9f(\x00\x83$\xf4\x9d'\x00\x97O\x14\xaa\xc8\x14\x9a9\x02\x90\xc2\x14\x8d\xc0J\x89\xcf\x01\x84\xdcN\x88\xe6f\xff\xd2\x01\xda\xd2\x01\xb0\xaa\x01\x81\xd0\x13\x94\xaa\x01\xa4\u07b4\x94\xe4\x03\x86\xe1ߎ\xac\x01\x91{\x03\x03Tupl\x8b\x91h\x8e\xa41\x82_\x06\x81'\x00\x94\x18\x14\x83\x12\x14\x82\xa7\a\xa0¹\x8f(i\x88\xba\x16\x9a\xf1\x13\x87쨗$\x00\x86\xf8g\xc6$\x15\xaa#\x15\x86\v\x01\xa9\xf6\v\x84\xe8\x02\x83\xdcӅ;\x01\x82\xbf\x06\x80\x1b\x00\x82q\x0e\x00(\x82W\t\x80\x83\t\x8d\x80\x05\x89\xa3>\x91\xcb\x10\x91q\xf2\x80\xda\t\x95p\x00\x81\x1c\x00\xceq\x00\x00B\x84<\t\x8cq\x00\x81\x17\x00\x82l\x00\x83#j\xc8q\x00\x87;\x04\x82_\x8b\x8d\xb3\x98\x91o\xba\x87=\x97\x883\x00\x86n\xba\x90\x90\x00\x89'\x00\x86\x9c\x00\x8d\xe4\x10\xdc\xc6\r\xad\x81\a\x8f\x91\x16\xa3#\r\x85C\n\x88\x8b4\x83\x17,\x82\n\x03\x85.\x00\x88\xec\r\x84Q\x01\x00;\x812\x00\x9b\xb2\x00\x9c\x9d\x00\x9f2\x13\x8dC\x10\x93~\x12\x86\\\x00\x8a\x96\x1d\x98\xc5\x00\xcf\f\x97\xa0o8\x8e\"7\x80\x0e\x13\x88\x9ar\x9bR\x04\x9dM\x97\x8aL\x00\xa5L\x97\x93\xca\n\x91R\x00\xa2\xeb\x02\x9c햓\xd2\n\x95\xc0\x00\x8a2\x18\x91i\x06\x96\xb5\xfc\x8b\xa1\x01\x86f\xf1\x86\xfc\x00\x81\x0e\x00\xa1B\xaf\x8a\x93\x00\x82\x01e\x8c\t\x11\x833\x00\x82\xb1!\x87\x1e\x03\x95\x97\x00\x98\n\x04\x80\x98\x00\x89_\x00\x99\x1a\x01\x86\xc18\x96\n\x04\x80<\x14\x88M\x00\x84\xe0\x97\x8f@q\x8d\xf0\a\xacg\x1a\x9aLq\x9eQ/\x8f\x05\xc1\x85&\xf9\x8b\xf0\x03\x9f{\x0f\x86bq\x8a_\t\x8dħ\x8b\xc2\a\x87a\x0f\x8fr\x00\x00t\x81\x18\x01\xac\xe0\b\x824\x00\x80\x14\x00\x8d\xa8g\x86\xbd2\x82!\x00\x84\x8ex\x92\xa3g\x86y\xc1\x8c\x9bx\x828\x00\x85kg\x80(\x00\x8e\v\x18\x8e\x9be\x83\x9d\xc0\x89? \x8e\x84\x17\x84\xd3\n\x83*\x00\x8b\xfaq\x96\x18\x0e\x90\vr\x8bWh\xa9\xa9\x17\x9d\x7f\xa9ܗ\x02\x9a\xf5\x1c\x99m\x19\x8c\xces\x93\xca\x17\x92\xf5\x02\xb3\xb5s\x9d\xc3\x10\x8ds\x02\x83$\x03\xa2\x96s\xf5\xa1\x16\x89\x9c\f\x88Z\x01\x96\xcb\x05\x81%\x04\x82n\x01\x9a[\x1c\x8e\xe3\x02\x98\x1f\x05\xa0\xe5t\x86h\x00\x87\xa9\x02\xc6\x0e\x17\x83C\x00\x8a\xdc\x06\xa9>\xa0\x8dM\x17\x84\x88\x90\x92T\x01\x86S\x00\x8cF\x01\x92^\x0e\x8fC\x01\x88g\x00\x984\x01\x80\xb5\x17\x88\xb6\v\x881\x01\xa0\x00\x17\xb2F\xb8\xadG\xb8\x8a\x03\x04\x89\xa9\x15\xb2\x10\xb8\x8aN\x00\x89=\xeb\x80\xec\x00\x87^\x00\x95\x92|\x80\x98\x0e\x98$\x00\x82\xdb\x0e\x81*p\x81\xa5\x01\x9e\xa0\xb5\x8c\x9b\x00\x95\x06\x02\x8d'\x00\x9a\n\x02\xb6\x91\x18\xaa\xd0\x1e\x93p\x02\x86\x1a\x1e\x87e\x02\x89\t\x1e\xa1Z\x02\x8be\xa5\x86\xaeʦ6\x16\x88q\x1d\x97x\x01\x87\xd5ĕs\x01\x88\"\x00\xa7n\x01\xae\x9d\x1a\x9c\xbf\x03\xc0O\x01\xad4\x1a\x82'\x0f\xd0r\x01\x86X\x00\x96r\x01\x88\"\x00\xa9\xe0\x02\x9e\xd6\x1a\x8fd\x01\x99\xd3\x1a\xe2\xfa\x02\xb2\x12\v\x82<\x1a\x90\xe3Ǘ\a\v\x99:\n\xa7'|\x97\xe9\t\x83[Ѓ\x93\x00\x80\xd6\t\x81Vu\x92@\xc4\x01tm\x85[\x85\x00S\x80\v\x00\x93\xfd\t\x80\xdb4\x82\xf2)\x82\x95!\x96\xcb\x1b\x81K\x00\x91\x98\x1a\x81\xaa\b\x80\x10\x13\x85\xb1\t\x88ڥ\x8f\b4\x01oo\x82z\x01\x87\xde\t\x8a:\x00\x80\x8a\x83\x83\xe1\x14\x80'\x00\x94\xe2\f\x81\xc0\x02\x81\x1e\x00\x88\x92\xb6\x82\xb1@\x8b\x81\t\x00C\x81\xf1x\x82z\xb3\x80[\x01\x81/\x00\x86\x88\xaf\x83V\x03\x81$\x00\x83A\x01\x93\xa8\x00\x81\xdc%\x86\x14\x01\x00>\x82\xfa\x00\x00.\x82\x9e!\x85Y\x8c\x00m\x83\xc0\x87\x87F\x02\x88\x8e\x01\x01Lh\x83;\x8c\x02esS\x82u)\x81\x89\x00\x85<\x01\x83\x8f\x00\x88r\x01\x85\xc3\x03\x85Q\x00\x92t*\x89^\x00\x02Dif\x80\x13\x04\x80\xc0\x00\x84]\x00\x88\x99\x01\x92]\x00\x83*\x12\x81p^\x81\x9aԃ\t\x02\x89\x97Ԃ\x99\x10\x83\xdd\"\x00e\x80e'\x9e\xfa\x00\x01lh\x87\xf6\x00\x8d\t#\x8a2\x02\x80)\x00\x84\xdd\x00\x83\xdd\x02\x8e\x03#\x80!\x00\x802+\x83\xbf\x00\x86d\x00\x89\xbe\x00\x84\xdc\x18\x00h\x80\xfa\xb1\x84F\v\x81.\x02\x80\x10\x00\x85i\x02\x82\xe4#\x84v\x00\x80\xa69\x8a\xd8\x00\x89r\xef\x82j\x00\x85H\x00\x83}ӂ\xa5\n\x83\xfa\x00\x80W\x00\x00h\x81\xfcp\x87T\x13\x80\x18\x00\x85\xda\x14\x9e\\\x00\xa4\x97B\x82\x86\x02\x86\x18C\x87\x84\x00\x85\x83\x00\x81|\x01\x91~\x00\x8eI7\x91\x1a\x02\x83\xa6\x0f\x83qn\x89\x0f\x02\x82]\x00\x85mԁ\x82\x00\x90\xddV\x9a\\\x02\xb4P\x04\x82\xe7\x03\x89\xeaF\xaba\x04\x85\xac\x00\x8bg\x04\x99y\x02\x8fx\x02\x896\x02\x91\x80\x02\x00R\x80b\x00\x9f\x82\x02\x83\xdd\x04\x85K\x00\x96N\xb1\x82^\x03\x01hs\x80\x85\x01\x92a\x03\xaf\xa0\x02\x82L\x00\x84\x84\x06\x83\r\x00\x96\x12\x02\x83\xa1\x00\x81\"\x00\x80\xff9\x90\xb3#\x89t\x00\x00H\x80#p\x80(&\x90!\t\x82\x82\x00\x85x\x00\x96\x98\"\x00h\x82@\x00\xae\xb48\x86\xda\a\x91\xb3\xf8\x86pv\x88\\\x00\x82\x19\x03\x83P\x01\x85(\x14\x92Jى4\x00\x84Oل\f\x01\x84`\x90\x00m\x83Qقpւ-~\x85\x10\x00\x88kف<(\x82\xef\x02\xa5y\t\xae\xee\x03\x89M\b\x89\xce\x1f\x86\x9f\x89\x86\x7f\x00\x94?;\xa3\xdc1\x88G\x00\x8d\xd0\x13\x92\xd9\x1e\xaf\xc8\x00\x95\x94\x04\x89\xde\x01\x8f\x8f\x86\x8a\xad1\x81\r\x00\x81\xd8\x01\x86\x01\x16\x92\xd9\x01\x89\xa8\x87\x83&ۆ\xdc\x00\x97'ۛ\f\x05\x81\x04\x00\x00&\x84~\x00\x84a\x04\x9b\xcf\x00\x97k؏\xd9\x00\x8a\xd92\x9bvؐ\n3\x89~\u0604Z\x05\x85J\x01\x81\xb0\x01\x8b\xd2\x00\x8a\xaa\x03\x8b\xcf\x05\x977\x00\x92\x94F\x80x\x06\x8e\xba\x05\x81$\b\x84\xde\x05\x89\x99\x01\x96\xb3\x05\x84b\x06\x83\xcd\x06\x83\xb3\x12\x84}\x9b\x87>\a\x8a\x1b\x02\x89<^\x82\xe9\x06\x86\xf1\x03\x90\x87'\x81!\x00\x85\xd6\x04\x85K\x00\x95m!\xb2\xf6\x04\x87\xbe\x00\x9e\xb7(\x86\xb0\xff\x81[\x00\x8aX\x8a\x89/_\x8e\xc6\x00\x9d\x1d\x03\x8a\x04\x01\x9a\x1e9\xa2\xd4\x00\xea\xe9\x01\x85U\x05\x8a\xa0\x01\x98\x92}\xa2\xf0\x01\x81\xdb\t\x85\x95\x13\x86\x10\x00\x84\x14\x82\x82\x85\x00\x85\xfd\t\x96\x0e\a\x805\x00\x80\x1c\x01\x01ef\x9a\x87)\x87\xd0\x00\xa4\x98\xfb\x9dꋔ\xd0\x00\x85\xb0\x00\x81H\x15\x82\n\x00\x00]\xbd\xd0*ߺ\x00\x8e\xd0!\x98Z\x11\x8d\x8e\x00\x8b\xb8\x02\x9b\x17\r\x84\x81\x02\x84)I\xd8\\\n\x8e\x81\r\x80\xf6\x00\x88\x8fq\x88\xfd\t\x83$M\x86S\x00\x8a\xf3\x98\x8c\xc5\x11\x81\x03\x10\x80\xbc\x11\x00(\x84\xbc\x11\x90\x82\x01\x82\xf4\x1c\x80<\a\x83\xfe\x84\x81\xf2\x06\x81O\a\x81\xa9\x9a\x82\xdbT\x81\xaex\x00e\x84酂\\\x00\x82g\xb3\x81#\x01\x80\x9f$\x82\xf1\x0e\x81!\x00\x81h\x00\x858\x00\x00+\x80\xb3/\x81-\x0f\x81\x8f;\x80y\x00\x80\x05\x00\x01)'\x83\x8f\x03\x86L\x00\x80T\x19\x88t\x00\x92$\x03\x82 \x00\x81u\x85\x89x\x00\x83\x87\"\x80\xbfs\x81\xd8\x01\x85Z+\x85\x8fx\x84]\x00\x85h\x1d\x84?\x00\xa0k\x00\x89J\x02\x82\xca\"\x82\x02\x9e\x83t<\x8b\x1d\x0f\x91\x7f\v\x8b\x86\x00\x85x\x00\x8cc\x02\x95W\x00\x8d]\x02\x00a\x82G\x00\x86y2\x00a\x80J\x00\x86\r\x00\x00b\x8b\x1c\x00\x00b\x87\x1c\x00\x94P\x02\x84@\x02\x87T\x00\x804\x02\x845\x00\x88\xee\x13\x80\xe8\t\x81\x1du\x01Li\x80\xbe\x98\x81\x7fk\x85.\x00\x831\x02\x86\x0f\x00\x81/\x81\x81\x97\x01\x80Q\x00\x87\x89\x00\x00<\x86\x86\x00\x97Q\x00\x86.\x00\x83Q\x00\x86\x0f\x00\x88Q\x00\x85\x96\x00\x00>\x88\xac\x00\x98\xa2\x00\x83.\x00\x80Ɵ\x83\xa2\x00\x84\x0f\x00\x87\x13\x97\x85\x94\x00\x80\xc1\xee\xa0O\x00\x84.\x00\x85O\x00\x85\x0f\x00\x83O\x00\x81i\x10\x86D\x00\x80\xe0\x05\x85\xaa\x00\x80\xf7\x05\x87\\\x00\x80\x18\x00\x85s\x00\x92`\x02\x83B\x00\x81\xc9\x02\x8f_\x9f\x8ar\x01\x81\f-\x84\xf3\x02\x89*\x00\x81̠\x8a\xf8\x00\x80(\x00\x83~\x00\x96T\x00\x87u\x01\x81,\x00\x97T\x00\x87\xfd\x00\x8c\xdd\t\x94ص\x83\xac\x00\x83\x8c\x00\x85f\x00\x83F\x00\x8f\xf1\x02\x8ah\x01\x8d\xe9\x02\x81`\x04\x9a\xba\x02\x80z\x01\x83-\x9f\x82d\a\x84U\x9f\x86\xdd\x04\x82₋\xe3(\x96\xd0\x03\x87\n\x05\x83\xc8\x16\x00;\x80\x8e\x04\x94a\x10\x9b\x8e\n\xa2\xfa\x05\xab\xca\b\x8e*\x06\xa0w\x10\x87\xcd\x06\x86'\x06\x9bҒ\x81\xf7\x06\x93֒\x81e\x01\xaeW\x97\x9b6!\x95Rӄ\x15*\x81$\x06\x8a֚\x83\xfdR\x85\x1b\x00\x8b\xe3U\x954\b\x82\b\x18\xa9\xffp\x8a\"\x0e\x80rU\x83r\x00\x81\x97\x00\x8fz*\x81\xfa\x02\x8aZ*\x8e\b-\x9d{\x0f\x87\x9f\x00\x84\x8d\x0e\x94\x11\x13\x83W\x00\x82j\x03\x8b>\r\x8bE\x00\x8c\xd7\n\x89\x0e4\x8cQ\x00\x80\x89\x00\x00a\x80\nz\x80\xe3N\x8eO\x00\x895\x02\x83\xa4\x01\x8a\xa8\x00\x86Q,\x8a\x85\x01\x00>\x84\x84\x01\x81\x06\x0e\x87\xd7\x12\x82\x8dB\x81\xbd \x00c\x80ΰ\x80\xf8\x92\x8b4\x00\x80\xee\x14\x81\xa5\x00\x82\xd7\x05\x83\xb1U\x80\b#\x81\n\x00\x80\x16\x95\x89)\x00\x82\x15\x00\x85ʍ\xbc\xd1\x01\x80\x14\x00\x82*\x15\x81\xa8\x00\x9a3\x19\x86\xdf\x1d\x8b\xc4\n\x90*\x98\x89\x7f\x01\x81W\x00\x9a\xf1\x85\x83 \x01\x86\xf5t\x82\x0f\x00\x847\x00\x84\xb0\x01\x939u\x80'\x00\x89殐(\x10\x82\x94\x00\x8c[\x0f\x88\xca\x01\x83\xc8\x01\x85\xd0\x01\x82Q\x00\x878\x9d\x92\xac\x00\x91K6\xaa\xac\x01ë\x01\x90\xeb\x00\x01On\x80\xbe\t\x9a\"\x16\x86\xf2\x04\x8d\xf9\x00\x88\xc9\x02\x98\xe6\n\x9a\xb8\x0e\x92\x84\x00\xf3\x03\x06\x83\xde\x00\x8fk\xa1\x85\xc7 \x82\xfe\t\x88\x87\x01\xa3\xad\x16\x93D\x01\x90&\x1b\x93\x16\x05\x886)\x86\xff-\x87 \x1b\x87\x8e\x00\x84\t2\x82\x11\x00\x9e\x04\xe9\x8b)\x00\xa1\x94\x1e\x85\x9a\x03\x8c\x93\x1e\x98b\x05\x80\xb6\x00\x80(\xb5\x01ef\x91\t\x05\x85S\x01\x8c\v\x05\x84\xd6\x03\x97\x9e\x00\x88\xd42\x81\xb06\x85\x1f\r\x86\x9a\x00\x82\x19\x00\x87M\x15\x8a\x83\b\x83/\x00\x81$\r\x01'{\x86\xbe\x00\x86F\x00\x83T\x8f\x80\x01\x00\x861\x04\x85V\r\x838\x04\x82\x85\f\x82\xa9\b\x88\xf6\r\x84n\x00\x92\t\n\x80\x85\x7f\x81\xbb\x00\x83\x9b\x00\x87y\a\x857\x00\x88y\x00\x84\x06\xb3\x89\b\xb3\x85\x05I\x84\a\x00\x83\x06\x00\x92d\x0e\x94\xd7\x00\x99\x96\x01\x86\f\x02\x83\x8b?\x91\xdb\x04\x83\x9c\x01\x84\\\x00\x82\x99\x01\x84\x84\x00\x99X\x00\x8a\xc7\x05\xc1\xee\x01\x86\xb4*\xa4\xd0\x00\xcaj\x02\x82\xe2\x03\x80\x01\v\x94 \x00\x8b\xeb˫\x9b!\x8c\x8a\x00\x8f\xfc5\x80\xd5\x00\x86\xf4\b\x88{!\x89\x1c\t\x8a\x94*\x88$\x00\x8a;\x04\x89$\x00\x86L%\xaa#\x02\xaaS\x01\x83T\x01\x83\x99\a\x87\x9d\x03\x86D\x10\x83a\x00\x87~\x02\x83#\x00\x83+3\x85m\x03\x84\xee\x0f\x83i\x03\x850\b\x85M\x00\x8fd\xc5\xc7\xe0\x02\x84\xec(\x8e\xf2\n\x900\a\xb5#\x01\x98\x8a\x13\x8e\x1b\x14\x86\xc4\x01\x83^5\x83mI\x83u*\x86'\x06\x82\xae#\x935\x06\x968E\x84\xc2\x00\x82O\x00\x9b\xac\n\x86Y\x00\xb6\xc4\x00\x96\xd0\x06\x92\x92쉚\v\x9b\x9a\x00ˏ\x00\xa9\xc6\xed\xa8z\x00\x8d\xd8\x00\x86\x93\x18\x8d-\x17\x87 \t\x90Zǘ\x90\n\xbd\xcb\x17\xa2\xed\b\xa0`\xa6\x8d4\x02\x81K\x11\x89\xf0-\xcb\xcd\x02\x8e^\xa6\x83M\x00\x81Y\x00\x9a\xea-\x87h\x00\x88\xfa\x16\x8a\xa3\xf5\x87z\x18\x96,\x02\x88n\xc5\xc6\xe9\xe5\x01Aa\x80\x05\x00\x83+\x00\x86\xdc\x00\x82\x9d\x0f\x8c\x11\x00\x82\xc6$\x89\x11\x00\x91\x94M\x92P\xf6\x8d\xa1\x01\x83\xab.\x98U\r\x85\x1f\x01\x99i'\x89\xf8\x1a\x8d\xa6H\x83\x19\x00\xa4c\xf6\x89\xf9\xa6\x8b\xb6\x03\x83\x018\x8a'Y\x83\xc6`\x89\xc4\x04\x87Jw\x8a\xe2\x01\x8f\xcc\x03\x81'1\x81\xa1\x18\x92\x0f\x06\x88\x13\x01\x9c\xe3\x1b\x90o(\x81*\x01\x89\xd3n\x85,l\xb2\x13\x05\x85R\x00\x9a\xc9\xf6\x86O8\x82\b\x00\x85[\xf1\x89\xd4\x02\x86\xc2<\x85r\x96\xa8$\x02\x80o\x1e\xb54\x1a\x8a\x15\x01\x86\x12\x1d\x82\x8e\x00\x8a\x13\x1d\x84\xf8V\xb1\xa6\x05\xbe!\x01\x92\xe9\xf7\x8aW@\xb0\xc2\x05\xa1\xbe\r\x9f\x19\xab\x8c\xef.\xb7\xd8\x03\xb9\xba\x01\x82\xb2D\x97#\xa9\x86\x0eX\x8b\xbb\x03\x94$\x1c\x9a\xd3\x06\x88R\x01ǘ\x1e\x8caQ\x88\x15\x03\x86n\x00\x84Zz\xa8_\x01\x82*\x00\x89\xedE\x83z5\x86q\x01\x96%\"\xa3\xa2\xfb\x949 \x86\x1eZ\x94>\x11\x00B\x82\xac\x8e\x81\xd4-\x82\xa6S\xd2\x1fj\x8d\xa4\x10\x85\x81\x0e\x002\x83~\x0e\x85\x0f\x10\x00&\x81m\x1c\x00&\x84\x7f\x0e\x91v\x1f\x948\x00\x00|\x818\x00\x00|\x958\x00\x82\xa6͙\xf4\x16\x9di\r\x84s.\x8d\x02(\x86\aہ\n\x00\x9b\xf4T\x8e\xd8\x02\x821λ\x94\x00\x83\f\xce"
const compilerSourceData0Chunk12 = "\x8c\x95\x00\x85!\u0381,\x01\x81\v\x00\xab\x97\x00\x81\xcf\x02\x80\x14\x12\x80͋\x82&\x00\x9b\x87\x01\x81\x92\x00\x82\xc1\x02\x00I\x859\x02\x8f\xa1/\x9a\xf4\x1f\x96@\x00\x84\xc5\x00\x8a\x8c.\x8e-\x00\xc8'N\x8a\x9e\x02\xa81B\x8e%\x01\xa2\xddK\x96\xe8\x1f\x85\xce\x02\x00+\x80\xc9\x02\x86A1\x91!\x00\x00-\x8c\r \xa1\x8f\x01\x84\xc0\x05\x89\x9eI\xc5'X\x86\xc5:\x83\x04\x01\x01yp\x96u\x02\x99\x9dB\x832\x93\x8c\x1d\x01\x8c\xe8\x03\x00=\x81\xe8\x03\x00=\x8b\x1f\x01\x8c#\x00\x00!\x90#\x00\x8fB\x01\x00<\x9d!\x00\x00>\x9ae\x00\x86\xa8\x04\x97#\x00\x8a\x93\x04\x94\x12\x10\xa6G\x03\x90\xd2\n\xaaJ\x03\x98\xe57\x82\n\x15\x82ʷ\x938\x13\x93\x1b\x00\x86\xd7\x12\x9d\xd3\x12\xffp\x02\x8dD\b\x8bT\x04\x03CanF\x80>\x8a\x82\x88D\xcaT\x04\x81\xd0\x15\x80(\x00\x99\x1b߁ \x00\x84s&\x87\xd62\x93\xb6\x1d\xaf\xc5F\xa3\x92\x04\x86\x84F\xa3/\x00\x86BF\xa3/\x00\xe0GS\x82\x87\x00\x92F<\x82\x19F\x80\x16\x03\x80~\xa0\x87\xc6\xde\x01\tb\x83\xd3o\x8a\x85F\x84\xe7o\x84\x04\x02\x9c\x88\x00\x84A\x00\x88\x93F\x8d\x9a\x03\x85\xd9\x03\x84\xcf\xd8\x00a\x833<\x84\xe6\x00\x85\xa3\v\x94\xfe`\x86\x91\x04\x81\x8c\x00\x00)\x8f\xea\x00\x8f\x01\x04\x8aR\x02\x9at\x06\x81O\x04\x81\xec\x02\x87\xfc\x00\x8e\x00\x03\x8d2\x06\x84d\x00\x85:\x00\xa3\xbf\x05\xb0h\x00\x82\x810\x857\x00\x96{\f\x81\xcc\x04\xa4Y\x00\x85\xf8\x04\x86'\x05\x85<\x00\x99\f\x03\x85'\x18\x82\x1f\x00\x8fÑ\x91\x94\x00\xb9Ƒ\x81=\x00\xa2\xcf\x00\x85e\x00\x85*\x01\x858\x00\x95\x95\x00\x80\x04\x03\x80\xfb\xbf\x00L\x84\xf6\n\x86\x17䅘\x02\x87\x90\xe5\x82*\x05\x8ce4\x87=\x00\x88Q\xe6\x90\x7f\x02\x83(\x00\x81:\x00\x8b\x9c\x04\x87@\x00\x8a\xe5\xe4\x81)\x00\x9a\x88\x1b\x89\xd0\x06\x90\x9f݈F\x00\x8a\u00a0\x8a\x16\x00\x82\x8cڀB~\x83\xa3\x00\x9a\xfb\x05\x9bs!\xa3\b\x06\xb1)\x15\xae\x01\x1e\x8b\xb6\x16\x8d\x16\x15\xaa\r\x10\x84^\x10\x8a(\xbb\x87\v\x14\x84>\x99\xab\xa52\x8a\xba\x19\xa0\x86b\x8a=2\x89\xea\x00\x86kb\x80\xa5\x00\x89Eb\xa4\xd7$\x89\x1e\x16\x8a\xff\x00\x84L\x00\x86T?\x9b\x0e\xf7\x80Ν\x82>$\x80\xcb\x02\x83\x15\x02\x00s\x80'[\x00m\x80\xdb\x04\x80\x14\x00\x84\xde\x00\x81$Ԃ\f\x9e\x80\x9d\x00\x81z\xa4\x80E\x9e\x01mo\x80ɦ\x82Φ\x80\x03\xa5\x81J\xa7\x01fu\x80\xe7w\x80L\x00\x80-o\x81w\x97\x80垀\x8e\xd4\x02. K\x87\x8d\x9e\x81\xb9k\x03lap-\x81$\x04\x05 growt\x83ʞ\x00c\x80\xe9\x0f\x81\x90\x9e\x81\x83\x9e\x00s\x80\x9c\a\x81 \xa5\x80I\x00\x00h\x82\x9f\x14\x80\x19\x00\x82\xffӁX\x00\x80\x16\xc1\x00e\x80W\x02\x80\x89\x00\x83\x19\xa5\x80\xbb\x04\x83>\x9f\x82l\x02\x84NՀ\xaf\x00\x80\xa0\f\x83ܞ\x81+\x03\x80\x9b\xa4\x89\x04\x02\x82 \x16\x82\xfb\x8d\xa51\x82\x80C(\x80\x00~\xa9\x945\x802\x00\x80/~\xa92\x00\xc6@\x19\x83\x18\x11\x8a\xfc\x93\x8e\xe2\x13\x83\xd1\x00\x82\b\x00\x80\xa7\x00\x82\x116\x8bQo\x87\x16\x83\x83/\x04\x82\xed%\x86,\x81\x92\xaf\x00\xc0#\x16\x91wo\x83\xab\x00\x8a/\x16\xa0>\x15\x92\xa7\x14\x87\xee\x00\x86K\x00\x94z\x16\x85+\x05\x80\n\x00\x00a\x82\x9b\x95\x82_\x02\x88\x90\xaa\x8d\t\n\xae\"\x02\xae!\x02\x81\xd7\xee\xabc\x00\x812\x00\xafd\x00\x80ܦ\xa82\x00\x00f\x81\xe7ɫe\x00\x84\ue88b@\b\x9f7\x00\x8d\x1e9\x80\xee\x06\x83\xb7&\x84\xf06\x80\xa5\x01\xa2\x987\x8dE\x03\x9bq7\xa7B\x03\x8cQ5\xd515\x8a\a\x01\xc3$:\x80\xce\x00\x8d\x1f:\x87Z\x01\x80t\a\x8f\xd4\a\x9a#:\xab :\x87m\x03\x83o\x04\x81\xc3\x15\x86`\xa5\x8d\xd6\xc1\xa3\xa6v\x93\xc2\x01\x85\xeb\x00\x84H\x03\x94T\x00\x82'\x00\x84\ued4c\x18\x01\x01, \x8a\t\x19\x96]\x00\x8cc\x04\xa5]\x00\x85=\x19\x9c^\x00\x80\x9f\x03\x81\xd8\x10\x80\x1c\x01\x83E\x8f\x94\x138\x93\x0es\x87#6\x92\b\x01\x9d5\x00\x00+\x80\x86\xf4\x90\xe2\x00\x9e7\x00\x0116\x90\xbc\x00\x8d\xae\x00\xad\xa9\x00\x940\x00\x00-\x97\xa4\x00\x952\x00\x8c\x9f\x00\x92\xa4:\x8eL\x06\x84d\x00\x88\x01\x04\x856\x00\x80\x8e\x03\x8c5\x00\x8a\xb1\x18\x92\xda\x01\x85G\x05\x80(\x00\x80\xf7\b\x81ꩀ\"\x05\x82d\x00\x81\x85\t\x81\xda\b\x81\f\x03\x805\f\x00s\x85\x91\xad\x812\t\x81\a\t\x01wh\x80}\x05\x82\x9e\xad\x01ur\x80c\x00\x81ꭀ\xbd0\x825݀vA\x82\xa7\xa7\x06suffici\x80\x1d\x00\x82;\xae\x816\x9c\x87\xea\t\x80Um\x00t\x80\xac\xa6\x81\xb6\t\x81\xc9\t\x00i\x81ఀ\x83R\x00d\x82T\x00\x80\xa3\x11\x00g\x81\xa2\t\x82&\x8a\x02raw\x80^$\x80|\x00\x80\xd1\r\x00s\x80\xfb݄)\xa1\x81\"`\x80\x04\x01\a...) wro\x81n\xa1\x82ٮ\x00y\x80\x99\x03\x00 \x80\x1e\x00\x00'\x81pބ\x93\x00\x86\xad\x00\x87\x7f\x00\x00r\x80\xb2\t\x80\x1c\x04\x80~ނ\x0e\n\x04. Bes\x80\fY\x80<\n\x02eav\x80\xe1\x00\x82N\x00\x80\x88\x00\x80 \x00\x80\xf9\t\x82YހH\xaf\x80R\x00\x82ȱ\x02adj\x80\xaa1\x80\xf6\x00\x84\xa6\n\x81\xffo\x81\x16\x01\x80\xcbP\x80\xe5\x00\x80n\xaf\x81q\n\x00w\x80|y\x80d\x9d\x83Ԩ\x83\x14\x01\x03t wa\x85\xac\xb1\x01be\x832\x00\x01pi\x82Ů\x8b*\x05\x88\xa4s\x89\xb8\x06\x85[\x1a\x82\x12\x00\x02Loo\x883\a\x8e^\x7f\x82$\x00\x00D\x81\xda\n\x97$\x00\x83\x15\x00\x01Jg\x83q\x00\x8d\xf1\x03\x87 \x02\x86\x86\x00\x81P\x00\x88:\x00\x8a\x12t\x88\x97\x00\x99]\x00\x8b\xd0\x00\x83\xc7\x02\x8d`\x00\xa6\xe8\x1b\x861\x06\x8d\xef\t\x96_\a\x80\x90\x9b\x92\x8b\x00\x89\xb3\x00\x8c{u\x88\xd9\x00\x8d\xa9\x00\x80\xd5\x01\x00G\x83O\f\x81g\xb1\x81\"߁-a\x81k\x02\x89E\x03\x84\x1f\x02\x87\x93\f\x80\xb3\xaa\x01ig\x82aӄ\xeb\x02\x01bu\x803\x10\x82\xc3\xe1\x81۲\x82#\x00\x00p\x84\xb7\"\x82\xa1\xe0\x81\x11\x00\x05now-au\x80\x1ch\x80X\x02\x82'#\x83\xc5L\x84\xd0\x05\x83m\f\x89\v\b\x89O\x04\x9f{\a\xd0\xe9\x06\xca.\x06\xb7\xbf\x05\x83i\x0e\x82y\x10\x81Ǭ\x833\x02\x81B\xa7\x82\xcd\x04\x01-l\x80p5\x85!\x0e\x80\xc9\r\x01ma\x80Q\x12\x00c\x80\xe8\u20f8\x11\x00t\x8d\xcd\x01\x82M\x00\x80겂\b\x0e\x82Ce\x83Q\x00\x827\xb3\x80\xb8\x0e\x81W\x0e\x82K\x0e\x83\x8b\xe2\x80\x13\x00\x00-\x80Ȭ\x00u\x80\xfb1\x80ج\x00e\x80\xbd\x0e\x80\xb8\x01\x83\xbb\xb2\x00r\x82K\x00\x85yが\x00\x81*\xb3\x80ڲ\x80\xb4\x02\x00o\x84#\xb6\x00s\x82\xd6ۀ\"\x00\x84\x88\x05\x82cJ\x00s\x86 \xb6\x81\xb7\x00\x00-\x84\x93\x05\x88D\x04\x9dA\x06\x82B\n\x87\xae\x06\x86\xce\x03\x00u\x803v\x83/\x00\x84|\x04\x88\n\t\xb9g\x06\x87\x8c\x01\x9cr\r\x8b\x90\x00\x9fd\x83\xa2\xb2\x00\x9fc\x82\x92\xb5\x00\x91\x1d\x04\x85f!\x86u\xb0\x85\x8f\v\x86V\x01\x94S\x04\x91\xf0\x00\x88}\aº\x03\x9aڊ\x808\x00\x81G\n\x9e\x93\x03\x90\xa3z\x89\x89\t\x93\x89\x03\x92@\x01\x89\x1c\t\x85\xe0\b\x89\x13!\x8cng\x87V\x01\x90F2\x83\xe6\x0e\x82\xc8\x13\x85\x90\x0e\x83\xd4;\x802\x00\x837\x16\x98\x83\x89\xa9\xa1\x93\x86\x84\x10\x9e\xe9\x01\x86{\x00\x87\x97\x0f\x85\x1b\x13\x9dq\x00\x0138\x85z\xaf\x80\x11\x00\x80\r\x00\xdam\x00\x01Ar\x89T\x02\x00r\x82#\x96\xb3m\x00\x8b *\xacG\x0f\x81\xa5\x04\x9a\x8d\b\x80^\n\x00w\x80岞\xad\b\x99\xdc\x04\x8c\xcb\x00\x89\x04\x04\x8e\x00\x86\x02Jum\x83\xd1\x06\x01x9\x81\rk\x83~\x00\x8c6\x04\x8a]\x06\x86\x17\x01\x82X\x0e\x82\xde\x03\x81\xd8\a\xa2\xb5\x00\x8aO\b\x856\x00\x89r\b\x89\x06À#\x00\x82a\x00\x82\xae%\x858\x01\x83\xa9\x00\x883\x00\x01De\x87\xc8\b\x85\x90\x00\x8eN\x03\x80\r\x19\x91\xe2\x01\x8a0\x00\x83\xf1\b\x99\x9e\x00\x8a\xbe\x00\x8f*\x01\x8e\xb2\n\x85\xbe\x00\x87\xd6\x01\x9c\xab\n\x97g\x00\x9dM\n\x84k\x00\x88\x9c\x01\x851\x01\xb8\x0f\x01\x89#\n\x99+\x01\x93\xa4\x00\x8a\xc7\x00\x87\x8e\x00\x8f\x18\x7f\x88\x95\x00\xa8\xf3\x04\x83y\x03\x95\xef\x04\x92H'\xa13\x03\x8d\xe8\x00\x814\x00\x81\x9e\x00\x85\xf7\x80\x81\x1f\x00\x93犘&\x88\x87\x11p\x96\x86\b\x8dx\x00\x91\xfc\x99\x98\xdc\x06\x8a\xf1\x93\x80X\x00\x80L;\x89Z\x06\x9b\xc02\x8dd?\x00o\x80)\x00\x86/B\x8d\x04\xb6\x89j\x01\x84q \x850\x00\x84t?\x85\x0f\x00\x80F\x1e\x81=\x00\x87\xac\xef\x89\xf1\"\x84%\x00\x88cD\x84\x16\a\x84aT\x82\xc46\x85J\x00\x82QD\x82\xd4Ȅz\x14\x01br\x80@\x01\x88\f\x00\x82O\x05\x86R_\x836߄\x06\x14\x837\x00\x82\xb5S\x80t\x18\x839\x00\x89\x0e\x00\x82\x90\x18\x87\x98\xf6\x8e\x02E\x00,\x85L#\x88\x144\x00i\x83\x92\x00\x8a3$\x84\x81u\x87\xd46\x8e~u\x92c\x00\x93\x017\x87d\"\x81\x1d\x00\x81\x13\x00\x89\xe13\x89\xb0V\x93\xb5\x00\x86\xb7E\x82\xfe\x00\x83\xb2Ć\xf2\b\x933\x00\x80lE\x86\x93/\x884\x01\x8a\x90\x00\x88X]\x82#\x00\x81\xedB\x9eY\x00\x00[\x85Y\x00\x82|\x01\xa2\x8c\x00\x00]\x8a3\x00\xa2f\x00\x86<\x01\x82\xd4\x01\xa2f\x00\x00}\x8a3\x00\x83f\x00\x81U\x01\x84aD\x87\xf4\x00\x93\xc2\x1d\x8f\x864\u05ff\x1d\x81[\x02ٿ\x1d\xa8\x872\x81%\x00\x8d\x9a\x10\x96M\x7f\x89\x0e?\x86=\x00\x9b\x98\x10\x8dH\x05\x84:\x1c\x82\x02\x01\xff\xce2\x9a\xce2\xf6\xf5.\x90\xc92\xa1\r\r\x94\xc82\x8d\\\x1b\xab\xc52\x92 \x02\xa8\xa0\x1c\x97\x19\x02\x92\xf5\x8e\x95E\x1c\x99d\r\x90\x9b\x01Ï6\x85\xa4֣hN\x97X\x01\x81'\x01\x88\xed\x1d\xcfL\x01\x92\xf4\xb6\x913\x10\x86[\x01\x86\xe6N\x8d\x96\x8b\x96\xa4\x1d\x96\x82\x01\x96A\x02\x90@\x05\x88\xfc\x04\x99=}\xb2\xc5\x04\x87FF\x8a\xd5*\x88\x9f\x00\x008\x88\x85\x01\x8dF.\x88'\x00\x0164\x87(\x00\x94,\x06\x8e\x18:\xd3,\x06\xc2\x1e\x06\xab\x8f\x02\x93\xacr\xa6\xe6\x1d\x90\xf15\xb3\xf05\xc2\xc52\x96\xec5\x95\xcd\x02\x97\xf8X\xac\x99h\x96\x1a4\x96\xbe\x01\x80\x96\x00\xa0\xcb\xd9\xff~~\x86\x9ax\xc0\x1eg\xbd\x1fg\x00\t\x82\xf5\x00\x91*&\x8e\x14g\x82 \x01\x83\x99\a\x87U\x01\x85\xa19\x82q\x12\x90hg\x98<&\x87C\x12\x84B\v\x87\x18\x14\x81\x18\x86\x88M\x00\x85\x1d\x00\x81\xc4.\x85\x1a\x00\x81L\x00\x85\x18\x00\x84\xae\x14\x87\fׂJ\x00\x88UЇj\x00\x81i\x00\x9d\xf3\x00\x95[i\x85\x01\x01\x91\x00\x01\x80\xff\x00\x99\xeb\x00\x8a\x80\x00\x8b\xe8\x00\x9ahw\x88\xf6\x00\x97(\x87\x81%\x00\x83e\x8e\x84}\x00\x83\x97\x02\x01sC\x83\x81\x1d\x81\xab\x8c\x82g\x8f\x84)\x04\x85U\x9e\x85\x8a\x00\x88(\x01\x8bA\x14\xd11f\x96|\x01\x8a\x8fm\x8ap\x02\xc1o\x01\x82VV\x80\xa7\x0e\x00d\x81J\xa6\x87U\x01\x86m\x00\x84\x16\x00\x81g\x17\x86\r\x01\xae\x1d\x01\x87\xd8U\xb1\xd9e\x9e\x1a\x01\x87\x15D\xe0\x1a\x01\x86m\x00\xc2\x1a\x01\xee\x19g\x8ds]\x88QE\x9a\a\x01\x86\xa4-\xa8\n\x01\x83}X\xa0\x1d\x01\x8d\n\t\x8d`$\x93\xee\t\x87C\v\x9d\xd6\x13\xa2W,\x00o\x83\x83\x14\xa9N\x17\x9d}\x9b\x8d\xff\xb1\x85\xfd\x93\x84\xdd\x1e\x8bX\x0f\x82\x15\\\x87\x19\x00\x821B\x84d\v\xa0\xb4\x18\x88\x80\xae\x89^\x00\x84\"\x00\x83\x1e\x00\x00F\x84v\x91\x8dk\x00\x8b\xa7g\x87\xa6\v\x88G\t\x88T\x00\xa0c\x14\x92\x89\x9c\x8a\r\x96\x88P\x00\x00/\x90M\f\x9dY\x00\x84)^\x83-\x00\x8c0\xb3\x84e\x01\x96^\v\x918G\xc3\xd4\r\x87:/\x85\x01\x14\xa6\xe1\r\x8a\xe09\x85\xcc\x14\x80\x13\x00\x85I\x00\x93(Y\x04SkipB\x80\xca\f\x80G-\x82O\x14\x87*\x15\x00{\x81\xdc7\x80\xb6\x12\x8e\x14Y\x85\\\x00\x93\xc55\xac\xac/\xb6\xc3\x10\x8ez\x00\x81\xdd\x16\xbb1\u008aL\x1d\x86\x1cՆW\x00\x81\xb1\x00\x8e(\x16\x85\x04\x16\x85!\x01\x84'\xa7\x871\x05\x89\xac\x15\x80\b\x14\x86\x15\x00\x83\xa6\x15\x93\xaf\x16\x00i\x82\xa1\x15\x00:\x98X9\x83]\a\x88\xc8\x01\x80\f\x00\x80\xd3\x18\x82KM\x81\x9a\x04\x81O\b\x86{W\x80\xaa\x00\x81\xff\x7f\x81\x15\x00\x9d\xabZ\x869\x00\x87\xaaZ\x80vW\x81=\x00\x97\xb3\x8b\x8a\x96\x02\x82\x178\x87\xff\x00\x8f\xaah\x81V\x06\x8bi\x00\x84\x98\x00\x9c\xed\x00\xa1\xedx\x87JJ\x81fN\x85$\x01\x83\x0f[\x80(h\x8a\x15\x00\x80l\x02\x82t9\x80\xab\x00\x91\xeex\x97u\x01\x89:\a\x88\x86\x00\x866\a\xb8\x84\x00\x82\\\x00\x87\t\x17\x91\xa5\x13\x80\xfbK\x8a\xc2i\x87T9\x83\xc1i\x8aS\x03\x86\xa5\x04\x83\xa2\x00\x81\xa0B\x85\xd9\a\x86I\x00\x88\x16\n\x89\xed\x02\x84\x17\x00\x8a\xa2\x96\x91\xe0;\x81\xd8\a\x83\xc0\x01\x83}\x00\x90\xcd\x02\x89\xd7\x18\x82\xef\x16\x8b\xb84\x985\x13\x8a\x19Q\xff\xaf4\xa4\xd2\x10\x9dzR\xb7\xffN\x8d\x87\t\x96\xfdN\x8e\x9ap\x90$\x00\x8a\xc5\n\x97\xfdN\xbb\xe2\x05\xa3ng\x95\x13\x06\x8c\x15q\x83^P\x8exA\xaf\x85\x11\x85\t\x1e\x94{\xe0\x89\x8cf\x8bC\tǮ\x06\xad\xab\x00\x94bF\x89\xab\x00\x8bY\x17\xa5^\x03\x84\x85\x01\xff^\x03\x97^\x03\x9dQ\x03\xa2A\x12\x8c\\T\x89\x11\x00\xa0\x10\x80\xb7\xe1\b\x93$\x00\x9acz\x9b\xbf7\xe9\x87\x02\x8bȱ\x9c\x8c\x02\x9a\xe7z\xb3\x9d\x02\x888R\xff\xa1\x02\x97\xa1\x02\xe8\x13\x05\x81\x14\x00\x8c=u\x8d\x05\\\x9a\x96\xaf\xff>\x02\xca\xca\x04\x83D\x17\x81'\x02\x80\" \xa6%\x02\x815>\x833\x97\x82\xa2H\x82\v\x00\x80\xc1߂Ib\x84X\x85\xa6q\x95\x91X\x1b\x83\x96\x00\x82O\x00\x88\xca\x18\x82m\x00\x8fL>\x82\x17\x00\x84\xacu\x85\"\x00\x9c\x1d\x14\x82(\x00\x80-\x01\xa2\xe9\f\x84\x97\xad\x8d\x1c\n\x94K\x19\x83T@\xbcq:\x85\xa0\x00\x87\n\x00\x83WN\xa1\x81\x00\xa0Γ\x93\xc9\x19\x91^\x11\xa7\x9b\x00\x89\xcb\x02\x88\x14\b\x8a}%\xad#\x1f\x85W\x81\x000\x96\x1a\x00\x001\xa1\x1bQ\x806\x01\x86\x9d\x02\x84\x18\x01\x83/\x00\x81\xa9D\x01No\x86\xbc\x03\x82K\x00\x885C\x8a\xf1J\xa7w\x01\xb6=\x1b\x9fR\x02\x9aA\x04\x95v\x01\xa5*\t\x91t\x01\x96s\x01\x9ar\x01\x8dq\x01\x98p\x01\x9e`-\x84\xc0\x06\xac\xa2\x04\x8c\xd0\xff\x85G\x84\x9c\x80N\x8a\x03N\x96\x8c{\x8b\x96M\xb6\xb3{\x83\x89\v\x859\x02\x8a纒.\x00\x82w\x00\x9b\x0e\x02\x81ׯ\x92<\x15\x86I\x06\x81\xff\xa8\x9b\"\x00\x96{\x01\x83\x86*\x82\xac:\x83\xb9\x00\x84\x91\x00\x81u\x00\x93d\x14\x85\x02\x12\x89\xa9\xac\x96\x8e\xe8\xa1I\x00\x9f\x85\xe7\x893\n\x83mK\x8d\xc6\x17\x86\xfaK\x98\x99\x02\x86\r\x01\xac\x9e\x02\x93\x14+\x84~\x02\x947\a\x82\xb4\x01\xa2B\x17\xb1\xd0\xfa\x80\r\x01\x90\xddO\x88(T\x8d\xb2d\x00t\x83؈\x88v`\x95͈\x89Ɉ\x9d6\x02\x86ǈ\x83\x05\x01\x8c\xad\x88\x82\x0e\x01\x8c\x14\x00\x84\r\x02\x88\x8f\x05\x85\x8a\x05\x90\xd0\x00\x83F\x92\x82{B\x9aE\n\x87\x19f\x9f\xf7\x00\x9d\b\x03\x84\x94d\x82\xcf\x00\x01i*\x84p\x89\x82\xc9\x00\x85\x0e\x00\xaa\xc3\x00\xad\x96W\x87<\x04\x9f\x92W\xa7\xd8\a\x85\xc3\x00\xff\xd2\a\x92`\x06\x9c\"\n\x81\xb1\x03\x86E*\x90d\x01\x81\xc1\x01\x00l\x84\x05\x1d\x86\x90\x04\x85\xc30\x8cZ\x01\x88\xdd\x04\x87\xba\xf3\x90I\x01\x8e#.\x82\x93\x01\x82)\x00\x94y\x8b\x82a\x01\x96!\x00\x8a\xfc\x00\x9c\xfe\xb7\x88\xd34\x85\xa0\x1d\x83\xf6\x00\x83\xf4\b\x8f\xf3j\x85\x98M\x83/\x00\x89\x1a\x00\x82\xf7ݞ]D\x87\xf1K\x84>\x06\x94\x83\u0080+\x00\x91\xfe\\\x92\xf2(\x91h\x00\x88\x98K\xafi\x00\x88P\xef\x8bJ\x02\x9dN\x01\x88\xa5\x06\x893\x1c\x83\xc7\x03\x8d\xfb\x05\x86\x0eN\x00p\U0008c88fAm\x92\xcf\x19\xb6vL\x80`1\xb3<\x00\x82vm\x81{\x00\xa5\xa0\x15\x86\xa7\x00\x83v\x00\xa57\x00\x85\xa1\x00\x84n\x00\x83E \x99 \a\x85\x94\x00\x8c%\a\x86=\x00\x83\x7f\x00\x9fH\x00\x84\xa4\x00\x8cG\x00\x85;\x00\x83s\a\x86U\x00\x95\x9eJ\x81\x04\xad\x842\x00\xae\x98o\x9b(\x11\x87{\x00\x84\xeb\x06\x89x\x1f\x96\xb2\x16\x86\x8d\x00\x83\x02K\x95\xf9\x10\x9f\xc1\x1f\xe1wG\xdf=H\x81\xff4\xaf2\x00\x82\x9b8\xa84\x00\xa0~G\x87\x1d\x03\x9c!,\x9aN\x10\x90<=\xa0|\x00\x86b\x03\xb9{\x00\x8e\xf8G\x8aU\b\x89\xa88\x86\"D\x84}\x01\x80,\x00\x80d>\x83Aw\x8a\x8c\x01\x8c\x13\"\x83\x8a@\x86q\xfe\x92$\x00\x86\xd8\x05\x912B\x88\x97D\x00,\x81\xd7>\x86s\x00\x95\xb6\f\x82\t\a\x86u\x00\x964\x00\x8e\xe2\x00\x85d\x00\x87\xe1\x00\x8f\xcc\f\x8b\\\x00\x88#\x00\x91'\a\x8fI\x00\xfb{>\x86\x05\x03\x8d\xb2\x14\x97\xb5;\x8e3\x00\xa0\xeb\x00\x98\xcd\x14\x83U#\x00s\x84\x7f̗Z\"\x90\xee{\x8dF\xed\xb3\xc4\a\x81\xaa\x0f\x9e\x95\x94\x81\xbdP\x81p\x00\x00+\x82\"\xe9\x81p\x00\x8a\xb7x\x85\xed \x97\x15\xac\x87\xe1m\x81\x9e \x91\x10n\x83.\x1f\x81\xff\b\x84\xa0\x19\x8d*\x00\x84\x19x\x87(\x00\xa2\x04\x1a\x88\xfe\x19\xa3\x1e\x94\x8f\xf5&\x9d\xbf\x19\x8a\xc26\x93+f\x99\x7f\v\x9aD\x19\x99D\xa5\x83\x13\xa2\x8f\xc2T\xa6\a-\x93\x1c\x01\xa2\x02-\x96W\x01\x8fj\xab\x8c\xb2v\x89S\x01\x88!\x94\x8a\xe6\x14\x90C\xbf\x88W\x00\x82\x1dA\x94\xc8\r\x8bI\v\xa4Q\x00\x94H\x01\x91P\b\x83\x06\x03\x003\xb0\x06\x03\x92\x9d9\x84U\x03\x80\xe0\x11\x00.\x80\xe0\x11\x97N\x00\x01+2\x92V\x03\xa2\x02\x03\x99n\x03\x8b\x1e\x00\x8bb\x03\x8f(\x03\xbe)#\x97\x9a\x9c\x97\xa5\x00\x01+2\x99\xa7\x00\x81\x1e\x00\x8ag\x18\x8ff\x02\x88\x0e\x93\xben$\xda\xc1\x00\xa5\x94$\x93V\x13\x9e\x93\x9e\x8ej\x13\x94\xd8\x11\x8ar\xb5\x89A\x03\x8f,\t\x9d\x0f\xa2\x8c\xd5\x00\x87wY\x86X\x00\x81e\xed\x89+6\x85\xb0\x01\x88\x99\x03\x81\xf3\x00\x91\x88݅mO\x9c\x89\x00\x83\xa6\x13\x86g\x1c\x03x8d4\x80BN\x030x55\x87&\x11\x94F\x10\x96\x97I\xabZ+\x97R\x10\xa5u\x00\xaf\xf1\x04\x8d\xae9\x91A\x01\x80j\x00\x86a\x00\x82\x1a\x01\x00b\x83\x1a\x01\x004\x82b\x10\x008\x96\\\x1a\x8a\xa66\x85\xc4\b\x8b?Փ\xeb\xb4\x01ap\x83\x1bS\x85,\x00\x8d\xe6\b\x9fQ\x16\x80D\xbf\xbd;Ɔ!\v\x8a~ńX\x00\x95\x99\n\xbfQɟ\xe3ɕ\xf9\x01\xa7*\v\x94\xd3A\x99\xe1\u008f\xf8\x00\x8br-\x89\xc4\x00\xa0\xab\v\x9b\xb8\u008f\x9bC\x80\x13\x02\x95\r\x02\xb8\x92\x12\x8a+\x0e\x80c\x00\x82)\x0e\x88\xef \x91ौ'\x0e\x92\xb0\x02\x8e\xcc\v\x8c\xce\x00\x00D\x82\x04U\x85\xb7\x1f\x84\xb5\x96\xac\xa77\x80J\xfa\x81\xa7\x00\x81\x01\x02\x84\x15.\x84i\x01\x87\x12\x00\xa0\xf8\u0603\x05\x01\xae\x0f\xa6\xa6\x99c\x9d\f\xa6\x8bI\xa5\x8bL\x00\xb0\t\xa6\x8bO\x00\xa5q\x13\x86\x87a\x86\x10\x02\x82\xc6\x06\x87\xd8\a\x00P\x80\x1aS\x83\xa70\x83U\x00\x96\xd97\x83\xdb?\x82I\x06\x84\x1e\a\x8c9\f\x8f\xd8\x1c\x8bR\b\x84=\x00\x85\x7f7\xa2\xb8\t\xae̦\x85\x02*\xaa\xab\xa6\x97\x83\xbc\x9aD\x11\x98\xa7\x8c\x9b\x15\b\x00n\x80\x90Ն[\xf1\x83\xaf\x00\xa3\xb4Ձ\xf5˂\x1b\x03\x87V\x01\x89e\x01\x00+\x89:\x03\x81r%\x836\x03\x87-\x00\x81[D\x81\xf1\b\x89O\x03\x86\xc0\x01\x8c/\x00\x8d[\x00\x895\x00\x85\n\f\x87\xc9\x00\x86\x9d\x19\x81\x04\x04\x9aM֡\xf7\x05\x82\xe6\x14\x85L\x01\x8a\xf3\x00\x89aی\xb1\x00\x88\x89\x02\x8b\xdc\a\x87/\x91\x890\x00\x94\xee\a\x8e<\x1e\x91\xad\x10а\x05\x9a{\x10\x95\x8a\x04\x94\x01\v\x9d\x15\x04\x82xi\x8f\xf5\n\x80\xec\x05\x8f\xa9?\x8b\xa1\x06\x89\x1e7\x97\xd19\xa9/y\xb1\xf0\xb9\x8d*\x1a\x8e\xf7#\xffx=\x97q\x10\xd8x=\x83@\x00\x82\xcbA\xb7~=\x87E\x00\x85\xbf\f\x91\x84=\x88'\x00\x93c\xa3\x95 \x00\x83\x96'\xac0\x12\xf8\x01\x11\x82\xec\x01\x9dS\x01\xa9\xde=\x86Q\x00\x89M\x02\x97H\x01\x94\x1f\x00\x87x \x998\x03\xd7s\x13\xa3u\x03\x8bR\x84\x8f4\xa6\x81\r\x00\x8d\xa4h\x99{;\x8cN\xa5\x9a\x80o\x8d\x99`\x80\x86\x00\x80ࠌ{\x04\xa2M\x00Ȇ\x04\xbe\xec>\x824\x00\x9c\x8f\x02\x9b\xef>\x86B\x00\x89r\x11\x97\x80\x02\x94\x1f\x00\x9b\x80\x02\x85\x9b\x06\x96\x11\f\x88\x81\x01\x80\xf5,\x80\x84\a\x93HF\x96!q\x8b\xe0\x01\x84\\\x00\xbaS\xc0\xff\xf3\x10\xff\xf3\x10\x9b\xf3\x10\x9d\xa1@\xa5\xed\a\x80U\x02\xaf\x86\xb9Ԑ\x03\x86\x17n\xc6\x1e@\x99\x1c@\x9c\xa3\x04\xf6\x06\x01\xb6\x98\u008f\xf9\x00\xa2{\n\x90z\xe8\xe0\xfc\x00\x8aH\x00\x92\x84\x1c\x80\xe6\n\x80\x89`\xff\xd7\v\xdcT\v\xff/\v\xff/\v\x98\xdb\n\x96\xfd\x1c\x8d\xaa\x1b\xba\xbf\n\x84\x9e\xc0\xde\xc0\n\xb7\xce\x1d\xedX\n\x8aY\x81\xffY\n\xe2Y\n\xe24\n\xbb\x18\x1c\xac\xcc\t\x81hh\xff\xcd\t\xa8Wd\xa1\xe3*\x96IE\xa1\xc0\x03\x95\x9c\tϜ\a\xaf\xcf{\x89\x17w\xbb\xd3\a\x9c\xe4\x02\xa0\xb2\x06\x9f\xa5\a\x82\xca\x00\xb4R\u0381;\x00\x00I\xb1\xb2\a\x89$\x00\x91\x13ɂZ\x00\x8f\xdf8\x85q\x00\x80\xd2\a\xa1,\xb5\x9ee\x01\x85f\x00\x92\xae\x82\x89R\xb5\x97m*\x94N\xb5\x81\xd2!\x86\x14\x00\x8e\n\x17\x83\xa51\x9b4\xb5\x98\xfb*\x81\xb1\x17\x94\x1d\x01\x86\xce\x00\x83\xf5\b\x8c`\x00\x93)2\x85J\x19\x85W\x00\x83\xba\x02\x87B\x19\x94\x80x\xc1l\x18\x96\xcb\b\xa7\xcc\b\x9eb\x00\x91\xd3\b\x96Y\x7f\x8f\xec\b\x9a`\x00\x83a\x00\x8a\xf2\x02\x87\xd1\b\x82\x1c\x00\x94\x10\t\x87'\x00\x95\x1e\x02\x83\a\x01\x8e\x0f\t\x83\x10\t\x8dU\x1d\x99aЉ\xaf\x0e\x868\x00\xb4Gш3!\x97#\x02\x86\xbd\x0e\x8d\x81C\x90i\x04\x92\x89\x03\x98\n\n\x9d}\x00\x8b\x1e\x94\xab\x05\a\xa6\x85\x00\x95+\r\x91&\x10\x96\xaa\x00\x9d\x84\x06\x826\x00\x8c\xf4\x97\x8bq?\xdcK\x01\x87\x05\x96\xa9\x1c\x1d\x8c\x80\x00\x81?\x00\xa3\xa5@\x88\xcd\u008c\xe9\x00\x81\x16\x00\x8d䵊f\x00\x98\x01ߓ\xb8\x01\x94\xfe\x02\x8b\xbeދ\xe7\x11\x9a>>\x92\xeb\b\x8b\xf0 \x87\x8a\x05\x82^7\xbb\xe7\b\x88\x9b\x00\x8f<\v\x8cW\x1a\x91\x10\x02\x8f\xcf\x00\x8c\x9b=\x91\xee!\x81\x18\x00\x8a\x9e\x00\x8c\xde\x03\x8b\xe6Ɔw\x00\x99\xa5;\x81B\x00\x91N\xf1\x80\x16\x03\x86pP\x92\xc7^\x008\x8d\x11\x00\x0172\x8b\xc6:\xa3T\x01\xa4\x92^\xa0\xa3\x14\x8e\xca\xff\x81\x10\x00\x81B\x03\x89\xf6\x04\x84\x9e7\x8bi.\x92O\x14\x95\xeb7\x90N\x00\x84\xe0C\x82N\x00\x97Y%\x86\xd9\x00\x8f_#\x88]\x1e\x82\xbeM\x00s\x89\t]\x9f\x13\x12\x945\x01\x8cl3\x85\xae\\\x83,\x00\x9az/\x88\xb0\x00\x96\xaan\x95L\x1e\x96%\x01\x9d\xb3S\x97\xa1]\xa7\xfa\x01\x89\xf3\x00\x86\xa1]\x8a\xac\v\x88\x1d}\x84r\x01\x84l\x01\x80:\xb0\x86v\xff\x81\x040\x82\xc3\x00\x84K%\x003\x81\xfb\xed\x12x48\\x39\\xd1\\x73\\x04\x83\x14\x00\x000\x80\x10\x00\x00c\x80\b\x00\x00c\x80\x14\x00\x00e\x80 \x00\x0100\x89\x04\x00\x00\"\x85\x12\x02\x8c\x9c\x00\x008\xb4\x9c\x00\x81\x9e\x0e\x89\x9c\x00\x004\x93\x9c\x00\x80\x10\x00\x81\x14\x00\x00c\x80\x10\x00\x00e\x80\x04\x00\x000\x80\x14\x00\xa8\xac\x00\xaf\x96\x00\x82\x03χ\x96\x00\x80\x81)\x98\x96\x00\x016b\x80\x82\x00\x80\x18\x00\x81\f\x00\xa3\x96\x00\x8c\xf25\x87\x06\x80\x92\xb2\x01\x81P\x83\x89\xef\x04\x95'\x00\x82dO\x8f[\x00\x008\x8a[\x00\x8bq\x01\x96[\x00\x8c'\x00\x94[\x00\x0172\x8b\\\x00\x8a7\x01\x97\\\x00\x8b'\x00\x85\\\x00\x8c\xf7\x7f\x91@A\x92\x11\x03\x95\x0f\x01\x80\x83P\x82\b\x00\x82\nS\x87\x9c\b\x8f\xb6\x02\x95\xf5\x00\x91A\x00\x8b0\x00\x8b\xc9\x00\x8b0\x00\x80\x81\x0e\x82\xacx\x9a\xd1\x00\x02neg\x83\xb7u\x9b\xf7\x00\x00n\x80\xaa\x18\x80E\x89\x9f\\B\x8dD)\x85U#\x82\x8b\x00\x8c\xb2b\x8c\x9a\a\x8fe\xff\x81\xee>\x94/I\x96\xc84\x92'\x00\x9e~I\x8b\xdd\b\x91\x92B\x951\x06\x8fp\x00\x92\x8a<\x86S\x00\x01x9\x8ado\x86Z+\x85!\x00\x85\x91\x01\x93\x88\x06\x92\xde\x00×\x00\x81\xaaK\x97\x97\x00\x84\x02\x02Ŗ\x00\xa9L\a\x90\x13e\x9bQ\a\x8e\x8f\x00\x00R\x86\xea\x00\x88\x15\x00\x8f\xa4\x02\x93{\x01\x97W\x00\x8fB\x00\x92&\x01\x97A\x00\x86\xb8o\x8a\xe3\xff\x83\x1c\x06\x04Uncau\x80h\n\x84$\x06\x01Fa\x80dÉ\fA\x97\x85\x00\x82k\x03\x87T\b\x82s\x03\x96Y\xfe\x8a \t\xafe.\x95\xef\n\x84=\b\xaed\n\x00s\x82\vt\x0124\x83\xba?\x04d4ff4\x82`W\x84\xcd\x00\x8c\xa9\f\x95T\n\x88\xd5\x00\x893\x01\x86E\x00\x81\xcb<\x99\xf7s\xaa\xba\x00\x80/y\x81I~\x82\x1f\f\x80h~\x81\xba\x87\x84\x8b(\x82wy\x88;~\x83\x1d\x00\x85_(\x87y{\x83E\x00\x03succ\x80\xdf\t\x80Ǉ\x82\x87~\x80+\x00\x80g\x88\x00e\x81W\x82\x82\xf8\x87\x80T\x0e\x01l/\x84\xd3\x01\x81by\x81qw\x81R\x00\x81D\x0e\x00i\x80\xd3~\x80\"z\x803\x00\x83K\x00\x80\xc9D\x80\xf1w\x80\xb4y\x80\x80\x00\x00o\x80a\x00\x81\xa6q\x80\x9e\x00\x00-\x804\x00\x01vy\x80\x9e\x00\x82\x179\x80\xd9?\x82\x05~\x82\xa2\x00\x80\x1b\x02\x82Ĉ\x82\x10A\x80B\x01\x84\n\x7f\x82\x98\x00\x82\x19~\x80$\x13\x81R\x00\x83'|\x00d\x83鍀\xe5\x17\x81\x8a\x00\x81\xf2\x01\x00 \x84\x91\x06\x80@\x00\x81\xdf\xd5\x01ma\x81Z\xb4\x80s\x88\x80\x00z\x8a\xda\x01\x82\xfe\uf02d\x01\x84\xcd\b\x008\x80\x9d\b\x01c2\x87\xd9\b\x01c8\x823\t\x87(\t\x81%\x03\x01cc\x86\xe4\x01\x80x \x80\xde5\x84\vH\x91}{\xae\x11\x02\x84\x89\x03\x8aG^\x85`\x00\x8fN\f\x82\x86\x03\x8aH\f\x8e\xc7/\x90Us\x83\xb9:\x87\x83\x00\x94\x0f]\x00w\x81\xb3N\x82\xb6.\x00h\x80a\x0e\x86\r\x00\x02max\x86\f\x00\x80\xeb\x7f\x84\f\x00\xa2\x9b\x03\xadex\x94\x9e;\x82u\x00\x96\xdf\x0f\x94\xf5E\x91J\x00\x83\xcb\x00\xac)\x10\x91I\x00\x84!\x01\x96J\x00\x98\t\x89\x8e\xf6D\x82x\x01\x8aJ\x00\x8eE\x02\xa2\xb3\v\x88\xe6\x01\x84\xb5\v\x80\xe3\x1a\x88\xb5\v\x81\xe8\x02\x007\x80\x04\x00\x000\x80\xad\v\x8a\xc9\v\x81\x14\x00\x006\x88(\x00\x00f\x84\x14\x00\x81\xc5\v\x94\xc1\v\x86\xc3\x0f\x93z\x05\x9b\xde\x04\x9c\xf7\x02\x84\x1f\x00\x92\xf6\x02\x88\xa4\a\x8f\xf8\x02\x8f\fI\x986\n\x85\x814\x9b|4\x83\xfb#\x80\xaa\x01\x00L\x80\x1a\x05\x80\f\b\x82 y\x82\xec.\x81\xb5\x01\x82I\x1c\x8fs\a\x01Jl\x834\x00\x8d.\x02\x877\x00\xa04\x00\x83\xab\x02\x88<\x00\xa04\x00\x83)\x03\x87<\x00\x903\x00\x90_4\x8e(\x00\xbbp\x04\x95\xf0\x04\x8f\xdc\a\xc1!\x10\xaf\v\x10\x89!\x03\x80\xcc\x05\x96\t\x06\x84\xe2\x0e\x98\x05\x03\x87m|\x8f\\\x00\x97\xb2\x0e\x88$\x00\xa8\xf8\r\x92@\x00\x8ao\r\xa0l\r\xd6F\r\xa6\xe3\f\x89\xf0\x14\xff\x01\r\xe2j\f\xaa\x00\r\x99\xcf\n\xa0\xbc\x01\x91Y\x05\x85b\x00\x85\xd5\x00\xc2\xfd\v\x98\xfe\v\x8eh\x00\x8a\xfd\f\xa2\xbc\f\x9b\xbd\f\xdd\xc1\x00\x85\xbf\f\x8b\xc0\f\x89\xf3\r\xa4\xcf\r\xac\x8d\r\x9c\xff\x02\xa4u\x00\xa3}\r\x84`L\x00D\x80\xd3\x0e\xa7\xbd[\xa2I(\xbaUL\x02map\xb6TL\x90\x0e4\x04Entry\x84\xb6\x16\x85F\x19\x85c\x00\xa2\x14ȊyL\x80/\x06\x90\\\v\x8eg\x00\xa3L\x01\x86\xea\x00\x82W\v\x01ke\x83L~\x84q\v\x80\xd2Ϭ\xcbM\x80O\x00\xa5N\x1c\x85z\x00\x83n\x04\x82.\x00\x91\xbb\x1f\x84R\x00\x90t8\x8c\x7f5\x87\xbe\x01\x80\xc6\x00\x80)\x1b\xa5\xf8Z\x83\xa6J\x804\x00\x80Z\x1b\xab4\x00\x82L\x0e\xab3\x00\x80\xce\x00\xaeg\x00\x80r\x0e\x82\x847\xa83\x00\x86\x85\x86\xb5\xa8K\x94\x01=\x86\xb4\x01\x9b\xe99\x927I\x86\x94\x00\x8dl\x00\x94\xd3.\x85\x8c\x02\xba\x99K\x86\v\x02\x82\v\x00\x83{\x01\x88\xb7\x04\x93\x1d\x83\x83R\v\x80'\x00\x00l\x80<\x82\x9b\x19@\x80\x00Z\x00F\x81\t\t\x9b&\x00\x00f\x9f#\x00\x9f\x84@\x82\a\x02\x8a\xa9$\x85\xf3\x03\x83Ym\x9a'\x0e\x88|\x01\x8fq\b\x81\xcc@\x89\xc8\x00\x95f\v\x86\x0f\x01\x88!\x00\xa0ɒ\x8b\x92@\x92\x1c\x02\x86\x17\x03\x89\xa0\x00\x92N\x84\x84X\f\x84/\x00\x97\xb9\x00\x92뗅B\x00\x89\xe1\x00\x8f\xaf\x1c\x85S\x01\xad\xe6\x00\x96\xf7@\x93\tB\x89\xc6D\x97\xad\x8b\x8f\xd3\x02\x85\x0f\x04\x98\x9f\x00\x8a\xfa\x02\x95\x96\x00\x94\x02]\x89\xbf\xb1\x913\x03\x96#]\x97$\x01\x85\xb2\x00\xf3\xdeB\xa0\x9f}\x88\xb0\t\x94qW\x90\xd0\n\x81\x0e,\x91z\x02\x8e\xa0\x86\x8c\xd7\x02\x8ddO\x85U\x03\x8cO\x00\x80#\x05\x82\x80\a\x82\xd9\x7f\x99\x9a\x12\x96r\x03\x8aj\x01\x84\xdd\x02\x82D\x16\x91\x06\n\x8b\x9f\x7f\x01ub\x91\x9c\x1f\xa7\xc4\x03\x92*\x00\x96\xb25\x9a\xb4\x03\x92W\x00\x9b\xb6\x03\xaf\xb7\x03\x89\x95\x03\xaf\xfa\x00\x89k\x03\x83\x7f\xc0\x83\x8c\x9a\x80i\xc0\x81\x15(\x86\x9b\x00\x82\x10\x00\x80v䆢\x1f\x9d\xa6\x00\x88\xbe\x06\x00a\x85\xb00\x93=\x03\x8bN\x00\x9a5\x04\x97\f#\xa6\xb6\x01\x83\x8d\x00\x8a*%\x8a\x11%\x8aS\x01\x89\x94\x89\x89\xdfE\x93\xda@\x99\xe7\x04\x99\x94F\x8c\a\x06\x88>\x03\x8bS\x1b\x9d\x1e\a\x89'\x0f\x87\xd5\x00\x008\x86\xd6\x00\x00n\x83rB\x9a\xaa\a\x89.\x04\x86\xad\x00\x889\x00\x8a\x84\x03\x8a9\x01\x80\xd9\v\x8c\xf7%\x01Ex\x82\xf9\x13\x01tu\x80\x18\t\x9f\xc8/\x8a\x1f\x01\x8cr\x00\x81\xdch\x86\xa8L\x9b\xb8\x9b\x84\xb5\x9b\x84{\v\xa6\xb5\x9b\x8b\xc3(\x914h\x81\xd8\t\x83\x1aه\xb0\x03\xa2\xb56\xb1\xd1\x16\x8a\x97\x03\xa5\xdb\x02\x8a\xbb\x02\x94V\x00\xbc\xe7\x04\x98Z*\x90\xca\x19\x8fZ\x03\x889\x03\x9c<I\x94\x93C\x82W\v\xb0\x10\x80ͺ7\x81\x17*\x84\xf3\r\x99\x9f=\x9dI\x0e\x93\x91\xb2\x89]\x00\x83\x11\x04\x89\x12\x00\x97\xcdC\x8d\a\r\x91\xbc\x0f\x85\xd4d\x86\xaed\x000\x97\xc6\x02\x03zero\x9c/\x04\x9f\xfc\v\x93\xb5\v\x86[\x00\x8d^\x02\x95.\x03\x8f\xb5;\x8fn\x01\x8a&\x01\x85Hb\x89Y\x01\x87\xab;\x93*\x03\x95Ї\x81\xe94\x83}\x04\x80\x80\x0e\xa0\x12\x85\x86h\x00\x83\x81\xba\x8cS\x06\x95\t\x06\x92\x14\x01\x98\x9e\x06\x96B\x03\x8aC\x03\x84a\x17\x9bB\x02\x95\x85\xbf\x94\xe0\x0e\xa2\x91\xfe\x91\xeb\a\x8a\xab\v\x8b\xe1\x01\x99\xb7+\x85\b\xac\x9fq\x00\x92\x17\n\x98K*\x95\xda\x04\xa5\xd75\x87C\x02\x9aԐ\xaf\x92\x01\x86w\xf7\x9c\xb9\x01\x86\x8f3\x81\xf0\x02\xb9\x1c\x03\x85\x14\x00\x8a\x1e6\x9a\xa1\xbf\x80\xb5'"
const compilerSourceData0Chunk13 = "\x86\x0e\x00\x92RK\x96!\x00\x85\xb1\x04\x91\xcb\x01\xa6\x9d1\xa55>\xa8\x80\a\x98Ћ\xa9\xff\x03\x87$\x01\x91\xfb\x01\x96\xf76\x86\xa74\x85F4\x8f\xe2\x06\x87WZ\x83\xd1o\x84:Z\x99,,\xb76Z\x93\x045\x84\xbf\x00\x86\xb7愛\x1b\x96\xa13\x8b\xc4\a\x8d{\x00\xc2\xe3\x00\x82@\x1c\x82z\x00\x00C\x80\xb4\"\x87\xd2ЇK\x00\x82`*\x87\"\x00\x83D\x17\x80\"\x00\x85\x15\x00\x82\x10\x00\x8ak\x1c\x87-\x00\x82\xaa\x00\x82\xed\x00\x81P\x00\x03Hash\x86I\x01\x81\r\x00\x84ڮ\x82\x1f3\x83\x9bӒM\x01\x86\xcfh\x8as\x00\x92\x9c\xf2\x87\xcf\x00\x81D\u0382\xd55\x82v\x00\x84\xd2\x00\x82\f\x00\x85\xa13\x8d\x1eԉ\x88\x00\x8dE\x00\x84\x94\x00\x8d\x17\x00\x82\xb0\xb2\x90\xb4\x00\x84\xbd?\x8fY\x01\x87-\x00\x8d!\x00\x84X\x01\x8a\xe4\x00\x8d$\x00\x83N\x02\x84\xe6ʄo\x01\x81\f\x00\x85\xee1\x85^\x02\x8a\x15\x8a\x87\xc4P\x968\x02\x86\xc4k\xb3A\x02\x83O\x00\x930Q\x82\xf1X\x95\"\x01\x862\x02\x82`=\x87-\x02\x89\xca\x00\x8a#\xf9\x90c\x00\xb4\xce\x00\x92\xd3\n\x80\xcf\x00\x89\x8c\x00\x80j\x01\x81\xab\x03\x91\xceQ\x83\x1a\x00\x89\xf4\x19\x81\x9e\x03\xa7\x00\x01\x82\x18\x05\x80\x03\x00\x00-\x80\xd0[\x81\n\x00\x83\x00\x8e\x8f\xf0\x03\xc3\xef\x00\x80\xc3\x06\x82)\xa6\x85]\x06\x82\x13\x00\x82\xaa\x1b\x8a\x12\x00\x84ݢ\x88\v\x1a\x84\x12\x00\x84\xeb5\x84\xf8\x98\x00p\x82\x9d'\x97\x12\x02\x8d\x12\f\x81\x83P\x80\xa4\x00\x85\x05׀\v\x00\x84\xf1\xb7\x82h\x1e\x81\x80\x82\x80\x9f~\x80\x1a\x00\x83Z\x00\x00>\x802\n\x89\x1d\x02\x80I\x97\x80\x12\x02\x99\xc8Z\xa9\x1cn\x88_\a\x83\xe4l\x82)!\x87\x0e\x00\x83\xd5҉\x99\x00\x81\x8b\x00\x86]\xab\x90}\x00\x85\x11\b\x83\x99\b\x91\x89և\x8fn\x8a\xd3\x00\x83jn\x81\xd8\x00\x88yn\x88\xed\x04\x95\xbcm\x88\xa0\x02\x80&\x00\x84\xa9n\x80\x84!\x81\t\x04\x86\xcen\x84\xc7n\x87,\x00\x84\x89\xb4\x9e\xf9\x04\x83\xa8n\x88\xb1\x02\x87\x11\x00\x9d\xed\x04\x8a9\x03\x89\xd2\x03\x86\x1d\x00\x8cC\x03\x89p\x02\x8f&\x00\x86`S\x8a\x85\x02\x88(\x00\x86!\x00\x8b\xdd\x02\x00+\x84\xb3\x00\x86ɋ\x81\xf8\x00\x8a\xdb\x02\x88\xfc̍K\x00\x8a\x15\x03\x8fJ\x00\x84s8\x82\xc6\x01\x87\x1c\xfe\x82\xc1\x15\x82\xb3\x01ݿ\x01\x00!\x83\x91\x00\x03embe\x80z\xf0\x84\xed&\x80u\t\x80L\x1f\x86'B\x00n\x80c*\x00B\x83\x18\xaa\x81\x02>\x89\x1c\x01\x84\x1e\x00\x00A\x85\xab#\x89\xee\x00\x84\x1c\x00\x85\xfc\x00\x80\x1e\x00\x8c\x9f\x01\x88\x1e\x00\x87\xfb9\x8d\x9c\x01\x97k\x01\x87y\x00\x80\v\x15\x8cX\x01\x8c\x1d\x99\x94\xabM\x88\x84V\x96\x84^\x89\xc3\x00\x8d\x85\x02\x8f\xc1\x00\x9f;\x02\x87\xb6\x00\x84?\xbb\x88\xda7\x88i\x01\x90\xd3\x00\x81\xcf\x01\x82\x18\x02\x80\x1c\x00\x99!\x06\x88=r\x91'\x06\x87e\x00\x83\f\x00\x82\x8d\x00\x83\v\x00\x84\xb6\x00\x8a\r\x00\x85\xb4U\x82L\x05\x86$ڃ\x89\x00\x80Z\x05\x8b\xf5\v\x81\x16\x00\x8d>\b\x83\x15\x00\x94A\b\x97]\v\xbcB\b\x9asY\xa1C\b\x85\xa9\x9d\x81\xff\t\x9f|Y\x92i\x04\x00+\x8dzY\x89\xa3\v\x89\x19\x00\x94\x1d\x01\x83\x9c\x12\xff\x1b\x01\x8d\x1b\x01\x83n\x06\x86\xca\x00\x89\xe6t\x89\xb4\x05\x83Ґ\x8c\xe5\xe8\x81q\x00\x80Fh\x00m\x80ʭ\x85.\x01\x82\x80\x00\xffE\n\x95E\n\x89\xf8\x01\x99L\n\x81\"\x0f\x8c\xda\x00\x8cN@\xae\x8f]\x86T?\xb6\xa5$\xd3z\\\x96\xac\x82\x8b\xde\t\x87{\\\x8a\x18\x03\x9d\xa0\\\x8a\xf0\x15\xa5\xc2]\xb8CM\x9d\x1dD\x8bz\x0f\x8f\xcd\xfd\xb0\xf2\\\x96n\x06\x9a2\x18\x9dyC\x8e`\x13\x90\xa8\xf7\xa3\x8e\x11\xa2\x90\x11\x81\x93\x00\x8a\xf1\x01\x82:\x00\x92JD\xac\xce\x00\x00-\x90W\x00\x8c+\a\xc7\xfbE\x91}E\x98\x1fB\x99\xf6\x01\x8c\x85\x00\xa3\x1eF\xb0\x12\x02\x95\x85N\xff\x01\x02\xa0\x01\x02\x91\x94O\x94\xf0\x01\xa3<\x14\x9e\xa4D\x8a\xb3N\x9fB\xfa\x89eD\x9ddD\x85\xc1\x19\x89K\xfa\x99\x03\x15\x93U\x1f\x94\xf6\x02\x8a\xc5\x1b\x91\xb6&\x9c\xf3_\x81\xa8\t\x91\x01i\x85\x8d\x00\x9e\xffh\x87\xed\x06\x8e?p\x86U\x01\xaa\x0e\x12\x83\x8f\f\x83 \x00\x8b,\x8e\x81J\x02\x81\xcd7\x94\xd2\a\x84;\x00\x88\xd5\x00\x85A\x03\x80\x85\n\x8cb\x0e\x8eG1\x8f\xa3\x00\x84\x01\b\x9b\x9b\x0e\x83\x01\x01\xbbF~\x90\xb7\x0f\x80T\a\x81\xeb\x00\x84\xbd\x10\x81\v\x00\x80S\x06\x84\xd5\r\x97\xd4\x15\x87\xd7\r\x802\x00\x8e\xa9\x16\x8b\xf5\x04\xc2\xc7\x15\x91\x9b\xe3\x00g\x84\x9d\x9b\x89\x9f\xe3\xa1\x03\x10\x868\x00\x8e\xfd\x14\x8c\x18\x00\x9b\x11\x10\x86\x98\t\x886\x00\x89\x1f\r\x96\xb2\x14\x8d\x93\x05\xc2!\x01\x01sy\x80\xa2%\x8dZ\b\x95\x9aȑ\x89\r\x83\x19\x02\x03okVa\x81\xdf.\x81\x89M\x85R\x00\x8f^\f\x82d\v\x85\xf7\x00\x85(\x00\x843\x9c\x87\xf7\x00\x000\x8e\xf6\x00\x82\xf2ƅ\x9f\xa1\x81\x0e\xab\xff\xfc\x00\x90\x92ɔ\xfe\x00\x82\xcb\x12\x80\t\n\x93\xfd\x00\x83|\x02\x00s\x80\xc9\xf2\x82\xd9\"\x85\x1ft\x83\x11\x00\x81\xc1\x00\x8f\xd1p\x857K\x885\x00\x87\x8b\x00\x8a!a\x84Q\x01\x88)\x00\xa0c\x02\x00S\x80t}\x80g\x17\x80\xd2\x00\x02ByN\x80\xea\x00\xc7Q\x19\xa7)\x1a\x8e<\x02\x03-129\x85\xca\x0e\x8c\xa9\x03\x82;<\x9b,\x19\x80O6\x80\xa6k\x00\"\x90\xff\r\xff\x03\x02\x93\x03\x02\x80r\x05\x87\x03\x02\x89\xcc\x01\x83\t\x01\x8aZU\xa4\x1a\x02\x01Nu\x80\x1e\x13\x85\xac\xf3\x86\x1c\x90\x82\x1e\x00\x82\xb2\r\x80k\x1c\x84]\x03\x8fF\x00\x85c\n\x85t\a\x80h\a\x05Fits8S\x80E\b\x80fh\x82N\x00\x8c\x8fL\x82\x14\x00\x89\x04\t\xac\xaf\x00\x81$N\x97\xad\x00\x81\x1e\x00ڮ\x00\x8dx\x02\x89\x10\x00\x8c}\x19\x82\x86\x1a\x00p\x80\x1f\x00\x819\xeb\x88᠕D\xa6\xb1\x7f\x19\x8d<\x18\x8a\xb6\x9a\x89-\x00\x84cT\x89\x13\x00\x86\xcal\x00b\x81\xae&\x80\xf7\x8d\x80\xa2\x98\x80\xad\x00\x84\xb4\x00\x00s\x81\xc0\a\x85\x84\x00\x80\xa7\x9a\x92\x81\b\x87\xb2\t\x80ɹ\x83\x06\x15\x00&\x831\x11\x80\xe8\x00\x810\x11\x84Y\xbf\x81\xf7\x00\x80\xd0\x02\x91v\a\x82/\x00\x81\x1d\x99\x81t\x00\x88z\a\x01fn\x86\x81\x03\x8a#\x00\x81\x17\a\x84\x1c\x00\x80&\x00\x84\x16\x00\x8dy\x00\x84!\x00\x85Ñ%\x00\x01.l\x83SY\x83\uec02\xb1\x00\x03.bod\x81\xa9\n\x80\xd6\x00\x80\xee\x00\x90(\x00\x80\xab\x03\x87)\x00\x81\n\x01\x85\tl\x84-\x01\x81\t\x05\x80Ŵ\x80\xaa\x1f\x80A\x02\x83\x0e\x04\x84F\x00\x98\xea\a\x8c\x81\x16\x81\x16\x01\x81\xeb\xf0\x80\xc4\x00\x85\x82\x00\x86\x97\x00\x80M\xbb\x82\xae\x00\x89\x19\x00\x80I\x00\x82\x17\x00\x88B\xec\x8cA\x03\x80\xfd\t\x827Q\x86\x17\x00\x8b'w\x94\xe7\xf1\x91\xc7\x04\x80}\x02\x8f{u\x80\\\x00\x94wu\x82\x1a\x00\x8cC\x03\x85ؤ\x84B\x03\x8f\x96 \x89\x95\xf7\x00d\x82\x17\x14\x85\xae\f\xa9$\x03\x88؋\x95\xd7\a\x9b\x0e\x88\x85\xa7\x8b\x82'\x00\x80\f\xed\x82*\x01\x90\x94\x85\x83\xba\x05\x88˟\x91%\x00\x82\xe8\x00\x80\xe0=\x81J\x03\x84`4\x80Y\x06\x87\xb7\x13\x9b\x1c\x04\x97<\x02\x80\xcb\x06\x81W\r\x80yۆ\xb2\x85\x01Al\x82\x93\xf6\x008\x80\xca\x00\x87\x1c\x00\x00+\x97\x9b\x00\x86\x90\"\x00R\x80\x1e\r\x00r\x80:\x13\x80$\x00\x00P\x80\xfd\xe9\x83A\x0f\x88\xb4\x00\x81I\x04\x86R\x00\x86Y\r\x83-\xac\x85&\x04\x03dCel\x82\xc1\f\x878\x00\x86Km\x80\x02\x01\xa7\xaf\x00\x844\x00\x96\x99\x00\x87\xd9\x0e\x8a\x95\x00\x88\x8f!\x83\xbd\xf0\x83*\x1d\x85~\x11\x88\x12Q\x81\xe2\xc0\x83\xc9䁣;\x855n\x89g!\x83\xa1\x01\x87y\r\x8b\xf2\x04\x87\x1b!\xae\x90!\x82\t\x01\x84\x0f\x12\x89\xae\x00\x00]\x8b\x05\xa7\x80\x04\xe5\x00{\x86@\x00\x00:\x90K\x00\x83\x14\x00\x86F\f\x81\x82\x00\x83\x13\x00\x81\n\x00\x85h\x0f\x00:\x86'߇\x93\x01\x00:\x8a\x9f\x01\x82\xb5,\x82\"\x0e\x81u\x01\x00:\x82\x06\x00\x87\xa3\x00\x82\x9a\x00\x81W\x9c\x85<F\x83\x83\f\x8a\xa7\x03\x8e\xa1\x01\xa2\tH\x82\x9d\xc5\x01ta\x80\xd3F\x00s\x80\xc1\x7f\x80\xf6\x01\x83\x13\x01\x82vF\x81\xfd\x14\x83Ԟ\x82\x83T\x04orari\x80\x83\x06\x83%?\x87(\x02\x84\x97\xc5\x02rew\x81w\x19\x80\xf0Ąk\xa1\x80i\xc0\x01rd\x80Ǹ\x80\x88F\x80\xee'\x01/p\x80\xa9\xb9\x80b\x00\x00r\x80Z\x00\x80\fŁ\xaeL\x80\xad(\x01ow\x83\x92\u0081\xc7Ҁ\x13ρ.\"\x80K\x00\x00f\x80\xdaF\x83\xf0\xc0\x81\xf8F\x83\x9e\x1a\x01do\x81)/\x80f\x80\x80\xd4*\x00i\x80\xd5\u0080\xf3F\x00o\x80\xf7ā<G\x01ze\x83\xa3\u0089\xbd\x02\x00>\x85\x0e\x00\x81\f\x01\x89\xa6\x03\x82\x10\x00\x8c\xb1\x02\x81[\xa5\x8b\xf1\x04\x8b\xa1\x11\x96_\x10\x96\xd7\x04\x8aSA\x8b@\x05\x856!\x82\xdc\x04\x8ax\x00\x8d\x0e\x03\xa2\xc1\x01\x02new\x84\xe1̋d\x03\x00*\x81\x10\xa1\x81;\x03\x83 \x00\x01< \x84\xedA\x84\x10\x00\x00=\x80\x10\x00\x83m\x03\x80\xac+\x83\xf3\x01\x81\xd5\a\x00a\x80\"\xf8\x01[]\x8b\x00\x03\x81\x9c\x1b\x814\x00\x90\xa2\x0f\x89\x9f\x02\x87&\b\x86S\x00\x80\x17\b\x89z\xaa\x81\x88\x8e\x88w\x03\x81I$\x85*\x00\x8b\t\x01\x00M\x80\x92H\x85\xcc\x04\x96\x83\x01\x88!\x17\x83j\x06\x00o\x81\xf7\x04\x84ۖ\x93\xd4\f\x8f@t\x8bf\x17\x8a\xb6\x04\x82\x89\x18\x900\x16\x88\x8d\x05\x80\x82\t\x89\xf9\f\x83\x88B\x81+\x00\x84C\f\x8f>\x00\x80\xf1\x06\x80\x8d\xa4\xa3=B\x8e\xc2\x16\x862\xb2\x81P\x00\x88\x88\x00\x884\x00\x8f\x8aA\x81p\x00\x88!\x00\x9dfB\x81H\x12\x83I\x01\x86\xa5\x05\x9c\u0558\x83\x8e\x00\x88\x04\x9b\x83\x11\x00\x85p\x06\x8c\x160\x9c\x97\x9e\x8bM\x00\x8bJ\x00\x99\xb2?\x83\xe6\x00\x8b\xc6\x03\x92\x15\a\x8fH\x02\x88\xd0\x01\x82H\x02\x87nx\x92\xd8\x03\x83\x82\x00\x8b};\x85\x86\x00\x90p\a\x86\xf5\x00\x00P\x86\xe3\x04\x82\x99\x00\x87<1\x8a\xa8\a\x8dc\x00\x92\x00\x02\x89/\x00\x8c\x03\x06\x816\f\xac:\x03\xff-\x03\x97-\x03\x9a\xde\b\x8d\a\x03\x8c0\x02\x95J\x04\x89\x00\x01\x806\x04\x80\t\v\x8cF\x01\x8e4\x00\x92F\x1d\x9do\x04\xa3+\x05\x97\xa5\x00\x80S\xa4\x83c\x00\x82\xfb\x02\x8a\xa1\x00\x00Z\x81(0\x81(\x00\x00A\x84ɤ\x91\xa0\x00\x89\xaa퐟\x00\x8a\xf2\x1c\x85\x85\v\x80!\x8c\x89\xe7߄`?\xa5\xcc\x00\x8c\xb7*\x85\xa2\xb0\x80\xad\r\x83\n\x00\x82\x81\f\x84\xa4\v\x89)\x00\x81\x13\x00\x81\x1b\x00\x8c\xa8\xb0\x80\x1a\x00\x83\x9f\xb0\x83\xa0\f\xc8[\x95\x8b<\xea\x00I\x81\xb9\x11\x03mpty\x83\b\xb8\x85\x8a\x04\x87\xe5\x1c\x89\rK\xa5WI\x81Dc\x81\xea\x00\x80(\x03\x87bP\x00L\x812\x00\x82\xe61\x83\xc3\x10\x80K\t\x86x\u0602UP\x81\xf5\u0380\xa3\x18\x80\xd0O\x00r\x80e\u0383\x01P\x82\a\t\x81\xe5\x00\x01da\x81L\x10\x83\xcdO\x81\xd6\x17\x81x\x0f\x03.  A\x81\x1b\u0380\xc4\x19\x80\x1cʁ1\x04\x04 avoi\x80a\t\x82\x90\u0381A\x10\x01 e\x80u+\x88u\x00\x81\x12\x02\x80\xec΄J\x00\x00e\x81\xf8\xb1\x80L\t\x82r\t\x80\xf3\x92\x00l\x83HV\x81\xa0\u0601d\x00\x80\xfb\t\x89\xfdO\x84U \x86~=\x8cN\x1a\xa4\xb72\x88\xd3;\x00(\x81%\x01\x03+7)/\x8b\xf4;\x95\xdc;\x81H\x05\x003\x83CP\x00f\x80\x7fZ\x80\xc7p\x82\xcdp\x01ab\x8a\x93\x1b\x93\x96/\x86\xc4X\x85\x98\x01\x002\x8b5O\x94|_\x90\xda\x00\x87\xbf\x00\x84j\x04\x9f\xb9\x00\x95\xb2=\x00M\x80p\t\x81\xce\x03\x90 \x95\x89\x9c\x00\x90M\x01\x80J\x06\x84W\x12\x91\xed\x00\x84\xc1\x10\x8b\xcc;\x81\xae\x00\x85\xc7;\x82?\x00\x84\xab\x14\x95o\x06\x87&\x1c\x864;\x8a *\x94\xaf\x98\x86U\x03\x83\x14\x00\x82V\x03\x82\t\x1b\x82>4\x82\xe3\f\x86U\x01\x8b\u0530\x92\x8a\x03\xbb\xda\x04\x93\xb0\a\x86\xda\x00\x8b\xd6?\x99\x03\x01\x9e\aB\x88\xd9l\x8d\xd4\x00\x90\t\x01\x98\xb1\x1c\x9c\xdf\x00\xce\x1d\x1c\x8c\x93\a\xa3\xfc)\x87\xdf\x14\x92m\x9a\x8cn#\x84\xd3\x00\x00-\x8d`(\x8f\xe1l\x96ҵ\x91ԇ\x87\xd1l\x83~\x06\x86\x10\x00\x99\xf4\x05\x9a\xf5\x05\x8c\x8b\x87\x87T\x04\x99[\x00\x87G\x01\x9c\xfc\x02\x88&)\x8di\x00\x8d\v\x03\x85'\v\x80\x9c\x0f\x80\x99\x01\x00e\x84K%\xa5C\x02\x80\xf6\x10\x8b\xee.\x866\xb0\x9a\xb8\x16\xd8[\x02\x87\xfe4\xc7`\x02\xc49\x02\x82\r\x00\x00S\x862\x01\x80Q\x00\x87?\x01\x93\xb2\x02\x81\x19>\x87.\x00\x88^\x01\x8e{+\xab\x95\x02\x8c\xf4\r\x93n\x82\x8b\xaf\x00\x8d\x10\x00\x86$\x8f\x87O\x00\x8b\x96B\x93G\x00\x84\x90q\x8b|\"\x82\xf4\r\x81\xa3\x00\x81\xfa9\x00T\x80\xdd\b\x80\xf1\xb4\x8a\xc7\x02\xa2\xd4f\x8bk\xf1\x87\x81N\x99\xa0\"\x87Z\x83\x83[\x00\x83O\x02\x8a6\x00\x97&\xf1\x8a\xe2\x00\x87\xab\x01\xb2\xd0\x03\x8e\x10\x01\x98\x90\x03\x8f\xe0\x03\x8d\xa6\x01\x88\x8d\x00\x98:\x01\x8a\x8f\x17\x8e\x05#\x81\x90\x16\x81\x95\x11\x81\xf1r\x81V\b\xae\a?\x93\xeb\"\x92\x06?\xad\xb8\x1a\x97\xb7N\x83M\xa1\x8c\xcfS\x85\x17\x00\x85\xc2S\x87\xdb\x15\x80G\x00\x88\xbe&\x83\x1a\x00\x84!\x93\x86\xc6&\x02\n\tw\x80.[\x80\xfe\x1d\x01ho\x83n0\x83D\x01\x81\x15\x00\x80\n\x15\x00e\x80\f\t\x82i?\x87D\x16\x9d\x96k\x88O\x00\x86|\xb9\x8eN\x00\x9f\x1bN\x86\x85\x87\x88,b\xa0\xf2\x87\x84{#\x80<֑^8\x96\r\x1a\x81\x82\x05\x810\x00\x86\xf7\x19\x8f\x8cO\x0132\x80\x8eO\x86\x87\x1b\x01Bu\x80}\x18\x00t\x80\x97O\x81j\x00\x00%\x86\xec\x1b\x88\x1b\x00\x82\x9f\x8f\x83\xa6\x05\x86\x14\x1f\x82,\x19\x88\xcb\x1b\x82\x85\x05\x01is\x88~\x01\x80\xaa\x03\x88'\x01\x84\xa8\xeb\x80\xfc\x00\x86%\x00\x80x\x01\x88b\x01\x9c\xf6\x1a\x00f\x8a\"%\xa0\xa8#\x81\xa9\x03\x88_\x00\x85\x11\x1c\x83\x0f\x00\x89\xc2\x01\x02Mat\x80\x848\x81\xcfl\x83$\x06\x8d\xe2\x01\x81o\x00\x89\xcb\x00\x85\xaa\x03\x85\xad\x02\x88\xab̅\xbb\x01\x82\xc98\x869\x1f\x81\"\x00\xa5\x8d\x01\x00N\x80\x0e!\x81ζ\x8a\xf8&\x8d\xe5-\x01Is\x808\x00\x02erf\x80R˃\xcf\x00\xb2\xf7\x03\x99\xca-\x80o\x0f\x83\x85\x11\x8f\xbb\x03\x81\x1b\x00\x8f\xbe\x02\x86\x83m\x8er\x1e\x00s\x85R\x03\x8aO\x00\x82F\x00\x84C-\x85\xe7\"\x84)\x00\x98\x95\x03\x85$\x02\xb1n\xf0\x86_\x00\x83_C\x8f\xe6\x05\x86T\x01\x8cm\x01\x8fk\x01\x80\x7f\x00\x80\xf8T\x95\xc6%\xb5l\x05\x86Z\x06\x94\xdf\x01\x8c\xe4>\x8b\b#\x92e\x01\x8a\xbd\x01\x8cn\x01\x91\xdc\x00\x89\xd8\x00\xadQ\x01\x87\x10\x00\x8c<\x13\x98d\x00\x8f<\x01\x82{*\x81-\x00\x85q0\x87W\x00\x88U\x01\x95G\x01\x87\x82\x00\x80M\x01\x84\xb1Ж0\x02\x8ak\x00\x8c\xbb\x06\x82>\x00\x84\xf4\x04\x86\xbd߁T\x05\x81\x18\x00\x83v\n\x00;\x87\x19\x00\x00<\x84\x18\x00\x84\xb6\n\x81\x9d\x01\x81\x19\x97\x86\x9eH\x80\xf0H\x82Pہ\xe8\x00\x81\x81\x1f\x85\xf3\"\x85A\x00\x80\x8c\x00\x87@\x00\x84\xb9\f\x83\x96\x02\x8ekq\x853\x00\x820\x97\x86\x81С\xfe(\x8f\" \x8dT\x00\x91, \x91$\x00\x86\xf8\x01\x88{\x05\x8a\x14\x00\x87\x84\x05\x80\xfb#\x00r\x83\xb5\x12\x00d\x87h\x03\x83\x02\x02\x84/\x05\x80\x14\x00\x82^\x02\x81\xc5\b\x81\xe0#\x80\x1bJ\x81\x17m\x01to\x88\xc50\x8f\xfb\x00\x80_\x01\x80zI\x83Y\x00\x82\x04\n\x8a\xd6\x02\x91\xee\x01\x83,\x00\x83\xfd0\x81\xda:\x86\xa1\x05\x88(.\x86\x7f8\x8a\xab$\x8cR1\x8d\xbb\x01\x81ͺ\x84\x84\x01\x85@\x00\x82\xe6\xc1\x88镂\x9f\x01\x81\xf4\x00\x86Y\x00\x9ax\x03\x89G\x00\x88\xd4\x02\x81q\x02\x82E\x00\x88Z\x00\x87\xf7\x00\x86S\x01\x82j\v\x87\x06%\x84\xa3\x02\x82\xab\x99\x85\xad\x11\x88\xc6\x02\x81\xd0\a\x88}\x02\x90\x85\a\x8e\x9f'\xa1\xff\x01\x80\xb1'\x04Error\x8b\xb3'\x89P\v\x82\xf6\xe2\x8b4*\x8e\xd7I\xbd\xe3\x06\x82!݀\x18\x01\x89\xf9\x0e\x83\x12\x00\xa3\xcf4\x95\x05\a\xa1\xd2\x06\x8bo\n\xabK\x05\x87@\x00\x8cZ2\x92\xf6V\x88\x99\b\x8f\xe9r\x83B\x01\x83.0\x83\x1a͆I\x06\x8at\x00\x87I\x00\x89\x8e\f\x8e\xcc\a\x805\xa1\x02sHi\x80\x9d\x02\x00n\x83\xb3\x02\x83\x9a\x00\x88d\x01\x82\xa1\xf1\x80\x85\x00\x8e)\x00\x86\a\x14\x90\xaa\x18\x8b\xa8\x01\x83\xfa\b\x9bEJ\x864\x0e\x00m\x82\xbc\t\x89\xee\v\x81\xb3\x05\x88\x94&\x80S\x10\x85\x0e\x00\x85>.\x87\xb5\n\x80T\x03\x84\x1d\x00\x86\xcd&\x89\xea)\x91\xa4&\x01fn\x83\x18Ɇs[\x82\xf7\x01\x85\x84[\x80\xfa)\x86B\x82\x8c\xc0\x02\x81\x82&\x82Б\x00f\x81\xb9\xa2\x85\xd5\x03\x92i&\x860\x04\x869\v\x875\x87\x81\x13\x00\x81\x99\x03\x00i\x80\xba\x17\x80S\x06\x88\xfe\b\x851\x00\x81b\x00\x80\xb0\n\x85\x0f\x00\x98c\x00\x84O\x00\x80\xf1 \x8a\xac\x01\x87-\x11\x8bH\x00\x80\x89\x00\x92\xd7\x01\x8d\\\x00\x85\x94\x01\x863\r\x81\xc8;\xa0\xcc\x01\x86\xf6\x02\x9b,\xa7\x82\x96\x00\x8a\xf5\x02\x87R\x1d\x86t\x01\x85\xc0\v\x82\xdc\v\x89(\x03\x86~\x0f\x8bF\x00\x83m<\x84-K\x81\xe6\r\x80\xcc\x18\x83\xe3\x01\x83-\x0e\x87\xa4\x12\x8a\xf0\x01\x93\xadE\x82>\x00\x87T\xa6\x82)\x10\x806\x00\x821ˀ\xf4\\\x00R\x81\xb5\xf1\x80D\u0084\x88\x03\x94\x17\f\x890]\x82t\x00\x863]\x00i\x80\x84\a\x80\xbf\x00\x82\x10\x00\x82T\x00\x00+\x809Å\x84\x06\x83{\x00\x9c>6\x87\xde\x00\x80\xf8\x17\x822\x00\x89\x17\x02\x88\x85\x01\x80\xa1\x1d\x83\x0f\x06\x95`'\x8b\xd4\x11\x81\xaa\x11\x81\x06\x1a\x88:`\x8aU\x04\x8a|\x00\x89?؎\xf1\x12\x94\xfe\x11\x90P\x00\x86c\x01\x81\x82\x00\x86\x93\x82\x82\x9eI\x87\xc9\x00\x84f\x01\x93ܭ\x82=\x19\x8b\x14\x01\x83\x8b\x00\x81\x02'\x83\xe2J\xa4L\x00\x01) \x81\xf4$\x94\x1d\x00\x87c\x01\x93F\x03\x85\xff\x00\x82\xf2\x00\x81ԝ\x87\xf5\x00\x87\x1d\x05\x89\xbe\x9d\x004\x82\xbe\x9d\x008\x82\xbe\x9d\x8a\x88\x01\x8eUc\x8ev\x01\x894\x03\x82\xbb\x1b\x80\xe3\xe5\x81<\x01\x82#\x00\x83\xa5\x04\x84\r\x1f\x869\x00\x89\xbc\x1a\x96\x0f\xb4\x85\xbfT\x87L\x03\x84s\b\x00!\x85\x15\x04\x92W\x06\x81!\x00\x972\x06\x8b\xee\x1a\x89\xc4a\x9a\x00\"\xa2@R\x93\xa5\x05\x8ff\b\x80\x19\x06\x83\x14\x00\x85m\x13\x94\x98\f\x94O\b\x8a\xf4\x05\x87Y+\x8b\x84\x04\x86\xea\x05\x9e\xcc\v\x809\x00\x89\r\x11\x83\x0e\x00\x82w\t\xa2\x9c\v\x98l\t\x8c8\x05\x8f\t\x01\x8c\x9a\b\x84T\t\x88\xc5\x00\x83\xf0+\x86\xf2\x05\x98N\"\x98\xca\x0f\x88\xdf\x05\x9b\x99:\x86\x92\x02\x89\xd4\xe2\x93.\x04\x9a߱\x82\x8b\x00\x83\x83\x05\x81c\x00\x02Tag\x93\x8e\x00\x88\xdb\x00\x89a\xb2\x86+\x1b\x84=9\x8a\xf8\t\x81\x85Y\x87\x17\x00\x92X\x00\x84\x82\x00\x85\xb1?\x80\x87\xe9\x01eD\x80\xdc\x1f\x87\xe1\b\xa0?\a\xef\v\x01\x89\x9c\x00\x86\x91\xb1\xe0\x87\x00\x88e\x01\x92\x91\x01\x89\xdd\b\x8a;\b\x8b\xc6\x13\x9e\xdd\x06\xb2\x91\x06\x895\x00\x95\xb2<\x89\xc4\x04\xa0\xdd%\x8ee\x00\x9a\xf8\x04\x89\x96\x01\x8d\xc7$\x96\xfc\x14\x82\xe8\x17\x83\xed\x03\x81>5\x80FK\x80N\"\x80\x88%\x84-\x1c\x8391\x972\r\x84\xfe\x17\x80y\x01\x848\x00\x80\xb0\x03\x866\x00\x91\xf3\x1b\x85'\x00\x83\x98\x00\x80\x19\xff\x00o\x80\x96i\x01al\x8f\xa1\x00\x84\xad1\x830\x00\x80c\x00\x86V\x00\xa6;\x00\x852\x00\xaa\xa0\x00\x99\x98K\x86\x8c\x00\x89\x02\x01\xa1q;\x85_;\x86\xebʎ\t\a\x86\xe9\x1c\x90\xe7\x1c\x87\xbb\x13\x8c-I\x85\xa6\x95\x88_%\x87G\x06\x9f \x01\x88\xbc\x1b\x88\x16\x01\x8b9\x02\x9dF\x00\x8a;\x02\x99\t-\x84)\x02\x82K3\x811M\x84\xa5L\x82GM\x93\xa2L\x85\r\x01\x82\x15\x00\x00[\x80\x06\x00\x84\x89\r\x9d\xb6\xa7\x83;&\x83\xc7L\x93\x01\r\x90B\x00\x82\x00\b\x837M\x83\x1f\x11\x85\x1d\x00\x82\x19\x00\x81\"\x00\x80\x15\n\x80\xcc\xef\xabgM\xbe\x8c\x00\x82\\\x00\x85\xd7\x01\x00t\x88t>\x83\f\x00\x87\xfd0\x80l\x01\x8c\x80Z\x81\x109\x85\xe4U\x86\xc5\x00\x83\x179\x89\xc4\x1f\x85u\x0e\x83=\x00\x84\xd5\x00\x86\x10\x00\x94\xd7\x00\x84\xd8\x00\x85'\x00\x82\x13\x00\x88\xdb\x00\x86\x86\x12\x00b\x80\xd6\xf4\x80`\xe5\x88\xc3\x1c\x83\x92G\x80n&\x81\x1f'\x80\xc65\x82\xbb&\x00 \x80\xc7\x00\x80?'\x01 d\x80#\x05\x81\x97\x04\x80j\xf5\x81\xee\xf0\x02rs.\x8dxu\x80\x89\x02\x01ar\x99\xa37\x81\xbf\n\x00f\x80\xdd\t\x86\xd0*\x95\xe0 \xa0\xbe'\x88ӗ\x89\xc8\x12\x83\x17\x00\x91\x8f\x00\x8a\x7f\x00\x86\x02\v\xa5\x17\xe3\x8dh\x00\x84\x18\x00\xc8i\x00\x86\xa4\xed\x88e\x00\x83\xab\xed\xc3a\x00\x87r\xee\x87a\x00\x84y\xee\xa0a\x00\x8a\x97\x00\x85\x1e\xef\x9c8\x00\x8f\x9aw\x8a0\x00\x01Sc\x80\xd1(\x93\xcf\n\xa6)\x02\x80\xf5\x00\x81!Z\x86UI\x84!1\x82\x1d\x10\x00g\x80\xbb:\x82\x93n\x80\xe8\x17\x91 \x00\x87\xcb2\x80\xd3+\x83%\xf8\x85\x9f\x03\x83\x8b\x00\x87\t.\x85!\x00\x83}#\x80l\x03\x86\x85\x10\x88\xbc\x12\x83\x84\x03\x84.\x06\x91!\x00\x839\x06\x82\xc2\x14\x82C,\x91$\x00\x84\x1b\x00\x81&\x00\x80r\b\x87\x8b\xa4\x86\x8a\x10\x82\xdd!\x81_\b\x00(\x80#\x00\x88sӡ\xc8\x01\x81,.\x90k\x00\x81'\x02\x8a\x93\x00\x86f\t\x00T\x80v\x00\x82\xa2\xb9\x82\x10\"\x87\xe6\x00\x83\x11\u058b\x81\x0e\x82,\x00\x84c!\x86\xab\x13\x82\x0f\x00\x84\xcd\x06\x85/\x00\x83\xaf\x02\x90~\x01\x85\xae\x02\x98~\x01\x87\x9b\x00\x8b\x11\x01\x81\xb7\xfa\x80\xaf\x1d\x80\x17\x01\x8a\xaf\x02\x80@\xea\x8bV<\x96Z\x00\xa6\xb0u\x8b\x89n\x89\x85!\x02obj\x81\x87\x93\x83\x04ʈR\x02\x83{\x15\x01a.\x89 \x00\x00s\x81\x8c\b\x80=?\x82\xd0\x00\x929\x00\x82\x93\x01\x00(\x8c6\x00\x80\xe1\x03\x00f\x81\x1b\x02\x80\xe2\x00\x84\b}\x00r\x80\xad\xf6\x80\xa2=\x80>,\x82 \x8a\x83\xa9,\x00e\x808\x10\x816\xf8\x04ixed-\x82F+\x80\xd9\a\x81\xb0,\x81\x00q\x80j\xfb\x80\xe15\x00u\x80@,\x81u\xf6\x82\xb35\x83\xcb5\x847\x02\x81\x9a\xf6\x83K6\x01be\x80\xa0\xf8\x80\xba,\x00O\x81\x9e\xfb\x84_\x00\x80\xc4|\x80X\x04\x81\xe9\xf8\x815\xfb\x84\xd3|\x00a\x87=\x00\x84c6\x83\xde\xf6\x00d\x82\x8b\xa6\x81\xff5\x80\x9f6\x00v\x81H!\x819-\x00s\x83\xf8\x03\x81\xaa\x00\x00n\x80:\x00\x81\xdb\xf8\x83\b\xfb\x85\x986\x86\xbf\x01\x83\x02\x01\x00c\x80ce\x00)\x80\xcb\x1f\x83\x0e\x00\x82\xe3q\x01Po\x80\xb6\x02\x85\x12\x00\x810\xf9\x805\x16\x86\x10\x00\x03absR\x8c\x13\x00\x80\x15@\x01bo\x81l5\x8b\x11\x00\x81z\a\x88\x14\x00\x81R\xf9\x01cI\x81?7\x80\\!\x86\x17\x00\x80\x1f\f\x02win\x9a\x17\x00\x82\xd5\v\x94\x1c\x00\x81\xb86\x89\x1a\x00\x80i\t\x80\x0e\x00\x92\xf3\x01\x83%\x00\x80Q>\x81\x99\a\x8bT\x00\x80\xe8\x04\x84\xc2\a\x8b\x18\x00\x00m\x85\xfa\a\x85\x0f\x00\x84d\x04\x86\x10\x00\x87P\x04\x8clO\x80\xf7\x01\x80Dj\x01om\x82\x81\x00\x83&.\x91\x8a\x05\x81i\x12\xa2\xee*\xad\xb3\a\x86\xac\a\x83a\r\x811\x15\x83\x84\x00\x83t\x00\xb8\xd7/\x8a\xb2\a\x87\xab\a\xceh\x00\x8cU\xf5\xcd`\x00\x8d\"\xf6\xaa`\x00\x87\xa8\a\x9d7\x00\x89\xb3&\x8c\xc1.\x84\x0e\x02\x80\x16\x00\x80\xbc\x1b\x01mm\x92\xfb\x01\x85`\x0e\xb2\xfb\x01\x82\xa3J\x01eg\x86\xe5\xfe\x86\x19\x00\x01Op\x80j3\x83\x1a\x00\x8a\x18\x00\x80\x13\x00\x01Ra\x80\xff\x14\x80\x8e\x00\x8fQ\x01\x9d\x84\x00\x95\x19\x02\x81\xaf\x0f\x80n\x00\x01ax\x85\x9eq\xb2]\x00\x8c\x0e\x02\xc2U\x00\x8d\x03\x02\x9fU\x00\x87\xf8\x01\x92,\x00\x96\xed\x01\x006\x80\x03\x84\xff\xef\x01\xee\xef\x01\x81\xf7\x00\xd0\xf1\x01\xb8W\x00\x99\xf3\x01\x95W\x00\x85\xb7\x01\x81`\x01\x0116\x83v3\x02b84\x89\t1\x81\x1b\x00\x88?\x00\x8c\b\x02\x8b\xe9M\xff\b\x02\x91\b\x02\x81ɜ\xd1\b\x02\x00d\xd1\xf7\x03\xbbU\x00\x94\x04\x02\x9bU\x00\x81\xaa\x01\x88\xc2\x12\x8f\x12\x02\x02d23\x84\x98q\x897\x00\x85*\x00\x8c\xcdG\x81c\x00\x8eJ\x00\x002\x83I\x00\x006\x89\x83\x00\x84I\x04\x90\n\x93\x8d\x9d\x00\x86\xa3*\x84\x10\x00\x80\xe8\x15\t2147483647\x8bl\x1b\x81m\x00\x83\ro\x01xb\x8b4p\x82X6\x82\x88\x00\x84\x82\x00\x86i\x00\x82\x8e-\x87\xb7\x1c\x87u\x00\x00-\x99f\x00\x85\xfb\x88\x02c2c\x80$\x00\xa9k\x00\x94w\x03\x00a\xa8w\x03\x84\x7f\x05\x81S\x18\x83|\x99\x89z\x03\x81*\n\x84\xea<\xcb~\x03\x86R\x04\x87x\x00\x86n\x00\xd0f\x05\xc3f\x00\x95m\x05\xc2^\x00\x96t\x05\x9f^\x00\x91L\x02\x0105\x81\v\x1e\x81+\x0e\x86\xdd\x0f\x84\xc5\f\x8b0\x00\x83]\x02\x89\xd76\x80l\x00\x00A\x84\xbd\f\x83\x01s\x86w\x00\x82(\x00\x93?\x02\x86\xba\x9b\x89>\x02\x02bss\xdb=\x02\x880\x9c\x83l\x00\xd0;\x02\xc1d\x00\x959\x02\xc0\\\x00\x967\x02\x9d\\\x00\xde5\x02\x83v\x00\x85N\x89\x01bs\x80\x91\x00\x82 \x00\x8f\xf9\a\x83\x8b\x0f\xf1C\x02\x0110\xdfC\x02\xc3d\x00\x93C\x02\xc2\\\x00\x94C\x02\x9f\\\x00\x83B\x00\x88\xe8\v\x923\x00\x8c\xee\x01\x8dhY\xe4\xee\x01\x81w\x00\x83\x16\x03\xd4\xeb\x01\xc4a\x00\x8f\xe8\x01\xc3Y\x00\x90\xe5\x01\xa0Y\x00\x8a\xe2\x01\x930\x00\x8d\xcd\x03\x88\xaa\x1e\xe9\xe0\x01\x82x\x00\xda\xe1\x01\xc5b\x00\x8f\xe2\x01\xc4Z\x00\x90\xe3\x01\xa1Z\x00\x8a\xe4\x01\x941\x00\x8c\xe5\x01\x95]\x7f\x87\xec\x01Ҭ\r\x80\x03\x00\x94\xac\r\x80\x03\x00\x8f\xac\r\x85[\xec\x89\xc7\x0fϺ\r\x00i\x80V\x00\x91n\f\xb5\xb5\r\xb5P\x00\x95\xb0\r\x92P\x00\x8e\xba\x05\x86'\x00\x90\xea\x01\x91\xc1y\xff\xea\x01\x8c\x9e\x11\x8d\xfd\x01\xcf\xea\x01\x01ax\x80V\x00\xc8\xea\x01\xb6P\x00\x96\xf3\t\x91P\x00\x91\xe7\t\x03d089\x81\xe7\t\xa1\xd6\x03\x80\xf9\x82\xff\xec\x01\x88\xd9\x01\x00s\xe2\xd6\x03\x00s\xcc\xd6\x03\xb6P\x00\x94\xec\x01\x93P\x00\x8e\xd6\x03\x86'\x00\x8b\xeaL\x94\xeb\x01\x8a~\x15\xff\xeb\x01\x00R\x80\xc9,\xdf\xea\x01\x008\xcb\xe9\x01\xb5O\x00\x94\xe8\x01\x92O\x00\x8e\xe7\x01\x85&\x00\xa1\xd0\x03\x005\xff\xe5\x01\x8a\xd3\x01\x009\xe1\xe5\x01\x009\xcb\xe5\x01\xb5O\x00\x94\xe5\x01\x92O\x00\x8e\xe5\x01\x85&\x00\x8c\xe5\x01\x93[\x89\xf0\xe3\x01\x80\x89\x00\x95\x89\t\x8f\x9f\a\x00c\xcb\xe4\x01\x81|\x00\x01dx\x80V\x00\xc4\xe5\x01\xbaP\x00\x90\xe6\x01\x97P\x00\x91\x9f\a\x03ca01\x90\x9f\a\x02Sys\x81\xec3\xd1\xdd\x01\x89\xee\x16\x8a\xd5\x01\x84t\x00\xcbH\r\x85\xc8\x00\xc3<\r\xb7N\x00\x910\r\x94N\x00\x89&\x01\x85f\x17\x02050\x8f\x1a\r\x8b\x11\xe3܇\x03\x8e\xaf\x01\x80~\x00\x93\n\r\xca\xc1\x01\x81f\x00\x01di\xc4\xc0\x01\xb7M\x00\x90\xbf\x01\x97M\x00\x83!9\x82P\x05\x03Rewr\x80W*\x84\x1a\a\x81\xd5\x10\x81H\x01\x007\x84\xdcS\x93\x15\x03\x80\x0fӁ7\x0f\x8buK\x82/\x0f\x85dӉ\xe7\x10\x87\xa5\"\x83\xabk\x84*/\x80\xbb*\x008\x87\v\x00\x80\xd6\x01\xd3\b\x11\x85\x92\x00\x87\xb5N\x81\x84\x00\x84\x80\x00\x85|\x00\xcc\x1a\x11\xd5t\x00\x91,\x11\xd4l\x00\x92>\x11\xb1l\x00\x8f,\x04\x814\x00\x83\xd7\x01\x84\x1a\x02\x85\xf8ل\x0f\x00\x80\x85\x1c\x0112\x83*\x8d\x8ez\x02\x82j\x00\x89\xe6\x1c\x86\x1a\x00\x00-\x98t#\x8cA\x00\x82\xa4\x00\x89\x1a\x00\x83\xc1\x17\x86B\x00\x98T\b\xfe\x8d\x1f\x83X\b\xe5\x8d\x1f\x83\xaa\a̍\x1f\xbfU\x00\x96T\b\x99U\x00\x85\xb4\x01\xa1V\x1f\x84{\b\x83=:\x008\x82-U\x00c\x80\xaa\x9f\x9b\xe7!\x87\xb8\x1e\x008\x82\xb1\b\x90c\x02\x91r\x1e\x86eƊj\x1e\x86\xbfӀ\xf8_\xcf0\x05\x99!\f\x87\xf4Ɓh\x00\x81\x81\x00ѹ\x04\xd1g\x00\x91Q\f\xadg\x00\x87\x19\a\xa4>\x00\x8c\xce\x01\x81A\a\x00Q\x81\xce'\x91͈\x80\x82\x04\xd9\x04\t\x83\xac2\x8d2\x04\x81\x92\x00\x89p\x9c\x9a)\x14\x90\x13\x00\x00c\x80\x13\x00\x81\b\x03\x80\x18\xb2\xce\"\x1a\x82*\x01\x81I%\x81\xa0\x00\x80j\x00\x80!\x01\xc6%\x1a\xc2\\\x00\x94(\x1a\x9f\\\x00\x8aH\x02\x963\x00\xa9=\x02\x97%\x04\xffJ\x02\xa7J\x02\x80\x92H\x83K\x03\xdfM\x02\x89\xbb\x03\xd6V\x02\xbbe\x00\xa4_\x02\x98e\x00\x9eh\x02\x8b<\x00\x90q\x02\x96,x\xe3k\x02\x84Q\n\x8ei\x02\x80\x18\x00\xa3\xda\x18\xd7Q\x02\x80p\x00\x80\x86\x00\x80c\x00\xd2J\x02\xc4^\x00\x97\xca\x1e\x9e^\x00\x8e<\x02\x945\x00\xa75\x02\x83\xf2\x8d\x93\xc9\b\x96\x1ad\xc4\xcc \x87\xba\x00\x85x\x8e\x83\x18\x02\x87g^\xd5\x1b\x02\xc2p\x00\xa0%\x02\xc1h\x00\xa1/\x02\x9eh\x00\x9b9\x02\x91?\x00\x90C\x02\x97\xf2\x91\xff$\t\xb4\xda\x06\x81\xd5\xc9\xcek\x02\x81(\x01\x88\xd0\x05\xc8\"\t\xc0Z\x00\x94O\x02\x9dZ\x00\x8eA\x02\x901\x00\x97v\x04\x8a/\x02\x8fs\x04\xddi\x04\x85\xa5\x00\x85\xe8\x02\xd5a\x04\xc4h\x00\x96Y\x04\xc3`\x00\x97Q\x04\xa0`\x00\x91I\x04\x937\x00\x8c\x0e\x02\x95w\x9b\xfaj\r\x84\xc17\xa4G\x04\x92\b\x1a\xd3k\r\x85\xc7$\x83\xa4\x05\xc8h\r\xc3Y\x00\x98\xaa%\x98Y\x00\x8a<\x02\x930\x00\xa45\x02\xfd\xef\n\x82\x98\x00\xfc\xf0\n\x8bA\x01\xce\xf1\n\xc9_\x00\x9e/\x02\xa5\xf3\n\x996\x00\xa8;\x02\xf2\xf5\n\x8f\xbc\x00\xdc\xf6\n\xd4q\x00\xa1+\x02\xd4\xf8\n\xb0i\x00\x9c?\x02\xa0\xfa\n\x96\xe9\xfd\x89@\x02\x82\xe1F\xd16\x02\x86~\x00\x80\xb7\x00\x92c\xfe\xc4-\x02\xcbh\x00\x8f$\x02\xca`\x00\x90\x1b\x02\xa7`\x00\x8a\x12\x02\x9a7\x00\x8c\t\x02\x80\xe9?\x8aye\xe9\xc8 \x83|\x00\x92G\x1b\x8eo\x06\xca\x18\x02\x83y\x00\xc79*\xbaP\x00\x90\xf8\x01\x97P\x00\x8a\xe8\x01\x8a'\x00\x8c\xd8\x01\x80;\x7f\xf6\xd8\x01\x83|\x00\xf0\xd8\x01\x83y\x00\xc7\xd8\x01\xbaP\x00\x90\xd8\x01\x97P\x00\x8a\xd8\x01\x8a'\x00\x8c\xd8\x01\x00B\x80\xeeH\x01No\x86Ө\xee\xcd\"\x84\x80\x00\xdd (\x84g\x00\xc7\"(\xbbQ\x00\x90\xcc\x01\x98Q\x00\x89\xf6\x02\x84\xear\x83\xbd\x1d\x00f\x83\x9a\x11\x8c\xd3\x01\x8d\xe9\xab\xf9\xd8\x1f\x80\x8c\x00\xe8mA\x81n\x00\x82\xbf@\x82\x1c\x04\xc5\xd9\x1f\xc0V\x00\x90\xf0\x01\x9dV\x00\x8a\xc2\x03\x90-\x00\x8e\xed-\x8a\xf6\x01\x80\xb7\t\x00c\x80i\x7f\xca\xfd\x01\x8dTĎ\x9c\x00\x86u\x00\x99S \x8f\x87\xae\x91> \x91\xb7\xb0\xff\xef*\x9d.\x15Υ\"\x80\xee1\xca\xef*\xb6P\x00\x94\x9b\"\x93P\x00\x89\xb0\x04\x86>\"\x008\x93\xef*\x90\x99\xb3\xf0\xe8\x01\x80\x87\x00\xf6\xe8\x01\x81|\x00\xc9\xe8\x01\xbaP\x00\x91P\x0e\x96P\x00\x93\xe8\x01\x002\x91v4\x01Sh\x8b\xe0\xb4\xff\xf9E\x9el&\xa28\x02\x00h\x81\xf7\xe3\x918\x02\x81\xf4\x14\x8e^\x00\xcb8\x02"
const compilerSourceData0Chunk14 = "\x80|\x00\x00c\xcd\xc5&\xbfU\x00\x91B\x02\x9bU\x00\x89G\x02\x8a\xa2&\x00c\x81|\x1a\x80\x95ՔJH\x00h\x85Q\x98\xffR\x02\xe1R\x02\xdf\x009\x81|\x00ΛL\xbfU\x00\x94R\x02\x9e\x9bL\x97R\x02\x81]ʑR\x02\x80\xb0S\xffR\x02\xcfR\x02\x00r\xf7R\x02\x01ar\xd0R\x02\xbeU\x00\x91R\x02\x9bU\x00\x9cR\x02\x00f\x80\f\x00\x93\xa4\x04\xa2R\x02\x85\xc7+\x00F\x81FU\x83\xb4\x00\x86\vd\x91\xcc\x00\x89\xbf\xfe\x81\xcc\x00\xa0'\x00\x81H\x01\xa0'\x00\x8a\xa9\x02\x8b\xfe\x00\xff\xf2\x02\xa8\xf2\x02\x80Ei\x82\b-\xdc\xfa\x02\x91\xef\x04ѝ\x02\x9bU\x00\x80\x05W\x81/ځ\x05\xcf\x00e\x82\xb2\xb5\x00o\x81FW\x81Og\x80\x05W\x80IԄhԀ3W\x0432-bi\x80\x1bW\x82z\x00\x80oW\x82\xa8\xd4\x00a\x83ZʂH\x00\x00a\x82\xe4\r\x80\x8f`\x01lb\x80\x161\x804\xa7\x83\xcdW\x81}\x84\x02-ho\x80\xc9X\x00d\x80QԁB\x00\x80\xb6z\x81^\x00\x80CH\x05exerci\x80\x003\x83\x89W\x81\xad]\x9e\x81\x05\x94/\x03\x03DivL\x80\x8bn\x85*\n\x00R\x81]w\x90\x9a\x12\x82\xc9Ǔe\x87\xbdJ\x18\x84\x82\x00\x80\xaf\b\x82}\x00\x82\x8e\x11\x82o\x00\xcbX\x14\xc8f\x00\x90f\x14\xc7^\x00\x91t\x14\xa4^\x00\x83D\x00\x85\x82\x14\x975\x00\x8f\xbd\x12\x90\xcd͋\t#\x03etcc\xd2H\x1a\x81\xcb\x10\x80\xa3\x00\x01ax\x82t\x00\x84j\x00\u03a2\x12\xc1b\x00\x93\xa6\x12\xc0Z\x00\x94\xaa\x12\x9dZ\x00\x8a\xee\x01\x941\x00\x89\xea\x01\x82C^\x01wi\x80\x11L\x85\x99Z\x80gu\x80T\x04\x91\x18Z\x82\xa2\x88\x89nj\x80\xb2L\x89\x0f\x00\x9a\x00t\x82\fg\x88\x89j\x99\xees\x80\x1f\x01\xb9\xda`\x92\xcf\x00\x8a\xbf\x00\x88\xbb\x00\x884\xf1\x87\xa3\x00\x80\x84\x00\x82L\x01\x87\\\x00\x87\x00a\xc1^\x00\x8d\x82\x01\x82\x82\x92\x8c\x80\x11\x00O\x92\xff\xf6\x81ܘ\x82P\x01\x02flo\x80\xf4\x05\x83|\x05\x95*a\x8d\xad\u06034\x00\x88\a\x9f\x002\x88\xd0x\x856\xea\x80\x05\x00\x00=\x8d^\xf8\x82\xd5o\x8f\x9f\x00\x83\xbe\x98\x82+\x00\x85-\x01\x91䤌\xcf\v\x84\x8d\u00841\x00\x89t\xbb\xa0\xa0\x00\x00/\x89\xa0\x00\x87\xde\t\x8d\xb5Łb\x00\x8c\xc2\x01\x9a\xc4\x00\x91\xba\xab\xa7\x8e\x01\x97\x82\x01\x02div\x81\x11\b\x86Bs\x00o\x8dFz\x85\xd6\x00\x80,\x00\x81L\a\x9d)\x00\x00%\x81)\x00\x80*\x01\x00(\x84Y\x00\x80\xcbh\x81\xbd\x05\x82\x95t\xb8%ވ\x89\x05\x8b5\x02\x82\x97Ă\x9f\x8c\x91\xf1l\x82\x88\x12\x86\x86\x01\x8b\xc2Ȅ8\x00\x8b\"\x00\x88\xb1Ńi\x01\xa3\xca҆A\x00\x8d\x86Ćb\x00\x8a\xe8\u0602\xa7\x03\x82v\n\x80\xef\x06\x00i\x81\xd7`\x00O\x80\"i\x80]\x02\x02wGu\x81\x17\x17\x80N\x01\x84'\a\x86Y\x00\x9a\xf1\b\x8f/\x00\x93\x9bِAs\x87[\x8c\x90\xc2Ӌ\xa4\x00\x87\x9a\xe9\x81n\x00\x82Q\x00\x90&\x03\x85\xe9\x00\x81\x92\x82\x80\xd9\x01\x8a\a\x02\x87\x14\x03\x82\x94\v\x96\xf2\xa9\x94\x11\x02\x8a\xa6\f\x876\xe0\x82r\x00\xaeZ\x01\x80\xab\x00\x80\x03\x00\x83\xacd\x84\x14\x04\xab\x88\x02\x80;\x00\x84\x19\x00\x88g\f\x82\xff\x14\x88\xb6\x03\x91X\x8e\xa0\f\b\x87\\\x00\x88\xd3g\xba]\x00\x84\a\b\x88Y\x00\x83\xc7g\xb9U\x00\x85\xe3\x06\x87U\x00\x84\xe1\x06\x96U\x00\x8c\x83\x00\x85\xb3\x06\x900\x00\x83=\x02\x81\xda\x01\x88\x1f\xa4\x8d\xdc\x02\x89\xbfs\x8aP\x05\x8dce\x99\xcf\x02\x8f5\x05\x874\f\xa1oe\x00s\x80\ap\x84\x10\x00\x83\xed\x02\x82\x1e\u0082\xa1\x00\x82\xc5\x00\x85\xf8\x02\x82(\x00\x82'\x00\x83\x1fe\x80pȉ*\x00\x8c=\x0f\x81.\x00\x83J\x05\x00*\x829\x00\x8c\xfd\x86\x83\x15\x00\x9f\xbdځ\x01\x05\x83,\x00\xa4\xa9ځ1\x00\x88\x0e\x05\x8aH\x04\x8czڝy\x05\x9dw\x05\xbcu\x05\x9cs\x05\x8c\x88\x04\xa7P\x04\xb2O\x04\x88\xf9\x11\xa2\xaa\x05\xa0\xdd\x02\x87\xb9\x05\x88]\x00\x81\x82؉\\\x01\x8f\xa0\x01\x82\x1d\x00\x82$\x02\x94xؚ\xd0\x00\xbd\r\x03\x00n\x82\x01&\x98\x13\x02\x82f\x94\x82}\x00\x83\x14\x7f\x92'\x00\x9f\x15\xe0\x92\x1f\x1e\x00-\x81|2\x88v\x02\x88\x16\x02\x81\x96\x00\x88\x1d\x00\x8e\xf5\xf1\x86\x19\x00\x8a\a\n\x8aQ\x00\x8cF\x18\x95\xbb\xfc\x01*8\x8a6\x00\x92\x9c\xf0\x97\xbe\x0e\x8f\x1bu\x89<\x03\x8b?\x01\x83G\x02\x8aW\a\x8e\xc2\x00\x82\xfax\x8f\x12\x94\x937끠\x00\x88l\x02\x93\xa9\xe0\x8e\x84\x00\xa0;\x01\x8c\xa3\x03\x86\x8d\x01\x82\xa7\x02\x81W\x00\x90\xbd\x90\x00m\x80;\x7f\x00e\x83\xec\xe1\xacɁ\x83\xe8\x04\x82\v\x00\x00j\x80@\x00\x01If\x80\x05l\x80.\xa0\x97\x89\f\x9c\x92\xb6\x82,\x00\x00B\x82\xef愗\x00\x87t\x87\x86\xb7\x8b\x94\x05\x81\x89z\x04\x8eP\x96\x82藆\xf3\x00\x81\x99\x13\x84`\x00\x8as\xf4\x85ć\x80K\x00\x88\xcf\x00\x8a\xc5\t\x90kޅ\xa5\x05\x92\xf5\t\x8f睇/\x00\x93\xf9\f\xb8\xee\x0e\x8a\xcb\x01\x84.\x01\x84q\x00\x89\xa1\x01\x98\xd2\x0e\xa6B\x00\x8f\xec\x04\x8d\x80\xca\xc8\xf7\x8a\x97\xaf\x8e\x94߷\xa00\x85\x93ָ\x8cӬ\x8eo\x03\x93#x\x89\xb2E\x8c\"\x00\x8e\xdf\x01\x90\xb4\x00\x80\b\x84\x80!\x04\x82s\x00\x89՛\x9c\xdd\xff\x81\xe0\t\x00f\x9d\x88\x84\x84Gt\x8a\xbd\x0f\x820u\x82s\x00\x80\x95\x06\x8c~\x84\x82\x9e\x10\x88\"\xa0\x87\x99I\x99\xd5\x0f\x9f\f\x93\x85S\x00\x84|\x97\x83\x9d\x01\x96^\xa7\x8e5\x01\x87\xdf\x01\x00s\x82\xc1\x86\x85s\x11\x90\x80\x8b\x81EL\x00e\x95\x16\xba\x8e\x05\x10\x946̓E\x00\x86 \x90\x95\xb9\x01\x82^\x8d\x81;ˇz\x82\x80\x1f\x00\x82\xdb\xf3\x83\xc2\x03\x81\xd5u\x00s\x83d\x00\x8b\x11\x8d\x80خ\x81n\x82\x81\x81\x01\x80$\x00\x81#\x92\x8bE̓\r\x8d\x82\xd1\x00\x80[\x00\x8bL\xaf\xa8&\xe0\x86<\x01\x97\x8a\x00\x98f\x02\x85z\x00\x85\x93\xaa\xa4=\x01\x867\x00\x84&\x02\x80\x10\x00\xa5q\x87\x89;\x00\x80\f\x00\x9a\xb7х\xc6\x00\x84_\x00\x86\x91\x03\x85w\x16\x87?\x00\x84\t\x01\x88\x12\x00\x9a╖\x9f͈r\x00\x8e\xa0͊|\x00\x86\x15\x00\x817\x02\x86W͉o\x00\x81\x99\x04\x83n\x00\x8eV\x01\x81\x1b\x00\x84옂\xe5\x02\x80@\b\x9ac\x01\x82d\x01\x97j\x00\x82ː\x94k\x00\x80\xf0\v\xafk\x00\x83\xce\x0f\x93\x11\x03\x83\xbb\a\x98\x94\xfe\x85\x91\xfe\x00+\x80\xb6\x13\x9f&\x03\x9c\x02\x05\x8fƊ\x87\x96\x02\x80a\x03\x80\x8a\xa2\x8e\xce\x00\x839\x05\x96\xc0\x00\x9dS\xff\x8dP\xff\x8f\xebҟ\xb5\x05\x86\x8c\x05\x92\xf8\x00\x87\xf8Җv\x05\x8a\xcd\x05\x8e\x7fѠ\xefћ\x12\x12\x89\xb9\n\x99\x80\xa6\x91\xfe\x05\xa3S\x7f\x93\r\x85\xa9O\x00\x8e\xea֢\xa9\x00\x91\xd9\xe8̂\t\x94\x13\x05\x86w\x02\x893\x00\x80\x14\t\x80\x1a\x1e\x00c\x9d7\x00\x89\xb0\v\x993\x00\xc8p\t\xafeדO\x03\x88\xac\xd4\x02msg\x86$\x03\x80\xfb0\x80\xd9f\x8ay\xb8\x89`\x03\x81\x96\x01\x80/\x00\x84\xf8\xaf\x85\xda\b\x83/\x00\x81\x92i\x82\v\x10\x00s\x82\xac\x02\x80\a\x00\x80'م1g\x84\x15\x00\x8c\xb7\t\x89\xc5i\x83W\x00\x96\xbc\t\x83\"\x00\x80R\x00\xa7\xbc\t\x89\xa3\xa4\x91\x88\x04\x82 \x00\xad\x87\x04\xac\xa4\u0094\xa1Ã+\x04\x95\x9e\u0090\x84\x04\x9c\x9e\u008bE\x06\x93D\x9c\x97\n\n\x95Z\x00\x85\x1a\n\x99\xf2\xc1\x85\x99m\x88\x91\x01\x82w\x00\xa6\xe8\xc1\x97\"\x01\x83C\x00\x8a\xc3\x05\x8f\xa4\xc1\x9aa\x01\x8a\x85\x00\x85_R\x96]\x01\x86X\x00\x86\xa4\x05\x8e9\x01\x95\xc1\xc1\x91?\x05\x8bv\x19\x9cI\xc1\x8b\xe0n\x9a\xe2\xc1\x903\x05\x85\x19\x00\x8d\x85\x01\x809\x00\x00s\x81㸊@\x01\x8f[\xbc\x9cF\x01\x86F\x00\x87\xa5\x02\xa33\x04\x859\x00\x82\x9e\x00\xa47\x04\x938\x04\xa39\x04\xa0:\x04\x90%\x01\x91\xae\x10\x91\xf9\x03\x82\xa8\x03\x82\xf9\x03\x81\xd8\x14\xa4Y\b\x86\xa9\f\x9a \x85\x85R\x00\x8d)\v\x85ۖ\x91$\x85\x89\xf7\xa0\x8eL\b\x9c\xc7؆\xabВ\x1b\v\x8a\xb0\n\x8c\x98\x85\x854\x06\xaf\xfd\b\xa5|ڍB\x03\x8aV\x00\x82\xf6\x00\x80\xd4߀\xce\x01\xaaW\t\x90\x83\x14\x89\xd2\x14\x8c\x96\x1e\x84SA\x9f\x8c\x03\x89\xdd\x03\x9c\xb1O\x8fg\xe4\x93\xfc\xe7\xa1\xe5\b\x85$\x1b\x820\xae\xa72\x1e\xaa\xa5\x04\x96\xc5\u0ee5\x04\x91\x88\x13\x88_S\x83iU\x00b\x83\xfc&\x005\x80kU\x80\b\x16\x82\x86 \x94\x91\x13\x9d\x8f\xa0\xc7\x05\f\xb3\x03\f\x8cI̊\xf3\xb1\xa6\x7fۜ\x96\x01\x96\xc0\v\x8e\xa3\x02\x9d\xdb\x01\xa9\xf3\x02\x8f\xc5ݡ\x9d\x01\x9d\x96\x11\x83H\x12\x82d\t\x88\x16\x14\x8b\xb3\xc7\x00\"\x80V\xad\x80\x92\x01\x84\t\x14\xba\x83\x11\xd4\xff\x10\xbd\xfd\x10\xc6\xe8\x05\x91\x0e\x11\xaa\xf2\x05\x87\f\x11\x9e\xea\x02\x8f\x9a\x05\x863\x01\xa2\xf5\x05\x96,\xe0\x92\xbex\xa2i\x02\x85t\x14\xc8\x01\x04\x85O\x00\xa4\x00\x04\x80b\x82\x82\x8b\x00\xa4\xf0\x03\x8b\xda\x00\x8a#\x00\x8d\x8fр\x93\x00\x01He\x82f\xfb\x80?\n\x90c\x0e\x97\t\x82\x83?\x03\x81=\x00\x00R\x80\xef\xe7\x00y\x89_ʆ\x9f(\x8f&\x00\x81\x94ڊ\x17\x00\x85H\xbd\x80a\x06\x00.\x80\x11o\x83\xb0\x95\x89!\x00\x80A\n\x87l\xbd\x896\x00\x00+\x81#\xb3\x89\x15\x00\x81\xce\t\x95+\x00\x0116\x81,\x00\x88e\x00\x81m\x96\x80\x18ڄ\a\xbe\x83\n\x01\x82h\x86\x83\xb8\x90\x8eM\x83\x8c \x00\xa6M\x86\x82,\x01\x82\b\x85\x82v\x00\x8eF\xfb\x86\x1b\x00\x8e=\x10\x02Def\x81\xa6\x1f\x88u\x00\x8b\xa5\a\x90\xa2\x19\x82,\x00\x82\xa3\xb5\x86\xf0\x11\x8f4\x10\x9aT\xb7\x8b\xfd \x83< \x87V\x00\x862 \x92\xa9\x1c\x86\x00\xb8\x88\xf4\xb5\x92\x15%\x8an\xfb\x8b\xb8\x00\x82I\xea\x86\x12\xe4\x98\xe1\x00\x83\\\xbd\x9b\xe6\x00\x95\x0fs\xb2\xe9\x00\x96\x02\xba\x84j\x00\xde\xf2\x00\x89)\x00\xa5\xa7\x03\x96&(\x88\xa5\x03\x00o\x83N\x1e\xa4䔏\x1d\x1d\x84@\x00\x86\x18\x04\x01up\x82\xaa\xbe\x00P\x81s\x00\x82\xaf\x00\x8aj\x1b\xa1\xe4\xfa\x8a\x9e\"\x84\xa2\x1a\x81M\x11\x90\xbf\xba\x89\xd0\"\x83\x1bǄR\x00\x82\x7f\x00\x01Ou\x80\xbe\x99\x83\a\xef\x80ǔ\x85a\xb8\x89\x97\x1f\x8f\xff$\x86\xcf\x00\x90\xf4$\x8f!\x02\x98\b\x04\x88,\x12\x82=\x00\x01Di\x81\xf0\xec\x80\xc4\x01\x80\x82\x9f\x8eH\x00\x80\xe2+\x81\xa0\x05\x92v\x00\x8c\xae\xba\xcf{\x00\x90x\xb9\xa08\x00\x8ft\x03\x87\xf1\x8b\xa8\xe5\"\x86\x89\x03\x84\f\x05\x82d\x00\x87\xf1%\x88T\x00\x825\x0f\x82.\x00\x82\n\xad\x8b\x16\x01\x87\xf9%\x81\x12\x13\x82&\x00\x8cl\x05\x83\x15\x00\x8b\xe6%\x94\x16#\x8fx\x00\x93p\x00\x8b\b&\x88\xa0\x02\x8e\xcc\x00\x8c*\x00\x845&\x9b\xad\xeb\x02oom\x9b!\x00\x88T\x03\x8f\xbb$\x84\x9a\x97\x8az\x04\x90\xf1\a\x89\xb7\x04\x96\x06\xf5\x8f\x10\x01\x90\x16\x05\x85\x90\x12\x8e\xbc\a\xa2Y\f\x9d+\xf4\x97\xbeꕑ\x0f\x95 \xea\x99-$\x8aB\xb8\x8a.$\x85\x8d\x01\x8d\x94\x00\x93|\x00\x9b\x17\x01\x8d\x14\x01\x96\xaa\xb8\x98\xaa\x00\x84\xf83\xa4\xaa\x00\x97\xa3$\x87\x81\x01\x8d\\z\x94\xcb\x01\x90\x01%\xab\xee\x00\x99\x87\xec\x92\x19\x00\x9dL\xf5\xe3\x1b\x02\xabq\x01\xb5\x1b\x02\x902\x03\xb1\x1e\x02\xab\xc8\x02\xbf\x1e\x02\x8f\xb4\x00\x94\a'\x9as)\x88\x9c\x00\x81\xbc\b\x94s\x04\x8f]\x00\x9b\xe9\b\x8cx\b\x93\x18+\x95s\b\x95\x92'\x89\x9f\x81\x9fG*\x8c\x0e\xa1\x86L*\x82\xda\x16\x84\xb0\b\x80K\x01\x81\xee\x14\x02Buf\x80Y\x0e\x83\xd5&\x80\x17\xbd\x90\xa82\x88'\x00\x81X\x0f\xa4\r\n\x8bt\a\x82\xb14\x83u\a\x00p\x8aR\x00\x83.\r\x95\x92\x00\x82s\r\x95w\x03\x97\xe1\x02\x83o\x00\x895\f\x94;\x00\x8bd\x01\x94\x86\x00\xa2\x12*\x94O\x06\x9f\xeb\x06\x8c\x8b\x00\x88s\x81\x90+\x01\x95R\x00\x93+\xfc\x8c\xb9\x02\x8a[\x03\x81\xca\x01\x91zZ\xadZ\x01\x80LP\x96d\x00\x93;\x00\x91q\n\x84\xe8\x00\xa0j\n\x98e\x02\x82\x0e\f\x853\x01\x81\xbc\x02\x81\xc6<\x8a\xfc\x0e\x85\x1d\x00\x87\xbc\t\x8f1\x00\x85̨\x91\xa9\x02\x80p\xe6\x874\x10\x86\v\x00\x86G\xa6\x92\xc1\x02\x80S\x03\x88L\x00\x85\x9c\t\x92_\t\xa0\xa3\t\x86u\xfd\x96\"\x00\x82\xe4ڀ\xaa*\x03Digi\x98\x8c\xa9\x82\xa9-\x81#\x00\x82'\x11\x9c(\x00\x9e\xe7\xf5\x85\x9e8\xae\xe2\x03\x89\x1b\x04\x86E\x00\x82\xf6\x03\x02neg\x82r+\x84\x1d\x00\x84'\x00\x8a\x11\x04\x99\x87\n\x8cs\x01\x9b\x9b\x02\x85z\x00\xb1\xb1\x03\x90\xa0\x05\x99)\a\x81Q;\x98\x8a\x00\x88\xf6\x00\xa2k\x00\x98h\x03\x93\x1f\x06\x86A\x02\x9a\xe7\x03\xc0\x11\x01\x001\x89\xa7\x00\x9cV1\x84'\x0f\xaf\xe9\x05\x93/\x01\x8a\x80\b\x8f\x10\x03\x96\xb3\x00\x01'0\x81\xff8\xbc\xea\x05\x8ex/\x8be\x03Б\x00\x94\xaf\n\x92\xff\x01\x8c\x8e\x00\x89\"\x12\x91\xea\a\xff%\x02\x87\xc9\x01\x84\xb0\x10\xac\xc8\x03\x8b\xbf4\xa3\xfe\x02\xa0V\x02\x8bs\xaa\x92\xbc\x01\x00-\x86\xbc\x01\xa0^\x01\x98\x10\xfd\xa6\x8b\a\xa0\x12\b\x98\xc2\xfd̪\b\x00+\x94\xf1\x05\xa7I\x03\xae\xe6\n\x8d\xe0\a\x8bQ\x17\x81\xe8\x19\x81\x1f.\x81A%\x81\xdd\x16\x819\x1a\x82\xa3\a\x89\xc1\xa4\x84Q\x1a\x83\x12\xaf\x84m\xec\x86\x11\x00\x82#ˈ=.\x8e\xc6G\x82\xb8\x19\x85\x81\x9f\x02409\x80\x03\x18\x80r\x9f\x82\nd\x81\x12\x00\x036553\x81\x13\x00\x89e\x00\x82F\x1c\x82Y\x19\x841\xa6\x86&\x00\x86:\x00\x87\x13\x00\x88U\xbe\x85@\x00\x80\xdb\"\x84m\xf2\x86A\x00\x84y\x00\x91@\x00\x80\x04\x00\x85\xeeˆB\x00\x00*\x83Cʃ\x98\x00\x84j\xd7\x02819\x84|\x1f\x84\xb2ˁ\x11\x00\x87(\x1a\x83Eɀr@\x83a\x00\x89)\x00\x84\x14\x00\x8c,\x00\x00<\x87o\x00\x89-\x00\x85\x15\x00\x8bH\x1a\x83\x12̀\x11\x00\x86K\x01\x83~\x00\x8fJ\x01\x97\xcc\x00\x87y\x00\x81\x0e\x01\x89\x05\n\x83\x1e\x01\x83\xc6\x01\x90\xc8\x00\x84&\x00\x86\xc7\x00\x87#\x19\x82\x97\x00\x8b\x8dU\x82\aC\x80\v\x00\x00a\xe5]\x02\x90\xf1\x00\x81\xc9ӈ\xef\x00\x0125\x84\x0e\x02\x84c\x01\x80\x10\x00\x8e\xb8\x01\x86\x13\x01\x85%\x00\x842\x02\x91\x84\x01\x90r\x00\x02204\x80\xab\x00\x88s\x00\x80\x10\x00\x89<\x01\x83 \x00\x999\x01\x81'\xbb\x01ic\x8e5\x01\x81ٟ\x855\x01\x83G\xfb\xb6C\x01\x86K\x00\x8cz\x02\x86\x18\x00\x89}\x02\x8d\xb94\x85\x0fم-\x00\x90%\x19\x9bQ/\xa37+\x86\x02 \x9e<+\x8d\xe6\f\xa8\xbe\x1e\x8e%&\x83\xdfƙ\xe03\x82\x18\x00\x84\xe7/\x81r\f\x86\xa0\v\xa41\x00\x84\x13Ǩ2\x00\x91\xd2\a\x86\xe2)\x83\xb1\x00\x8c\xa1\x06\x93=\x12\x9aH\x00\x86/\a\xaaO<\x81\xe9=\x00x\xab\xce\x00\x87\xf4\a\x95=\x1c\x88\x8d\x00\x9b\xb4\x00\x84K\x01\x8e(\x00\x89\xcc̅\xa2\x00\x84Q#\x9f!\x0e\xa0\xcf\r\x9f;\f\x87\x16\t\x00g\x83\x8e\x00\x86\xb4\x00\x87\x90\x00\x83\xe5\x00\x8b\xcf\b\x91\xd0\b\x8b\xa4Ȇ\xf3\x01\x87K\x00\x948\x00\x90Hm\x86\xc1n\x93I\f\x8aF\x00\x8e\xfb\x10\x8dw\x01\x93\x81\x00\x95\xcb\x15\x9d\xd3k\x92\xa1\x00\x80>\x11\x8e9\x01\x8a^\x01\x8cM\f\x86\x83\x01\x9fV\x01\x8f,-\x86\xd7\x00\x89~\x02\x8d\xbb!\xa7\xbb\x02\xa4\xba\x02\x91\x9b\x00\x97&\x00\x95\x8c\x90\x9cI\x00\x92%\x04\x8eH\x00\x80\xfe\x8c\x8cH\x00\x8e\xfb\x01\x8e\xde\x00\x89$\x84\x03a4f3\x94\x89\x00\xa0m\x01\x89l\x01\x8eQ\x06\x03UTF8\x86\x98\x13\xa5B\x06\x80\x9e\x01\x84\x15\x00\x82\b\x06\x81\x91\x04\x81<\x1d\x87\b\r\x85p}\x83\xb0?\x82\r\x00\x80+\x1f\x80ħ\x9ct\x06\x82[\x00\x8dy\x06\x99\x80\x01\x88y\r\x846F\x81q\x00\x80S\x05\x83\xa3\a\x9f\\\f\x94E\r\x84J\x00\x89!\x00\xa4&\x0e\x83\b\b\x84\xee\x00\x81f\v\x8c\x93\x81\xae\x8b\x00\x006\x8a^+\xa3\xd1\x10\x8a\x85\x00\x8e\x0f\xef\x97G\x1a\x8ay\x00\x83?\x00\x8c\x83\x04\x93\xb2\x00\x94\n\x10\x89U\x18\x8ct\x00\x8aN\b\x00A\x80\x84\xaf\x00n\x82\xa9̈\xf0\x03\x84\x0e\x02\x81\xb9\x04\x93R\b\xa8\x7f\x0e\x99\x91\x16\x90;\x05\x89\x94j\x84\x9ct\x9eE\x03\x814M\xa6\x83\t\xa2A\x03\xad(\x03\x9a\xffB\x81iS\x03widt\x82\xe8ˀQ\xbe\x83\f\x00\x803\x84\x004\x84\f\x00\x86F\xdf\x00x\x88\x85=\x8d\x9f\a\x80\xb6\x01\x849\x00\x80\x86@\x82\xca\v\x01li\x80\x00\x01\x82T\x00\x04 << (\x82\x1e\x00\x01*5\x81\x7f\x16\x80\x81 \x82\x0e\x00\x00/\x82\x90,\x87\xe2\x05\x82\xbc\x03\x00G\x80\x17\xaa\x80I\x0f\x82\xcf>\x80o\x02\x85\xa4?\x85\xff\x00\x80\xe0\x00\x81X\x00\x83z\xb7\x81?\x00\x81#\f\x85\xde\x03\x86m\x00\x006\x80\x15\f\x83r\x00\x81\xed \x82[J\x84\xf3\x02\x83\xaa\xac\x87\xaf\x00\x86\xc0\xfb\x85\x98\x03\x82\xb0\f\x02- (\x81\a\x00\x01>>\x83&\x00\x85h\x00\x8b\x91(\x8b \x05\x88\x97\x02\x87\xac\x00\x84\x99\x00\x862\x03\x96\xb1(\x81\x85\x01\x85\xc6\x00\x86\x93\x00\x85\x11\x00\x80\x19\xb5\x84\n\x00\x00/\x83]\r\xb8\x89\x00\x80u\x04\x9c\xedϗ7\x14\x82\xafC\x84x\x01\x92@$\x84%\x00\x9d\x15\x03\x9b\x91;ګ\f\xdfl\f\xb0\x9f\v\x89\xab\x18\xa13\x00\x82c\x83\x00b\x85\xf0\r\x8dﻌ軄7\x00\x82+\x00\x88\x10\x00\x81,\x02\x85\xfa\xe3\x82\x15\x00\x84\xa8@\x87\xca7\x84\xa0\xc0\x83\xc5\v\xa0B\r\x8a\x91\x00\x85K\x05\x92qŇd\t\x81\xee\x04\x85S\x00\x8a\xf0\x04\x00{\x85\xa8憵\b\x82\x91\xe6\x8ad\x00\x81\xa8&\x80\xa4\xe6\x80c\x02\x84\x00\x1f\xb8\x84\x0e\xeb\xf0\r\xa4:\r\x81[\v\xb3\xd3H\x84\x13\xb4\x99\x1d\x1b\x98\x1e\x00\x96k\r\x89{\x16\xa3e\r\x93\x9c\n\xa1_\r\xa5^\r\x89\xdcH\x92v\x01\x8d\x82\x17\x86j\x06\x00L\x80\xa2)\x92b\x06\x81\xa4_\x83A\x01\x8e4\x00\x9e\x9e\x06\x05111411\x81ڈ\x94B\x00\x96v\x00\x0455296\x82\x11\x00\xb1x\x00\x0457344\x8c>\x00\x90\xc4\x05\x84\x96\x00\x8e\x9f\x00\x91\x8d\x02\x87]\x00\x81\xdd\x14\x89g\f\x8aS\x00\x85H\x00\x8e\x94\x06\x84\xf8\b\x83\x80\x03\x00&\x8a\x91\x06\x9c\x86\x03\x94\x84\x0e\x99\x83\x0e\x99o\x02\x98\v\r\x84\t\x00\x84Oݘ\xb4\x06\x94pAȏ>\xeb\xd1\x05\xa0\x04\xfc\xa6\xd0\x05\x86(\x8e\x9f\xcf\x05\x85\b=\xaa\xce\x05\x88{\x01\x81\x9dυU\x00\x8a\xceG\x81`\x02\x96V\x02\x97;C\x85L\x00\x8a\xbc>\x87\xb6\x8e\x98\x05\x02\x03Pair\x9a\t\x02\x81c5\x90\xe0\v\x80\x16\x00\x88%\xea\x83\xc5Վ&\x00\x82\x17\x00\x9f\xe0\b\x84=͂\x0f:\xffA\x02\xffA\x02\xb0A\x02\x83C\x01\x86\x96\x01\x85I\x02\x86I͝@\x00\x82}\x01\x89\xb1\x01\xf0\x8b\x02\x90:\x00\x8f\x8f\x02\x89ٶ\xa5>[\xa3\\\xe6\x81\xea\x00\xafb\x17\xa1\xd9\x13\x89\x19A\x9a\xe4\a\x90\x96\x16\x9b\xdd\x13\xa1\xde\x13\x9aK\x00\x8f\x88\xe5\x98\xe0\x13\x9b\xe1\x13\x91\xe6\x00\x90\xe4\x13\xac\xda\x06\x8bV\x00\x90T\x15\x84{\x11\x8f\xd2\x00\x89h\x00\x8fa\x00\x90\x80\xe4\x8eD\x11\xa4H\a\x8bL\x03\xad\x95Q\x93)\x11\xa0\x1b\x11\xa8\xdbE\xf1\xeaI\xaa\xfc\x06\x85\xca;\x86s\x04\x91]\x10\x99v\x04\x93U\x00\x84\xd6\x04\x830\x01\x90\xb8\x04\x83\x97\x13\x83H\x00\x82~P\x83aO\x8e\x96\a\x86u\x01\x8f\xd45\x99B\x00\xaf\v\x02\x00E\xa7K\x13\x9d\"\x02\x00E\x93D\x13\x80\xa3\f\x80R\x0e\xa8\xe1\x04\x801\x00\x84~C\xa71\x00\x8b\x80=\xa0m\x10\x8f,\x02\x92\x86G\xa8\xf5\x0e\x8e\xf1\x03\x83\xf9\x00\x82\b\x00\x83\xfaC\x961\f\x85\xc1\x00\x87\xbe\x0e\xbd\xc5)\x96\x8a\x0e\x8d\x8c$\x8e\x8f\x0e\x87\x8c\x00\x83\xb8\x00\x9e\xc3$\x91\x94\x0e\x85\xf8\x00\x85\xaf>\xa5\x94\x0e\x8a\x9e-\xae\xdf\x16\x87\x84\x02\xff\xe2\x16\x8a\xcb\x00\x89\x97\r\x90\x16\x01\xa4\x1a\x1c\x9a\x1f\x06\x81\x9aU\x81\x8d(\x83\xc6\xe4\x82\xdd\xf3\xae\x0f\x04\x87\x8d\xe7\x82\x0f\x00\x00a\x80\x12&\x83k\n\x88\x1f\x00\x87\x11\x00\x9b\x95\r\x81h\xf8\x84,\x00\x8cQ\v\x8d?\xf7\x89\xc4玉T\x00d\x83\x05ي\x1c\x05\x87[\x00\x9c\xe4\x01\x98\x02·\xdc\x00\x892\x10\x98\x1d\xf5\x87u\x00\x8a\t\x01\x89\x17\f\x83g=\x88\x9f˂\xd5\x00\xa0\xd8\a\x80ĩ\x8f惮F\xc8\x1b\x0f\x88\x91؆\xb0M\x84!ـ\xa3\n\x87\x19\xfd\x00]\x80\xae\n\x85*\x00\x856\x00\x81\x12;\x9a\xe8R\x88f\u0602\x01\b\x8b\x83\x00\x87E\x00\x83\xd8\x01\x88U\x00\x93h́\xd1\x00\x85 K\x81\f\x00\x83\xbfʅn\b\x82&\b\x86\x0e\x00\x83\x1b\xe1\x95*W\x80M\x00\x9c)\x00\x86\xa1E\x9f+\x00\x8b2X\x90^M\x8a?\x00\x89\xc3J\x8e\x19\x00\x82b߀\xe5׆\xaf\b\x8b\x17\xe9\x87Y\xf5\x91\x8c\b\x93Q\x03\x8f\xe7\x06\x86\x94\x01\x8d\x12\t\xa5O\x03\x93\t\t\x9eR\x03\x8f\xe3\xe9\xadW\x03\x85?\x0f\x8eM\x03\x88\xd5\x00\x91\x95\v\xbe\x93Q\x8c\x80\x03\x98\x94Q\x87\xdbi\x996\x00\x8dC]\x82\xc2͇\xd3W\xce\xf7嗘\v\x8b\xe2F\x83\xd4*\x89ZX\x86K\x02\xa2qX\x83R\x02\x8cB\x00\x87\xd8\xe0\x8e\xc6Α5\x04\x8b>\x00\x87\xc7\x1c\x876\x04\x86\x97F\x8a\x9eX\x819\x04\x80\x1c\f\x82\xc2ʅ\xdeو\xb0F\x8c\x9b\x1b\x87^\x05\x821\x00\x81\xcc\x00\x85\x05\x87\x84\xd3\x00\x82\"\x00\xa6\xa8G\x82\x84\x02\x88n\x00\x88\xf6\x1b\xbe\x81\x02\x92\x1e\x02\xa1\x84\x02\x9d9\x00\x89\x87\x02\x83g\x02\x81f\b\x81\xef\x05\x95T͜I\xfa\x87\x93߂F\xfa\x85\x0f\x00\x80\xb5\x05\x837́o\x00\x80\x900\x01ch\x81B9\x89\x9c\a\x87&\x01\x8a#\x00\x86\xa5ߏ\xfbE\x94(\x00\x87\xd15\x81!\x00\x02Que\x80\x80_\x80\xc95\x82\r\n\x84\x81\x00\x82\x15\x00\x86\xcf\x00\x83\xb9\x00\x81\x9e\x01\x81p:\x806\xa9\x82\xe9Ɂ\xcf\x05\x9d8(\x93Vu\x80\xbe\t\x88J\a\x85/^\x8c\xf3쒉\xe0\x94\a\xed\x97,\x00\x82\x1b\xed\x85y\x05\x80\xeb\x05\x82l\xe5\x82\xc0\x00\x87>D\x93L쁍\x05\x81Q\x00\x829\n\x87V\x00\x8e\xe2\xe7\x00i\x82\xfc\a\x821\x01\x92P\xfd\x82:\x04\x95\x10\x02\x8c\xa4\x01\x820.\x04ke([]\x81\xaa\x04\x84=\x00\x84\a\x00\x80.\x00\x8d-\xf2\x8c+\xf2\x8d\xf1\x01\x00i\x81\xeb\x01\x87\xd1\t\x8b\xef\x01\x84h\x00\x82\x94\n\x804\x06\x85c\x00\x81\x98҄a\xfc\x80\xe1\x00\x01us\x82\x96\x00\x81\x17\xcb\x03rol-\x81Ye\x80,\xf7\x80\x84\x06\x00s\x84\xd5́\x95@\x00-\x86\x98̅ù\xd5\v\x02ks;\x82M\x00\x80\x8c\xcc\x00i\x81%̀\x03\x04\x82\xcd̀\xf4 \x01mu\x80\f\x00\x00n\x80\xc3g\x00p\x80\xe5\xf9\x80\xe4̀\x1a\b\x80\xe5B\x86\xdė\xeb\xf9\x84O\x00\x80Vu\x8a\xafˏ\xbd\x00\x82\x92\x1e\x8d\xbe˓'\x00\x8f\xf3\v\x8f\x03ޚ\xd7\x03\x88\x17ޖ\xd6\x01\x92-\x04\x90N\x03\x99\xec\x04\x97Gx\xa7\xb5\u07b3\xadk\x83\x15\x00\x87\xa8k\xd2p\x00\x8c\xc7s\xd5h\x00\x8d\xd5s\xb2h\x00\x87\xa9\x00\x86\xc2c\xa7C\x00\x88\x19\r\x80Qτ\rㅘG\x83pH\x88\x91\x02\x826O\x84Gӆ\x8d\x0e\x00L\x80\x04\x00\x00r\x81\x9a\n\xc8\xee\b\x80<\x01\x83\x1f\f\x82\x85\x06\x846\f\x8b+\f\x92\x16\x0e\x9c\xbe\x14\x89\x17\xef\x83\xe8]\x86\xcb\x18\x97\xbe\x14\x00&\x80\xbe\x14\x81C\f\x82 \t\x85\x93\x00\x84\x0e\x00\xa3\x96\x00\x84\x11\x00\x8d\x8cb\x90NN\x85T\x01\x8e_\n\xe1u\x01\x93=\x01\x00n\x80o\\\x86z\x13\x83\xba\x00\x84\x16\x00\x8c/\x00\x86)\x00\x806\x00\x81\xad1\xa6\x0eO\x869\x00\x83\xcd\x0e\x9f`\n\x85^\x00\x85\xcc\x04\x8fX\n\x83\x8c\x0e\x95\xebP\x8e\xf0\xf8\x88o1\x84@3\x93\xa5\f\x88y\x00\x86P3\x952܍\"\x15\x83\x05L\x9e\xdb\r\x84w\x00\x83\xc2\x14\x88\x9e\x11\xb4\x9e1\x8a\x82\x14\x86\x83\x00\x8b\x83M\x82`\x02\x8b\xbdH\x87\xb8#\x80`\x00\x878\x00\x9dN\"\x89r\x11\x82`\a\x87W\x00\x80\x99\a\x03orag\x80\x1aj\x82RԀ\xf6\x01\x00 \x81;n\x02-fi\x80ge\x04d BSS\x80\x14\x1d\x00u\x81\xb6|\x00p\x80\x90\x16\x01it\x80)}\x80\xd4Ԁ9\x14\x81\xe0\x92\x83PԀ\x04\v\x00y\x83%!\x80\x8aԀ\xa1\a\x01so\x83G}\x83\xe1o\x00s\x80\b\b\x80\xec\x10\x80\xd9\x01\x81\xc9X\x80dԀ\xcb\x04\x81)\b\x80\x95\b\x81\xe8ԁ.\xf0\x81z}\x82K\x00\x84\x8c\x00\x88\x11}\xa1+\x14\x8e\xd5=\x9b\xb6\xff\x828\x00\x9e\xc2\xe0\x9b%\x9a\x81\xccŃ\xa7\x05\x8d]\t\x826\x03\x86\xfc\r\x90\x91\xfb\x80\x99\x03\x84\xa6ރ+\x00\x87\xa5膔\xfb\x8bQ\x17\x86\\\x04\x83 \x03\x82d\x14\x87\x02\x11\x84\xfa\x02\x80\xc1\x1d\x82;\x00\x80\xb7\x03\x84+\x0e\x88J\x00\x86\xdc\xe8\x91\xc4)\x83'\x00\x00f\x82\xc1p\x8b\x1c\xd8\x00[\x87C\x00\x85\xcb\xeb\x85-\x00\x82\xb0\xef\x80\"\x05\x82t\x05\x89\xdd\xf9\x90\t\x15\x83N\x04\x84\x82߀d\x04\x84\f\x00\x85G\x00\x89\x9e\x02\x89\x1b\x00\x84\xda\x1b\x95\xb9\x00\x8ck\x14\x99\xf2\x02\x8c\x04\x14\x8b\xc1\x05\x00M\x80\xf7\n\x80\xa4\x05\x86\xafZ\xcb-\a\xb8\x9b\x0e\x8cA[\x9b\x8f\x0e\x91-\x00\x91\xb3\xe6\xd1\xe4\x00\xa0<\x14\xa5\x12\x14\x86\x81\x03\x81\xd3\x01\x81M\x02\x81H\x81\x88\xc29\x83\x06e\x92\x10\a\x83\x90*\x865\x03\x885\x00\x05Unknow\x80C\x0e\x84\x06\x0f\x87\x1a\x00\x82g\xf4\x85\x81X\x81g\x02\x8a\x1e\x00\x82\x1c\x04\x81\xda\x00\x88\xc1\x01\x803\x01\x01ux\x83A \x82\xc7\x0e\x8e/\x00\x85\"\xe5\x84\x14\x00\x00M\x85|[\x82)\x0e\x85\x04:\x86\x8f\xe0\x00-\x8b\xa2\xfb\x82\xa2\x00\x86*\x00\x80z\x00\x005\xb4.m\x82\r\x00\x00+\x80\xed\xea\x00\"\x82=\x00\x84+Y\x8b_\x00\x81\xf7\x00\x005\x84\x18\x00\x84=\x01\x83u\xf9\x83킁\x9e\x02\x00T\x82\x10\x0e\x8f\xe6\x00\x80\xce\x0e\x815\x00\x87P\v\x8aU\x00\x003\x97U\x00\x01OS\xb3S\x00\x84[.\x87S\x00\x8fA\x00\x99?\x00\x83\xb22\x8c\x92\x00\x88\xa7\x01\x81Y?\x80\v\xb2\x97\x9c\x00\x80\xc3.\x80\x13;\x85Qc\x85s.\x80g\x00\x83Q\x00\x85\xc5\b\x8fu\x02\x85\xbe\x04\x8e\xaa\x06\x85F\x10\x82A\x00\x84\x8a\x13\x8c\x99`\x8c\xdd\x12\xbc8q\x90\xb9\x15\x9d\xb9\x03\x82\x15<\x92l\x03\xa2x \xa3,r\x8e6\x14\x86)\x00\x84:\x00\x870\x00\x89\x17\x01\xbfu\x04\x86\"Z\x91*>\x82\xdb\x06\x82\x9f\x00\x85\x1e\x00\x9a\x9a\\\x8e5\xfa\x85z\x03\x86\xe5\x14\x81n\x00\x02JIT\x86\x8a\x03\x8d\xf6\x00\x80\x1c\x00\x8f}\x14\x87k\x02\x87:o\x87\x8d\x00\x81\x8b\x00\x00C\x80zc\x9c\x8b\x00\x85:\x16\x83B\x00\x85\x02\x01\x82>\x00\x80\x95\xe6\x00o\x80\xbd\t\x93\x88\x01\x03Buil\x80\x18\x11\x84$\x00\x8c\x99\x00\x84\xff\x02\x93U\x00\x80\xfav\x80\x16\b\x91\x1c\x00\x02Ima\x8b?b\x8a:\b\x02lex\x82A\b\x00n\x80*\x00\x8c95\x82-\x19\x95R\x00\x85\x91\x00\xb4\xed_\x96\xcf\f\x87\xed_\x98\xfa\xfc\x83\xcf\x00\x9fX(\x87M\x00\x84V\x02\xa5u\xf6\x88\xf7q\xae\xe7g\x90\xe8q\x99l\x04\xbfU\x03\x88/s\x00a\x82\v\x00\x882\x0e\xa2\x8d\x01\x866\x00\x85]\n\x93\xf1\r\x85'\x00\x00)\x80x4\x9b\xd0\v\x91\xf4\n\x9f\xae\x01\x86`\x00\x91\xc9\x1bסs\x94\xb0\x01\xb0\xbc\x05\x9f\xab\x01\x81_\x14\x8e|\n\x82\x8b\x03\x01lo\x81LN\x82K\x01\x8a\x87\x03\x89O\x00\x89\xa0~\xcc\x01\n\x86\x11\x13\x812\x00\x80x0\x81#\x16\x85\xab\x01\x83M\xeb\x85/\x00\x81(\f\x8fC\x02\x88\x1b\x19\x8b\xf7\f\x87\xf4\v\x8aF\x00\x8f\xe9\x00\x84\xcb\x01\x90\x89\x00\x8a\x84\x06\xa1|\x13\x93\x86\a\x9f?\x12\x8c\xf5\v\xa3f\x01\x96\xca\x04\xa1\x80\x03\x90\xe5\x04\x02Map\x92\xb6\x00\x80\x18\x00\x945\x01\x93y'\x8dd\r\x96\xa5\f\x80\x1e\x00\x02Has\x85\x8c\x8e\x800\x00\x83\xa5\x00\xb4\xb0\f\x96\x03F\xa0\x82\x1a\x88\xe4\v\x9c)\x00\x8f\x85\xea\x8c\r#\xb81y\x80\x9f\x11\x82\xd4\x14\x8f\xbd\b\x80\x13\x15\x94\x1b\x00\x81\x18\x9f\x93\x8e\x00\x82e\x00\x00i\x81\x06\x02\x82\x0e\xf0\x84\n\x01\x9f\xe4n\x88U\r\xaf\xdfn\x8a\x87\x03\xa0D\x14\x8bln\x83\xden\x8a\xc4\x03\x95&v\x00U\x80\xfc\x01\x82h:\x86\xa0\x03\xa3\xed\x00\x83p\x16\x8e\xe7\x02\x94\x8b\x02\x8c\x94\x1f\x82\xe4\x01\xa0\xd6\x00\xa2\x81\x03\x889\x03\x9c\xe5\x00\x8e\xdb\x0f\x81\xfe\v\x83o\x1f\x86\x94\x06\xac\x80&\x89\x9e\xc3\x04sourc\x82\xf6\x1f\xc7Q\x03\x84w\x93\x9eO\x03\x83w\x93\xae!\x1e\x9cu\x03\x8dp\t\x99#\r\xa1`9\x8e\xa4\a\x81w\x16\x876\x01\x8c*\n\x81\xaa\x03\x97\x1e\x00\x008\x9b\x1f\x00\x80\x97L\x9a \x00\x80\a\x01\x9a \x00\x8a\x9f\x1b\x8d勅\xc8\x00\x82\x7f\xe0\x90!\\\x90+\x00\x8cF\xfa\x9d\x1c\x01\x00-\x93\xc1\x0e\x9d\x9a'\x81\xd1\x02\x82%\x03\xc0\xcf\x02\x81^0\xff\xcd\x02\xc7\xcd\x02\xacB\x06\x83\xc8\x05\x00w\x86\xa0\x04\x82+\x01\x81\xd1\x04\x93\xdfu\x8a\xd9\x01\x8e\x8f\xf8\x85\xdf\n\x80Q\x00\xa5-\x00\x94\x02\x02\x83\xeeP\x80\xc5\x12\x82\xb7\x1f\x81b\x05\x00H\x80\xc0/\x94\xef\n\x95\x03\a\x91\x9e\b\x90\f\x05\x90\xa0\v\x89#\x03\x86d\t\x9e\xb5\x80\xa6\x02\a\x86t\x17\x82*\\\x00a\x83\x80O\x83U\x00\x80\n\x0e\x82\x83s\x8f\xde\x15\x84\xe2%\x820\x00\x00.\x80ps\x8a=\x12\x9b\x90\x01\x867\x00\x87Q\x12\x00h\x80O\x01\x85:B\x82NF\x85\a\x03\x8f!\x04\x80\xdf\x00\x8bA\x00\x873\x18\x83G\x00\x83A\x88\x8cj\x0e\xb2\xf5\x01\x81O\x00\x99\x84\x0e\x9a\xcck\xd7@'\x80\x9a\x03\x86P\x00\xa9Bn\x00\t\x83y\x05\xba\xfd\a\x80X\x00\x88?\x8f\x85\xfa\x8a\x82X\x00\x82\x17\x00\x80 \x00\x85\x10,\x86\xf5\x03\x80\x14\x00\x83H\r\x84\xdd\x01\xa1'\x14\x87\xcb'\x81#\x03\x80#\x00\x84e\x00\x84\xc5'\x80F\x06\x85j\x00\x90\x85\n\x91\x1b\x00\x86\xab\x1f\x91\x1d\x00\x84\x0e\x14\x93\xef\x12\x8e\xdf\x05\x86\n\x01\x87\xd3\x02\x85\xb0\x02\x86\t\x13\xa7\xea\x03\x8aH\x00\x89\xe5\x00\x86|\x0f\x8e\\4\x80Z\x1b\x81h\x02\x913\x04\xa1\xbd\t\x88\v\b\x96\xc8\x02\x88\x1d\x11\x8d\x81\x00\xaeW\x10\x9e\xb2\x04\x93\x1d\f\x8a|-\x95\xe4v\x93\x1c\x00\xad\x80\x7f\x81\x82\x1b\x805\x0f\x83>n\x80\xbb\x02\x85\xfc\x10\x95\xa9\x06\x85^w\x82\x10\xf9\x808\x1e\x88\x9a\x8d\xb1U\x03\x85\xa8\x83\x8dX\x03\x86^\x00\x85\x88\x13\x86\x11\x00\x97\x00\x0f\x8c\x04\x12\x80\x17\x00\x00E\x80\xda&\x00y\x84\xd5s\x8d\xd66\x86\x896\x84l.\x90\xb1\x13\x83\xcf\x02\x9d\xe5\x1e\x87\t\x7f\x8a\x9aJ\x92ӆ\x0116\x83(\x00\x8av\x01\x85\xb2)\x8a\xb3\x18\x00!\x8a#\x00\x85\xe4\x16\x88\xde3\x83\x1f\x00\x90\xdc\x0f\xa1~\x14\x9e\xcb\x00\x86\xfb\x12\x85\x9d.\x8a\xe4O\x81\xd3T\x81\xe0$\x8c\xa8\a\xa8\x8f\x86\x9a\xe2\r\x86\xd5,\x9a\x139\x924\x12\x94\xb2\x04\x85\xf5\x01\x91\xb5\x04\x85:0\xa2$\"\x83\xda\r\x8ep\x14\x9cw\x00\x81_\x00\x88u\x00\x98m\x14"
const compilerSourceData0Chunk15 = "\x8f\xce\x00\x82\x17\x01\x8ep\x01\x83R\x00\x85\x0e\n\x96T\x01\x88\xde\x05\x83\"\x0f\x81\xe5\x00\x97b\b\x80'\x00\x80\xa2\x8d\x82'\a\x84\xc9J\xa8\x15\v\x83;\x00\x84\x1c\x00\x81\xba\x00\x83}\x00\x00M\x82\xfc\x18\x86\xbb\x01\x83\x87\x00\x85x\x01\x82\x06&\xabx\x01\x83\xd6@\u05ec\x01\x83\x06\x00\x9f\xac\x01\x02shi\x83\xbc\x00\x82\xf7\x00\x80?\x11\x007\x81v\x05\x82\r\x00\x80^\x1e\x009\x97?\x01\x95\xf8y\x83Q\x00\x85\x93\x01\x8b\xae\x99\x85\xf8\x02\x00<\x81\xb0\x99\x00<\x83R'\x99(\x00\x00>\x81(\x00\x00>\x81\x92]\x85P\x04\x83^\x00\x8fH\x04\x9a\x01|\x9bE\x04\x97T\x0e\x856B\x9d\x85\n\x82(\x00\x96\x84\n\x82\xe1U\x87,\x1e\xa0\xc2\x01\x891A\xa1\xc4\x01\xac\xa2\x01\x89\x9f\x03\x87\xb2+\x87\xeb\x02\x8e\xa6\x03\x88DC\x94\x01\x03\x8d\xf2\x03\x83\x03\x01\x822\t\x9aM\x00\x81h\x02\x8a\xc6\x15\x90\x7fv\x92p\x1e\xf0\xa5\x15\xff\x87\x0f\xa4\xd4*\x88.\x05\x8f\xda(\x85\xba0\x87\x95 \x00o\x81\x12<\x00r\x88d\x1e\x82\x8e\x05\x81s\x00\x83\x06\f\x89*\x00\x80m\x0e\x8f(\x00\x01c0\x95\xcd\f\x81H\"\x80\xce\f\x89@\"\x82\x81\x00\x815\x00\x001\x815\x00\x81\x9eD\x00(\x81!\x03\x81\xdb\x03\x82G\"\x80\x9dP\x80m/\x83\x02h\x80$\x00\xabX\x00\x00+\x82Y\x12\x88\x81\x13\x01Is\x836\x02\x80\xd9O\x80\x14u\x80\x15\x02\x01(c\x81H0\x953<\x81\x9c\x02\xa0\r9\xa3\f\n\x85*9\x81\xea\x02\xc0U\x00\x83\x8d\x04\x85V\x00\x81\xe2\x00\x87\xeaw\xaa\x87\r\x85\xe5\x00\x80LA\x81!\x9e\xb4F\x00\x86\xd7\x00\x8b}\x8b\x8a\x00\x18\x87\xd8z\x94\x82\x00\x83.\x12\x85u\x01\x80\x1f\x01\x85U\x00\x86\x8e\x01\xab\"\a\xb0U\a\xafT\a\x87\xbe\x00\x8a\x8e(\xa4\xce\x05\x8b\xfc\x00\x916\x01\xaau1\x95\xca\x05\x84-\x05\x86~\x05\x91\xc3\x05\x87y\x01\x8dA\t\x93Y\x1b\x90\xd5\x05\x80M\x03\x8aZ\x00\x9b5\t\x98q\x00\x90A(\x8d6\n\x8f\xf3\x05\x81\x1a\a\x89D\x18\x83\f\x00\x8e\x7f\xa1\xff\xf5\x05\xae\xf5\x05\x80\x81\x01\x00o\x80\xbe,\xa3LC\x89\xcc\x02\x94q\f\x83O\t\x00^\x8d\"\xa3\x93S\x13\x81y\x00\x84M\x98\xa1+\x00\x96\xf9\b\x82B\x00\x87\xf9\b\x9a\x9b\x00\x80wg\x87\x9b\x00\x93\x01K\x81l\x00\x8d8\x18\xd4>\x03\x8c\b\t\x81h\x02\x86\x18\x01\x83k\x02\x84\xb8\x00\x89*z\x9e-\x03\x92G\x00\x942\x03\x87^\x00\x90\x1a\x03\x8e\\\x00\x99\x1b\x03\x82F\x05\x88IM\x82\v\x00\x82\xe0\v\xff%\x03\xbe%\x03\xb4\xc65\x96\xe4\x01\x91\x9d\n\x91\xf8\x0f\xb1\xd35\xbbu\x00\x97 \v\x8d=\x02\x98\x1f\xa8\x84=\x0f\x9av{\xa0\"\n\xa3 \n\xb9\x1e\n\x00t\x82\xd39\x808\x00\b\"\\xff\\x04\x80\x04\x00\x00a\x83\f\x00\x82\x10\x00\x84\b\x00\x82\f\x00\x001\x84\b\x00\x003\x87\x14\x00\x82\x10\x00\x000\x80\x04\x00\x002\x8c\x14\x00\x00b\x84\b\x00\x00c\x8b\x18\x00\x001\x80(\x00\x010e\x80\b\x00\x804\x00\x89\x18\x00\x02ff\"\x82\x83\xa7\x82\x8c\x00\x83Z,\x81\xb6+\x00(\x81\v\x00\x03c0)^\x84\b\x00\x06>>3)&31\x81W,\x81\x93\v\x02nd-\x83F\x01\x80\x13\x02\x83\xc9\x02\x83\xee\n\xae\xcb\n\x822\x14\x80\x05\v\x00=\x81ި\x86\xf6\x0e\x85\xaa\x0f\x85Cj\x82\xa1\x00\x01++\x86z\x13\x86r\x05\x80{\x01\x81;\x00\x01<'\x82s\x19\x83H\x00\x80\r\x00\x89\xe6\x10\x007\x911\x00\x00>\x891\x00\x80\r\x00\x891\x00\x81\x9a,\x89W\x89\x84\x17\x00\x0113\x83\n\x0e\x83\x1f\x03\x84h\x02\x84\x05\x13\x83#\x00\x02= 3\x84\x92\xa6\x84\\\n\x87?\x00\x80'3\x88\xa8j\x85\"\x00\x84H-\x86\xdd\x00\x81^\x00\x86\xaa\x00\x8c\x04\x01\x85G\x00\x80\xfb\x11\x87,\x03\x81\x15\x00\x8e\x89\xbf\x86/\x14\x00N\x84/n\x8eҼ\x99\n\x05\xffﳋ\xb1\x03\x84.I\xcb\xf5À\x1a\x01\x93\x96\xb3\x87\x98\x04\x85\xe9\x01\xb1FɂK\x00\x89^\x87\x82M\x00\x80\x905\x80\xc1o\x06 eax. T\x80\xb85\x0164\x82\f\xb3\x85\xf9b\x81+6\x81A6\x82e\x80\x80\x166\x02abs\x81x\x18\x815\xb3\x0186\x8cӲ\x85\x15P\x03d8f7\x96>\a\x8b!\v\x94\x9bT\x8d7\a\x8bܰ\xff3\a\xa7)\x02\xa2\xa3\x84\x85\xf0\x12\x89)\x00\x8b\xf4K\x86\xa9\x84\x83\xe5\x1c\x85)\x00\x93;u\x86\xbc@\x85a\xb0\x8eBx\x83\x8b\x01\x00S\x81\xd4\x13\x9a\x1a\xa8\x8eOl\xb6x\x01\x90A'\x81l\x1e\x90.\x01\x88c\xa8\x00n\x87\xa7\x00\x81?d\x87v\x82\x85\xab\x04\x8322\x87m\xa8\x881\x00\x83\xfa\xa5\x85\xbbx\x8b\xc0\x04\x86\x1f\x06\x92:\x00\x85\x0e&\x8a\xb3\x82\xba\x99\xa8\x86\x18\x19\xaa\x9e\xa8\x8f݅\x89\xc5L\x86gK\x8b\xa8\xa8\x03tooL\x81\x82\x01\xa1R\x00\x8a\x7f\xb3\x83\x7f\xb8\x8a\xf6\x85\x84!\x00\x85\x1a\xb8\x83\xea\x0f\x8b:\x00\x00B\x80\x96\x1f\x83)\x01\x86;\x00\x85\x82\x00\x83\xf7\xaf\x88s\x01\x89\xcfe\x86A\x00\x81\x19\x04\x87u$\x04x9ac0\x80\x12o\x88ʥ\x8e\xee\x01\xa0A\x00\x008\x89A\x00\xa44\x00\x004\x834\x00\x87n\x01\x81Qs\x8e\x83\x01\x8f\x80\x01\x85\xef\x00\x8b\xec\x00\x8f\xc9g\x8f\x94_\x8f\x1f\x9b\x93\xb6%\x006\x81bU\xb2\xb6%\xa4\xc3\x00\xa3K\xa9\x834\x04\x86\x1d\x03\x81萨\xc4\x05\xff\xb9\x05\xb0\xb9\x05\xadq\f\x95\xe6\x06\x8ck\f\x85\ue48b\x86\a\x01Wh\x80\x92S\x81:=\x81a\x01\x00 \x80\x84\a\x00s\x80\x1ae\x81\bv\x80d\x02\x80\x16\x00\x818B\x80\xf2e\x80#E\x81\x1a\x00\x85$\x00\x02 cl\x80u\x01\x81\xa7\a\x00s\x80h\xa8\x80G9\x80l\x01\x82N\x00\x00u\x84\xa8\x01\x00 \x807\x00\x80\xf5\x1e\x86^\x00\x00y\x83\xfa\xb4\x86\x93\f\x05subtra\x83\xa2E\x02can\x81zE\x81\t4\x81\xcdE\x81,\x0f\x85\xa7E\x81G\x00\x83\xde\x16\x81\xf8\xba\x83\xd8\x15\x82v\x00\x80J\v\x81\x1b>\x80\x86\xae\x02n w\x80U\x01\x80\xa1E\x01fl\x80\xff3\x02emu\x80\xf8=\x80V\x00\x80$\b\x8b9\xad\xa0\xd7d\x01ft\x85%\n\xa9y?\x81]\x01\xb18\x00\x85}\x03\x92j\x11\x81\xbc\x00\x88D|\x9d\xe2\x01\x84/\x00\x97\xb9|\x8f\xcf\a\x85\xb3\x00\x9fc\x00\x84?\x02\xacd\x00\x8a\x18\x01\x81`\a\x8249\x80?\x02\x9a\"\x06\x96\xc3c\x8bP\x04\x9b\x10\x01\x85v\x00\x8c\x85\x00\x8f\xf8\xab\x8f\xb6\x8c\x85\xa6\x00\xa6?\t\x8dG\x01\x950\a\x83*h\x8d_\x00\xa7\xba\x03\x89u\x01\x95\x9d\xb1\x92S\x15\xad2\x05\x8c6\x10\xff?\x05\xae?\x05\x81\x05(\x82\xcd<\xe0k\x02\x96\r\x15\x9c$\x1e\x9e\x89\x02\x86\xc5\x00\x84-\x1b\x87b\x0fږ\x00\x82\xddZ\x8c\xf4\a\x9a\x86\a\xb8q\x00\x8b5\b\x986\x03\x89\f\x01\xa5\x92\x00\x8f\xde\f\xaa6\x03\x82A\x9e\xb1l\x15\xff2\x03\xe0q\b\x99\x16\x05\x85\x10+\x87\"\x06\x80\x1e\x00\x81\xabC\x8a7\x05\x82\xcd\xf7\x826\xd3\x004\x80I@\x80\x96\x9b\x005\x8e~\x18\x92^\x00\x81|\x01\x89*\x00\x9a\x87\x00\x97x\x02\x9c\x9e\x00\x98\"\x03\x001\xb4\xb5\x00\x9a\x8c\x00\x86\x99\x01\x80\xb1р\xec\b\xab\xb4\b\x00L\x88~/\xa7w\b\x86\xbaU\x81\xf2&\x8a6\x01\x83\x06\x00\x80V\x00\xa1\x04\a\x8c\x19\x10\x97B\x10\x8d\x8e\x03\x90\x05s\x8e3\f\x9e\a\x02\xa1\r\x04\x87t\x17\x8b\xd3\x00\x97]\x00\x82\x85\x01\xa5\xfd\x00\x99\x822\xa2\x14\x01\x9fA\x00\xa1+\x01\x97e\x00\x8d\xce\x00\xbfy\x01\x96\xb2\x00\x9396\x01ub\xffJ\x05\xffJ\x05\xdaJ\x05\x012b\xffJ\x05\xafJ\x05\xb4\xb5\x00\xa3J\x05\x00b\x80\x17L\xaf\x19\x05\xb2Y\b\x97\xaf\x00\x83\x85\x00\xdaH\x05\x90\x9f\x85\xb4H\x05\xff\xea\x04\xa2\xcd\x00\x97e\x00\x8en\x01\xbf\x1c\x01\xac\xeb\x04\x852\x16\x01On\x92\x98\x1d\x83\xfd4\xff\xdb\x04\xb3\xdb\x04\xad\x9c\b\x9eU\x02\x85M6\x86\x8b\x01\x8a\x9fϊ=:ȵ\a\x82v\x00\xa0\x8b\x02\x8a\x8a\xbc\x86\t1\xf0s\a\xa4\xb1\x00\xa8g\x01\x9d\xda\x00\x9c\x8c\x00\x99\xfe\x02\x82c}\x9d\xff\x02\xffc\x10\xff\f\x03ɖ\x02\xd2#\x03\x9e\x99\x03\xf6\f\x03\xc0P\x01\x90R\x11\x96\b\x19\x94\xbd>\x97\x15\x01\xa2\xc0>\x9b\xa1\x00\x97a\x03\xaaL\v\x86\xe8]\x85W\v\x83\xc2]\xff~\x03\xc0\xd9\x1e\x8c\x7fd\x8c\xa4\t\x83\xf6\r\x82)\x00\x94\xdf5\x82\x1c\x01\xa4r)\x84m\x0f\x85\xbe\x7f\xac\xf5\x03\x93\xe2\x17\x84\xb4\x7f\x88\xde\x1c\x98\xcf\x02\x82\xad\x00\x97\xcf\x02\x02cla\x89\t6\x93\xcc\x14\x84*9\x97#\x00\x82\xa4W\xa4\x13\x1e\x8f\xb1\x14\x82\x84\x00\xa4H\v\x84C`\x82\x03\x01\x9bV\x00\x82\xb7\x00\x9a\xc5\x13\x8ax\x00\x96n\x01\x84\xee\x01\x8cp\x01\x8ev\xa4\x82\x03\x01\x9ao\x00\x8d\x91\x00\x93H\x11\x89$a\x84\xe4\x1c\x95Q\x00\x85s\x00\x9f\x8f\x16\x96\xfc|\xa0l\x1d\x8c\xab|\x9bi\x02\x8a\xb2\x00\x8f\xc8\u0084Vz\x816\x04\x82U\x04\x8a)\x16\x90\n\b\x85\x8e\x03\x86C4\x91a\x16\x8f@\v\x86\x9e\f\x88P\x05\x80\x0e\xb4\x9e\xb0\x00\x91H\x16\x89\x0f{\x92\\\x05\x02Mul\xff\xa6\x10\xe6A\x05\xf3\xa6\x10\x01f7\x81\x06\x00\x006\x82\xf1\x0f\x00a\xb4\xa6\x10\x84\xf0%\x85\x1f\x00\x80\xf5%\x02189\xc9\xc7\x10\x81a\x00\x008\x88`\x00\x000\x8c؍\x95\xdd\x00\x00a\x81%\x7f\x92\xce\x10\x8e\xb3\x00\x02c10\x8al/\xa6[\x01\xb1\x9c\x00\x98\x81\x11\x97\xb3\x00\x99\xa5\tʦ\x11\x80\xae\x1f\x01ti\x81\xfb]\x00a\x8805\xa2\xfc0\x85:\x00\xad41\xa0<\b\x89\x95\x00\x9bD\b\x9aM\x00\x85\xe1-\x86\xa9\x00\xa0L\x00\x96\x1c\x84\xb2\xb1\b\xa9\x13\a\x9f]\x06\x02ski\x81\x82\xe9\xc2U\x1d\xe5\xa4\x06\x9eL\x00\x87\x9e\x01\xabf\r\x8fr\x00\x84\x1f\x01\x89\x16\x02\x8bI\x1c\x85\a\a\x83\x06\x00\x89e\x02\x9a\x16\x01\x94X\x00\x8d,\a\x91P\x00\x96\x90\a\x89\x94\x02\x8d\xb1\x9b\xd6c\a\x82*!\x80\x9a\x02\x01Pl\x82\xa8Y\xff\x1f\x13\xcbT\a\xa6n$\x88\x8b\x04\x81\xfdp\xb0\xbf\x04\x92&\x04\x89\xf1я|\x19\x85kq\x85\xc7#\x8aI\x0f\x96\xc2\x04\x843\x00\x82-\x00\x9a\xbe\x04\x94\xcd7\x83\xf2\t\x80\x86\x8f\x96\\\t\x04quoti\x81\xda-\x83V\t\x85\xb5Ӈ\x13\x91\x80oF\x83m\x00\x8e&\x91\xff&\x02\xb0&\x02\x85\xd3\x00ȵ\x06\x8a&\x01\x87\x0f\x00\xb5n\x06\x85\x92\x01\x9a%\x00\x86\xa9\x01\xb2\x98\x06\x81A(\xf9\xc6\x06\x80\x17\x03\x82}(\xff\xcb\x06\xc9\xcb\x06\x85\xf9\x01\xa1F\x14\xb8i\x17\x80\xbd\x01\x9d\x8c\x06\x89\x1e\x02\x9e\xb7\x00\x95-\x00\x94\xe4\x19\x8a1\x10\xbbM\x14\x8ez\x00\x96\x88\x0e\x84Z\x01\x9d(\x00\x8d;\x03\x90\x83'\x88v\x00\x88\x82\x90\x8d\x84\a\x91\x99(\x88\xb8\x02\x9b\xe7\x05\x86_\x00\x8fj\x00\xa1\x90\x01\x8d\xc5\x00\x80,\x00\x88>\xaa\xa8_\x01\x90I\x00\x93\xde\b\x8d\xd7\x00م\b\x99\x8c\x06\x9cD;\x886\x15\x88\\\x01\x80\xddA\x81\xc5\a\xffL\x15\xb4\x91\x06\x81\xafk\x80\xe8\a\x01er\x80\xbd,\x81q-\x01ex\x80\xbak\x81\x88Ä\xb78\x00-\x82n\xba\x80\xfer\x80\x02.\x82\xfaj\x82A\b\x85Q\x02\x80f-\x99\xa2ڒ\xbd\x1d\x97L+\x9f\xba\x04\x90\x19\x03\x8f\xecڣ\xf04\x82\x0e7\x95\f͗\xb1\x02\x88\xfdڲ\xcb\a\x88\x98\x95\xc4\x00\b\x84\xf1\x16\xa7\xf7\a\x9c\xb1\x0e\x86\x96\x04\x99I\x00\xff-/\x89K\x17\x8a\xf4-\x8ey\xab\x8e0\x00\x8d\x16.\x83\x12\x13\x88\x11\x1a\xac:0\x9co\x00\x87\xcc/\x8d\x1d\x17\x8d\xbc+\x9c\xc3\a\x8c\x84/\xa0\x84\x05\x8c\xe9/\x82\xb7\x01\x864Q\x97\xaf\x03\x98\x8e\b\x86B\x00\x8a\xcf\x00\x90\xe0\r\x8a7\a\x99+\t\x92Q\x00\x97 \x01\x80\x9b\x02\xc6\x1f\x01\x8d\xc2/\x83\xa0\x02\xbb!\x01\x87C\x00\xa3\"\x01\x8c9\x9d\x90r\x18\x89Q\x00\x80\xc2\x05\x863\r\xacC\x04\x85[\r\xb3z\x04\x93\xd1\r\x87\xe6\a\x8eo\b\x83\x8d\x04\x87\xe2\x00\x82\x19\a\x8b5\a\x8a\x01\x18\x93\x81\x0e\x87S\x00\x9e\xd1\x1b\x8c\xc4\x03\xa0\xc0\v\xa4\x83\x15\x89!\x02\x9f\xa8\v\x9e\xf4\x01\x84\xd2\x16\x98\xf2\x01\x86L搻\a\x95+\x01\x87\x88\x01\x9f*\x01\x8b)\x01\xa3\x993\x9d\x9b\x03\xa1x3\x9a\xe0\n\x87\x1a3\xa4A\x01\x98U\n\x87L\x00\x00}\x93P\x87\x92\rj\xac\x05^\x806\x00\x80\xba\x1b\x80:\x00\xb8\xf7ވȁ\x82\x87\xa1\x8e\xf0r\x80\xa9\x00\x8e\xbe\x8a\x82!\x00\xa6GZ\x97yJ\x87\xc1\x00\x8a\xdf9\x81\x01\x8f\xacLՇ\x84A\x97È\x8b\xca\x00\xff6z\xa9\xe9^\x88\\Y\x9f\xdei\x82\x18\x00\x9f\x8ec\x8f\xfai\x91Å\x9c\xa8t\x92\xc1\x04҉\xdd\xe7\xadԄ\xc9\x01\x82F\x00\x9f\xc4e\x88\xa7ԏ\xf4y\x84x\x02\xc0>\x01\xb6\xc2ԭh\x01\x00(\xaa\xaag\x00F\x81,\xef\x00)\x8a\xe1̂ya\x80Lp\x85\xdd\x03\x8c\xc0Q\xa1\xcb=\x87:\t\x91\rZ\x82\x1d\x00\x83\xe7a\x85d\x00\x82t\x00\x81,]\x00e\x90/R\xa4N\x02\x85\xbd͋_\x02\x8f\x83p\x84\x91ъ\xa8o\x89\xe8\x01\x8eV\x05\x8b\x06U\x8b\xff\x01\x8eD֙\x15\t\x82m\x01\x90\x9aWȊ\x86\x8cj\x00\x9e\xb9\x02\x99\xdd\x12\x89C\xd6а\x00\x80\xb1H\xb1\xb2\x00\xa6\x03ܙ\xcf\x00\x88\x8c\x06\x93\xab\x06\xa1q\x02\x87Qt\x86\xcfJ\x98\xb7[\x88\xbaX\x94&\x00\x80\xd3N\x87\xe1R\x82\xa8r\xacU\x02\x82r\x99\x81\xc4r\xac8\x00\x85!\f\xaeq\x00\x83\xa2\x99\xb0r\x00\x8aO\x02\x95\xa7\b\xa5;\u0558k\x93\x8c$\x0e\x81\xb8Ƅ$\x01\xa8\x86\x00\xa4\x1b֠\x87\x00\x86i\x01\x84\v\x00\x85\x89\x00\x8d\x85\x00\x87\x9cv\x82a\n\x85\x1f\v\x88:\x00\x84\v\x00\x9fQ\x02\xa6\xe6\x0f\x81R\x00\xa8\x8c\x00\x81\xbb\x00\x88\xc6\x00\xad\x8c\x00\xb4\xc6\x03\x8e\xa9\x00\xaa\xc4\x03\x86\x8a\x02\x912\x8c\x94-\b\xa2\x8d\t\x88h\x8c\xa3)\x05\x87\xb9c\xab\xae\x05\xa6/\xe8\x9b\x1e[\x95\xdb\x01\xa5\xe0?\x85\xff\x1a\x92\xb4\xfd\x94:J\x97\x18J\x87X\x15\x81X\x0e\x85\\\x00\x8a+-\x98\x883\x90Z-\x99\xd6\x19\x8c\xd0\r\x97\x87\b\x85N\f\x00P\x80\xc7\x02\x01ra\x80\xab\x00\x86'V\x90\bQ\x81G\f\x98\bQ\x80\xf2\x01\x9b\x03Q\x87!\x00\x02who\x83\xc9P\x80\x89`\x00f\x85\xe1D\x83\x0f\x00\x89\x92\xab\x84\x80I\x00D\x83sJ\x84,\x02\x86큂\x8b\x00\x83\xf1\x81\x80q\x00\x87恇\t\xa0\x93UP\x00p\x83PP\x85\xa4\x81\x00c\x82\xd0O\x00.\x84\xd0O\x86q\x00\x87\xb8c\x85\x9c\x8a\x84\xa7\x02\x823\x00\x00<\x81Ͼ\x82by\x80vJ\x01'9\x84=\x00\x8f*\x00\x86O\x00\x82 \x00\x86\xeb\x00\x80\xcd\x00\x84\v\x00\x02*10\x80jJ\x821Q\x00-\x83\"\xbf\x87\xbe\xab\x00*\x80\x03\x01\x81\xaaa\x89YP\x83:\x01\x01= \x82\b\x00\x90=\x00\x83mP\x84\x19\x03\x83%\x00\x004\x80$\x00\x86o\x00\x014/\x84^\x00\x8f0\x03\x93\x00g\xac\xef\x0f\x8e\xf8\xfc\x01ok\x89\x0e\x00\x82b\xc8\x01Mi\x80\x0fG\x81m\x8c\xb4\x12\x10\xaf\xd6x\x81\x8a\x01\x92\xd5x\xbe\xca\\\x8aI\r\x8b\x91z\x8ff^\x82\xddV\xa4K\v\x84\xfb{\x8aW\x00\x83\xca\x00\xa5\xb5z\x85\xa0[\x89w\x00\x94\xe5\x0f\x88q\xfe\x9e\xed\x1f\xa0'\x00\x8aS\x02\x00M\x81\\\x00\x85w\xa8\x89\x8c\x00\x97\xf5\r\x87\xfcy\x8ci\xfe\x80\xfe\x00\x8bB\x02\x81\xce\x00\x82\x12\x00\x83\xfd\"\xb4U\x01\x9c\x9a\x18\x87a\x00\x8d\xf9\r\x9c/\x00\x99\xe2\x00\x84\x99\x05\x80+\x00\x8bx\x03\x8c,\t\x82\"\x00\x80c\x00\x83\xa0\xaf\x87[\x00\x90\x14\x06\x92\x83\"\x88\x90\x03\x9f\xba\x00\x85\xac\x03\x8e\xabL\x96vD\x84\xa6\x9b\x8a\xa5\x01\x825\x00\x81}\x15\x86c\x01\x82\xb2\x00\x88\x9e\x02\x89\x06\x02\x89\xec\x01\x8b\xad\x00\x80\xed\x01\x86=\x04\x87\xdbO\xa3\xc0\x00\x8ca4\x98\xbd\x00\x82\xb1\x00\x98\x95\x13\x99\xa8z\xad_\x9c\x89\x8b\x90\x88Y{\x9f\a\x05\x81\x9b\r\x870\x00\x9c\x9c\x10\x82\x1b\x00\x81Z|\x86ڥ\x80U\x02\x81K\x00\x85Ő\x91K\t\x92i\x05\x00f\x82\x95\a\x80X\x00\x90\xa3\x93\x82\x95\x00\x01fn\x81:r\x00a\x80\xdf1\x84d\x97\x93\uf2c0\x11\x00\x01ce\x80\xe3\x16\x82G\x05\x81S\x00\x86p\u0380<\x00\x81S\x00\x83/\x0f\x800\x01\x01am\x82\xa5\x12\x872\x00\xa1.\x05\x87\\\x00\x8d!\x05\x83\xbd\x01\x80?\x81\x83\"\x00\x93 \x05\x89A\x00\x87\x0e\x00\x9a0\x05\x00h\x80?*\x00l\xaf\xb3\x8c\x86\x98\x00\x00B\x800\x01\x00d\x83\x9d\x00\x00H\x82K\x00\x88\x9f\x01\x9b\x91\x00\x84\x06#\x80\xeeG\x88\x83\x00\x93\x8c\n\x8b\x84\n\x8e0\x00\x98\xf4\x02\x90\x9f\x00\x9cY\x93\x8a\xe1\x01\x8a\x12\x00\x89\xfe\a\x800\a\x82\x14ׄ\x1e\"\x89Y\xa8\x92_\v\x83B\x00\x85\xb3\x87\x86M\x01\x82\xd9\x19\x8b \x9b\x8a\x03\x02\xfdO\x8e\x86a\x19\x88T\x8e\x96\n\x06\x80\\Ƈ\xe7\x00\x89$\x02\xc0v\x8e\x85\x89\x00\x8fퟀ/\x00\x9d&n\xbcb\x04\x91\x96\x00\x9a\xff\ue061\x18\x85 \x02\x81u\x03\xa5\xf0\x9d\x8a\xfb\x01\x8a\b\x03\x95\xa0\x10\x8b\xe2\x03\x8b\x0e\x10\x96\fo\x89\xa9\x9d\x8c\xb3\x01\x8d\xad\x04\x80;\f\x86-\x00\x8a\x87\x06ɐ\xa1\x8d\x17\x04\x9ak\b\x8fb\x02\x84\x01\x02\x8f\x947\x89\t\x8e\x96D\xac\x94X\x05\xac\x10\a\x8f5\x04\x9ek\xac\x84\x10\a\x01de\x80\xd08\x81T~\x9b=h\x8a\x1b\x02\x89H\x00\x85@\x00\x81\xf8\x03\x01ct\x81ы\x89\xccv\x9eO\f\x834\x00\x9a}\x00\x87W\x00\x8c{\x00\x83\x19\x00\x83\xf0\x02\x85\x87\x00\x8f\xf6r\x84\x94\x82\x85m\x11\x835\x00\x9b'\x00\x85\xd3\x05\x86\xa5\x01\x90wg\x89-\x1b\x87\xa5\x0e\xa7xr\xb2d\x17\x9aD\x85\x89\xda\x00\x89K\r\x89\xda\x00\xae\xd9\x00\x89hi\x84(\r\xabm~\xa2\x1c\x05\x9c1\x04\x8e\xe5z\x97\xb3\x06\x9d\x90\a\x92\x0e\x86\x90\xc7\x12\x83\xb9\x84\x81&\xee\x97B\x03\x80l\x00\x00c\x83O\x00\x8c⒈\x15\x00\x00B\x83$\x12\x86\xad\x00\x87Y\x00\x83\xb8\x02\x8aA\x00\x84\x89\x1c\x83n\x01\x80%)\x81\xf0 \x84M\x00\x02Cap\x80\xd6\x00\x83˵\x894\x00\x95m\x1f\x8c\x02\x93\x843\x00\x01s[\x89<\x00\x82\x97\n\x86\xbb\x00\x813\x00\x00.\x84\x10\x00\x84\x92\n\x9b\xa3\x9f\x87\xca\n\x95TȄn\b\x80\xcdb\x80[\x00\x00c\x83\xc2\x00\x83\xe0\n\x80\x12\\\x00)\x80\x1f\xbe\x96j\x05\xffz\b\x91z\b\xd0Ζ\xbaX\b\x00t\x88I\x19\x99D\b\x9a\x82\b\x80E\x00\xb1d\b\x8f)\x96\x8c\xe4\x01\x88F\x14\x83\x16\x00\x8a\x90\x02\x84\xcf\x02\x805\x96\x81v\x02\x81\xb3\f\x84\xe2\x02\x838\x96\xa2\xe0\x1f\x84E\x00\x89\xe6\x1f\x89\x13\x00\x99\xec\x1f\x92A\x1f\x84=\x00\x81C\xb3\x9a?\xa7\x82\x8f\x00\x00M\x80>Z\x84\xb3\x00\x87Z\x02\x87N\x00\x86\xbai\xbd\xf3\x1f\x87\x95\x00\x8c%\x02\xab\xb3\x01\x01(i\x80?\x1d\x83\xe7\x04\x94\x1c \x8c]\t\xa1\xa6\x02\x94h\x05\x95\xba\x04\x90\x17\xa2\x89\xfe\x04\x9ai\x05\x8d(\xf8\x82u3\x834\x1a\x8b-\x00\x81\x1f\x00\x8c(\b\x84\xf7\x0f\x91k\x05\x8a\x14\x00\x84\xda\x04\x8a1\x05\x9d`\x05\x9a^\x05\x82\x88\v\x80\xe0\x02\x83\vC\x88I\x00\x8a\xfb\x8c\x88x\x05\x86T$\x89\x14\x00\x89\x97\x00\x99o\x05\x84c\x10\x88a\x10\x89G\x00\x82d\x9d\x8cl\x03\x81\xa1a\x86\xf1\x00\x84\xa7\x01\x84\xdb\x03\x8b\x81\x03\x80\xe4\x03\x8aD\x03\x84\xaa\x02\x84\xe8\x03\x87\x1b\x00\x84\xf1\x03\x86g\x89\x808\x02\x8f\xd3\x02\x88\x94\x03\x86:\x96\x80p\x03\x87\x11\x00\x82\xcc\x03\x86X\x16\x84G\x02\x81\xa2\xa6\x80\xa51\x82\xe5\t\x84\xbd\xec\x00f\x81\xa9\a\x8b6\x00\x89\x11\x00\x82\xb8\x82\x91M\x18\x80\xa0\x9b\x82\xef\n\x85\xd4\x03\x81\xf0\x00\x81\xad\x19\x81\x13\x00\x04n.bod\x81\xf6\x02\x81\x10\x19\x81\x15\x00\x00<\x85\x14\x00\x80O\x00\x82\x12\x00\x84\xe4\x00\x89\fo\x01Is\x82\xac\x1b\x83\x95\x19\x87\xda\x1c\x82*\"\x87,#\x87\xf4\x96\x04Range\x85=\x19\x9b\xc2\x00\x81\xea\x0f\x95\x1e\x1a\x8b\x1c\x00\x89\x17\x1a\x85\x97x\x82\xea\x00\x87\x7f\x19\x00\t\x82@\xa4\x81\n\x00\x82\xc7i\x84\xb3\n\x82%\x00\x91(\x01\x8c\xac\x05\x89\x1e\xa7\x8a\x19\x00\x84\xf2\x00\x83Q\xa6\x81Ŏ\x00{\x86\xce\x00\x00:\x8f\xdf\x00\x84\xd9\x00\x89\x1a\x00\x82\xe8\x00\x82M\xba\x83\x14\x00\x80\v\x00\x00}\x84|\n\x8e:\b\x8a~\b\x86\xb5\x02\x80\x9cd\x8e\xde\x02\x84>\x00\x83}\x03\x85\x05\x01\x96\xb5\x04\x95g\x02\x84\xb5\x04\x80\xa7\r\x82r\x02\x84\x0f\x00\x81n\a\x81\xea\x00\x883\xa7\x83w\r\x85\xd1\x02\x96\xcd\x04\x85\xbb\x02\x89C\a\x80\xf1ǁC\a\x8a\x03\x14\x87?\a\x82\x14\x00\x87\xdb\x03\x91\xea\x13\x835\a\x82\xd3\x17\x80\x0e\x00\x86V\x03\x00>\x88\x10\x00\x83\xa4\x00\x95\x8c\x02\x8a\x83\xa8\x81\x1d\x17\x8a7\x00\x89\x11\x00\x82\xac\x01\x8f\xcf\x01\x8b\xd6\f\x8a\x06\x85\x86\xe7\x00\x8b]\x03\x84\xf2\x00\x86[\x03\x85\xef\x00\x87\xd7u\x86Y\x03\x86\x9e\x00\x80\xf2\x02\x8e_\x03\x861\v\x9c\xd4\x00\x8fH\x03\x89W\x00\x91N\x03\x8d \x00\x96\xf6\x00\x8f\xad\x1c\x98\xc1\x00\x01-1\x87\xc3\x00\x02Var\x8e\xa3|\x89,\x00\x00+\x80,\x00\x01':\x81\xa4|\x00=\x8c\xc9\x7f\x8ab\x01\x9b\xbd\x1f\x90U \xac^\x10\x93r\x8a\x91N\x10\x95\xe3*\x9c\x03x\xb0[\xf5\xa2&\x87\x87\x12\x87\x80E\x00\x95\xcc\x1e\x9a\x11\x87\x81/\x18\x8e\xa5\x86\x99'\x9a\x83A\x93\x01Un\x80\xc4\x04\x82\x06\x8a\x01eg\x80uj\x85\x17\x87\x83\xc3\x01\xa6E\x81\x85+w\xa3\x99\x7f\x82&\x86\x83\xf0\x80\x8cB\x00\x84\x0e\x06\x9a\xa5~\x96\xf4\t\x81R\x00\x82\x84\x00\x85*\x00\x02Nor\x80\x83e\x80\xbf\x01\x84/\x00\x85V\x02\x86\x10\x1a\x89醑\xaf\x02\xc0d\x88\x86a\x90\x87\x83\x02\x86b\x88\xbb\xb0\x10\x9d\xde\x00\x8b\x7f\x87\x82z\x12\x90&\x82\x84\xa2#\x81\x16\x02\x881\x00\x8a\x97\x11\x85#\x00\x8b\xe3O\x91\bD\x81Dg\x87%j\x86p\x00\x91M\x00\x8cp\x00\x91\x93\x00\x89p\x00\x93\xeeА\x83/\x8f\x95\x00\xa6\xf7Ѕ1\x00\x88\x82ѰJ\x02\x96\xb8\a\x04Array\x84\x8d\x1e\x96\xba\xac\x91\xde\x04\x80\xb4چ\x13\x00\x93\xact\x84K\x04\x81i\x0f\xba\xad\x02\xabu\x04\x8d\xd8\x02\x84\xc0\x1d\x844\xff\x89\xd2\x01\x82\xfb\x00\x8aW\f\x80\xfd\xad\x82\xe8܇\x14\x06\x80|n\x8e\x11\x06\x82\n\x02\x83\xb7\x04\xba쀑\x01\x06\xa0\xe9K\x9e!y\x8e\xa0\x00\x891\x16\xa3\x1fw\x90\x86o\x83\x1c\x00\x87ѭ\xc1f\x00\x86}r\x88b\x00\x83\x01x\xc0^\x00\x98M\xa5\x9d^\x00\x8a\x91\x00\x85U\xa5\x995\x00\x00}\x8d4\b\x82\x1aЀ\x1d\x10\x81\xc7\x16\x93ZǪ\xf0\xbf\x80k\x00\x8a\xb8ݕLǉ\xfa\xbf\xbb\x81\x01\x8d\xc2\x00\x8bӽ\x85\x8e\x00\xc1\x8d\x01\xa9j\x00\x92\x99\x01\xa5A\x00\x8a\xa5\x01\x83\b\xf6\x82\x90\r\x817\x00\xae#뾩\x03\x94\x81\x00ƣ\x03\xbe`\x00\x94\x1c\x02\xbdX\x00\x95\n\x02\x9aX\x00\x8f\xf8\x01\x96/\x00\x95\xe6\x01\x008\xfa\xe3\x01\x86~\x00\xd1\xe0\x01\xb0]\x00\x9f\xdd\x01\xafU\x00\xa0\xda\x01\x8cU\x00\x9a\xd7\x01\x88,\x00\x95\xd4\x01\x0164\xfa\xd5\x01\x87\x7f\x00\xd1\xd6\x01\xb1^\x00\x9f\xd7\x01\xb0V\x00\xa0\xd8\x01\x8dV\x00\x9a\xd9\x01\x89-\x00\x8f\xda\x01\x83\x02Ƃ\x88\x10\xf4\xdd\x01\x90\x82\x00\xcb\xe0\x01\xbaa\x00\x99\xe3\x01\xb9Y\x00\x9a\xe6\x01\x96Y\x00\x94\xe9\x01\x920\x00\x8d%\t\x82\xcf\x16\x80\f\xe6\x87Ȱ\xa6K\v\x81:\x00\x00I\x8a,ňD\x14\x82\x10\x00\x9aE\x14\xa8n\v\x9a\x93\xaf\x8f\xc0\x00\x84\x14\n\x84\xa0\x00\x89\x9c\x00\x87\x98\x00\x98\xcb\b\xb7S\x00\x8e\x82\n\x82\x82\x01\x80\xfd\xc7Σ\f\x8d\x04!\x98\xb3ɏУ\x02IsE\x80\xf4e\x00r\x84\xbe\xcb\xe7~\xc1\x8e\x84\x8d\x82 \x13\x82\xa4;\x89{:\x945*\x80&\x12\x84p\xab\x87]\x00\x84\x1e\xb8\x86\x10\x01\x83$\x00\x98d\x97\xa0\xbc\xaf\x84D\x00\x8a\x91\x1d\x86\x12\x00\x82:\x16\x00\"\x82?\x01\x808\xac\x89\xf9\x8b\xae\xa9̈́V\x00\x84\x13\x97\x8f\xf2\x14\x84\xb3\x00\x84\x84#\x88\xed%\xeb\xea\x0e\x87\x9bѓ\xf8\v\x8b\xa7\x00\x01Rd\x84\x05\xc6\xc6'\x0e\xa0a\x00\xb1\x99\x00\x90\x8a\xb3\x83\xf6\x03\xc3w\x01\xac\x1eʍ\x1a\x1e\x8b@Ӂ\x9a\x00\x81c\x00\x91Y\x03\x81?\x02\xa6\xae&\x85I\x00\x85\x7f\x9d\x00s\x8e\xe5Չ\x1b\x12\x84\xed#\x84a\x00\x8d\xaa\x14\x88\x90Ձ\xc26\x85\x0f\x00\x90C\xba\x81\x1b\x00\x93\xd3\x03\x8e\xfb\xba\x8f\x7f\x00\x87Y\x00\x81-\x00\x8c\x85\x00\x8bd\xba\x85\x0e\x00\x96ƺ\x81\x8a\x17\x96$\x00\x90b&\x90\xa7\x8f\x86*\x02\x9c\x1b'\xadK&\x84\xa3\x84\x8b\x9f\x00\x95\xdb'\x85L\x00\x88\xef\x16\x91\x0f\xb9\x8b<K\x96\xb6M\xa1\x9b\x00\x83\x03\x01\x89\xd3\x02\x88\xa8\x05\x83>\x00\x8d\x06\x9b\x85\xf5ˆk!\x99\xefD\x00T\x80Y\x14\x00c\x82\x06\x1c\x03s(da\x81\xb1\x1c\x01[]\x82\x19\x00\x87\x90\x1d\x99\x80Á3\x00\x80b\x00\x00*\x82;\x00\x80\xac%\x82\t\x00\x02)[:\x822\x00\x00]\x90k\x00\x81R\x01\x8cj\x00\x83j\x18\xcch\x00\x82>\b\x8ci\x00\x84-\xba\xccj\x00\x82\xd1\x06\x86i\x00\x812\x94\xba_\x00"
const compilerSourceData1Chunk0 = "-package main\n\nconst renvoAbsWinImportReloc = 2\x8a\"\x00\x82\x1f\x00\x80<\x00\x03Base\x80\x1d\x00\x030x40\x81\x01\x00\x8c#\x00\tSectionRVA\x82$\x00\x001\x8f\"\x00\tHeadersSiz\x83G\x00\x002\x8e\"\x00\bFileAlign\x94 \x00\x84d\x00\x87#\x00\x82f\x00\x8e\xac\x00\x81\xcb\x00\x05Create\x82Q\x00\x80*\x00\x001\x93$\x00\bloseHandl\x81\x91\x00\x002\x92$\x00\x00R\x80\xb5\x00\x81F\x00\x80!\x00\x003\x92!\x00\x02Wri\x83h\x00\x80\"\x00\x004\x92\"\x00\x02Set\x81 \x00\x06Pointer\x80'\x00\x005\x92'\x00\x05GetStd\x86\x8f\x00\x006\x95%\x00\x03Comm\x80%\x00\x02Lin\x82\xdb\x00\x007\x92(\x00\nExitProcess\x80$\x00\x008\x95L\x00\tEnvironmen\x80|\x00\x04rings\x81S\x00\x009\x92/\x00\tFixedCount\x82#\x00\x04\ntype\x8c#\x00\x11Layout struct {\n\ti\x83D\x01\x80\x14\x02\x80\x01\x00\x80\xff\x00\x85\x12\x00\x82\x04\x02\x84\x12\x00\bkernelIAT\x81'\x00\x82\x12\x00\x04thunk\x84#\x00\x846\x00\x00a\x81E\x00\x00s\x81\x10\x00\x03  []\x81\x14\x00\x06}\n\nfunc\x8c\x82\x00\x06Name(id\x816\x00\x00)\x81\x88\x00\x80\xd3\x00\x82\x88\x00\x01f \x80\x15\x00\x01==\x98%\x02\x80&\x00\b\treturn \"\x88\x18\x00\x03\"\n\t}\x97@\x00\x88A\x02\x8a@\x00\x87\x18\x00\x9a@\x00\x86]\x02\x89=\x00\x85\x15\x00\x9a:\x00\x87v\x02\x89;\x00\x86\x16\x00\x9a<\x00\x8c\x90\x02\x89A\x00\x8b\x1b\x00\x9aF\x00\x8a\xaf\x02\x89D\x00\x89\x19\x00\x9dB\x00\x8a\xcc\x02\x8cE\x00\x89\x1c\x00\x9dH\x00\x91\xc8\x02\x8cO\x00\x90#\x00\x83V\x00\x85$\x00\x883\x03\x00\"\x94^\x02\x83\xa5\x02\x01(l\x83\xe7\x02\x91\xfc\x02\x00,\x81\xa2\x00\x82}\x02\x80\x05\x00\x87z\x02\x00>\x80\xad\x04\x02 &&\x81\v\x00\x04< len\x84C\x00\x00.\x84\xd8\x02\x00)\x81\x1c\x00\x8b\x13\x00\x05[id] !\x817\x00\x88\xc8\x00\x8f#\x00\x89\xc2\x00\x84\x1e\x00\x8aP\x03\x01+ \x80\x0e\x03\x03-1)*\x84\x1d\x00\x86[\x03\x8b\xe2\x00\x05AsmAdd\x8b\b\x06\x03(a *\x85\x1d\x00\x03, at\x81\xd2\x00\x80\xdf\x00\x83\t\x01\x00D\x83\xe5\x00\x80\x9c\x00\x82#\x00\bNonNil(a)\x84\x10\x00\x83P\x00\x80[\x06\x84J\x00\x81@\x00\x87<\x00\x00,\x94z\x06\x00)\x94\x95\x00\x05Static\x83)\x00\x8b\x96\x00\x02dll\x80\x1d\x00\x00r\x84\x9c\x00\x80\x0e\x00\x01En\x82\x7f\x01\x02, n\x80\t\x04\x88\x1b\x00\x81\x0f\x00\x86\x1c\x00\x02src\x80E\x04\x03byte\x86\xa7\x01\x8d\xc6\x00\x80K\x00\x01 :\x84i\x02\x83/\x02\x04FromB\x803\x00\x01s(\x80?\x00\x87z\x00\x85v\x00\x804\x00\x81d\x00\x9b5\x00\x86\x95\x00\x86\x91\x00\x807\x00\x04for i\x818\x00\x010;\x80\b\x00\x83\x1f\x02\x02a.s\x88\xf4\x00\x01s)\x80\x1a\x00\x01++\x82\n\x02\x80D\x01\x81,\x00\x8c!\x00\x01[i\x80\n\x02\x82l\x02\x02mp.\x81\xbc\x00\x80%\x03\x81\a\x00\x81s\x02\x80\x12\x00\x82\x9a\x00\x80\x13\x00\x82\b\x00\x81F\x00\x853\x02\x96\xe2\x05\x02+ 1\x80\x04\x00\x00i\x80+\x00\x80`\x02\x80\x03\x00\x8cp\x00\x80\x02\x06\x05append\x8d\xaa\x00\x84\xdb\x01\x89\xb2\x01\x00{\x80\x89\x00\x00:\x81\x8e\x00\x83\xf5\x00\x00:\x82\x06\x00\x00}\x82*\x02\x9d\x84\x00\x91\v\x01\x8b$\x02\x90g\x01\x84\xdb\x01\x80\xe7\x01\x87\xff\x01\x80\xaa\x00\x90\x13\x06\x83!\x00\x00<\x84d\x03\x83\x0e\x00\x80\x87\x01\x85l\x04\x815\x00\x00>\x82\x84\x00\x80V\x00\x82\xec\x02\x00\t\x81\x13\x00\x00=\x86\x13\x00\x82)\x00\x81\n\x04\x85\xf5\x01\x82\xbd\x00\x81\x89\x00\aScratch(\x810\x00\x00-\x83h\x00\x89\xea\x01\x82\x11\x00\x83\xee\x01\x80\"\x00\x87\xdd\x01\x81L\x00\x86Z\x01\x82N\x04\x82W\x00\x01_r\x80\x0f\x01\time_Unsafe\x81a\x00\x01At\x83R\x02\x01i)\x83\x86\x00\x03valu\x82}\x02\x83\xe1\x00\x81=\x00\x80\x19\x00\x80\xc5\x00\x87\x98\x00\x04Targe\x80`\x00\x8cT\x04\x8bb\x00\x00A\x80\x0f\x00\x01aP\x80\xa6\t\x01is\x84'\x05\x00(\x82[\x00\x83f\x00\x843\x00\x82\x12\x00\x8e\xac\x03\x01Ha\x8c\xcf\x03\x00s\x89\xac\x03\x05) bool\x91k\x03\x86\x16\x01\x002\x89\x00\x03\x00a\x84<\x04\x82\xfc\x02\x01 +\x80~\t\x83\xff\x02\x80\xe3\x02\x02nt(\x91\x17\x01\x04Int32\x80\x18\x01\x88<\x00\x82 \x01\x861\x06\x8f\xea\n\x89\v\x03\x80\xb4\b\x00e\x86\xef\x02\x84\x14\x00\x03fals\x8d\xe9\x00\x82\x9d\x01\x86H\x00\x8a\xe4\x00\x00,\x84\x83\x05\x84\x12\x00\x8c\x1b\x06\x8f.\x05\x850\x00\x80\x05\x01\x87\xf3\b\x80\t\x01\x004\x82\xba\x01\x03a.c.\x82/\x00\x83\xb9\x01\x03Arch\x81\x11\x06\x83m\x00\x80\r\x00\x02386\x82\xc1\x00\x87;\x00\x81\xe9\t\x81\xbe\x00\x8d\xec\x05\x80\x19\x00\x87\xf8\x05\x04\tdata\x81\x1b\x06\x82F\x04\x81\r\x00\x04Offse\x81e\t\x01f \x85\x1c\x00\x86%\x02\x86\x11\x00\x81\x8f\x00\x02ode\x83,\x00\x86\x9b\x03\x81\x13\x00\x83\x1b\x02\x8b\x9b\x06\x800\x00\x04make(\x82\xab\t\x84\xc6\x02\x90\xe3\x03\x00+\x91\xe1\x03\x01+1\x80R\x00\x04group\x83\a\x04\x80\xa8\x00\x91'\x00\x81\xa3\x04\x85O\n\x80\x96\x00\x86\x84\x03\x82\x1d\f\x00V\x81\xa2\x02\x00(\x837\x00\x81\xc3\x00\x01),\x87\x02\x01\x80^\x00\x83\x15\x00\x80\xa5\x00\x88\xd3\x01\x00U\x80L\x02\x80\x94\x01\x82\x1a\x00\x85\xab\x06\x80X\x00\x81\f\x06\x02esc\x84b\x00\x86\x17\x00\x86\xb7\n\x01LT\x84\x1b\x00\x85&\x00\x80r\a\x87\xbd\x00\x80\xcc\x00\x01*2\x80Q\x04\x86\x94\a\x84-\x00\x8a=\x00\x802\x00\x96!\x01\x80@\x00\x88\xbb\x01\vcustomTables\x8bJ\x00\x83Z\x00\xa7J\x00\x00t\x81D\x00\x84C\x00\x8dV\x00\x93x\x05\x01*4\x89@\x00\x9fB\x01\x85b\x00\x01)\n\x84\xe3\x03\x00d\x81l\x00\x001\x80\xce\x03\x80\x04\t\x8d\xc3\t\x87\xa8\x00\x81 \x00\x84\x0e\x05\x91p\x03\x04Entry\x87:\x03\x00,\x8aJ\x01\x86\x0e\x00\x82\x0e\x01\x80\x9a\a\x83\xbd\x02\x81\x94\t\x81\x04\x00\x01-1\x8d\x8a\x02\x84.\f\x84D\x05ȉ\a\x00l\x85\x93\x02\x8f\\\x01\x00i\x8bI\x01\xa3\xe6\x00\x83Q\x00\x85\b\x00\x01+2\x87B\x00\x88\xe6\x00\x97\xfb\x01\x04+i, 0\x82\xd5\x02\x82\v\b\x93\xef\x00\x87\xb6\x02\x88\xe5\x00\x86\xc9\x00\x89h\x01\x81\x19\x00\x00a\x8c\x19\x00\x82s\x01\x811\x04\x01ll\x81V\x01\x84\x1d\x00\x88\x82\x03\x83\x1c\x00\x81\x15\x00\x00\"\x833\x00\x0132\x81\xaa\b\x80\x84\v\x82\xd5\x05\x80j\a\x83r\x04\x82&\x00\x90X\x01\x02-1]\x810\x00\x81\"\x00\x84\x96\x00\x91^\x01\x00(\x80(\x00\x8c\xab\x02\x86\xad\x00\x80\xbf\x03\x839\x00\x01+ \x88A\x01\x83\xf4\x05\x92\xd1\x02\x83\x01\a\x00Z\x86\xd3\x02\x80\x7f\x00\x81\xc7\x00\x80\v\v\x8a\xf0\x03\x00i\x82\xe3\x03\x83\xc9\x01\x01Pu\x85\x85\x06\x833\x00\x81\xf7\n\x84\xa1\x01\x00+\x83~\x00\x81B\x00\x94+\x00\x02+12\x87.\x00\x87I\x01\x9a2\x00\x006\x88`\x00\x82\xe7\x00\x82\xdd\x01\x87\x90\x05\x86\x81\x0f\x80\xb2\x00\x84\xcc\x05\x80\xb2\x00\x87\xc7\x04\x8a(\x00\x84-\x06\x88\xb6\x01\x80\xbe\b\x8f-\x00\x8ab\f\x80/\x00\x8b\x96\f\x97'\x0e\x00]\x9aK\a\x84\xf5\x02\xa5O\a\x85\r\x03\x84\x97\f\x83\xe3\x01\x83\a\f\x84\xe8\x00\x83\x19\x00\x85\xf4\v\x01lo\x88\v\f\x84'\t\x9a\x93\a\x81(\x00\x00A\x88\x7f\x06\x84\xc6\x02\x91)\x02\x0116\x86\x94\x01\x000\x94#\x00\x8dL\x02\x84\x88\x03\x80\xfb\x02\x88^\x00\x01&1\x87\xf3\r\x86E\x00\x86i\v\x87a\x00\x80\xb1\x02\x81@\x00\x84\xc6\a\x87\xd8\x01\x83\xb3\x00\x80V\x00\x01lt\x83\xba\x00\x86\xf1\x02\x81\xff\x00\x8f\x04\x0e\x81\x1a\x03\x84)\x00\x83@\x01\x96)\x00\x92\x80\x02\x82g\x00\x83\xcb\x00\x80\x80\x00\x85\xfc\r\x8e&\x00\x81d\x00\x89&\x00\x90\xe9\x0e\x8a\x9d\x02\x810\x00\x8e^\n\x00P\x81P\v\x80\x03\x02\x02dow\x93t\t\xa3s\t\x8dp\r\x01+1\x86\xe9\x05\x00r\x8ao\n\x002\x83\x85\x01\x83\x1d\x01\x9er\n\x83<\x00\x84\x8f\v\x80\xe1\x00\x01be\x82\xea\x04\xa89\x00\x80\xa0\a\x81;\x00\x81\x10\x02\x82>\x00\x85\x96\f\x00\t\x80\x8b\x13\x02tin\x85\x9c\n\x80\xb9\a\x82\xc6\v\x86\xee\b\x02smL\x810\x00\x03Posi\x81\x1b\x15\x83\xc2\x02\x80\x11\x00\x84M\x00\x84/\x00\x95N\x00\x02dis\x82\xc6\x06\x84'\x00\x02- (\x80\xf2\x00\x02+ 4\x90s\x04\x81\xeb\t\x84\xd0\x04\x805\x00\x83\x85\x02\x82\xa6\n\x87C\n\x877\n\x8b\x16\x00\x9d<\n\x8b\x92\x01\x002\x9d\x04\f\xa5\x95\x01\x8b\a\f\x81_\r\x84\xc5\t\xaa:\x00\x84\x99\x01\x00k\x80{\x02\xb0=\x00\x002\x85\xd6\x01\x82@\x00\x9c\x8a\f\x8c\xdc\x01\x93w\x12\x01, \x80\xc7\x00\x81U\x00\xa9$\f\x04\t\tnex\x82Z\x00\x8c\x8b\x01\x83\xef\x01\x82\"\x00\x96\xf0\x01\x83\x97\x00\x00-\x81B\x00\x82x\x00\x02} e\x80\x17\r\x84X\x00\x966\x00\x87\xc3\x00\x84;\x18\x00+\x83H\x00\x83C\x00\x9a\xda\x02\x8a>\x02\x00+\x81\xf0\x00\x93D\x01\x01Bs\x83j\x01\x8a>\x01\x87\x19\x03\x80\x1f\x00\x83D\x00\x80\xf7\x03\x86G\x00\x81j\x00\xa99\x01\x9e8\x01\xa57\x01\x896\x01\xb25\x01\x82\x9a\x0e\x90A\a\x01PE\x83Y\x19\x0164\x81\xf6\x0f\x86\xfe\x10\x00t\x80x\x00\x02Raw\x82\xd3\a\x82\xf8\x06\x81\x11\x00\x06Virtual\x87\x15\x00\x8a,\a\x82\r\x00\x893\x00\x81\x11\x00\x8e3\x00\x87S\b\x88\x0f\x00\x88\x1f\x00\x82\xd7\x05\x86\f\x00\x85\x19\x00\x00)\x84\x99\x00\x83\x92\x05\x87z\x10\x8d\xc4\x00\x04WithC\x80\x19\x02\x80\xad\x00\x83h\x03\x05Legacy\x80\r\x16\x00p\x80\x99\x16\x85\x1a\x00\x80\xd0\r\x82\v\x03\x88\xe5\x00\x8e\xe1\x00\x88\x1a\v\x88\xd9\x00\x8e\xd5\x00\x88\xd1\x00\x89\xcd\x00\x85\xc9\x00\x86\xc5\x00\x8d\x9d\x14\x98\xb8\x00\x81\xd9\x02\x817\x02\x83\xa5\x06\x8b\xbb\x00\x82\xb9\x00\xff\xa5\x01\x9f\xa5\x01\x03mach\x80{\x17\x82\x97\x05\x03x866\x81\x95\x10\x86\x06\x1c\x8a\xa3\x04\x84\x15\x00\x00\n\x81B\x13\ackReserv\x858\x00\x83*\x1c\x83\x1a\x00\x81\xd1\x17\x00i\x82M\x03\x83\xb9\x1b\x81\x19\x00\x80\x8b\x03\x84.\x01\x8e\x8f\x03\x86\xe9\x03\x80\r\x00\x01Aa\x80\x05\x00\x0164\x82>\x03\x85\x99\x00\x81G\x00\x01aa\x81\x98\x00\x88\x99\x00\x82\\\x00\x83\xa0\x1c\x81_\x00\x8ay\x00\x861\x1c\x81K\x03\x00s\x80\xf3\x00\x01Of\x82\xbd\x00\x91;\x10\x86\x86\v\x8d-\x02\x85\xf7\x00\x89\x8b\x1c\x80\x9e\x03\x83\xba\x13\x88\x1a\x02\x0132\x83\xc1\x13\x040x5a4\x81\xe7\x15\x8e\"\x00\x83/\x0f\x84%\x00\x003\x81N\x14\x98E\x00\x008\x81\xf7\t\x9bC\x00\x82#\x00\x80\x93\x1b\x84\xb1\n\x83\xc5\n\x02// \x83\x06\x17\x00w\x80\xa0\x02\x80\x04\x11\x81\xe7\x01\x04varia\x80Y\x11\x04COFF \x80\x99\v\x0f PE32+ fields. T\x80%\x00\fzero placehol\x81\xb5\x1d\x02 ar\x80\xe1\x01\x80N\x00\x00p\x81\x88\t\x02ed \x80c\b\x02ow;\x80\x8d\x00\x01pr\x80\xf1\x01\x81\xc9\x05\x00g\x82_\x00\x00f\x81w\x0e\x85\x94\t\x01as\x82\x9e\x02\x80$\x0e\x02eps\x83\x1b\x00\x00-\x83\xd1\x04\x82L\x00\x84\xcf\t\x80\x02\x02\x82\"\x03\x80f\x00\x81\xa6\x00\x00i\x80\x8c\x13\x80I\x00\x06binary-\x81\xa8\x01\x03 bud\x804\x00\x00.\x90\x02\x01\x85W\v\x82\x04\x01\v\"\\x50\\x45\\x0\x80\b\x00\xc1\x04\x00\x00f\x84\b\x00\x0122\x84\x14\x00\x00b\x80\x04\x00\x81\f\x00\x001\xc7d\x00\x001\xbd0\x00\x85\x9c\x00\x81\x04\x00\x004\x9c@\x00\x9d \x00\x91\x04\x00\x89`\x00\xe4\x04\x00\x99\x14\x01\xa90\x01\x8b,\x00\x00\"\x85\xa4\f\x00T\x80\xbd\t\x00c\x832\x18\x00&\x82;\x02\x852\x03\x80>\x10\x9bh\x03\x04pe+24\x80\x03\x00\x81m\x03\x8a\xc7\a\x85\x1e\x00\x004\x81\x8c\x03\x80f\x04\x80\xbe \x0200|\x84\xad\x04\x81U\x00\x00p\x82\xfb\x04\x80\xa1\x03\x80\x7f\x10\x80\xb5\x04\x8f=\x00\x80\"\x00\x81>\x00\x88\x14\x06\x92d\x00\x81'\x00\x008\x8a\b\x06\x96'\x00\x81\x1e\x10\x8c\xb1\x04\x90\xa9\r\x86/\x00\x002\x80~\x00\x86K\x05\x97&\x00\x80}\x00\x86&\x00\x03>>32\x96*\x00\x005\x80\x7f\x00\x88h\x05\x96(\x00\x006\x80R\x00\x804\x01\x83\x14\x06\x010|\x85\x11\x06\x00w\x83\x1f\x04\bSubsystem\x96@\x00\x007\x807\x11\x89|\x06\x977\x01\x80\x05\x13\x88\x12\x06\x978\x01\x002\x83.\x13\x83C\a\x98'\x00\x821\x01\x85[\a\x972\x01\x000\x813\x01\x82s\a\x97$\x00\x81\xfc\x11\x86k\b\x8f\x83\x02\x01PE\x84\xc1\x01\x84\xeb\x04\x00.\x81#\x01\x00\"\x90\xf5\b\x8f\xf0\x01\x8c'\t\x85!\x00\x88\x8f#\x81\x7f\x01\x006\x82}\x01\x002\x92h\x06\x8e}\x00\x81}\x02\x80}\x00\x8e\x1e\a\x93r\t\x90r\x00\x00+\x8a\x93\x00\x020xc\x82~\x00\x82V\x03\x99~\x03\x90J\x00\x87I\x1c\x80\"\x00\x99\xa4\t\x83M\a\x86{\t\x80\xb4\x06\x01ry\x86\x05\t\xff\x89\t\xb0.\v\x0132\xab.\v\x85\xf3\x00\xff8\v\x93\xc2\x00\xa78\v\xff\xbd\x01\xa4\xbd\x01\xffg\n\xffg\n\x89g\n\x84f\n\x81\x8f\x1b\x01en\x83M\n\x83M\x06\b-specific\x82M\x00\x817\x01\x80t\n\x805\x00\x02dir\x80\x03\x01\x02ori\x80\x10\x00\x01be\x80*\x12\x00e\x84\x11\x15\x85q\n\x04two s\x83&\x01\x01 h\x83\x17\x04\xb1)\n\x014c\x80\b\x00\x81\xd5\t\xb4\xed\b\x00e\x89-\t\x81H\x00\x81)\n\x81\b\x00\x89)\n\x8d\\\x00\x9cl\x00\x8d\xe9\b\x8d\x10\x00\x002\x904\x00\x004\x99)\t\xcc)\n\x003\x8d,\x00\x99\xd0\x00\x003\x88\f\x00\x88\x14\x01\x9d\xe4\x00\x89\x10\x00\xa7\x15\n\x81\xe9\t\x9e\xc6\t\x008\xf8\x96\t\x85\xc1\x04\x9a\x8c\t\x84\x1e\x04\xfe`\t\x0110\x86\xe8\b\x9a\x0f\t\x82\xe7\b\x9f\x0f\t\x0119\x83\xeb\b\x9aL\x00\x009\x80\xdc\x00\xff\x0f\t\xff\x0f\t\xd0\x0f\t\x88\xbd\x00\x86Q\a\x88\x15\x1b\x01, \x80))\x8b\b\a\x02rva\x84\t\x00\x893\a\x80\r\x00\x01Pt\x80\xba\x17\x81\f\x00\x05charac\x804*\x808$\x02ics\x8e\a\a\x82\x1d\x06\x8a3\x06\x99\xd8\x00\x82/\x00\x00+\x82\xff\x00\x91\x95\x1f\x82<\x1b\x8a6%\x00[\x832\x00\x00i\x81J\x1a\x81\x1e\x00\x82\x87\x1f\x82\xc8#\x8d]\x02\x83)\x00\x80\xa9\x02\x88\xe5\x00\x92\x86\x02\x83)\x00\x81\x96\v\x80\xfe\x00\x99\"\x00\x81d\r\x98\xf2\x03\x83&\x00\x81Q\f\x830\x01\x98%\x00\x003\x80K\x00\x8cI\x01\x8d\xcf\x01"
const compilerSourceData2Chunk0 = ")package main\n\nvar renvoDefaultTarget int =\x83\x19\x00\x83\x12\x00\tLinuxAmd64\x873\x00\x04Fixed\x871\x00\x87\x19\x00\x18CompilerStripSymbols bool\x87#\x00\x0eKernelRelease s\x80)\x00\x01ng\x8d\x1e\x00\bModuleNam\x95!\x00\tBTF []byte\x8d\x1a\x00\x80u\x00\x03vers\x94\x1e\x00\x00V\x80\x1b\x00\x02ion\x9aw\x00\x03Size\x8b\xd6\x00\x8d\x95\x00\x02Off\x97!\x00\x03Init\x9a!\x00\x01Ex\x96!\x00\x04Licen\x87\x16\x01\x04\nfunc\x83 \x00\vOpenArg(path\x84\x1f\x00\x01, \x80\x19\x00\x80\xe8\x00\x83\x0e\x00\x00)\x82\xba\x01\x0f{\n\tdirectFd := o\x806\x00\x823\x00\x0f, O_RDONLY)\n\tif \x86%\x00\x03>= 0\x816\x00\x06\treturn\x86\x19\x00\t\n\t}\n\tfor e\x81H\x00\x010;\x80\b\x00\x02< l\x80N\x00\x80t\x00\x00)\x80\x0e\x00\x01++\x826\x00\x01pw\x82h\x00\x80\x15\x00\x02[e]\x80\x10\x00\x80[\x00\x80\x13\x00\f[0] == 'P' &&\x82\x11\x00\x001\x83\x11\x00\x00W\x86\x11\x00\x002\x83\x11\x00\x00D\x86\x11\x00\x003\x83\x11\x00\x01='\x82X\x00\x00\t\x81\x19\x01\x03full\x85\xc8\x01\x80\x13\x00\x81\x8e\x00\x00i\x81n\x00\x014;\x80\b\x00\x83\x8e\x00\x80:\x00\x80\x8e\x00\x00i\x84\x8e\x00\x80$\x00\x813\x00\x03= ap\x80\xf9\x00\x01d(\x81\x0e\x00\x00,\x82^\x00\x01i]\x80\xf8\x00\x00\t\x81\xd4\x00\x93$\x00\x02'/'\x82!\x00\x86d\x00\x80\xf2\x00\x86d\x00\x80@\x01\x9fe\x00\x80%\x00\x8bf\x00\x87\x81\x01\x83\xa1\x01\x82)\x00\x00)\x8a\x89\x01\x820\x01\x80)\x00\x86\x85\x01\x86\x87\x01\x00f\x80\x81\x01\x98\xaf\x00\x000\x82=\x00\x84,\x00\x9cd\x00\x80E\x00\x80\x03\x00\x84,\x00\x03-1\n}\x89W\x02\x00P\x806\x00\x05tErr(s\x84U\x02\x00)\x81\x88\x00\awrite(2,\x84}\x01\x01(s\x80S\x00\x02-1)\x90;\x00\x00I\x83>\x00\x00v\x81}\x02\x82;\x00\x80\xd1\x00\x00v\x81\xc9\x01\x85U\x02\x89d\x00\x02\"0\"\x81\x91\x00\x83\x8b\x00\x82\x96\x00\x82.\x00\x00<\x93-\x00\x00-\x82-\x00\x80M\x00\x02 -v\x82-\x00\x81\x13\x02\x04digit\x86\xdd\x03\x82\xaf\x01\x02v >\x84A\x00\x84\x1d\x00\x86,\x01\x83\x10\x00\x01, \x82\xc4\x00\b'0'+v%10)\x85V\x00\x05v / 10\x86\xe8\x02\x82\xf6\x01\x81\xef\x01\x836\x00\x04) - 1\x81\x04\x02\x81\x9c\x01\x80\b\x00\x01--\x82c\x00\x86\x1a\x01\x83&\x00\x06[i:i+1]\x83\x1e\x01\x80J\x00\x8f!\x01\x01Us\x80r\x05\x00(\x82\x1b\x01\x8c\xe0\x00\x00u\x81\x1a\x00\x00:\x83+\x00\x04 [opt\x80\x98\x04\vs] [-emit-im\x80\x1e\x00\x12] -o <output|-> <in\x80\n\x00\x02.go\x80\r\x00\x04...\\n\x80#\x01\x8bs\x00\x0earsePositiveDec\x80F\x00\x05l(valu\x85S\x04\x02) (\x80\x80\x00\x80\x13\x01\x80\x93\x05\x85\xb0\x01\x81\xf5\x00\x82$\x00\x00)\x89\xb9\x01\x82/\x02\x060, fals\x80j\x01\x82C\x02\x00s\x80'\x06\x82\x1d\x03\x883\x01\x88)\x03\x83E\x00\x87*\x03\x01ch\x81!\x00\x82\x16\x00\x80\x1b\x03\x83\x1e\x04\x80\x14\x00\x01< \x80\x8c\x01\x02 ||\x81\f\x00\x03> '9\x84\xf2\x03\x8es\x00\x82\xff\x02\x82h\x01\x81G\x00\x80\xb7\x00\x00(\x801\x00\x00-\x81=\x00\x81\xc3\x01\x80L\x00\x84\x91\x00\r> (1073741824-\x821\x00\x02)/1\x84Q\x03\x93V\x00\x84:\x00\x81\xe8\x06\x81\t\x00\x00*\x80.\x00\x00+\x83\xd3\x01\x85\x97\x02\x84\"\x00\x04< 256\x81\xac\x00\x86l\x00\x87k\x00\x98)\x01\x82\x14\x00\x833\x00\x05, true\x91\x1a\x02\ansupport\x85J\a\x01(t\x83Q\a\x88\x89\x03\x8c3\x02\x82\x0f\x00\x02: u\x87:\x00\x00 \x834\x00\x01: \x81-\x03\x8b.\x00\x83\x1a\x00\x8e\x17\x00\x00\"\x826\x02\x94Z\x00\x8dX\x00\x00s\x91Y\x00\x82\x0e\x00\x00S\x8b\xbc\x00\x00s\x94h\x00\x8a\xf7\x00\x00U\x80\x1a\a\tRead32(src\x84\xc5\x03\x80;\x05\x01os\x83?\x04\x84\xc1\x06\x84?\x01\x81\xf1\x01\x80'\x00\x00[\x80\x1f\x00\x03]) |\x82\xb9\x02\x85\x11\x00\x80t\x03\x05) << 8\x8e\x19\x00\x002\x83\x19\x00\x0116\x8e\x1a\x00\x003\x83\x1a\x00\x0124\x82\x96\x00\x03type\x8b\x96\x00\x01er\x81z\x01\x01uc\x82\x84\x00\x87\xa0\x00\x01\n\t\x84\xa0\x00\x01\n\t\x80T\x04\x83\t\x00\x02ok \x83\xd5\b\x92\xdf\x00\x01Va\x80$\x01\x01 *\x8c]\x00\x88\xdf\x00\x80\x18\x00\aNonNil(r\x83\x8e\a\x02!r.\x80S\x00\x81f\x02\x00.\x81m\x00\x80s\x04\x01r.\x81m\x00\x82a\x02\x81\x1b\x00\x00=\x86\xbe\x02\x85p\x02\x83\xb8\x04\x02irs\x82\x1d\x03\x01r.\x81\xe6\x00\x82>\x00\x80h\x03\x82\b\x00\x01++\x82[\x00\x83#\x00\x80c\x05\x01x8\x8a\xda\x03\x81\x1a\x01\x82\x1c\x00\x82\xb8\x04\x80\\\x05\x81$\x04\x84g\x03\x834\x00\x00&\x804\x00\x017f\x80\x1f\x00\x03shif\x82f\x00\x007\x83\xf7\x03\x83\xa5\x00\x00<\x84\xa4\x00\x80\xbf\a\x83!\x00\x04<= 28\x82c\x00\x00b\x8f\x93\x00\x87\x94\x00\x81\x95\x00\x831\x00\x80\xe7\x00\x801\x00\x80@\x00\x00b\x82e\x05\x00x\x86\xb3\x03\x8b\xf2\x00\x88\xf3\x00\x82\xbc\x03\x83\xab\x00\x84X\x04\x85\xe5\x01\x01b&\x82\xad\x00\x81\xe1\x01\x82]\x00\x84\"\x04\x00b\x89\xfa\x00\x88z\x00\x80\xe6\x04\x82x\x00\x86\xf0\x04\x8fv\x00\x89w\x00\x83\x89\a\x84\x11\x00\x82x\x00\x84\x8c\x00\x83O\x00\x00=\x84W\x00\x00+\x81\"\x01\x81\x00\x04\x8aK\x00\x86H\x00\x8a-\x02\x80\x9d\x05\x02ode\x81\x1f\x02\x02Tok\x80\xf4\t\x04(text\x86\x13\x03\x03data\x84\r\x00\x80\xb2\x05\x01[]\x80\xe3\x00\x003\x82\x8f\a\x84\t\x00\x86\xbf\x05\x00r\x82k\x01\x8bj\x02\x00{\x80y\x01\x00:\x82C\x00\x81\"\n\x01d:\x83\xd6\x06\x80\x0f\x00\x80\xc6\a\x02ok:\x82\x90\x04\x80\xa6\x00\x02cou\x80\x91\x02\x8d?\x00\x81\xbd\x02\x00&\x8a\x97\x02\x885\x02\x01ni\x80|\b\x82\x05\x00\x87\xed\x04\x80\x9e\x06\x81E\x00\x03make\x87\xa9\x00\x80\x0f\x05\x82_\x00\x83\x05\x03\x82\xe2\x00\x81\x12\f\x01de\x80Y\x00\x81\xc7\a\x04lineB\x80\xff\v\x81\xca\a\x823\x00\x80f\x02\x80r\x04\x85]\x06\x81\x1f\x00\x84\v\x00\adiscardS\x88\x1e\x00\x00n\x80*\x01\x00D\x83\x17\x00\x81\x12\x00\x0465536\x8f\x91\x06\x82\x80\x00\x87\x8c\x06\x01ki\x80\xac\x02\x83@\x00\x03\tdel\x80_\x01\x84\r\x00\x00s\x81\xee\v\x84\f\x00\x81x\x00\x00D\x89\x1d\x00\x81\t\x06\x81\x04\x01\x80-\x02\x8e\xf6\x02\x89\xe1\x02\x80\x18\x00\x001\x84\xfd\x02\x83j\x00\x83I\x03\x89#\x00\x83\xb2\t\x86\x06\x03\x02} e\x80B\x01\x8a2\x00\x93\x88\x01\x82h\x02\xb1\x88\x00\x83\xe6\x00\xaa\x89\x00\x853\x00̊\x00\x82c\x01\xaa\x89\x00\x842\x00̈\x00\x87\xdf\x01\xaa\x8d\x00\x897\x00\x9b\x92\x00\x871\x03\x962\x03\x837\x04\x82\xce\x02\x807\x04\x82\b\x00\x80z\b\x81^\x00\x84\x80\x02\x80\x17\x00\x82\a\x00\x00+\x82\a\x00\x82x\x00\x83]\x00\x82&\x02\x81,\v\x80(\x06\x82\f\x00\x00>\x80\x9c\b\x005\x81\x0e\x00\x83G\x00\x84\x1b\x00\x83\r\x00\x80\xe2\x04\x01xf\x82\x01\x00\x82\x14\x00\x81O\x01\x84 \x00\x82]\x00\x89,\x00\x00+\x82\x1e\x00\x00>\x82&\x04\x81\x85\x04\x82X\x04\x9c\xc1\x00\x85\x8f\x00\x80@\x05\x85\xe2\x03\x01Op\x87e\x05\x83Q\x00\x81\x9e\x00\x8a\xd5\f\x8fL\x00\x82M\x00\x84l\x01\x879\x00\x83\xbb\x00\xa0\x87\x00\x00b\x81B\x10\x84\xb7\v\x80\x88\x04\x81\x8a\x01\x81\x8f\x04\x80w\r\x03ut[:\x81\x1e\x00\x00+\x8d\x81\x04\x81\x8c\x06\x04highB\x81*\f\x80;\x00\x83s\x00\x02> 8\x83\x1c\b\x96\xdc\x00\x81\xe7\x06\x82\x95\x02\x02= 1\x83\x9a\x00\x86F\x00\x83M\x02\x81;\x01\x00[\x82Q\x01\x85h\b\x84\xa5\x00\x81q\x01\x00H\x80,\x00\x82\xa9\x00\x81}\x01\x80n\x00\x001\x80\xb1\x04\x82{\v\x85\x1c\x00\x00!\x81\x89\x06\x80d\x00\x00(\x81\xcb\x00\x86\x1e\x05\x84\x91\v\x84\xb6\x01\x85)\x00\x81n\x00\x86#\x00\x00[\x8b1\x00\x00-\x80\x19\t\x04>>24&\x80}\x01\x84\xc9\x01\x87l\x05\x86\x19\r\x86\x13\x00\x00,\x81M\x00\x80\x8f\t\x00i\x80?\a\x83/\x02\x00|\x85j\x00\x01<<\x80*\t\x85\xdc\x02\x81P\x01\x81O\x01\x80\xa4\x0f\x842\x00\x82#\x01\x80}\a\x81/\x00\x00&\x81\x83\x05\x045)<<8\x80\x12\x00\x85\x17\x01\x84\x8d\x01\x827\x00\x80\xaf\t\x869\x00\x82#\x01\x86o\x00\x81C\x00\x81X\x01\x82\xb0\x00\x82s\x00\x85\xdc\x03\x84\t\t\x89\xed\x05\x82\xcf\x00\x02// \x82\xcf\x01\x80\x9d\x01\bcords are\x80A\x03\x81N\a\x81\x9e\t\x00 \x80\x14\x00\x80\xca\t\x00a\x80\x9e\x00\x01ne\x80\t\x12\x80'\x00\x01vi\x80\x10\r\x06ed. Ret\x80\xde\x10\x84E\x00\x00c\x80n\r\x01um\x804\x00\x00p\x80i\r\x03s wh\x80\xb7\x12\x02 th\x87L\x00\x02tab\x80\x12\x00\x03grow\x80\x1c\x0f\x00o\x80s\a\x80y\x11\x80e\x06\ams do no\x80\a\n\x85H\x00\x80Y\x02\x02but\x80>\x00\x00o\x82A\x00\x06self-ho\x80C\t\x00c\x84\x0e\x13\x06's peak\x81\x12\f\x80\x83\x02\x80v\a\x03set.\x83\xde\x02\x80a\x02\x01_r\x80\xaa\x06\x04ime_A\x80\x0f\x00\x00a\x84\xed\x00\x00B\x80\xfb\a\x00s\x82\xb6\a\x00[\x89\x03\a\x00:\x88\xae\x04\x8a\x1b\a\x81q\t\x813\x01\x04- 409\x81^\x02\x8a'\a\x85\x1e\x00\x00+\x85.\a\x84\x16\x10\x86j\x01\x80W\x02\x88s\n\x97\xee\a\xb8\xb1\x00\x85\xae\x10\x00u\x80\x13\r\x88\x81\x02\x8f\x1e\r\x81_\x05\x00U\x80\x1c\x00\x06Panic(p\x84J\v\aProgram)\x82\xfc\b\x8dH\v\x00p\x80`\x00\x824\t\x80d\x03\x06p.toks.\x81\x0f\x00\x83\xc8\v\x82\x14\x00\x80\t\x00\x83$\b\x854\x04\x80'\b\x83\x9b\x02\x84\xbd\x0e\x82!\t\x83\x14\x00\x01 +\x87\xfb\x03\x858\x04\x82\x19\x01\x86p\v\x82>\x06\x8a\v\x01\x80\xce\r\x01af\x80\xfc\x13\x80\xe3\x02\x01At\x82M\x00\x80\xa6\t\x80L\x00\x82C\x03\x85\x88\v\x81\xe6\x02\x89X\x04\x00I\x82\r\x02\x82\xd7\x02\x81\x9c\x15\x80u\x02\xaa\\\x00\x01+1\x82^\x00\x87;\t\x84E\x00\x81\xba\v\x83_\x03\x86L\a\x86\x1d\x00\x85\x1d\x04\x80y\x03\x82\x93\x00\x03>>16\x82\x8e\x03\x000\x82\xe9\n\x85\x85\x05\x80\xa5\x00\x85\xbd\x05\x87e\f\x90\x95\x00\x81\xf6\x01\x80\x94\x00\x80^\x01\x00,\x83N\x06\x82\x91\x00\x87y\f\x81\xd3\x13\x00d\x82\xe4\x13\xa2>\x00\x80\xd2\x00\x823\x00\x00e\xa83\x00\x002\x833\x00\x00f\xa83\x00\x003\xaff\x00\x004\x833\x00\x00r\x84\xad\x10\x86%\x03\x82\xbf\x02\x81\x10\x00\x82#\f\x8b\xf9\x00\x00p\xaf\xf9\x00\x00a\xaf\xf9\x00\x00n\xaf\xf9\x00\x00i\xaf\xf9\x00\x00c\x9b\xf9\x00\x8c\xc4\a\x802\x00\x007\xa6c\x00\x86Z\x01\xe0&\x02\x80\xc7\x00\xad-\x01\x00o\xaf-\x01\x00v\xa83\x00\x80\xa7\a\xad\xcc\x00\x80\xdc\x10\x8a\x8c\x02\x8c\x92\x01\x82T\t\x88v\x04\x86\xf3\x03\x815\x00\x00.\x82h\x00\x92\x1b\t\x89\t\x05\x81%\x00\xa8\x89\x04\x8e\xe7\r\x86\x85\b\x82u\x00\x00(\x8b\xe3\x13\x84\xa9\x00\x8a\x99\x16\x83c\x06\x94#\x0f\x84\xfc\x05\x886\x12\x80\x16\x0f\x89\x16\x06\x83\x12\x0f\x88\x18\x0f\x81e\x0e\x00p\x80\x1c\x00\x85p\x13\x82&\x00\x86\xee\x14\x80H\x00\x80\xa4\t\x00 \x8a\xc2\x13\x81.\x00\x84\xea\x06\x84\x95\x06\x84!\a\x81$\f\x80\xd0\x18\x81\"\a\x85\x9e\x06\x03Magi\x82\x15\x00\x81D\v\x80\x1f\x00\x80\xdf\b\x8f\x1f\x00\x80\x15\x00\x84\x1f\x00\x80\xec\x18\x8f\x1f\x00\x80\x15\x00\x84\x1f\x00\x80\xfa\x18\x8f\x1f\x00\x80\x15\x00\x9e\x9d\x00\x80l\f\x85\x97\x05\x8e,\x01\x03Body\x834\x02\x00&\x81=\x00\x87\x80\a\x83K\x00\x81D\x00\x81\x0e\x10\x9cr\x01\x85F\x00\x87\xac\x13\x81T\x01\xa1\x91\a\x83t\x00\x8bp\x01\x001\x8aq\x01\x87U\b\x80&\x00\x85\xa9\x13\x034])|\x86\xb6\x13\x015]\x81T\n\x00)\x8a\x1e\x01\x85\xc1\x1b\x9dI\x00\x006\x89I\x00\x007\x87I\x00\x8a\x05\x13\x87:\x00\x80\xa6\x00\x00g\x80\xe0\t\x8d\x0e\x11\x83\xaa\x14\x00,\x80\xf5\x15\x83\xcd\x00\x85Q\x00\x008\x89^\x00\x009\x90\xa7\x00\x02Tag\x81\a\x00\x82\xbb\v\x83[\x00\x87\xe6\x18\x8c{\x00\x03root\x86\xdf\x10\x001\x806\f\x81\x11\x00\x00E\x83\xae\x10\x87\x1c\x00\x80\x0f\x0e\x82H\x00\x83\xb4\t\x84\"\x00\x80r\x00\x86_\x01\x81>\x14\x84\x17\x00\x80\v\x0f\x868\x00\x92s\x00\x81\x1e\x03\x88p\x12\x01\n\t\x81\r\x00\x89c\x11\x81\x10\x00\x84\x83\x00\x80\x0e\x00\x82/\x00\x81\xdd\x03\x00D\x87\x97\x12\x84\x8f\x19\x02ecl\x8e\x15\x00\x81P\x02\x8e\x15\x00\x84|\x1e\x8a\x18\x00\x06seenLow\x84f\x00\x81\x0e\x00\x85(\r\x80\x0f\x00\x81\x96\n\x89\x02\x01\x83\xbe\t\x84\xea\x0f\x84\xe9\x00\x81\xdd\x00\x81r\x1c\x80\xb5\x0f\x006\x808\x0e\x89\x17\x00\x8c\xf5\x00\x82\x11\x05\x02tag\x85a\t\x9fY\x16\x81\xba\r\x9b\x15\x02\x82o\x16\x81(\x00\x81\x95\x00\x80`\t\x83`\v\x84\xd9\r\x8b\xf5\x01\x91\x8e\x00\x81\xa0\v\x82\x98\t\x828\x00\x85\xde\x01\x81=\x00\x82\x1a\x00\x00<\x82\x19\x00\x80\xd6\x01\x82\x0e\x00\x9f\xdd\x00\x808\x00\x81\xe0\x00\x85^\n\x89\x85\x02\x98\x10\x01\x04Index\x8a\xe2\x00\x00C\x80\t\r\x80\xd5\x17\x83\x1a\x00\x80E\x18\x81\xc7\x03\x84]\x00\x83-\x00\x87\xad\x1c\x89\x16\x00\x81s\x17\x84\x8f\x06\x00b\x83\xb1\x19\x80Y\v\x00<\x86 \x00\x85\x1d\t\x84\xf3\x01\x00&\x81$\x00\x86\x8e\x03\x8f\x9e\x00\x85O\t\x85\"\x02\x80\xa8\x0f\x84\n\x00\x01| \x80;\x00\x88r\b\x8fs\x00\x81\xb4\x00\x83\x94\x00\x80\xc2\x1b\x006\x86\x90\n\x85_\x02\xa9{\x00\x82\x8f\x02\x83|\x00\x82\v\x00\x87}\x00\x9au\x01\x00P\x84h!\x85%\x01\x84\r\x02\x89m\x16\x8ct\x00\x9bP\x00\x00T\x81\x02\x02\x829\x00\x82\xb5\x03\x80\x91\x00\x83\xad\x02\x00:\x81\x1b\x02\x81\xd1\x10\x88\xc0\x03\x82P\x02\x85\x13\x00\x810\x02\x83C\x0f\x9b`\x00\x82\x82\x16\x84b\x00\x86\xe8\x03\x8fg\x00\x97B\x00\x809\x06\x80\xe8!\x84D\x14\x84\x13\x04\xa9@\x00\x00F\x803\x04\x84@\x00\x86>\x04\xa9@\x00\x84r\x01\x84C\x00\x89l\x04\x93F\x00\x83\xb2\x03\x83\x19\x01\x84\xe6\a\x84\x99\x02\x88\xea\x03\x01qu\x80.\x10\x00d\x82\x10\x03\x03Mask\x81~\x02\x89\xe3\x05\x92!\x00\x81\xd3\a\x85i\x02\x97*\x00\x85\xca\x11\x9c\"\x00\x95\xe4\x06\x87\xaa\x13\x86\x1f\x12\x81\x12\x00\x85\xba\x01\x8f\xc7\x1d\x87>\x00\x82%\x00\x80v\x0f\x89\x81\x0f\x82\x13\x00\x01OK\x90L\b\x88\x9b\x18\x84(\x00\x82`\x00\x83\x1d\x18\x868\x00\x97i\x00\x00C\x85c\x18\x86\xa0\x00\x80\xd3\x12\x00/\x8e\\\x0f\x82P\x00\x881\x00\x80J\x1a\x94\xbf\x00\x84\x83\a\x83K\x00\x00[\x83\b\x00\x824\x00\x80\x80\x1f\x8el\x18\x01])\x82\x81\n\x85h\x01\x80\x1a\x00\x02EOF\x93X\x00\x81\xaf\b\x81#\x10\x80\x15\x02\x81\xed\x00\x84\x11\x00\x86H\x10\x81\x17\x00\x82s\x00\x89\x19\x00\x89X\x13\x86\f\x00\x89!\x00\x83a\x19\x84;\x00\x82\xa6\x00\x89\x1e\x00\x00p\x81\xde\x10\x01En\x81e\x12\x8a\xfd\x17\x88\xfa\x10\x83D\t\x81Q\x03\x84\xa0\x1c\x96\xec\x19\x84t\x03\x89\xf0\x19\x84\x13\x00\x8b\xf4\x19\x81\x16\x00\x86\x95\x01\x8f\xcc\x16\x87k\x00\x84\xe4\x01\x87\x11\x00\x8c\n\x1a\x8c;\x01\x81(\x00\x81\b\x01\x84\x06\x1a\x85G\x02\x81\xaa\"\x80\xcd\x1a\x85u\x00\x80U\x00\x8d\xa6\x19\x86\x1c\x00\x87\xaa\x19\x85X\b\x86\x8d\x02\x00l\x81-\a\x80v%\x82\x98%\x84\x99\x19\x80C\x01\x86\xc8\x00\x83\xd3\x19\x02cl.\x96H\x19\x8a\xd8\x00\x83,\x00\x82Q\x00\x85:\x13\x9c1\x00\x86}\x00\xa4\\\x00\x82\xa6\r\x80o\x02\xa00\x00\x86\xc8\x00\x9f+\x00\x93\x90\x01\x91\xd8\a\x86\xe1\x00\x83\x00\x06\x8c\xf0\x00\x01+ \x85\xd0\x00\x85+\x00\x805\x02\x83\xae\x00\x8b\xbe\x00\x00+\x81\xba\x02\x84\xb8\x02\x83\xde\x18\x86\x85\v\x06alidRan\x80\xda\"\x86\x8c\x04\x83\xe8\x01\x87h\x00\x88\x10\x00\x80\x87\x00\x82\xa0\n\x8cA\x00\x82\xab\x03\x83F\x00\x87#\x03\x847\x00\x85\x85\x00\x84\x0f\x00\x83\xa2\x00\x8b\x9a\x18\x89\xf2\x00\x8a\x85\x02\x84\xe5\x16\x87\x14\x00\x83E\x00\x83\xe9\x1e\x81\xfc&\x87E\x01\x84\xfb\x14\x88\x12\x00\x8c\x04\x15\x87\xe8\x02\x81\x98\x06\x9c\x87\x03\x85\xbb\x06\x88\x87\x03\x85\x13\x00\x8b\x87\x03\x81\x16\x00\x98\x87\x03\x87k\x00\x84\x87\x03\x87\x11\x00\x9b\x87\x03\x81(\x00\x8d\x87\x03\x81[\a\x86\x8b\x03\x86y\x00\x90\x8b\x03\x86\x1c\x00\x8b\x8b\x03\x00f\x81j\x17\x88H\x00\x90\x8d\x03\x81\x10\x00\x80\x9f\x01\x8a:\x1d\x80\x9e\x17\x00e\x80\x84$\x00r\x8a\xa6\x03\x00b\x80O\x0e\x8a\x11\x00\x80(\x01\x8a\x10\x00\x01fn\x9c\x99\x03\x8a\x1b\x01\x9b\x99\x03\x8b+\x00\x80Z\x00\x9a\x97\x03\x8fY\x00\x86\xd2\x00\xa2]\x00\x85\xf0\x00\xa5\xbb\x00\x8b \x01\xa2c\x00\x81>\x01\xa5_\x00\x87j\x01\x9f,\x00\x86\x85\x01\x9f+\x00\x93\x8d\x02\x91\x92\x03\x84\xca\x01\x83\x82\x04\x8a\xd7\x01\x8a\x80\x04\x84\x1a\x00\x83\x96\x01\x89\xa4\x01\x83&\x00\x85\x84\x01\x8bd\x01\x86U\x00\x8bu\x01\x00+\x81\x13\x1a\x87U\x01\x875\x01\x860\x00\x87B\x01\x00+\x80\xb6\x10\x84\"\x01\x83(\x00\x86\x04\x05\x884\x00\x00+\x81\xc8\x03\xa8\x01\x05\x89\xe7\x00\x86\x0e\x00\xab\xfd\x04\x88\x03\x01\x82\r\x00\x9d\xf9\x04\x81\xe4\x13\x87C\x01\x84\xd7\x1d\x88\x12\x00\x80\xad\r\x88Y\t\x83\x1c\x00\x87\x06\x01\x870\x00\x85\xf3\x00\x9b0\x00\x00>\x89+\x00\x9a\x8c\x05\x85\x8a\x04\x89\x8c\x05\x82\x14\x00\x81\xd6\x00\x86\x8a\x05\x88K\x02\x84\x8a\x05\x88\x12\x00\x96\x8a\x05\x84\x02\v\x88\xe6\v\x00)\x86\x03*\x84\x15\x00\x9c\xa9\x05\x88;\x00\x88\xac\x05\x89Q\x00\x8a\xaf\x05\x85V\x00\x98\xb3\x05\x8ax\x00\x85*\x03\x8a\x15\x00\x99-\x03\x82\x1f\x01\x84.\x00\x00T\x82w\x1c\x01= \x83?\f\x84\xd9\f\x82\x15\x00\x00{\x80\xc6\x1c\x00m\x80\x92'\x89\xde\x05\x84 \x00\x03Info\x82\xe1\x05\x89\xaa\x00\x00)\x82\x88\x03\x8c\xe6\x05\x89!\x00\x88\xd4,\x810\x02\x00L\x93\xef\x10\x93\xe0\x00\x93\xe1\x00\x81\xaf\x10\x87J\x00\x82\xc8\v\x80\x13\x00\x8b'\x00\x817\x11\x88%\x00\x00>\x8c\x1f\x00\x85\xf7\x01\x93%\x0f\x8b\xe1\x01\x83\xd4\x1c\x80\xc9\r\x86O\x00\x83#\x00\x01th\xc3\xcc\x00\x88J\x00\x97\xcc\x00\x88%\x00\xae\xcc\x00\x01th\x86v\x13\x8eY\x00\x85\"\x00\x03KeyA\x83`.\x80\n\x00\x00B\x86\xd3\x00\x02Obj\x80\xa9/\x03Hash\x83F\x04\t1879, 3761\x86\x06\x02\x84L\x00\x83\xad\x12\x85l\x00\x88\v\x00\x88\xbb\x00\x82\a\x01\x92\\\x01\x87$\x00\x84*\x01\x8f\x02\x01\x80\xfa\x11\xac\xfa\x00\x81Y\b\x81\xce\x02\x85\xb6,\x86\xc5\x02\x82d\x00\x80\x19\x00\x00.\x80[\x16\x00p\x82\xfb\x00\x8d\x96\x06\x80~\x13\x92\xdf\x00\x8c\x95\x00\x83\xd8\x01\x89J\x00\x00B\xb4J\x00\x80\xd5\x19\x86L\x00\x05source\xb8\x97\x00\x00+\x82Y\x14\x8cM\x00\xb6\x9a\x00\x001\x82\x7f\x14\x83N\x00\x85+\x02\x81\x02\x12\x84\v\x00\x8d\x1c\x00\x81h\x00\x85\v\x00\x96\xf0\x01\x82\x9b\"\x82>\x12\x87D\x03\x82\x1b\x1e\x82\x18\x06\x8c\x14\x00\x819\v\x8c\x13\x00\x81\xc2\x05\x8c\x13\x00\x82\x84\x00\x89\xa3\x12\xa1\x94\x03\x88\x82\x00\xa4\xc5\x03\x82f\x00\x83\xff\x0f\xa8g\x00\x88\xd6\x00\xa8h\x00\x81\xf9\x00\xa9g\x00\x88)\x01\xa8f\x00\x81L\x01\xa9f\x00\x88|\x01\xa94\x01\x86*\x14\x8c\xa9\x01\x80\x01\x0e\x86\x85\x01\x8bb\x01\x89/\x00\x87r\x01\x821\x0e\x85N\x01\x8a+\x01\x880\x00\x87:\x01\x81\xf8&\x85\x16\x01\x8a\xf3\x00\x88.\x00\x87\x02\x01\x00+\x82\x1c\b\x8a\x8a\x04\x92\xb4\x05\x9d\xa5\t\x8b\xe4\x00\x88\x10\x00\x94\xa9\t\x8f\xa4\t\x8c\xf7\x00\x89\x11\x00\x9aD\x00\x82d\b\x86\x95\x0e\x85\x8b\x00\x86\x10\x01\x88\x10\x00\xa3G\x00\x82P\t\x85G\x00\x86)\x01\x88\x10\x00\x82G\x00\x99\x80\x06\x8dw\b\x00.\x82b\b\x8c\xb7\t\x8f!\x00\x83c\x00\x88\xf8(\x8fI\x04\x80\xcb\t\x94\x11\x06\x8f\xff\b\xa0W$\x81\xc4\x15\x00:\x86\xb5\x01\x83N$\x9f2\x00\x84\xd6\x01\x00:\x810\x00\x82\xcb\x00\x82\xe1\v\x83?\x1d\x89\x8b\x1e\x8e~$\x89n\x01\x00i\x80\x8e3\x81u\x14\x84}\x1f\x83\v\x00\x84\n0\x87\xfc\x1c\x81B\x16\x89S\v\x81!\x00\x80\x8b.\x97\x83\x1b\x84\x11\x00\x82(\x00\x81@\x14\x80f\x00\x94\x88\x00\x88*\f\xf6\x8d\x00\x84\xd79\x84\xf3\x1d\x02ToO\x82\x934\x82 \x02\x8b\x0e\x1e\x808\v\x82\x1b\x00\x83\x9a\x00\x84\xd12\x82\f\x00\x80\xa7'\x01na\x85[9\x92\r1\x86\xa8\x1e\x80\x13\x00\x01Se\x84\x90:\x87\xc72\x81i'\x843\x1b\x836\x00\x01ew\x84\x97\x00\x00C\x83\x1a\x00\x84+\x00\x00,\x8a\xb3\x00\x8a\x8a:\x8c\x1b\x00\x00W\x800\x14\x80\xde'\x05Subsys\x81\x8e\b\x808\x17\x80\xbd.\x8a$\x00\x00E\x80\f\x01\x00I\x81\x8c5\x85D\x02\x81$\x16\x00*\x84\x8c\x00\x83\x9e\x11\x85[\x02\x83[\x01\x82\f\x01\x8cW3\x00p\x81\x975\x80p\x01\x80Q\x00\x00d\x83\x7f3\x85s\x01\x001\x85\xd2\f\x84+\x01\x86\x1d&\x87{;\x83\x1a:\x82\x81;\x85\xf1\x1c\x83\x18\x04\x02Pre\x80Y\x00\x80A\b\x82[:\x02eta\x81\xab\x16\x83k6\x95\x89\x00\x00k\x82,\x00\x01 m\x84-\x00\x80J4\x01av\x80\x96\x00\x81\xdb\x03\x84\x98\x00\x88\x99\x00\x84*5\x81\r\x01\x01ap\x80\x15\x00\x84j\x00\x8cu\x01\x84\v\x01\x82\b\x1d\x8f \x01\x84m\x1e\x81q\x00\x83\xd9\x00\x81\xa8\x00\x84\xe4\x01\x01Bu\x81\xed\x18\x80\x10\x00\x80Q\"\x00o\x82\xfe\x01\x80\xad \x81*\x00\x84\xf6\x12\x81\v\x00\x9bX\x01\x82W\x00\x97W\x01\x82A\x00\x87x\x02\x84[\x01\x06Resolve\x823\x04\x81\x18\x00\x867\x02\x86*\x00\x84\xa50\x84\xf35\x89\x0f\x02\x80<\x00\x80\x13\x00\x84!6\x81\x15\x13\x88\b=\x90\xbb\x01\x0138\x84<6\x9a+\x00\x84\x87\x02\x81-\x00\x83\xeb\x00\x86\x9c6\x81#\x00\x00r\x80\xa6\x10\x82|\x00\x05Scalar\x84h\x03\x80-\x00\x04Cache\x83\xa4\x05\x878\x01\x87\x88%\xa1\xa0\x00\x04Aarch\x80W\x02\x9f\xa4\x00\x04Darwi\x80\x81<\x00m\xa2.\x00\x84\xd2\x00\x83/\x00\xa6\xd4\x00\x84\x8e\x00\xc1\xd8\x00\x01rm\xa8w\x00\x01rm\xbbs\x00\x03Wasi\x80\x04\x00\x02m32\xa0\x1b\x01\x01VM\x80'\x00\xa6\x9c\x00\x83W\x00\xa7\x99\x00\x88\xe1\"\xa1\xfa\x00\x81T\x04\x9c\xfc\x00\x97\x98\x04\x84\xdd\x02\x92!\x00\xd3\xd3\x02\x97\x8c\x00\x88\xc9\x02\x92%\x00\x8c\xbf\x02\x99\xb4\x00ҵ\x02\x98\xba\x00˫\x02\x93\xda\x00\x8a\xa1\x02\x92#\x00Ǘ\x02\xc1~\x02\x88\x82;\x85\x01\x06\x83y=\x83]\b\x8b\xa3\a\x83\x8c\b\x81\xb6\x13\x03With\x8c\x97\x06\x81+\x00\x82G\x00\x83\xad(\x84M\b\x84\xb0=\x8bM9\x93c\x06\x83\xc3/\x00a\x81\x9d=\x8aj\x06\x86i\x06\x91(\t\x81\xbc\t\x00I\x81\xab=\x80[$\x81\r\t\x82\xe56\xad\x1b\t\x84\xe7\x14\x82B\x00\x82]&\x83x2\x87\xc9?\x86\x11\x1f\x80!\x00\x84rA\x83\xfd\x03\x81\xbd\x06\x89\xc1:\x82\x06/\x86\xfe\x06\x04adAll\x83W\x00\x806\x00\x80J\n\x80>&\x83W\b\x86L&\x80\x06\x16\x004\x82\xf22\x83\xfb(\x81\xc3)\x00R\x828*\x84\xed(\x81\x11\x00\x00N\x86\x11\x00\x84\xcbA\x00V\x86\x11\x00\x84\xcbA\x00O\x84\xf6)\x83\xdd\x01\x01is\x81\x16\x01\x81X\x15\x97\xb5(\x82~\x00\x85\xdd\r\x831\x00\x8b\xc0\f\x81\xf6\x00\x84\xbd\f\x81#\x00\x85S\x15\x94\xbc\x01\x01in\x80\xac9\x01id\x80\xe6\b\x826\v\x80\xf1\x00\x85\xe5\b\x89\xe6\b\x8a\xdd9\x99\xee\n\x82I)\x85\xc6\x01\x85\xc2\x01\x8b7\b\x86\xce\x15\x86\xe4\x00\x83\x92?\x8b\xdf\x00\xc3l\x00\x80k\x00\x00h\x86\xe7\x16\x84\x14\x16\x83\xa5)\x81\xb1\x12\x00n\x83\x82\x00\x01ad\x88\xea\x01\x83/\x00\x83>B\x81g&\x81U\x02\x82\x10\x05\x83\x19\x00\x84\xe6*\x81\xeb\x01\x87\x14\x00\x83\xdb*\x81\xee\x01\x87\x14\x00\x83\xd0*\x81\xf1\x01\x87\x14\x00\x83\xc5*\x85\xf4\x01\x8b\xa5\x02\x81\x90\x02\x82\x84\x01\x85\x91\x02\x82\r\x00\x96\x91\x02\x81\x1e\x00\x84n\v\xa47\x02\x842\x00\x8c6\x02\x8e*\x03\x850\x02\xac.\x02\x8aT\n¼\x01\x854\x04\x80g\x0f\x00M\x80\x8cG\x00(\x80\"\x00\x81\n;\x9a\xd7E\x83J\x04\x8aj;\x00,\x81\x9d@\x81\xf8\x00\x81\x1b\x00\x89H\x1d\x81q\x01\x83\x7f\x00\x00P\x87/F\x84\x8a\v\x86\xc5F\x8a\x1b\x00\x83\x17\x00\x85\x7fF\x80F\x00\x00\"\x80\xd6\x00\x02pri\x80\x91\x05\x02ry\"\x80\xcf#\x83\xaf\x04\x87\x83\x01\x883H\x01\n\t\x87\xc1\x04\x83\x80\x00\x8aB\r\x8a\vH\x88\x16=\x91e\r\x94 \x00\x8f\xa9\r\x01 3\x86!\x05\x81=\x01\x8a\xf3$\x92*\f\x02iss\x80\xe9\x00\x85\x83\x05\x82FG\x03(-o)\x86\xe3\x01\x855\x00\x84\xb0C\x8e\xa2\r\x82_(\x855\x1f\x84x+\x83z\x00\x81u\x00\x80\n\x00\x81!\x00\x81\x11\x00\x86\xeaB\x84\"\x00\x82\x9b\x00\x002\x81\x1b\x05\x80\r\x00\x85N\x05\x00-\x82,\x05\x81\x11\x00\x84N\x05\x00s\x86\"/\x97:\x01\x85\xe0/\x80\xb5\x19\x81\a\x00\x81\xe2\x06\x80B\b\x88\n\x1c\x81\x86\x00\x80M\x00\x00\"\x88BD\x00\"\x90W\x00\x89n\x01\x9eT\x00\x89\xc6\x00\x001\x9e\xc7\x00\x00w\x86\x11\x00\x84\x15\x06\x83j2\x81\x11\x00\x84\x15\x06\x83\xae2\x81\x11\x00\x004\x83\x11\x00\x83\x1e4\x81\x11\x00\x005\x83\x11\x00\x83p1\x81\x11\x00\x006\x8dU\x00\x007\x86-\x01\x84\x11\x00\x008\x8d\x88\x00\x009\x83\x11\x00\x00g\x87\x99\x00\x84\xab\x00\x00u\x87\x12\x00\x84\xac\x00\x80\x9b\x00\x8f\x1c\x01\x90j\x02\x80\x9c>\xa4 \x01\x9e\x1f\x01\x80\xdb\x00\x83\x14*\x83N\x00\x81\xbd\a\x81\x18\x00\x8bL\x02\x9d\xc3\x02\x80*\x00\x80\xb88\x80\xec\x03\x81\x8c\x02\x01-o\x88\xd3\x06\x8f\xc4\x02\x90\xe9\x06\x83\x02\x03\x80KJ\x8b\xb1\x02\x84\x18\x00\x82\x15\x04\x82@;\x83%\x00\xc7\xfc\x00\x00t\xcf\xfc\x00\x89\xcf\a\xa2\xfc\x00\x83\xc6\x04\x8f\xfc\x00\x85\x13\v\x88\xb3\a\x83\xdb\x04\x81rK\x865\x00\x85\x9a\b\x87A\v\x87\xcf+\x86\x7f\x00\x94\xd5E\x85?\x00\x8f\x94\x00\x9f\xce\x03\x83\x9c\x05\x00-\x81\xe5\x1c\x84\xcf\x03\xc8D\x01\x88]\x00\x97\x1d\t\x8c5\x06\x8a<\x01\xa6\xc0\x00\x00l\x83]\x06\x9d\xc3\x00\x80S\b\x84^\x00\x82>\x00\x84/\x00\xb1\xd4\x00\x84q\x00\x9d\xd7\x00\x85\xf5\x06\xa3\xd6\x00\x8a\x10\x05\x001\x9d\xf5\x02\x83\xcf7\x88\x10\x05\x83\xe66\x88\x10\x05\x83\xf85\x88\x10\x05\x87!\x05\x84\x10\x05\x87D\x00\x84\x10\x05\x87f\x00\x95\x10\x05\x87v\x05\x84\x10\x05\x00z\x8e\x10\x05\x80x\x00\xcdK\x02\x82\x06\b\x00-\x81\x008\xad\x98\x03\x82 \x15\x00d\x86\x92\x13\x8a\xee\t\x92\xd3J\x84\xaa\x01\x86,\f\xa4\t\f\x82\xa2\x00\x82\xa28\x83\xd8H\x8e1\x00\x89X\x00\x8dL\x00\x97H\x02\x89c\x14\x8c\xcb\x00\xa7L\x02\x8fK\x02\x85?0\x88\xdf\t\x84\xa2\x01\x84\x14\x0e\x99\xf3\x00\x02too\x80*\n\x01ny\x83>\x00\x80\t8\x02les\x97\xc2\x00\x83}\v\x87i\x00\x81\xaf?\x83\xbb\x1d\x86\x13\x00\x84(\x02\x9e\xcc\x00\x85\x8a#\x84\x03\x04\x8d\xd0\x00\x94\xaf\x00\x05unknow\x81\xccN\x81j\x0f\x97\x9e\x01\x9d\x9a\x01\xa1o\x02\x82\x17#\x83_5\x810\x00\x85ZQ\x80^\x00\x82{\v\x84\r\x0f\x80\"\x00\x88\xbe3\x91\xb4\x00\x83\x0f\x10\x81\xf6?\x81\x82O\x83i\x01\x85\xba\x00\x93\xb9\x00\x94\xb8\x00\x8cs\x17\x9e\xf3\x01\xaf\xf2\x01\x8db\x00\x90\xef\x01\x82rP\x8c\xef\x01\x82\xee\x01\x83<\r\x89\x1f\b\x86\x97\x05\xd3l\v\x82!\x00\x8e\bT\x84\xae\x01\x83\x18\x00\x81\x12\x00\x03From\x84r\r\x87\x9d\x00\x83\x06\x0e\x8c\xb0\x06\x80\xaf\v\x89\xb1\x00\xaa[\x00\x8bK\x00\x83w\x0f\x88.\x00\x87=\x06\x8aM\x06\x87\x99\x11\x86\xc5\x01\x99\x9e\f\x01no\x90\xb5\x01\x9f\x94\f\x84\x01\x16\x9a\xcf\x1a\x81W\x04\x84\xb1\b\x86\t1\x8a\xef\x14\x82X\x1a\x9c%\x00\x81\xc8\x15\x9dH\x00\x887\x15\x91\xe3\x00\x00-\x80\x80\x15\x81(\x00\x03-gui\x80?\x00\x82\xef2\x80\xbcC\x00 \x84?\x00\x84\\\x00\x91r\x0f\x84G\x02\x83\x80\r\x8b\x8a\x02\x81\xd9\x01\x00-\x83\xda\x01\x84&\x00\x84rS\x87$\x00\x83\fS\nWR|O_CREATE\x80\t\x00\x04TRUNC\x84\xe7\x03\x848\x00\xab\xeb\x03\x835\x00\x93\xec\x03\x8a\x8c\x02\xa4\xf3\x03\x80\x03\x00\x81v\x10\x83^\x1a\x86\x99\x04\x93M\x14\x01[:\x88\xb8\x03\x9b\"\x12\x80\xdf\x00\x88W\x00\x8d\xeaU\x87\x1b\x00\x89\xd9\x10\x84\xb3D\x84\xbd\n\xacr\x00\x01}\n"
const compilerSourceData3Chunk0 = "2package main\n\nfunc renvoReadAll(fd int, out []byte)\x84\b\x00\t {\n\tbuf :=\x80=\x00\x02ke(\x83\x16\x00\v, 0, 1024)\n\t\x82I\x00\x01Tr\x80T\x00\x00B\x80\x1a\x00\x02s(&\x80/\x00\x05, cap(\x80\t\x00\x00)\x80!\x00\x02for\x81F\x00\x04\tbase\x81H\x00\x03len(\x80i\x00\x80\x1a\x00\x03\tif \x82\x16\x00\x00<\x820\x00\x81\x15\x00\x82*\x00\b\texpanded\x81/\x00\x80\x16\x00\x81\x13\x00\x8eg\x00\x85$\x00\x83l\x00\x81<\x00\x81R\x00\x01\tn\x814\x00\x00r\x80\xd8\x00\x80\xd5\x00\x01, \x85%\x00\x00[\x81g\x00\x05:], -1\x82&\x00\x80y\x00\x05n <= 0\x83p\x00\x80^\x00\x03turn\x85l\x00\x00}\x81\x05\x00\x81\f\x01\x00=\x86A\x00\x92\x83\x00\x80#\x00\x00,\x82\xc1\x00\x01+n\x82V\x00\acontinue\x80\f\x00\x81C\x00\x8b\x8b\x00\x82\x17\x01\x83\x7f\x00\x8c~\x00\x8a}\x00\x819\x00\x01//\x81.\x00\x03 has\x80\x97\x01\x03depe\x80\x05\x00\x05nt fix\x80\x13\x01\x00b\x80\xcc\x01\x12ing, so a scalar ap\x81%\x00\x0e loop avoids th\x81\x88\x00\x80K\x00\x06overlap\x80\xc0\x01\x06chinery\x80\x94\x00\x03quir\x81L\x00\x00y\x81'\x00\x02 ge\x80\x17\x00\x01al\x84F\x00\x02(ds\x80\xd7\x00\x06src...)\x80S\x00\x02wer\x80p\x00\x00.\x80M\x00\x81\xca\x01\x00i\x81\xd5\x00\x010;\x80\b\x00\x02< n\x80\a\x00\x01++\x83\xc5\x00\x83/\x01\x84B\x00\x83\x19\x01\x04uf[i]\x81\xf0\x00\x80\xd4\x00\x02}\n}\x89y\x02\x04EmitL\x80\x8d\x00\x02arP\x80]\x00\btStmt(g *\x82\x1c\x00\x83\x18\x00\x02Gen\x80\x85\x00\x80\x18\x00\x84\x16\x00\x81#\x00\x05) bool\x81p\x00\x82\x13\x00\x06NonNil(\x81\v\x01\x81\x1d\x00\x02\n\tp\x81\x9c\x00\x06g.prog\n\x81e\x01\x81\x17\x00\x00.\x80\xc2\x01\x05rStart\x80\xb1\x00\x030 ||\x8d\x16\x00\x00>\x81\xa4\x01\x81\xd9\x01\bokCount(p\x83\x85\x02\x84\x96\x01\x03fals\x80I\x01\x80\xc3\x00\x00e\x82_\x00\x83z\x00\x02ewE\x80A\x00\x05Parse(\x85\x04\x03\x82\x0e\x00\x81\x17\x00\x0eessionInto(ep, \x80\x03\x00\x8bs\x00\x88\x10\x00\x02End\x80?\x00\x80\xab\x00\x05!ep.ok\x81\x9f\x00\x81\x1f\x03\x80\r\x00\x81\x1e\x00\x03s) =\x85&\x02\x8e\x8f\x00\x03root\x81\x91\x00\x00&\x85-\x00\x00[\x8a:\x00\x02-1]\x82Y\x00\x81'\x00\x00.\x801\x02\x02d !\x84\xbd\x00\x81\xa3\x00\x02Cal\x82H\x01\x8fW\x00\x03buil\x80\xc5\x02\x82\x97\x01\x00l\x84\xc2\x02\x845\x00\x00I\x81\x86\x02\x04Code(\x80\xd3\x00\x81\xda\x00\x82\\\x00\x02lef\x80\x99\x01\x80\xa8\x00\x82(\x00\x82$\x00\x84=\x00\x80\x91\x01\x87F\x00\x8cX\x00\x80\xe9\x00\x87X\x00\x00s\x826\x00\x02Tex\x80}\x01\x8cZ\x00\x02, \"\x843\x00\x00\"\x81K\x04\x00m\x85\\\x00\x81S\x00\x84\xb5\x00\x81>\x01\x85i\x00\x03&& !\xa5X\x00\x824\x00\x00\"\x83\xed\x01\x00c\x80\xe5\x03\x02ida\x80\xf0\x04\x8aR\x01\x86/\x00\x80L\x01\x81h\x00\x86'\x00\x8fR\x01\x82k\x00\x81\xd7\x00\x87$\x00\x03name\x80\xe1\x01\x00-\x8b\x12\x00\x83v\x02\x80;\x00\x0124\x81/\x00\x83\xaf\x00\x82Q\x04\x04Equal\x83\xae\x00\x00.\x80\x7f\x03\x81\xd9\x04\x8e9\x00\x8d\x15\x00\x80`\x00\x80\xcb\x00\x82D\x00\x00_\x80\x9a\x04\x05time_F\x86&\x01\x84\xde\x00\x8c\xe6\x01\x82d\x04\x88K\x01\x03= tr\x82\xb5\x04\x85F\x01\x85\x11\x00\x80(\x00\x00f\x80\xc8\x02\x02dex\x86\b\x02\x00F\x80\xc3\x03\aInfoFrom\x81E\x02\x81~\x03\x8b\v\x02\x82\x91\x01\x88^\x00\x80\x93\x01\x85E\x00\x81\x81\x03\x92u\x02\x80\xc5\x04\x01le\x98|\x01\x81\xe3\x01\x8bS\x00\x00(\x85T\x00\x80\xbf\x03\x82\xd6\x03\x83\x9e\x00\x80\x96\x01\x01Lo\x80N\x00\x82\x1c\x00\x81\x9c\x00\x83Z\x00\x8b@\x01\x86\x12\x00\x81~\x03\x82A\x00\x94\xf2\x03\x80=\x05\x03More\x80$\x05\x00a\x80\x9f\x05\ane argum\x81\xe8\x01\fmust be evalu\x80\x8c\x01\vd completely\x80\x18\x00\x80)\x05\x01e \x85\xae\x00\x00s\x81x\x00\x00s\x82N\x00\x02wri\x80\x04\x03\x04g. Ke\x80N\x04\x02tho\x80\xfc\x06\x81\x90\x00\x00s\x80^\x00\x87\x8a\x05\aic path \x81\xcf\x01\x00l\x82\x17\x00\x81\xf4\x05\x81\xe0\x05\x81\x12\x06\x00a\x82J\x00\x81o\x00\x01ac\x81\x89\x00\x80V\x03\x00-\x81\x86\x00\x00e\x81i\x00\x00g\x80^\x00\x80\v\x01\x81\x84\x04\x80\xa7\x00\x01at\x80\x88\x04\x80\xb9\x05\x8e\x91\x01\x82\\\x01\x80\xcd\x00\x82\xf1\x04\x03 > 1\x93\x00\x01\x80\x17\b\x80\x93\x01\x001\x82A\x00\x8c\xc0\x03\x810\x00\x80\x1f\x00\x80\xc6\x02\x83*\x00\x8c\x1a\x06\x8aa\x00\x87&\x06\x80H\x00\x88\xaa\x03\x00i\x80z\x00\x000\x88\xb3\x03\x80\x14\x06\x84\x0e\x06\x80\xb9\x00\x82d\a\x81\xc2\x01\x05' ', f\x80\xa9\x01\x95\xca\x02\x80g\x00\x86\xa4\x02\x80>\x02\x80\x0f\x00\x84=\x02\tfirstArg+i\x81\xbf\x03\x80\x18\x00\x02Typ\x82e\x02\x84\xfc\b\x04solve\x81\x14\x00\x06(g.meta\x80\xc6\x02\x82\xc3\x04\x02nfe\x83\xdb\x05\x00d\x81\xd9\x03\x83!\x00\x83\xe6\x02\x85k\x00\x82k\b\x89\x84\x06\x84]\x00\x84\xdd\a\x8bm\x01\x84\x1c\x00\x8b3\x04\x81\x12\x00\x01St\x81Y\a\x96\xd8\x00\x80I\x00\x8a;\x00\x85c\x05\x8d;\x00\x81\x1d\x03\x86A\x01\x83\x19\x00\x00V\x81\x10\x02\x03Regs\x8e\xb9\x00\x8b\xf0\b\x85o\x00\x82p\x00\x02} e\x80\x0e\x00\x00 \x814\x06\x85g\x00\x00K\x80x\x00\x02IsS\x82d\b\x80\xd0\x06\x85\xe7\x00\x82\x90\x00\x84K\x00\x8a~\x00\x80$\x00\x813\x01\xa9v\x00\x83G\x01\vAsmNormalize\x80;\x01\x06maryFor\x81\x7f\x00\x06(&g.asm\x82M\x00\x87|\x00\x899\x00\x81\x87\x04\x04Label\x86+\x00\x83\x90\x00\x03nsur\x81M\x00\x00n\x81\x97\x00\x04Helpe\x80\x99\x00\x82\xba\x01\x84\xea\x00\x98y\x01\x87\xd3\x00\x00W\x80\xb3\x03\x00e\x8aP\x01\x98\x8c\x02\x81\x97\a\x83\x15\x00\x86\x92\x06\x86\xe9\x06\x94\xde\x02\x01\\n\x83\xdf\x02\x8f \t\x8e.\x00\x8f \t\x83\xf8\x03\x83\x92\v\x83\xc4\v\x94#\t\x80\xf6\x00\x04offse\x822\b\x81(\b\x82*\x01\x00.\x80G\x06\x00a\x80\x1b\x00\x87\r\x00\x87\xc3\t\x87\x14\x00\x84g\x00\x85\xe7\b\x80r\x01\x84\xa2\x01\x00D\x80\x1d\x00\x03Addr\x86x\x01\x83c\x00\x88)\x00\x01Se\x80\x13\v\x00d\x80+\x00\x02Imm\x86&\x00\x81\x03\v\x84&\x01\x9bf\x01\x8f\x13\x01\x8d'\x00\x8f\x12\x01\x9d\x06\x01\x00a\x82e\x06\x82\x8a\x00\x83\x1f\t\x837\x06\x80Y\v\x00T\x80a\x02\x80 \x01\x86f\x03\x82\x0f\x00\x80Z\x00\fuxKernelAmd64\x85\xc6\x04\x03g.c.\x88'\x00\x03Arch\x86\xdb\x03\x81\r\x00\x87-\x00\x91a\x02\x83'\x00\x81#\x00\x81\xd5\x00\x83_\x00\x82\xee\x01\x82\xdb\x00\x00(\x81\x93\x01\x857\x00\x86\x89\a\x80u\x00\x80H\x06\x80l\x00\x02IsW\x80\x02\x03\x01ow\x80\xff\x00\x8b\x85\x00\x01OS\x83\x98\x02\x94\x9f\x00\x85\xd9\x00\x81\r\x00\x02386\x83\x9d\x00\x00l\x818\x03\x86\x13\x05\x80Y\x00\x80\x1a\x00\x81\x94\x00\x81\x19\x0e\x82m\x01\x858\x03\x00,\x82\x8a\x00\x8ax\x03\x81(\x00\x0216(\x80 \x02\x050xc689\x8a\x1d\x00\x84#\x02\x81\xf8\x01\x80!\x00\x84v\r\x86\xb2\x03\x02opy\x84!\x00\x06ToTerti\x80\n\x00\x83\xf7\x00\x94A\x00\x81\x0e\x02\x95A\x00\x81\x00\x04\x04Word0\x8cB\x00\x87\x18\x04\x80A\x00\x82\xe9\x00\x84\x1f\x00\x88Y\x01\x85\xf0\x03\x9d1\x01\x01Aa\x80\x05\x00\x85\xd2\x01\x8e5\x01\x02Arm\x83\xcb\x01\xa17\x01\x92\xbc\x00\x001\xce\xfe\x00\xbe\x81\x01\xa6?\x01\x8f\x0f\x01\x85\xda\x02\x98\x0f\x01\xa1\x0e\x01\x99\r\x01\xa1\f\x01\x99\v\x01\xa0\n\x01\x9b\t\x01\x98\xa0\x03\x04Darwi\x81c\x05\x92\x9f\x03\x83W\x00\x83P\x02\x80^\x00\x02Mov\x80\xcc\x04\x80\x03\x00\x81^\x00\x002\x84\xbc\x06\x84\x1f\x00\x81\x19\x00\x01dx\x87\x8c\x00\x935\x00\x001\x8f5\x00\x00a\x975\x00\x84\x06\x01\x80\xc0\x11\x88I\x01\x83\xb2\x00\x82\xc7\x02\x81\xee\x00\x04Impor\x80\xee\a\x84Y\x00\x83\x1e\x00\x83\x15\x00\x82\xcf\x01\x91\x00\x01\x86m\x01\x02ush\x89\xaa\x01\x86\x18\x00\x01op\x8b\x9f\x01\xa0\x02\x02\x93\xc1\x01\x85\xf3\x05\x04uxSys\x82\x90\x00\x02Seq\x8dn\x01\x81\xb5\x03\x81\xec\a\x86\x8a\x06\x00y\x81*\x11\x80\xc3\x01\x87}\x06\x82\xbb\x00\x8ec\x06\x00B\x83\xe8\n\x86\xbb\x02\x91e\x06\x80\xbc\v\x83\x14\x00\x86\x05\x10\x04, idx\x83D\x13\x02seq\x84m\x00\x84T\x13\x01ff\x88\x10\x00\x96\xc3\x10\x01ep\x8d\x9e\x06\x8a\xce\x10\x85\xcc\n\x84\xe5\n\x83#\r\x80t\x00\x00]\x86\xe6\n\x80>\x00\x85\xd1\v\x8e$\x00\x85\x1a\x00\x82\xa7\x02\x86'\x00\x80\xb1\x06\x003\x95\xf9\v\x83\xa6\x0e\x8eI\x00\x00t\x80\xa4\x10\x00+\x81\x12\f\x01fd\x80=\r\x87\x16\x0e\x80\x92\x06\x81\f\x01\x00B\x80X\x00\x81\xef\a\x81o\x0f\x84D\x00\x81\xda\x00\x00.\x80Q\b\x81\xbe\x0f\x01dE\xb0C\x11\x816\x00\x82E\x11\x86Q\x00\x82|\x00\x847\x11\x81\x1e\x00\x889\x11\x82\x0f\x00\x9e;\x11\x01fd\x861\f\x8d5\x00\x00-\x84\xef\f\x92\xd4\n\x83\x8b\x00\x84>\x00\x944\x0e\x89\b\x03\x84\xb8\x02\x82u\x02\x80\a\x02\x8e\xa6\f\x86\xa1\f\x002\x80\xa1\f\x80!\x00\x02Con\x80W\x0e\x86s\x11\x80w\t\x82\x12\x00\x89S\v\x85G\x00\x86\xd1\t\x81\xa9\x02\x813\x00\x83\x89\x03\x80\xba\x00\x85H\x00\x81\x16\x01\x80~\f\x86\x0f\x00\x83,\n\x85\x83\x0f\x88=\x00\x86I\x11\x83\xc6\x04\x88\x1a\x00\x84N\b\x89R\x00\x84\xd3\b\x91\x98\x03\x8bj\x00\x8dh\v\x99(\f\x86\xd5\x00\x99\x9e\f\x89\xd1\x05\x8c\\\x01\x83\xb9\x00\x88\x05\r\alicePtrL\x81\xe9\n\x83c\x00\x8es\x01\x011]\x9d\xc1\x01\x80G\x0f\x01ar\x80i\n\x84\t\x04\x02Buf\x82m\x00\x8f#\x01\x88\xe3\x04\x89\x96\x00\x86\x18\x00\x80y\x05\x01eO\x823\x00\x80y\x00\x85\xb1\x00\x96\x18\x05\x98`\x00\x8do\x01\x84X\x04\x81Q\x00\x87j\x01\x93.\x00\x87\x96\x04\x860\x01\xa3\xaf\x06\x00i\x82\xf7\x05\x01ID\x81d\x02\x87E\x00\x86\x19\x02\x89\xa8\x00\x87,\x00\x80\xb6\x17\x86\x9e\x00\x87\xa6\x0f\x86\x9d\x04\x003\x93?\x00\x86#\x00\x02= 4\x89\xf2\x01\x8c\x9e\x06\x03Virt\x80)\x13\x80L\x01\x00s\x81\xda\x00\x85u\x00\x82\"\x0e\x82@\x00\x99\x9f\x06\xa2\b\x06\x80(\x00\x02Jge\x84\xf4\a\x84\xeb\x05\x80\x14\x00\x84\xfe\a\x83\xc7\x05\x8c\xc2\x05\x89\xaf\x06\x89\x19\v\x038d0f\x81\xd9\x05\x86y\r\x02a.c\x80B\x15\x8c.\x00\x0132\x82.\x00\x88\x16\x00\x80X\r\x04Reloc\x81\x18\x00\x00a\x80\xf4\x04\x84x\b\x8e\xa7\x00\x85\x9a\b\xbc\xa6\x00\x00cצ\x00\x81\xc7\x04\x84U\a\x82\x1f\x04\x91Q\a\x87\x18\x15\x823\a\x84\x9c\x13\x83\xc3\x00\x82,\x00\x82:\x00\x80\xb2\x11\x80\xee\x12\x91\xd6\r\x8d\xf9\x17\x82 \x00\x93T\x15\x88\n\x14\x87@\x15\x03iota\x84,\x15\x83\r\f\x82w\x05\x80\xb9\x00\x00I\x80\x19\x00\x80\x95\r\x00i\x82\xb9\x11\x8b\xaf\x19\x8d\x98\x00\x01Ok\x81C\x03\x899\x00\x86\xfb\x18\xb1\x93\x00\x02nil\x84\x92\x00\x97p\x00\x81\x8b\x01\xb3^\x00\aO_RDONLY\xdac\x00\x01WR\xa2c\x00\x81\x90\v\xb7\xc6\x00\x01WR\x9ea\x00\x002\xb8a\x00\x05CREATE\x87\x1c\x02\xa35\x05\x98\x8d\x00\x0151\x81\x8f\x00\x84\xdd\x04\x95%\x00\x006\x81Y\x1d\xb5\xb3\x00\x04TRUNCȲ\x00\x84\xe8\x1d\x9c\xb3\x00\x83\xd8\x00\x80$\x00\x00v\x80\x8f\x1c\x80\x02\x00\x8c\"\x00\x87\xf3\x11\x8fs\v\x83\x8a\x00\x00R\x83\xbe\x18\xaep\v\x84<\x18\x9e\\\v\xaaA\x11\x84U\x00\x8a\xd6\x1a\x82\xa9\x06\x82\xe1\x19\x8f\x1c\x00\x82\"\b\x8fI\x01\x82\xb4\x12\x83m\x00\x88Q\f\x83\x92\b\x80\xc1\x00\x86\xbd\x00\x8fL\x00\x85q\x01\x94\x8c\x00\x00O\x80\xa4\x13\x9ao\x00\x81!\x00\x88j\x00\x9cO\x00\x01Cl\x81\x8a\x18\x99P\x00\x82\"\x00\x90Q\x00\x95/\x00\x02hmo\x80D\x14\x89/\x00\x83\xcf\x02\xb7Y\x01\x00i\x83\xec\r\x81\xea\x05\x96)\x00\xaa\xf2\x02\x80*\x00\x85T\x00\x8aw\n\x98\v\x0e\x88\xba\x01\x93\x1a\x0f\x90\x18\x00\x00P\x81\xf5\x19\x83\x03\x12\x84\xf0\x16\xb9f\x00\x81'\x00\x91e\x00\x81g \x88\xe5\x01\x8a\xd9\x00\xafr\x00\xa2^\x0f\x91,\x00\x00A\x80\xdf\a\x93\x89\x0f\x92.\x02\xa7\x8a\x00\x81#\x00\xa4\x89\x00\x82\xd5\"\x96\x88\x00\x81\xc9\x1f\x8bi\x1c\x81\xd9\x0e\x8c{\x0f\x85&\f\x86\xb2\r\x00-\x83\x16\x0e\x00e\x895\x1b\x83\x0f\b\x8b+\x00\x84\x92\x02\x86\x8b\x1d\x05Unsafe\x80\xef\f\x80\x91\x00\x84\x83\f\x80\xe2\x00\x86\xb4\x0f\x9a\x17\x03\x86\xe4\x03\x8by\x00\x81:\x1e\x99\xbb\x18\xa7\xfe\x02\x96\x90\r\xaa\xc4\x00\x02+1)\xa2\xe0\x19\x8d\xb5\r\x92\xb9\x1a\x80\xb5\r\x89\x89\x00\x8a]\x01\xa2f\x00\xa3\x1c\x15\x87t\r\x8dy\x15\x8a\xb2\x18\x80\xd6\n\x02493\x82 \x00\x80s\x1d\x80\xd2\x04\x80g\x06\x82Y#\x83\x99\x00\x80\x18\x19\x03riad\x80\xaf\x1d\x86\x18\x1e\x03to o\x80\xb7\x01\x01. \x83~\x01\x00'\x80\xaf\x1d\x81\xb7\f\x84B\x00\x02ABI\x80\xda\x1d\x03sses\x8f;\x00\x86\x03\x1e\x80\xc6\x1d\x01ck\x81n#\x8d\xc0\x13\x81A\x01\x84\xf3\x13\x89\x1a\x00\x87%\x14\xa1.\r\x8e:\x04\x81f\x02\x80y\x14\x88\x05\x01\x86q\x00\x82\xde\v\x851\x14\x003\x80g\x14\x81\x04\x00\x0116\xc4F\x17\xff\x81\x02\xe7\x81\x02\x8e\xdf\x17\x01op\x86i\x02\x8a\x1b\x00\x93\xad\x15\x8e\xef\x01\x00i\x81\xc7\x16\x000\x81\x9c\v\xab9\x00\x001\x80\xf7\x15\x85\xd2\x02\x86\x8c\x00\x97]\x15\x83E\b\x94\xd0\x05\x92S\x0f\xb4\x19\x02\x00W\x80v\x05\x003\x84\xd6\x04\xff\x18\x02\xa2R\x1f\xef\x9b\x04\xe1\xa9\x01\xcdz\x01\x96\xfd\x1c\x90w\x01\xb3\x8e\x03\x98b\x00\x99q\x01\xa9%\x1d\x88\x9c\x01\x8b\"\x1a\x8bH \x95\xc1\x01\x89\x93\x00\x94_\x06\xbd\xe3\x01\x92\xe2\x01\x90\xa2\x1a\x9b\xfc\v\x8eh\b\x83\x17$\x94h\b\x96+\x02˦\x01\xa6\xbf\x0e\xaf\xfb\x06\x82\xfa\x00\x83\x90 \x91\x0f\x03\xa0\x95\x01\x84\x16\r\xbc\x96\x01\x91\xdd\t\x8e\x97\x16\xacr\x01\xa6\x98\x18\xcf\xf5\x03\x96{\x00\xa1\xea\x1b\x90\x0e\x17\xa8W\x1d\xac\x01\x02\x01Fc\x81\xa7\x0e\x84\xfe\b\x96\xd1\x1c\x97\xff\x01\x83@\x00\xb7{\x1c\x8b\a\x11\x01Ex\x81\xf7\x04\x02atu\x90\xd9\"\xa7\xd1\"\xa8k\a\x85\xa1\x00\x81}\x00\x008\x86\xdd\x00\x83!\x00\x01Op\x81\x8f\x00\x94\xb1\x02\xa9\xe8\t\xac\xc3\x03\x94\xe4\x1e\x80\xb8\b\x8d\xcc\b\x83\xe4\x1e\x92\xf8\x01\x98\xc0\x1e\x85\xd6\x00\x91\xbb\x05\xb0X!\x8cL\t\x8a\xea\x03\x88\xf1\x0e\xaa=\x01\x01rm\x8a\x9e\x01\xaf\xe2 \x8a\xe1 \x9d}\x04\xa5\x06\a\xa7?\x13\x98Y\t\x83a\x02\x82f$\x90\xa8\x01\x80\x19\x00\x87\xa5\x01\x03Proc\x80\x06\x1eȬ\x01\x8b\x03#\xb5\xab\x01\x93\xe6%\x91\xaf\x05\xa4/\x01\x92\xd2\x00\x90\x8a\"\x85Y#\xa79\x01\x90\x15\x1c\xafM\x02\x006\x82f\f\x916\x01\x87\xed(\x93J!\x80\xbd\x04\x00k\x83\xbf(\x83).\x90\xad'\x00n\x84\x14\x00\x85V.\x02, w\x80\x90\x00\x83\v\a\x99\xd1\x15\x00f\x81p3\xb4\xbe'\x89\x84\x12\x8c\x84'\x8d\xb2\x00\x81i\x00\x88\x93\x00\xac:\x1d\x89i\x00\x88\xa1\x04\x91\x1b\x01\x95i\x00\x8eZ\x00\x86\x7f\x02\x01OS\x84W\x02\x94\x7f\x02\x88\xb6\x1d\x85\xbc\x01\x80\xcf\x0f\x804\x00\x83w\x00\x84A\x02\x85\x93)\x03fn.l\x80\x93\x00\x02DLL\x85c!\x86\x11\x00\x82V\x18\x84\x0f\x00\x01Me\x80\xb3.\x86\x86!\x89\x14\x00\x82&\x00\x83\x81\x1b\x81\x9c\x18\x83\x9e\x01\xa5[\x04\x93\x16\x04\x85\x9c\x00\x85\xcb\x00\xc0\x8c\x06\x86H\x03\x85)\x06\x92\r\x01\x87Q\x1e\x89\x91\x01\xcc \x04\x8e\xd3\x03\xa8\x8b\x00\x8cv\x03\x80Y\x12\x86t\x03\x83\x89\x00\x87[\x02\x80\x1a\x00\x81,\x00\x00s\x80/\x10\x02 wh\x80P\x14\x81b\x12\x02dec\x80\xd0-\x82\x1d0\x81\xd0\x12\x00n\x80H4\x01a \x81\xb30\x02ign\x81N\x00\x82\xac$\x81\xd2/\x81-\x00\x80e0\x01iv\x80\x031\x82Y\x00\x05, zero\x82\x1c\x00\x80\x121\x01in\x80\xe9\x1c\x80\x1b\x1d\x83\x1c\x00\x01 b\x80\x91\x02\x82\x996\x80\xa12\x82.1\x81q\x00\x81P\x00\x81G\x00\x82T\x00\x00w\x80\xbf0\x00e\x80\xa6\x00\x8001\x00.\x92\x04\x1a\xbd/\x04\x80\x05\x00\xcc.\x04\x86\x1f\v\x8c\x83\x1b\x87\xec\x02\x9f>\x03\x01\"k\x82U\x00\x8c\x8d3\x000\x87K\r\x963\x05\x8d\x18\x04\x8aA\x00\x80\x93\x16\x89\xb9\x06\x80P\x00\xaa\xd8!\x84w\x00\x8c\xdf\v\x81\xe7\x00\x82=\x17\x96\xdf\x00\x00)\x81\xe3\x02\x02'/'\x8a\x8c\x00\x81 \x17\xdb\xce\x00\x9f\xb4\x1b\xb5\xcf\x00\x80\x06\x02\xe4\xcf\x00\x87^\x00\x8d\xfc\v\x84\xfd\x1c\x00A\x80\x11\x00\x02aDi\x80d\a\x00r\x80W\f\xaa\t\x1d\x9b\xfd\x1c\x92\xf3\x18\xa8{\x0e\xa3\xea\x04\x80\xc4\x1b\x99\xb2\x06\x82a\x03\x95\xa4$\x85\xf3\x04\x84o\b\x8bl\x05\x82C5\x80C%\x87\xcf\x06\x03ddUn\x81\xf5\x1e\x83\xef5\x81\xe8\x00\x83v\x00\x80\"2\x80\xa2\x0e\x81\xf2\x00\x01nd\xab1\x00\xc6\t\x0f\x9d\a\x0f\x01St\x80k\x05\x84\xfa\x00\x80P\x02\x01ck\x86\xfc\x00\x85\xe7\x00\xeb\x97\x0f\x97\x90\x00\x83D\x01\x87r\x06\x99\xaf\x02\x82:\x00\x03Rang\x82\xc5\x1b\x85\xca\x00\x87D\x00\x8e\x1f\n\x91D\x00\x81\xb8'\xf0\xf8\x02\x94\xff6\xff\xf8\x02\x80L\x00\x8b\x7f9\xa8Y\x1c\x00s\x81M\x01\xca\xf26\x80\x10\x01\x86U\x00\x90\xce6\x81\x1b\x00\x93I\x01\x04elemS\x80\xda5\x86\x8a\x00\x820\x00\x80\x11\x00\x86\x87\x00\x87X\x00\x81,\x00\x8d\x00\x03\x90\xd0)\x86\x98\x00\x93r\x00\xe11\x04\xaa\xd0\x03\x85-\x00\x01Mu\x80@\b\x83\xdc\r\x89\xfe\x01\x85\"\x01\x88*\x00\x81\xab\r\x85+\x00\x01To\x85H\x0f\x831\x00\x88'\x00\x03Load\x85'\x00\x9e~\x00\x80\xd5\x00\x85\xfe\r\x85a\x0e\x8eQ\x00\xff\x0f\x04\x91D\x00\x91\x1c@\x84\xe3\x01\x82\x06$\x84\xbe\x01\xa7\xfc5\x80\xe6(\xab\xef\x01\x00d\x80\xd3\n\x82m)\x89T\r\x80\xc6.\x84\x81)\x8c\x93\x01\x8aA\x01\x81\xe1\x02\x8d\x8d\x01\x819\x04\x84d\x1d\x01ax\x80\v\x02\x83])\x034095\x8e#\x00\x00n\x8a#\x00\x00-\x80$\x00\x81\x84\x1d\x97\xb0\x01\x91o\x00\x93\x96\x00\x88\xd2\x01\xa7q\x00\x8fr\x02\x93q\x00\x02Sub\x8dm\x02\x89&\x01\x92\xb8\x00\x83\x96\x01\x89\x06\x03\x00m\x85T-\x80\x90\x00\x82\xa5\x14\x87\x80*\x84\xaf\x00\x02Jcc\x86\x9f3\x80\xcb*\x80\x1b\x06\x86\xab\x01\xad\x95\x01\x9a!\x11\x99J\x00\x8f\xb8\x00\x9f\xec\x16\x8e\f\x1a\x89\b\x17\x8a\x84\x11\x0128\x96O\x16\x84V\x04\x02ark\x86\x04\x01\x91\xfe\x00\x8bP\x00\x83C\x01\x98\xbb\x11\x89\x8d\x03\x81\\\x00\xf0\x94\a\x94\xbb1\x8a\xc4\x03\x82^\x00\x83*\x1c\x03Heap\x83d/\x80#\f\x82\xdf\x00\x02ady\xae\xaf\x03\x01Bs\x82)\x18\x80*\f\x89U\x00\x88,\x00\x02Jnz\x86\xd2\x14\x81\"\x04\x85e\x00\x8fk\x01\x80K\x00\x82\x1c;\x8cO\x00\x814;\x8c'\x03\x88\b\x03\x9e\x80\x00\x8a\xe9\x01\x92\x7f\x00\xa3\xce\x00\xa4\xfc\x01\x802\b\x00e\x92\xb1-\xf6\x91\t\xe0\xa3\v\x93Q\x02\x8fy\x02\xa7\xbc\x01\xa4n\x01\x06Persist\xffq\x03\x8e\x13\x01\x82\x8f>\x83\x9e\x00\x802\x1e\x84\x1b\x02\x80}\x02\x84k\x03\x92z\x02\x856\b\x89\x11\x01\x80\x0f\x11\xb3\x14\x01\xff\x89\x02\xff\x89\x02\x91\x89\x02\xa1\x01\x15\x82\xa3\f\x80\n6\x8f\xa3\f\x85'\x00\x8e\xa3\f\x99\x86\x01\x04Madvi\x81\xf6\x1e\x995\x1d\x9c\x19\x03\xbb\b\x02\x86\x82\x00\x8f&\x1d\x9d\xf6\t\x80\x90\x00\x00k\xab\xf7\t\x01ol\xac\x17\f\xb0{\f،\n\x92f\t\x84\x06\x01\x8c\xaf\b\x80\xa8\x01\x00T\x80t\x02\x80$\x00\x02Slo\x82]\x1a\x8f\xb3\x01\x80w6\x82\x10\x01\x9c\x0f\t\x8fa\x00\xa7\x11\x02\x97V\x00\x8c{\x00\xffB\v\x90\xea\x00\xffC\v\xffC\v\xffC\v\xc8C\v\x8br7\x91t\x02\x89{7\x02imm\xaay7\x02054\x89\x99\x00\x87f7\x80I\x00\x95|\x00\x89[\x02\xb9|\x00\x002\xa7|\x00\x94\x8e\x05\x83\xa1\x06\xff\x97\a\x92\x97\a\x94\xb8)\u009f\a\x8aT\x06\x80V\x18\xdd\xef\x05\x01es\xacR\x06\x92\"\x04\x85-\x03\x87\xbd\x03\x82\xba\x00\x8d{\x03\x8c\xed\t\x00l\x80\xe09\x87\x80\x12\x80k\x00\x8e\xa9\x03\x92\x87\x04\x84\xb4\x00\x89U\x00\x82e\x06\x81G\x1b\x80O\x00\x86`\x00\x82\x1f\x12\x8a\x88\x00\x8e<\x00\x8c1\x04\x8e\xc7\x00\x84/\x00\x8a\x9a\x00\xabW\b\x83\xd0S\xb7\xc8\x02\x97\x0f\x13\x85*\x03\x83\xda\x16\x88\x105\xa2`\x03\xff\x10\x17\x8a\xf6\x02\xff\x8e\x16\xac\x8e\x16\x86`Q\x86F\x16\x9c\x1aM\xfd\xea\x03\x81\xcbK\x80\xe6\x16\xff\x1f\x04\x97\x1f\x04\xb2\xbf\a\x92\xbf\b\x8c\f\x17\x85\x00\x02\x9d\x1d\x18\x8cd\x00\x8f$\x17\x9e#\t\x87f\x01\xa5\xf4\x04\x8f2\x00\xc9\xf8\x04\x87^\x00\xc2\xfc\x04\x98d\n\xa3\"\x05\x94\xb1\x00\x90\x84\x17\x83\x11\x03\x82\x82\x17\x84\xec\x02\x82\f\x00\x85\x92\x02\x91\x8f\b\x863\x10\x8aj\x00\x89\x0f\x01\x8e\xd4\x00\x8f\x1bO\x96\xab\x01\x90\xa4\x00\x80K\x02\x99\x8c\x00\x92\xd9\x11\x92\xeb\n\x83I\x00\x89\x7f\x02\x89\x1aJ\x83\x9d\x00\x83uP\x8b\x9f\x00\x89|P\x86\xc3\x00\x82\xe8\x05\x82\x1f\x00\x82\x89#\x02Che\x80f\x00\x80\x90\x00\x95\x91H\x80\xde\r\xe4\n\x06\x93-X\x80K\x05\xa2%\x06\x83\xb0!\x8a\xea\x05\x81\r\x00\x810V\xb8&\x11\x88\v\"\x82[\x00\x97\xdcG\x84\xa6\x01\x84\xebP\xb1\x10\x05\x82\xf1\x01\x89\x9d\x1b\x87S\x00\x95\xa2\x04\x87\x9a\x00\x8a\xe4\x01\x99R\x04\x87U\x00\x9a\xb4\x03\x8f\x84\x00\x92\x80\x02\x90\xfaR\x00M\x80\xaf]\x00Z\x80\xae%\x8b~\x02\x98\xf6\x03\x93\xe1\x13\xafd\x11\x82\x1d\x00ܖ\x17\x8e0\x10Й\x17\x88\xcaL\x88\xd3\x00\x82\x1c\x01\x83\xfd\x01\x89\x8a\x06\x8d\x1c4\x85\x18\x00\x90r\x1d\x95\x9f\x06\x99\xe7\x00\x80\x86]\x82\x90\x01\xdd\xd2\x18\x8ah\x00\xb8<\x01\xb7\xd5\x18\x95\x82\x00\x96\xfa\x18\x8e\xc8\x02\x05Arbitr\x81B\x03\x84\xe7\x0f\xecA\v\x00<\x80\x1b\x05\x8b.\x05\x02> 7\x9e&.\x9e\xae'\x8b~\x05\x97]T\x05number\x9bFL\xae~\x05\x81\xbe<\x00T\x80\xc7)\x83\xa6\x00\x01 d\x80>`\x00c\x80\xe3\x01\x06y adapt\x80o\x00\x00u\x81\xd5<\x81\xf5)\x81\x99Z\x04iler-\x80K\x01\x80\xef\x01\x00s\x80\xe3<\x00s\x80\xb7\t\x81.\x00\x00,\x83H\x00\x02whi\x80\xa3\x16\x80y*\x82[`\x80;[\x805=\x03libc\x80\xfdZ\x00t\x81Y\x00\x818\x00\x80M\x00\x80\xa1*\x00h\x80Y\x00\x82|[\x03issu\x80)\x00\x81\xfeZ\x80\x18\x00\x00w\x83H\x00\x84\x8c\x00\x00s\x84]O\x83\xf8\x00\x819=\x81\a\x10\x84\x0e\x00\x83\x1aN\x84\r\x00\x83\x02M\x81\xe8&\x001\x83\x90\x01\x90?\x01\x80\x03\x00\x86\xccZ\x88r\x01\x80\x17N\x81\xd9Z\x81,\\\x80\b\x00\x01--\x82?\x00\xb6\x10\r\x01+i\x81S\x01\x8b\xae\x10\x83\xc6\x00\x81!L\x93=Y\xa4J9\x86\xcf!\x87o(\x8dd\x00\x81\x8b\a\x83]\x06\x81j\x00\x86\xe4\x00\x82J\x03\x85L,\x86\xca\x00\x81c\x06\x02JIT\x81\xaf\x01\x80$,\x00r\x80\xe1b\x804 \x02-on\x80\xe7\\\x00e\x80N\x00\x80\x8b\a\x02hat\x80\xcf\x01\x80\x00\x02\x86Ob\x00b\x80\x05P\x00l\x803c\x81M\x00\x01un\x80\xd1\\\a. It swi\x80)\x00\x80\xd9\x01\x80\xef\x01\x82\xd3\x01\x01ol\x829]\x00n\x80\x00\t\x80a,\x82\xf7>\x82;,\x83\x11]\x00a\x80\x14\x02\x04nked-\x80\xd8\x00\x01ge\x81L\x00\x81\x19\x02\x00y\x84{\x02\x01ly\x83D]\x81\x05[\x01th\x81\x9d\x00\x8b~\x02\x81\xc9\x03\x84~\x02\x84\x0fc\x80\xb0\x03\x01os\x80/\x00\x81J\x00\x00a\x85\"\x04\x800\x00\x80\xd4?\x01po\x80.\x00\x80\xfd\x06\x82E\x00\x00r\x80\xc4,\x81\x1a\x00\x00G\x80\xe7,\x80W\x04\x82%-\x829\x02\x00s\x8d\xb3,\x80\x17\x01\x95\xaa,ܠ\x0f\x006\x90r&\x9b\xe95\x8cx\x04\xa6\xe3\x02Ǉ(\x00i\xac\x13<\x89\xc9\x02\xb3\xf3\x1a\x8aq'\x8dX8\x8a\xf7\x14\x83\x15\x17\x01x5\x8a\x9aV\x8f\xa4?\x95\xec\a\x92^\x15\x02584\x8a\x885\x8a\x1c\x00\x009\x8f\x1c\x00\x82V.\x80\x1e\x00\x04\"\\x53\x80\x04\x00\x045\\x41\x80\b\x00\x004\x84\b\x00\x85\x10\x00\x006\x84\b\x00\x007\x81\x10c\x95B\x00\b48\\x89\\xf\x80\b\x00\x004\x80\b\x00\x81\f\x00\x01e2\x88\x18\x00\x81V\x00\x81\f\x00\x80j\x00\x05ec\\x10\x80\x10\x00\x80\b\x00\x81\x1c\x00\x81r\x00\x002\x80\x04\x00\x0108\xa1b\x00\x01d7\x87\f\x00\x01ce\x87F\x00\x00c\x81n\x00\x85\f\x00\x81r\x00\x00f\x80,\x00\x000\x9aR\x00\x84\xa8\x00\x86:\x00\x00b\x80\x8c\x00\x80\b\x00\x83\x8c\x00\x87N\x00\x01dc\x9aF\x00\x81\x1c\x01\x80l\x00\x82\b\x00\x81\x90\x00\x81\b\x00\x00d\x84\b\x00\x80B\x00\x81\f\x00\x005\x80Z\x00\x86N\x00\x85\x94\x00\xb6\x197\x95\xc5\x01\x81\xbf\x00\x80\x81\x00\x015a\x80\x04\x00\x81W\x01\x80\xc3\x00\x015f\x99\xbb\x00\x81\x8f\x00\x006\x80\xdf\x01\x00f\x84\x9b\x00\x81\xa5\x01\x85\xa1\x01\x81\x01\x01\x005\x80k\x01\x005\x80\xa9\x01\x005\x81\xcb\x00\x80%\x01\x82S\x01\x003\x9aR\x00\x80>\x00\x00c\x80F\x00\x81\xdf\x01\x82O\x01\x85\xdb\x01\x81Z\x00\x81\xfd\x00\x004\xb5\xfd\x00\x8eV3\x88\xa7D\x01op\x95\xa6D\x82\xf7\x06\xa6/\x00\x00s\xab/\x00\x92)Y\x97/\x00\x00c\xab/\x00\x81*\x19\xa7.\x00\x82\f]\x8c.\x00\x8a\xd0:\x009\xa4\x1e\x01\x8b\xe9Y\x90\x06;\x92%\x01\x81\a\x02\x83j\x04\x009\x80&D\x0503eb) \x81\x7fF\x04DD X1\x80\xc4E\x04SP, #\x81\x802\x9b8\x00\x0215f\x868\x00\x813\x00\x00X\x81\x81\x00\x9b8\x00\x00d\x808\x00\x0143\x80\xde\v\x818\x00\x02SUB\x828\x00\x82o\x00\x0116\x8f8\x00\x82&\f\x80\xc6\x00\x01Me\x83\xa19\x84cF\x008\x80\x03\x00\x9d\f\x01\x90\v\x01\xb2*[\x92\a\x02\x9d\x94[\x9e\x9e\x00\x003\xa3\x13\x02\x888\x01\x0563f012\x80\x89f\x808\x01\x05BLR X9\x8f/\x00\x81\xd7\r\xa6.\x01\x8d\xcc\x01\x007\x8d\xcc\x01\x80;\x00\x84\xcc\x01\xbc\xa3<\x01rm\x90\f\x03\x01rm\x8d\xd4\x02\x98'\x00\x89\xc5\x02\x99N\x00\x88\xac\x01\x98'\x00\x89\xd3\x01\x98'\x00\x885\x01\x98&\x00\x88\xb7\x01\x82&\x00\x8a\xe7\x01\x88)\x00\x01Tm\x85\x12\t\x95\xfb\x00\x98:\x00\x86c\x02\x94\x0f\x01\x95;\x00\x81\x8c\x0f\x8a\x11\x00\x00S\x81D\n\xa1:\x00\x00S\x8b\xae\x00\x81\x84\x00\x8c:\x00\x8a\xfdI\x97:\x00\x81\x0f\x00\x00-\x8dK\x01\x8c\xd8\x03\x9b\xb2\x00\x80\xb6\x1f\x83\xb9\x1f\x96\xb8\x00\x86\xec\x03\x94\a\x02\x93\xe4\x03\x94\r\x02\x93\xdc\x03\x93\x13\x02\x93\xd4\x03\x93\x19\x02\x87p\x03\ae12fff39\x84\xcc\x03\x02X R\x87\xcc\x03\x82+\x00\x8b\xc8\x03\xbd\x1e\x01\x97\x9c\x01\x81O\x00\x91\xe0\a\x8a\x82\v\x8e?\x11\x89\x8a\x0e\xc8\xda\f\x01ty\x87\xfc]\x98\xe2\x1b\x83,R\x85w7\x82\xa2\x15\x00s\x85g \x85m\x15\x00y\x8b\xa2o\x87\xba\x00\x914H\x89}R\x89T\x00\x83[\x1d\x8dS\x00\x8fw2\x8e1\x1c\x81Q\x00\x98\xca\f\x92k\x01\x86S\x00\x8cC\r\x93\n\x1e\x8f\xa8\x0f\x8f\x88\x01\xa1(?\x8d\x99\x15\xb5:\r\x8d\xa6I\x87|\x00\x85:l\x98h\r\x84F9\x894\x00\x86\xbfP\x834\x00\x8e\x82\r\x903\x00\x83\xa8`\x98\x9c\r\x904\x00\x86#\x13\x864\x00\x94\xead\x81\x81\x00\x0124\x83\x82\x00\x04ca894\x82\xdc\x03\x90R\x00\x005\x8f\xb9\x00\x8d\xef\r\x906\x00\x8cFJ\x91\t\x0e\x8a#JǱC\x89\x86\x00\x96\xf2\x12\xf4\xea\x01\x95d\x01\xc0\xea\x01\xa1Q\x02\x90\xcb\x01\x853\x00\x81\x9b\x16\x98\xc8\x01\x80\xd5\x05\x82.+\x01/i\x81j\x01\x80\xa84\x82\xae\x14\x82\xbaQ\x01ix\x80\xb6o\x85\x90\x14\x80\x9e\x01\x83\x14R\x80\xa4\x14\aEBP. Exc\x80\xcc\x14\x80\xcc\x12\x83E\x00\x02it \x80\x12\x13\x00h\x83:\x00\x01av\x80\n\x13\x01fr\x80\xa4\x1a\x85\x8e\x12\x80P]\x82\x1b\x00\x00t\x80\xd2u\x00o\x80'\x16\x80\v\x00\x81\x14\x12\x83\x19c\x84C\x00\x824\x13\x80\xbe\x04\x81\xd9?\x80\x1a\x00\x81v\a\x81k\x00\x02 af\x81A\x00\x81\r?\x80\xcd'\x000\x88LR\x8f\"\x0e\x80T\x0e\x002\x82e\x0f\x82\n\x0e\x93\x85\x02\x92&\x01\x85\x93h\x956K\xbd\xc7\x02\xb3DH\x8a\xb3\x01\x87'\x17\x8d\xf7\x02\x89\x99O\x90\xcf\r\x89\xcbj\x90\x1f\x00\x92xQ\x87\x1f\x00\x89hF\x90\x1f\x00\x83kS\x816x\x84\xb4!\x04a.bss\x81R\x1a\x81\x18\x00\x86\r\x00\x04 += 8\x90I\x00\x83\xfc\a\x01Ab\x82T\x19\x80\x94\b\x84I\x00\x85\xf9\a\x01bs\x80o\x19\x82\x94_\x87\x86\x00\xa7\x1eI\x00G\x89\x82\x17\x9a\xe1\x01\x9f\x05\x0f\x80\x01\x02\x9dF\x04\x95\\\x01\x9dJ\x04\x95u\x01\x9dO\x04\x95\x8e\x01\x9dS\x04\x908\x00\x82\xf8I\x9dX\x04\x908\x00\x86J]\x99%\x06\x908\x00\x81\xd4,\x91\x7f\x01\x88C\x0e\x004\x80\xe7\r\x80\xe9\r\xb5p\x03\xa4\xd4\r\xa0\xd7\x01\x8c=\x00\xa2\xd3\x01\x8c4\x00\xa2\xcf\x01\x8c4\x00\xa2\xcb\x01\x8c4\x00\xa2\xc7\x01\x8c4\x00\xa2\xc3\x01\x8c4\x00\x8c\xbf\x01\x8d2\f\x00f\x82\xbb\x01\x92\x03>\xb0\xd3M\x83\x10\x00\x82T(\x88\xbf\x01\x85\xd8M\x83\x95\x00\x8a\x15\x00\x81M\f\x83OM\x98\xd7\x01\xb2V\x00\x83\x06\x0f\x9c\xfd\x01\xb2Z\x00\x83%\x0f\x9c#\x02\xb3\xb4\x00\x89._\x95I\x02"
const compilerSourceData3Chunk1 = "\xb2Z\x00\x83\x8d\x0e\x9co\x02\xb2Z\x00\x82\xba\x0e\x9c\x94\x02\xb2Y\x00\x86\xa7\t\xa2\xd8\a\x8cZ\x0e"
const compilerSourceData4Chunk0 = "5package main\n\nfunc compileLinuxTarget(input []int, out\x81\x0e\x00\x82\f\x00\x00t\x82 \x00\x81\f\x00\x00)\x81\x05\x00\t {\n\treturn\x85F\x00\x89A\x00\x85;\x00\x857\x00\x05, 0)\n}\x84v\x00\x04renvo\x82t\x00\vSysWriteSeq(\x82\x16\x00\x83D\x00\x03Arch\x8ai\x00\x01if\x835\x00\x88\x1f\x00\x01==\x83\x13\x00\x81\r\x00\x01Aa\x80\x05\x00\x0164\x81*\x00\x85\x94\x00\x0464\n\t}\x9f9\x00\x01rm\x895\x00\xa24\x00\x02386\x8f4\x00\x84\r\x00\x001\x93\xe4\x00\x03Read\xd0\xe3\x00\x003\xb0\xe3\x00\xa24\x00\x8c\xe3\x00\x834\x00\x84\r\x00\x000\x97\xe3\x00\x01At\xcd\xe2\x00\x007\xb0\xe2\x00\x02180\xb0\xe4\x00\x856\x00\x85\x0f\x00\x007\x98\xae\x02\xcf\xe8\x00\x008\xb2\xe8\x00\x001\xb2\xe8\x00\x836\x00\x86\x0f\x00\x93\xe8\x00\x03Open\xcc\xe5\x00\x0156\xb0\xe5\x00\x005\xb0\xe3\x00\x834\x00\x84\r\x00\x002\x93\xe0\x00\x04Close\xcd\xe1\x00\xb1\xae\x02\xa2\x15\x01\x8c\xe1\x00\x834\x00\x86\x9d\x03\x92\xe1\x00\x05Fchmod\xcd\xe2\x00\x002\xb0\xe2\x00\x009\xb1V\x05\x845\x00\x85\x0e\x00\x8cX\x05\tAsmPrepare\x81w\x04\x82\x94\x03\x06Buf(a *\x85\x1f\x00\x00)\x83\x9f\x06\x80\r\x00\bNonNil(a)\x82\x83\x00\x03a.c.\x99\x87\x00\x05Wasm32\x84\x8a\x00\x80\x14\x00\x83\x10\x00\x80Q\x00\bMovRsiRax\x82J\x00\x89\x1d\x00\x06EmitReg\x80\x03\x00\x02(a,\x83J\x00\x83\x19\x00\x01Op\x815\x00\x82\x1a\x00\x8a\x18\x00\x81\x13\x00\x01dx\x8e\x13\x00\x01cx\x83Y\x00\x81\xf2\x00\x852\x01\x9d\xaf\x00\x8b\xa4\x01\x81\x15\x00\x83\x11\x00\x95!\x01\xb0b\x00\x86\xcd\x01\x82\x11\x00\x00m\xc7Z\x00\x87\xf2\x01\x80\x11\x00\x80\r\x00\xa4Z\x00\x83@\x00\x01md\x99\xe5\x00\x8d-\x02\x80\x88\x01\x04eOffs\x81\x86\x00\x80\xa6\x01\xd5'\x02\xb2\n\x02\x0110\x8e\x13\x00\x00a\xcb\n\x02\x8c\xfe\x00\xc2\x04\x02\xbeT\x00\x90\xfe\x01\x9bT\x00\x8a\xf8\x01\x8e+\x00\x01}\n"
const compilerSourceData5Chunk0 = "-package main\n\nfunc renvoWinAmd64CallImport(a *\x82\x1b\x00\x05Asm, i\x82\x14\x00\nID int) {\n\t\x82\x1b\x00\x1fNonNil(a)\n\t// Expression evaluat\x81\v\x00\x02can\x80c\x00\x1dach this boundary at either st\x80\x95\x00\a parity.\x82J\x00\x00P\x80H\x00\berve r12 \x80D\x00\x80'\x00\b original\x83/\x00\n, use it to\x80^\x00\x02cov\x80H\x00\x81&\x00\rexact rsp, and\x82M\x00\x06constru\x80\x17\x00\x02a f\x80Y\x00\x00h\x80\x1b\x00\x06ligned \x80\xf6\x00\n64 shadow a\x80\xa6\x00\x02 fo\x83H\x00\x83\xf0\x00\x80#\x00\x00c\x80\x11\x01\x80\x95\x00\x01ba\x80o\x00\f:= len(a.code\x80\xf4\x00\x85\x1f\x01\x06EmitTex\x803\x01\n, \"\\x41\\x54\x80\b\x00\x039\\x8\x80\x04\x00\x00e\x81\f\x00\x008\x80\f\x00\x003\x83\f\x00\x01f0\x88\x10\x00\x03c\\x2\x80\x10\x00\bff\\x15\\x0\x80\f\x00\x89\x04\x00\x85D\x00\x00c\x80,\x00\x004\x80,\x00\x86P\x00\x81d\x00\x80\x10\x00\x85\x14\x00\x02d8\"\x88\x91\x00\x02Add\x80\xdb\x00\x83\xc8\x01\x04Reloc\x81\x9a\x00\x81\xc3\x00\x02+15\x87\xcc\x01\x02)\n}\x8c\x03\x02\x02386\xb6\x01\x02\x89\r\x01\x0116\x81q\x00\x000\x80\xd2\x00\x01ff\x80\x1b\x00\x80\xeb\x01\x99;\x01\x0132\x82.\x00\x9d\xc0\x00\x01at\x99\xbb\x00\x82\xbe\x02\x03Load\x836\x00\x05PtrRax\xb8\xc3\x00\x0124\x83\xc3\x00\x05058b48\xf7\xc5\x00\x009\xc1\xc4\x00\x00d\x80\xc4\x00\x00c\xf7\xc4\x00\x0110\xc0\xc5\x00\x001\x81\x89\x01\xe5\xc5\x00\x80\t\x03\xc8L\x02\x008\x83\xc2\x00\x01a1\xf5\xbe\x00\x01si\xc0\xcd\x03\x003\x80\x81\x01\xe7\xc1\x00\nStoreEcxBss\x8b\xbc\x00\x05bssOff\xaa\xba\x00\x80\x00\x03\x009\xb4\xba\x00\x02Abs\x8a\xb4\x00\x83~\x00\x00,\x83\xaa\x00\x80\x1d\x00\x80\x9f\x00\x82 \x00\x92\xc4\x00\x04MovEb\x81\xc2\x00\x80I\x00\x00r\xb6\xc6\x00\x84>\x02\x00b\xb5}\x01\xbe\xc3\x00\x82\x85\x01\xc2\xc3\x00\xf6\x86\x01\x01di\xc5\xc3\x00\xb5\xd0\x06\xba\xc3\x00\x03Push\xc4\xc1\x00\x006\xb5\xcc\x06\xba\xc1\x00\x81\x8f\x04\x01Es\x81\x85\x01\xbe\xcd\x03\xb8\x87\x04\xbf\xc3\x00\x00a\xba\x90\x04\xbd\b\x06\xb7\xc0\x00\x82\x95\a\x81X\x00\x04ReadW\x80i\v\beHelper(g\x84\xcb\x00\bLinearGen\x80\x97\x05\x00s\x82!\x00\x80\xaa\v\x02ol)\x81\xd8\x00\x8d\xd7\x00\x00g\x83\xef\v\x00T\x80'\v\x05templa\x80-\x00\x80\xda\v\x817\v\x04relax\x806\v\x80G\v\x03m of\x83K\v\x84\x7f\v\x81\r\f\bsequence \x80*\f\x06viously\x82L\x00\x06assembl\x80:\x00\x01on\x80\xeb\v\x80\x9a\x00\x83=\f\x80&\x01\x06a time.\x81^\f\x02lic\x80\xf2\v\x80d\x00\x01oc\x82\x1f\x00\x00s\x82\xfb\v\x01rd\x82g\x00\x02BSS\x86\xf3\v\x83Z\x06\x83H\x00\x01nd\x81\x9b\x00\x80I\x00\x06still v\x81|\f\x05betwee\x80\x9c\f\x04ompil\x80;\f\x00i\x80\xde\x00\x85T\x00\x802\x00\x80\xa8\x00\x06lf-host\x80\xfb\v\x00a\x81\xa9\x01\b&g.asm\n\ti\x80\xea\x01\x84 \x01\x80\x16\x01\x81\x0f\x00\x04g.win\x82\x12\x00\x81`\x01\x813\f\x81\x19\x00\x801\x01\x03turn\x88\x1e\x00\x04Label\x80\x1a\x00\x06}\n\t} el\x81\xbe\f\x84=\x00\x81\x94\x01\x89<\x00\x89;\x00\x81\x1c\x00\x84:\x00\x809\x00\x00l\x81\n\x00\x81\x8f\x00\x85\x15\x02\x02New\x82\x1e\x00\x82k\x02\x8c\x9c\x00\x8f\x99\x00\x01= \x80\x89\x01\x00e\x8a\x1b\x00\x82>\x00\x80\x19\x00\x82Z\x00\x86\x9a\x00\x86?\x00\x89\x9b\x00\x8b>\x00\x86\x99\x00\x88=\x00\x02\n\tc\x80\xde\r\x00t\x81\x0f\x03\x80\xa4\x00\x01a.\x80\xa0\x02\x02Siz\x803\x00\x86\v\x00\b += 8\n\tpo\x824\x03\x9b%\x00\x86\xa5\b\x85\xf0\x00\x88F\b\x02adF\x80\xb8\x01\x80I\x00\x04refix\x81\"\x00\x80x\r\x00e\x80\b\r\x0132\x808\r\x80\x1c\r\x85@\r\x0157\x80\x04\x00\x006\x80\x04\x00\x80\x18\x00\x005\x80\x18\x00\x85x\r\x007\x81x\r\x80H\r\x001\x80\x10\x00\x81(\x00\x007\x80\f\x00\x000\x80$\x00\x01eb\x83\x14\x00\x00b\x80L\x00\x02f6\"\x8f\xf1\x01\x85\x95\x00\x8d\x94\x00\x82#\x00\x83\x95\x00\x85\x96\x00\x86\x95\x00\x81\r\x0e\xae\x95\x00\x80\x18\x00\x82\x95\x00\x00a\x94 \x00\x80<\x00\x81 \x00\x001\x80\x14\x00\x81\xb5\x00\x81\xf9\x00\x82\xb5\x00\x80E\x0e\x81M\x0e\x85\x04\x00\x8ai\x0e\x80\f\x00\x96i\x0e\x84(\x00\x00c\x80T\x00\x81(\x00\x82\x10\x00\x80P\x00\x004\x81\x10\x00\x84t\x00\x8a\x1d\x01\x004\x80\x1d\x01\x80\xf2\x01\xa6\x19\x0f\x83\x15\x01\x81\xfa\x04\x00.\x820\x02\x03Pos[\x82\t\x00\x00]\x80)\x01\x80f\x04\x80\xf2\x04\x82L\x00\x02+ 5\x84%\x00\x05stPrim\x80\xb0\x03\x83\f\n\x80\x97\x03\x03= -1\x81e\x02\x04mmonB\xa8\x92\x0f\xd5\x11\x01\x85$\x00\x003\x84\x99\x01\x82<\x00\x80P\x00\x008\x81\x96\x0f\x91P\x00\x80A\x01\x81\xb2\x0f\x85@\x00\x003\x80\xe5\x01\x00d\x80\xb9\x01\x004\x80\x80\x00\x81\f\x00\x00c\x81(\x00\x80\b\x00\x81a\x01\x891\x02\x89\x90\x00\xb5\xb8\x00\x000\x95,\x00\x8c\x94\x00\x85\x14\x00\x001\x84\xe8\x00\x8a\x9c\x00\x85\f\x00\x81\b\x01\xb9\x90\x00\x94t\x00\x81)\x03\x82\x14\x00\x818\x00\x81D\x01\x81(\x00\x84\x14\x00\x000\x85(\x00\x00d\x94\xcc\x00\x85*\x11\x88Q\x03\x85\x9c\x00\x81\x10\x00\x00c\x80u\x03\x85L\x00\x81r\x11\x8d@\x00\xa5\xc0\x00\x81\f\x00\x00f\x886\x04\x81\xc5\x03\x85\xc0\x00\x91\x98\x00\x815\x03\x81\xcc\x00\xff\xf8\x00\xcb\xf8\x00\x000\x88\xd4\x00\x96\\\x02\x85@\x00\x80\x10\x00\x81\xc2\x12\x006\x80\xcd\x04\x81p\x00\x005\x88<\x03\x9a \x00\xb0\xb8\x02\x910\x00\x005\x81\x04\x00\x81I\x05\xd4\xcc\x02\xa3\x00\x01\x81\xa2\x13\x8cO\x06\x9f\xb1\x13\x0138\x84\xe0\t\x86 \x00\x06GetStdH\x80\xa7\b\x00l\x81\xf3\x04\x80\x84\x05\x9aF\x00\x87.\x05\x01+9\x9cK\x00\xa5H\x00\x005\x80E\x14\x8bI\x00\x02Set\x81\xfc\x06\x01Po\x80\xc9\x05\x01er\x97\xb6\n\x88E\x00\x0166\x80\x14\x06\x82\b\b\x91\xc1\n\xa7\xd4\x00\x001\xc0\x8c\x00\x02117\x81\x10\x00\x83\xbc\b\xba\x8f\x00\x0113\x80e\x01\x87\xd9\x10\xa1|\x00\x81N\x01\xa5|\x00\x95D\x00\x007\x80v\x00\xc2\xc0\x00\x0120\x80P\x01\xaa\xc0\x00\x002\xa9<\x01\x95D\x00\x0140\xbfD\x00\x0152\xc2Q\x02\x0127\x80\x8c\x00\xbeR\x02\x0128\x80H\x01\x9c\xd2\x00\x82\xe6\v\x83<\v\x90p\x0e\xb9\xae\rϳ\f\xabN\f\x92\x9f\f\x88\\\f\x95\xfa\f\x95\xfb\f\x87\x82\x00\xa3\x91\f\x93\x80\x00\xa0\x9f\f\x00=\x86\xb4\x01\x80\x88\n\x0116\x86\xe8\x0e\x00h\x82\x80\x01\x8b\xcb\x0e\x00t\x800\x1a\x00m\x80/\x0e\x00r\x81\xe3\x0e\x80W\x0e\x05iant. \x82\xdf\x01\x83\xbd\x0e\x05pairs \x80\xef\x0e\x80\x9c\n\x82J\x00\x80\xa7\x0e\x01ir\x80\x17\x00\x00t\x80\r\x1b\x04offse\x80\xde\x0e\x80\xd6\n\x84\a\x1b\x00a\x82\xc3\x0e\x02slo\x80\xb9\x0e\x00r\x81\x9b\x1a\x80\x95\x1a\x00s\x85\xcb\x0e\tidentifier\x80\x92\x0e\x86\a\x0e\x8d(\x01\x94\x8d\v\x80\x92\x00\x00s\x82$\r\x8f\xd0\f\x83K\x00\x84J\x00\x8a\xf5\x01\x94K\v\x81\xd0\f\x81\xd3\x06\x89\xeb\x06\x82\x1b\b\x81\a\a\x81\xb3\n\x81\xff\n\x81 \x00\x00e\x94$\x00\x81\xa1\r\x84$\x00\x81c\n\x8a+\t\x80\\\x00\x001\x81\xf3\a\x88\x14\x00\x82\x13\b\x84\xd4\f\x91\x93\a\x85\x1d\x1b\x81<\x00\x81,\r\x8e<\x00\x81q\x1b\x9c<\x00\x82\x9c\x00\x85x\x00\x84\xbf\v\x81W\t\x8aC\b\x81q\x1b\x80\xbc\x00\x81T\x00\x81\xe8\x00\x82\b\x00\x84d\x00\x82 \x00\x81D\x00\x94h\x00\x00a\x80\x1c\x00\x8e\x93\b\x808\x00\x005\x81\x1c\x0e\x89X\x00\x89P\x00\x81\x18\x00\x98T\x00\x85@\x00\x868\x00\x84\x9b\t\x8a$\x00\x81`\x0e\x81h\x0e\x98H\x00\x89\xd7\t\x85\x98\x01\x002\x81k\n\x89\xc0\x00\x8c\x8b\f\x85\xac\x01\x002\x80\\\x00\x8dp\x01͌\x00\x000\x8cd\x00\x91\x8c\x00\x8d;\n\x8d\x10\x00\x91\x80\x01\x8dp\x01\x91X\x00\x827\n\x99\xd8\x01\x92\x8c\x00\x81\xe7\t\x85u\x03\x82\x03\x10\x82v\v\x80\x87\x00\x002\x80G\x00\x82\xce\v\x81[\x02\x81\x96\v\x81#\x03\x81\xe7\x01\x81\b\x00\x80\x10\x00\x006\x80\x04\x00\x81C\x00\x007\x810\x00\x80\xf7\x00\x007\x84C\x03\x008\x84\xa3\x00\x009\x81\xc7\x00\x80\x18\x00\x85w\x00\x00a\x84 \x00\x00b\x818\x00\x816\x0e\x81`\x00\x80\f\x00\x83\x9f\x03\x81\x9f\x0f\x87r\x05\x98\xce\x03\x00a\x80\xee\x02\x8e\x86\x01\x81\xaa\x03\x89\x86\x01\x8c\xfe\x00\x96n\x03\x80\x9f\x00\xffn\x03\x90\xca\x01\xffn\x03\xffn\x03\xa0\x8c\x00\xffn\x03\xben\x03\x001\x81\x0e\x03\x84\\\x11\x81\x0e\x03\x003\x81\xd3\x00\x81\x1c\x0f\x81\b\x00\x81v\x03\x81&\x03\x81k\x00\x81\xfb\x00\x80g\x00\x006\x84\xf3\x00\x007\x81\x99\x06\x81\b\x00\x84\xd0\r\x82|\x0e\x81v\x03\x84 \x00\x009\x818\x00\x80H\x00\x00a\x81`\x00\x80\x04\x00\x837\x03\x83\x05\x13\x816\"\x00i\x81b\a\x010;\x80\b\x00\x00<\x82\x80\a\x83\x94\x00\x00)\x81\x11\x00\x80\xd0\x14\x002\x82\x86\x03\x83\xf5\x17\x84\xe7\x12\x80\xac\t\x84%\x00\x02[i]\x81\xc6\x00\x00k\x80\xf3\a\x81 \x00\x89\x19\x00\x01+1\x82\x1b\x00\x80\xb6\a\x82\x1e\x00\x00<\x84I\x00\x99\x16\x18\x85\xc2\b\x01+(\x813\x00\x03<<3)\x92\x80\n\x89\x1e\x04\x9f\xac\x1d\x81K\x00\x01-2\x827\x00\x82\xf2\x00\xa2\xc5\x13\x9d\xe3\n\x80X\v\x86\x7f\x0e\x8bU\x19\x00s\x85\x17\x00\x9eX\x19\x81\x1b\x1b\x02Imm\x81\xa8\x00\x865\x00\x85\x1f\x00\x8f\xd2\"\xa4\x01\x0f\x03Copy\x84|\x14\x01To\x81@\x00\x00W\x80f\x18\x80\xc5 \x92\x19\x1a\x81S\x05\x05Kernel\x86\xaf\v\x813\x00\x97r\x1f\x87\xa3\x01\xa9\xde\x00\x86\f\x1a\x90\x13\x1c\x87R\x00\x8c<\x00\x00S\x80 \x19\x82o%\x95\x8c\x1a\x0156\x94\x18\x00\x003\x99E\x01\x9c\xfe!\x00T\x80v\x19\x00s\x81\x17\x1a\x00C\x80#\v\x83\x16\x17\x03Flag\x8a9\x1b\x92\xf7\x00\x06notRDWR\x83\xc7\v\x95\xe7\x18\x02acc\x80f&\x00D\x80)\x1a\x9b(\x00\x01no\x83\x7f\x00\x9b&\x00\x00c\x82$\x00\x9eN\x00\x87%\x01\x86S\x01\x84\x98\x01\b-21474836\x82&$\x89K\x01\x83\xc3\x1b\x01xa\x80\xc2\x11\x81:\x03\x85\x1b\x00\x01Jz\x84V\x00\x01, \x89\xf0\x00\x88\"\x00\x8ec\x00\t1073741824\x89H\x00\x05mpMark\x86M\x00\x8c\x18\x01\x96^\x00\x8c\x9b\x00\x81\x8d\x1c\x90\x9b\x00\x8cN\x00\x98\x9e\x00\x030x40\x83\x01\x00\x88%\x00\x99\x9a\x00\x86N\x01\x850\x02\x80\xa2\x1f\x80$$\x84O\x00\x86y\x02\x8f\xab\x00\x006\x8a\xff\x00\x89G\x01\x88\xea\x01\x88\xb8\x02\x8f]\x00\x89A\x00\x89\x92\x1d\x81\x99 \x8f\x7f\x1d\x0151\x94\xb8\x01\x8c5\x02\x9as\x00\x8aC\x00\x8c\xb3\x01\x8cH\x00\x94\xca\x00\xe7\xac\x00\x83\xb5\x05\x90\xc2\x01\x94E\x00\x8b\x9a\x00\x004\x89K\x02\x894!\x8d\x19\x03\x83\xb2\x00\x8e\xe9\x01\x84\xe9%\x04c9314\x80\x8a\x00\x92[\x04\x88\xaf\x00\x8b_\x05\x00m\xa9\x82\x1f\x96\xaa\x00\x8d0\x00\x83\xaa\x00\x80^\x00\x92\xfa\x05\xff\xe8\x04\xd8\xe8\x04\x9f\x17\x01\xd0\xfa\x04\xa0u\x00\xff\f\x05\xaa\xb0\x00\xb7\x1e\x05\x8c_\x00\x93\xf7\x03\xc5.\x05\xa2m\x00\xdb>\x05\xa2\x83\x00\xffN\x05\xb7\xbc\x00\xa7^\x05\x92\xfb\x04\x81\x83\t\x01St\x80[\x14\x00c\x9d\xa0-\x02, w\x80\xb0\n\x00C\x81\x13\n\x96\x16\x05\x80R\f\x87%\x00\x02> 0\x8a&\x10\aPopTerti\x859\n\x80\xf1\v\x8c0\x00\x001\x8d0\x00\x8bj\n\x8f1\x00\x83\xb8\f\x89\x15\x01\x85\xd1%\x0158\x82\x8f\x05\x8f3\x00\x003\x973\x00\x009\x853\x00\x82\r0\x81\x9e\v\x82\xe1\x14\x000\x8eD\x00\x004\x82D\x00\x88&\x00\x00=\x88\x1f\x00\x02- 4\x82E\x00\x80\x9b\x15\x04RENVO\x81-\x01\x80\xc9\v\x80d0\x81\xf6/\x00s\x80%1\x00y\x80\xcb\r\x00a\x80\x880\x81a$\x83\xa70\x87\xb70\x0416-by\x80G\x15\x83\xb90\x02 wh\x82\xfd!\x80L\x00\x85\xfd0\x01ng\x80\xdf\x15\x80\x920\x85\x161\x00.\x87\xd80\x87\xab0\x03pend\x80*\x00\x05-argum\x80\xe4\x15\x80\xc3\x18\x82\x86\x00\x80\x8c\x00\x82M\x00\x01r1\x80\x8f\x18\x82\xb00\x06 dynami\x81\x9b\x00\x01y,\x81B\x00\x81\xc0$\x8c\xdb0\x84\xd20\x81$\x00\x83\xd00\x80\"\x00\x00t\x80\xeb1\x80b\x00\x82N\x00\x84\xeb0\x00s\x80\a2\x00e\x815\f\x01pi\x80H\x17\x84\xd9\x00\x84\x81\x00\x00s\x82:1\x80Q\x00\x00s\x80\xf9\x00\x80\x90%\x85w1\x80T1\x82\x9d\x16\x80\x80\x16\x91\xb6\a\ae28949) \x80e\x00\x02mov\x83\xb7\x00\x803\x00\x8b-\x00\x84,\x00\x004\x80\x9e\x04\x000\x80\x80\x10\x828\x00\x004\x81\x06\x00\x00f\x81\x1e\x05\x82q\x00\x02RSP\x84\xa1\x17\x0132\x80G\x0e\x87\xba\x01\x00*\x80\x13$\x80\xd7\x00\x85]\x17\x86\xc0\x06\x81\x1b\x01\x00V\x80q\x01\x01e(\x88@\x00\x00+\x81\xcd\x05\x81\xdb\f\x80\x0f\x02\x85\x81\x00\x805\b\x05Fits8S\x82\xfc1\x00(\x87L\x00\x82 \x03\x9e\xa8\x00\x00c\x81\x87\x01\x863\x00\x96]\x13\x86\x10\x01\x02c81\x82\x18\a\x90\t\x04\x8bH\x00\x8f?\x10\x87\xf5\x00\x80\x10\x00\x01++\x87d\x00\x89_/\x06RAXFrom\x82]/\x80\xff\x03\x00*\x87l\x00\x85&\x00\x827#\x80'\x00\x01To\x80\x15\x01\x82-\x06\x012+\x83(\x00\x854\x1e\x8b*\x00\x0110\x86*\x00\x88K\x01\x8c\xcb\x04\xe0\xdb1\x93\x16\n\x91`\x02\x01ax\x8c\xc9\x00\x89\x19\x01\x9d\xca\x00\x86Z\x00\x004\x80Z\x00\x008\x87Z\x00\x81<4\x82Z\x00\x80<\x02\x889\x04\x85$\x05\x04adjus\x82\xf6\x00\x88\x1d\x00\x00*\x81\xb1&\x99m\x02\x825\x00\x83i\x02\x9dj\x02\x00c\x80\x12\x03\x840\x00\x94\xa6\x11\x8c\xbe\x00\x84h\x02\x91i\x02\x87G\x00\x8a) \x89A\x00\x01d0\x80\xff\x00\x00c\x87\xff\x00\x01ax\x80\xff\x00\x0110\x97\xd81\x89y\x02\x89\x82\x06\x84\xd2\x1a\x98q\x06\x84\"\x00\x05<= 127\x96u\x03\x80\xcb\x1e\x80\v\x01\x00b\x82\f\x00\x80\xd3\x1d\x835\x00\x83\xdd\x02\x81O\x12\x96\xc9\x00\x0182\x80!2\x93z\a\x85D\x00\x9e\xd4\x00\x814\x02\xc9\xd4\x00\x005\x8a\xdf\x01\x83\xd4\x00\x82\xf1\x04\x002\x80\x06\x00\x9e\xda\x00\x8b\x1d\x02\x82>\x00\x008\x84>\x00\xaf\xe7\x00\x8c\x0e\x04\xd7\xe6\x00\x82\xc0\x01\xb6\xe6\x00\x83\xfe\x01\xbc\xe6\x00\x86\xca\x04\xd1\xe6\x00\x80\t\x06\x85\xa8\x00\x005\xaf\xe6\x00\x88>\x00\x009\xa3\xe6\x00\x87\xe5\x00\x81\x1e\x00\x84\x18\x1e\x86k\x14\x91\x14 \x01ep\x84\x14\x00\x81\x929\x03Pars\x80\xec\a\x02idx\x83\x1b\n\x8b1 \x81\x06\x00\x8e\xe0-\x81B\x00\x81\xdc\x05\x89F \x00p\x83p\x1e\x02pro\x80J\b\x00f\x80\xd9\x1e\x03tArg\x81\x14\x00\x02ep.\x81\xe3\b\x80\xac\x16\x03dx].\x85\x1a\x00\x80>\x00\x01rg\x83f\t\x8e$\x00\x85\x1a\x00\x82t\x01\x86'\x00\x00!\x80\xf2\a\x89\xff,\x01fa\x80\xf8\x04\x83\x1f\a\x00d\x80\xf7\n\x80\x04\x1f\x8eI\x00\x02tok\x81\xa7\x1f\x81\"\x00\x81\x1e*\x85\x13\b\x00F\x80#\x01\x81\xfa\x00\x00B\x84k:\x00(\x80\xd1\x05\x84D\x00\x81\xda\x00\x00.\x80r\t\x80\xde\x00\x804\x00\x82\xd4\x00\x83\xfa\x00\x01ew\x86,\x01\x00(\x85\x90\x01\x82\x0e\x00\x87\xd5:\x04Into(\x816\x00\x80g\"\x88Q\x00\x82|\x00\x83@\x02\x00!\x81\x1e\x00\x00.\x80\x95\x00\x01||\x82\x13\a\x82\x0f\x00\x82\xb0\x00\x02) =\x80\xde\a\x93\xdf\x00\x819\x00\x86\xdf\x01\x80e\x00\x81r\x00\x81\x84\x01\x83k\x00\x8cH\x00\x01-1\x85\xae\b\x8cF\x00\x86\x8b\v\x80\xf6\x15\x84\xbb\x16\x82\xd7\x02\x80H\x02\x03Inde\x82$-\x80\xfc\x00\x80o\x01\x01s[\x85\xa5\x01\x02+2]\x82!\x00\x00C\x81G\n\x86\f\x01\x00E\x80\xbf\n\x82\x12\x00\x85\x89\x00\x00e\x80\x87\x00\x85G\x00\x86)\x03\x82\"\x00\x81\xec\x00\x01&&\x87\x0f\x00\x81\xf9\n\x00e\x80\xc1\b\x8cN\f\x83\x8f\x00\x86\xcd\x14\x87=\t\x8cK\x00\x975\x00\x8bb\x00\x8b~\t\x95@\x01\x8a\xb7\x00\x8a_\"\x846\x01\x8c\x15\a\x8d:\x01\x8aX\x00\x00S\x80|0\x00e\x80K7\x00L\x80\x8f\x01\x84\\\x00\x8eN\x01\x80\xab\x19\x96\xe2\x01\x03g.c.\x82M\x00\x00T\x804\x00\x00e\x80/\x00\x80\x03\"\x80\x13\x02\x83|\x00\x80\r\x00\x80N\x12\x88\x90!\x88\xf2.\x95\n$\x86\xc9\x03\x8dc\n\x85\xa1\t\x01c6\x82\xf56\x93\x1c\x00\x00a\x8b\x1c\x00\x8d\xf0\r\x89\x19\x00\x8a\xff\x18\x87\x1a\x00\x81\x17\x00\x86\xc1\x0e\x82\xb6\x00\x87\xfd\x04\x84\x98#\xa3\xfa\x00\x01Aa\x80\x05\x00\x80\xb4\f\x92\xfe\x00\x02Arm\x94\xb82\x92\x00\x01\x92\xb8\x19\x001\x89\xb9\x00\x83m\x00\x81\x81\x0f\x80I\x14\x01eg\x80\x03\x00\x81\xc0\x00\x89\x1c\x00\x81\x16\x00\x00d\x81\x04\t\x8c\x14\x00\x00c\x81\xfc\x02\xdf2\x01\x8f\x03\x01\x96\xbb3\x89\x03\x01\xa0\x02\x01\x92>\n\x80\t\x02\x8a\xbe\x13\x8d\xd8\x00\x96\xd7\x00\x9a\xd6\x00\x89\xd5\x00\x8a\xa7\a\x88\xc2\x06\x00O\x80\xfa\x0e\xac\xbd\x06\xa8\xaf\x06\x82\a%\x8a.\x06\x82\x8d\x02\x00e\x86}\x06\x81p\x06\x85\x94\x10\xa4\x91\x05\x89\xf5\x03\x00e\x86\xea\x06\x97\xf7\x03\xa3Y\x04\x01tr\x80\x9d\x0f\x80Z\x04\x9bf\x00\xc0[\x04\xa1%\x04\x80\xe7\x01\x89\xaa\x00\x86]\r\x9a\xed\x16\x8aA\x00\x8b\xb1\x1c\x92\x18\x00\x80\x1b1\x8d\x1b\x00\x94L\x03\x9fM\x00\x81\x00\x15\x8a\x18\x00\x8b\x88\x12\x91\x9e\x13\x82\xf3\x1c\x89\xda\x00\x99!\x1e\x87\xed\x00\x00A\xc0\xe0\x04\x99\x84\x04\x81\x13\n\xa1\x8b\x01\x82\x13\x05\xa1\x8d\x01\x93g\x00\x807\x0f\x87\xf2\x01\x85O\x00\xb8\x02\x01\x95\xe5\x02\x92\x91\x04\x95[\x04\x95\x18\x00\x8eQ\x00\x9fb\x1e\x80*\x00\x80\xca\x0e\x88\xb5\x00\x80\x05\x0f\x82\x028\x01re\x86\xc3\x13\x85\xea\x12\x02 af\x82j\x13\x80\n\x00\x89\x19\x13\x05. As w\x80\xe5\x13\x85\xb5)\x01 s\x80\x9d\x10\x82'8\x83\x8d)\x83\x0e*\x00,\x89\x91\x13\x84\xa3\x13\x85\x87\x13\x87\x81\x13\x85\x938\x80\x17\x00\x81\x9b\f\x88\xfa\x13\x87\x19\x14\x85\x98\x00\x81\x8e\x00\x01wa\x80P\x10\xdcqD\x004\x81\x10\x00\x80\x18\x00\x81,\x00\x85{2\x82\xa30\x89+2\x810\x00\x8cn#\x8dO2\x003\x8c \x00\x81\x04\x00\xe5\xc9D\x003\x80v.\x99\xa9\x02\xa1\x83\x06\x02Clo\x80\xef\v\xfb\x84\x06\x85I\x17\xba\x84\x06\x95\x1e\x06\x02fai\x83\x9d\a\x96\x17\x1c\x00d\x9e_\x1c\xb0b\x06\x8d\f\x04\xa6m\x05\x81\x90\x01\x86\x8d#\x8b\x15\x0f\x84:\x06\x82\"\x13\x00f\x81+\x10\x89\"\x00\x88\xa1\x19\x86\xf3\x00\x8aL\x05\x8aM\f\x8b;\x00\x8cE\x1a\x86\x11\x01\xa2K\x00\x82\xcd\f\x86\x1c\x00\x93I\x00\xc58\x06\xa2\xad\x05\x93B\x01\x01Cm\x85K\x05\x80\xb8\x00\x83\a\a\xff?\x01\xb8?\x01\xa4]\x06\x91\xd5J\x9b2\x01\x9es\x02\x9c3\x01\x972\x01\xac1\x01\x980\x01\x9e/\x01\xa2\xfb\x04\x03hmod\xff\x7f\v\xd7\xfb\x04\xa2}\v\xb8\xdd\v\xf5[\x05\x91\x16\n\x8b\x13\v\x8aT\x03\xa1\x90\v\x8d\x18\x00\xb1\xbb\x05\x8e#5\x9bK\x03\x8b\xf9\x03\xff\x80\x04\xe0\xbf\x05\x96\xbd\x01\x8c\xa8\v\x85\xc6\x01\x8a\xe9\x00\x93$\x00\x80\x1e\x19\x9e$\x00\x80s\x01\x87\xe5\x00\xa1C\x06\x95\xca\x01\x86_\x00\x80M\x06\x87_\x00\x80O\f\xff\xcc\x01\xc2L\x06\x95\x87\f\x89/\x0f\x02d23\x94:&\x96R&\x93\x91\x1a\x8d.\x00\x86\x90\x11\x000\x83\xfc&\xa7\xc0\x06\x96\x9c8\x97x\x03\xff\xc4\x06\xad\xc4\x06"
const compilerSourceData6Chunk0 = "(package main\n\n// BEGIN GENERATED TARGET R\x80\x17\x00#STRY\nconst renvoTargetLinuxAmd64 = 1\x94 \x00\x02386\x80\x1e\x00\x002\x95>\x00\x03arch\x82@\x00\x003\x95\"\x00\x01rm\x80\x1e\x00\x004\x8f\x1e\x00\x06Windows\x85\x80\x00\x005\x96\"\x00\x83\x82\x00\x006\x90 \x00\x02asi\x80\x04\x00\x02m32\x80 \x00\x007\x8f \x00\x05Darwin\x80\x81\x00\x82a\x00\x008\x94\xa1\x00\x05Kernel\x85\x87\x00\x009\x97\xa9\x00\x84H\x00\x0110\x8f#\x00\x01VM\x82\x84\x00\x0211\n\x84\x1c\x00\x00t\x82\x17\x00\x06OSTable\x80\x1a\x00\x04\"\\x00\x80\x04\x00\x001\x8c\x04\x00\x002\x84\x04\x00\x004\x80\x04\x00\x003\x88\x14\x00\x015\"\x8aI\x00\x00A\x80f\x01\x91K\x00\x81+\x00\x817\x00\x81?\x00\x86;\x00\x88K\x00\x81\b\x00\x86K\x00\x88\xb0\x00\x06IntBits\x8aS\x00\x01@ \x81\x02\x00\x05 @@@ \"\x82P\x02\x02END\x98N\x02\x89U\x00\x81\x9f\x00\x92H\x02\x81\x19\x00\x90A\x02\x820\x00\x93:\x02\x82\x1b\x00\x8f3\x02\x81\x17\x00\x86\xeb\x01\x005\x8a}\x00\x01OS\x82\xc7\x01\x8d{\x00\x01OS\x84\xb8\x01\x8d}\x00\x01OS\x83\x18\x02\x8dz\x00\x801\x00\x80P\x02\x8dy\x00\x03OSVM\x8es\x00\tEndianLitt\x82?\x01\x8ax\x00\x83\x1c\x00\x02Big\x82x\x00\x8a\xc4\x00\x0eddressModelFlat\x8e-\x01\x88 \x00\x06Harvard\x8e9\x01\x88#\x00\aSegmente\x81%\x00\x8bC\x01\x88%\x00\x03Bank\x82\"\x00\x004\x8a\x8b\x00\x02Poi\x80:\x00\x01rS\x80D\x04\x04eData\x8d\x8b\x00\x89 \x00\x00C\x80H\x00\x8d\x88\x00\x89 \x00\x06Functio\x8eP\x01\x89$\x00\x06Generic\x8e\x88\x00\bRuntimePr\x80+\x00\x8d\x84\x00\x84\x1c\x00\x02Ope\x81[\x00\x8a\x7f\x00\x84\x1b\x00\x03Clos\x81\x9b\x00\x8a\xb1\x01\x84\x1c\x00\x02Rea\x81\xf7\x00\x8a\xf5\x03\x84\x1b\x00\x03Writ\x82\xb7\x01\x8aS\x04\x85T\x00\x02hmo\x82R\x01\x91q\x00\x02Hos\x83p\x01\x006\x91s\x00\x03Heap\x81W\x00\x002\x91u\x00\x01Vo\x80\xf2\x01\bileMemory\x81\xd1\x00\x005\x91\x7f\x00\x80\x99\x03\x05errupt\x81\xb7\x02\x0151\x8bA\x02\x81a\x00\x02Non\x81\xbc\x00\x8a\x84\x04\x81\x18\x00\x02Bum\x82}\x00\x8d\x18\x00\x01Ex\x80Q\x00\x02nal\x8e\x8e\x02\x04OOMTr\x83\xb1\x00\x8c\x17\x00\x04Resul\x81\x8f\x01\x8b7\x03\x04OMPan\x82\xc4\x01\x003\x8aI\x00\x85\xda\x00\x05Width8\x8dP\x00\x8a\x1e\x00\x001\x8e\n\x04\x8a\x1f\x00\x82\xdd\x03\x8aZ\x01\x8a\x1f\x00\x84\xc6\x05\x89 \x00\x86/\x01\x91\x17\x01\x86\x1d\x00\x05Vector\x82\x9a\x00\x89 \x00\nFloatScaled\x81+\x00\x01ge\x83#\x00\x8d\"\x00\x03IEEE\x80\x8f\x03\x03dwar\x8e\b\x03\x86!\x00\x02Sof\x812\x01\x80\x1a\x01\x809\x05\x06The cur\x80\"\x00\tt normaliz\x807\x02\x00b\x80\xb1\a\x04end s\x80\x8d\x00\x03es s\x80z\x00\x06ar valu\x80\x0e\x00\x80\x90\x04\aeight-by\x80\x9d\x02\x06virtual\x81M\x00\x02slo\x80\r\x02\x01ev\x80\x06\x03\x01wh\x80\x05\x00\x00t\x80]\x00\x83\x15\x06\x01 a\x83\xe9\x03\x00 \x80\xdc\x00\x04langu\x81\x0e\b\x81I\x03\x10is narrower. Keep\x805\x00\x01is\x81M\x00\x04disti\x80\xaf\x03\x04 from\x89K\x00\x00d\x81\x05\x04\x80\xfa\x02\tel so futu\x80\xed\x00\x02C a\x81\xaf\x00\x80\xc0\x00\al-device\x85\xc4\x00\x03s do\x81P\x00\x04not m\x80T\x00\x02ake\x80,\x00\x81}\x00\x83m\x02\x00l\x81|\x00\ving detail f\x80\xa3\x00\x80`\x00\x03achi\x80\xa8\x01\x02ABI\x80?\x01\x04quire\x81\xc2\x04\x00.\x89R\x01\x00B\x83a\x00\x00V\x81\x16\x01\x00S\x80\xfb\x00\x00S\x80;\x01\x8d\xc8\x03\x84$\x00\x01St\x81c\x00\x05WordCo\x80>\x03\x8d\x9c\x01\x85&\x00\x00l\x80\xb8\x00\x89%\x00\x8a\xa5\x04\x84%\x00\x05Hidden\x83\xf9\x02\x89,\x00\x8a\x0e\x02\x84,\x00\x02Reg\x80\xf2\x00\x02erC\x80\x17\x01\x89,\x00\x8a\xcf\x03\x8a\xa3\x00\x83\xcd\x00\x83\xc9\x00\x97\xe5\x00\x00*\x99\xdd\x00\x95\xd9\x00\xb2[\x00\x8a\x12\x01\x05\n\ntype\x89\x1d\b\x03Prof\x80t\x03\x80\xa8\x02\x01ru\x80+\x02\x02{\n\t\x84%\x02\x86\x01\x00\x80\xe8\x01\x03\n\tos\x87\x11\x00\x86\x15\x00\x81\xd5\a\x8e\x15\x00\x03char\x81o\b\x8a\x15\x00\x80\x05\x00\x89\x14\x00\x83\x15\x00\x00p\x834\x06\x86\x19\x00\x83?\x00\x80\x97\x02\x84M\x06\x82\x19\x00\x82\x15\x00\x00f\x80v\x06\x8e\x15\x00\x80\xdd\x00\x80|\a\x8c~\x00\x06maxAlig\x86\x17\x00\x82\x15\x00\x84\xc8\x02\x86\"\x01\x83\xbd\x00\x889\a\x86*\x00\x00r\x84\x18\x06\x01ap\x88\x93\x00\x00h\x80Z\x05\x86'\x00\x86\x11\x01\x01om\x89\x14\x00\x83\x15\x00\x00v\x89\xc2\x04\x80B\x00\x85\xfc\x00\x83\x9a\x04\x840\x00\x83\xd2\x00\x81L\x04\x88A\x00\x81\x15\x00\x02}\n\n\x81\xe9\x00\x84Q\a\x83\x98\x01\x02For\x83\xa8\x01\x00(\x84\x97\x01\x80)\x00\x02) (\x8f\xc1\x01\x06, bool)\x81\xc1\x01\x80L\b\x01 p\x90\xe4\x01\x80\x8b\x00\x00f\x85\x03\x04\x00<\x94\x1b\f\x01||\x85\"\x00\x00>\x8e\xf3\n\x80[\x00\x02\tre\x80-\x04\bn p, fals\x80S\x00\x00}\x80\xc8\x01\x00.\x843\x00\x00=\x84<\x00\x81\x13\x00\x801\x02\x00=\x81\xad\x00\x84\xb8\x00\x84\x1d\v\x00[\x83\x0e\x00\x01])\x81#\x00\x82?\x02\x89%\x00\x86\xf9\n\x8a'\x00\x85<\x02\x83*\x00\x94\xd8\n\x8a2\x00\x89Y\x02\x01= \x86B\x00\x81\x1b\x00\x86 \x02\x88\x18\x00\x01 /\x80r\x04\x88\x1c\x01\x00=\x84^\x03\x8ex\f\x87\x1d\x01\x8b#\x00\x86\x1e\x01\x8a`\x00\x80T\x00\x82\x1d\x01\x86\x11\x03\x82\x13\x00\x01p.\x84\xb8\x02\x84B\x00\x89^\n\x81\x1e\x00\x8d\xac\x02\x98\xea\x03\x82D\x01\x89\xc6\x02\x84,\x00\x8d{\n\x81(\x00\x89\xd9\x02\x84'\x00\x8a\x8f\t\x00|\x8f\x87\t\x8b\x13\x00\x83\x7f\t\x8b\x14\x00\x82w\t\x8b\x13\x00\x83o\t\x8c;\x00\x82f\t\x8b\x14\x00\x83]\t\x81\x9a\x00\x87^\x03\x84\x98\x00\x85\xf9\b\x82F\x02\x85f\x03\x84\x1c\x00\x86\xb1\b\x84\x19\x02\x89Y\x03\x84#\x00\x8a&\b\x81'\x00\x88k\x03\x84#\x00\x8f\f\b\x82\xa8\x01\x8cz\x04\x81\"\x02\x88J\x02\x82K\x00\x8c\x88\x04\x8e#\x00\x87\x1f\x03\x80O\x05\x00e\x92\xd2\x03\x02Has\x84\x04\x01\x00(\x91\xa5\x03\v, capability\x83\xed\x03\x81\xd8\x03\x81^\x02\x85\\\x00\x89\xcc\x01\x00&\x88-\x00\x80\x94\x02\x87\x0e\x00\x92{\x00\x01Is\x80@\x02\x01id\x92x\x00\x87h\x00\x80\t\x03\x88\xb5\x02\x02< 8\x81\xf8\x02\x87\x12\x00\x03%8 !\x80|\t\x89\x0e\x04\x87\v\x04\x82<\x00\x85W\x03\x80'\x00\x80\x04\n\x01&&\x8b\x13\x00\x80+\x03\x8d\x13\x00\x80x\x04\x97N\x00\x89\xcd\x03\x88R\x00\x8c\x17\x00\x0124\x92\x17\x00\x85m\x00\x8c\x17\x00\x9aq\x00\x8d\b\x02\x88u\x00\x90\x1b\x00\x85y\x00\x90\x1b\x00\x85}\x00\x90\x1b\x00\x9a\x81\x00\x8df\x02\x88\x81\x00\x90\x1b\x00\x85\x81\x00\x90\x1b\x00\x85\x81\x00\x90\x1b\x00\x9a\x81\x00\x84\xa2\x04\x80'\x00\x8f\x01\x0f\x82Q\x00\x92!\x00\x81\x06\x0f\x97T\x00\x8d\xd8\x04\x02< 1\x83X\x02\x862\x05\x81\x12\x00\x97@\x00\x8a\xe9\x04\x84\xbe\x06\x8ed\x0f\x82Q\x00\x8a*\x00\x84\xc6\x06\x90&\x0f\x97k\x00\x87\x92\x04\x84h\x00\x86\x8b\r\x82`\x00\x87\x1f\x00\x84]\x00\x8az\r\x97W\x00\x86\xcc\x04\x84V\x00\x85\x94\r\x82U\x00\x86\x1d\x00\x84T\x00\x86\x81\r\x95P\x00\x95S\x04\x00,\x8e\xa6\x0e\x00)\x83\xb4\x01\x88h\x05\x8ci\x05\xbcd\x00\x8b\xed\x0e\x84n\x00\x8c\n\t\x80s\x00\x972\x04\xa3g\x00\x87-\x0f\x84c\x00\x8d\xff\x05\x91\x00\x06\x99f\x03\x87\x17\x06\x84\x91\x01\x90#\x0e\x82\x9c\x01\x88*\x00\x84\x9e\x01\x8b\n\x0e\x92d\x00\x84\x11\x00\x85\a\x06\x81\x94\t\x88u\x05\x81\xea\b\x82\xbe\r\x85\xb3\a\x85T\x13\x8d)\x00\x01OS\x89'\x00\x84\xfe\x12\x87%\x00\x00N\x80e\x01\x00v\x81\x1b\x01\x85\xd8\n\x82e\b\x8cD\x00\x89B\x00\x8d\xf1\t\x87,\x00\x03Comp\x80\x81\x01\x00r\x84I\x13\x04Subsy\x80\xa4\a\x00m\x84>\x00\x003\x8f*\x00\x05EmitIm\x81\x88\x0e\x81;\x06\x82\r\x0f\x89 \x00\x01Co\x80E\x01\x00x\x82\xa1\x0e\x02own\x81\x13\x0f\x01y \x81\x93\x01\x00c\x82\x1f\x00\x80\xb9\x00\x02on.\x82>\x0f\x85\xda\n\x80\x95\r\x00t\x81\xc9\x06\x80\x88\x0e\x81L\x00\boutput po\x80\xc2\f\x80\x15\x00\x80\xa3\x0e\x02fix\x80G\x00\x86\x19\x0f\x80&\r\x85a\x00\x03crea\x80P\b\x00,\x81\xd0\x0e\x80\xc0\x00\x00e\x80\xc0\b\x81N\x00\x01 h\x80g\b\x81L\x00\x02gor\x80O\x00\x80\x8f\x0e\x80-\x0f\x80^\x0f\x00r\x81\x85\x00\x01mu\x80`\x03\x806\x00\x80L\x00\x80\x1d\x00\x01gh\x82T\x00\x03lega\x80n\x00\x81\x1f\x00\x80\x87\x00\x01-l\x81\xc2\x0e\x03glob\x80\xd8\x01\x00.\x80I\x00\x86\xe4\x00\x00F\x81\x8b\x00\x84_\x01\x80\xd9\x0e\x80\x96\x17\x00s\x80\xf4\x0e\x05build-\x81\xae\x02\x05 speci\x81\f\x10\x82\xe9\x00\x80\x95\x00\x81\xcc\x00\x81\x1a\x0f\x80@\x0f\x01ge\x81H\x00\x83\b\x01\x05ers. I\x83\xc5\x00\x01ap\x81\x8a\x0f\x03d he\x80\xed\x00\x00b\x800\x00\x81\xdc\x0f\x82\xaf\x00\x02mut\x81\xe0\x00\x81C\x01\x00a\x8aA\x01\x88\xd0\r\x83\xdb\x16\x8c}\x01\x87\xd7\r\x00k\x82\x1f\x00\x80\xc7\x02\x04uleNa\x81\xa2\x00\x82u\x0e\x8b\x19\x00\x87\x1f\r\x83\x16\x00\x81)\x00\x02Off\x86\xe1\f\x83\x16\x00\x03Init\x8f\x16\x00\x01Ex\x91\x16\x00\x00L\x80\x7f\x0e\x00n\x80:\n\x80\x01\x00\x84q\x00\x80\x0e\x03\x87\xb5\x00\x96\xaf\x00\x89\xc0\x02\x89c\r\x8b\x1c\x03\x92\x18\x00\x82]\x03\x8a\x18\x00\x8e'\x03\x01\n\t\x81\x8d\x00\x06pSymbol\x85\x97\x0e\x82\xc6\x02\x00\t\x80-\x16\x8b\x00\x03\x84I\x00\x00e\x86\xee\x02\x86\x01\x00\x831\x00\x83\xe8\x00\x89\b\x0f\x01 *\x96\x91\x01\x8b\x98\t\x02New\x8b\x1f\x00\x88\xe6\r\x80\xcc\x02\x89\xa3\x00\x81l\x00\x01, \x84\x9d\x00\x02GUI\x84\x11\x00\x87\x96\x00\x83\xff\r\x83z\x00\x8cV\x01\x83\xd5\t\x8e\xb8\x02\x86\xc7\t\x86\xbf\r\x8d#\x00\x82\xca\x04\x85g\x03\x01:=\x80\x8d\x02\x00w\x83\x81\r\x8ba\x00\x80u\r\x84%\x00\x00.\x89\xb7\x01\x87\x0f\x0e\x85\x1e\x00\x8a\xd2\x00\x00=\x8a\xe1\x00\x87%\x00\x8e\x81\x01\x81}\x04\x86\x1e\x00\x87\xf1\x00\x00=\x87\xfd\x00\x82\xe0\x00\x88\x1c\x01\x81\xd5\x00\x98O\x00\x002\x85\x06\x06\x85\xeb\x0e\x94\x1d\x05\x81h\x06\x850\x0f\x93\xf1\r\x90\xf7\x00\x80\x96\x02\x9b\xf9\x0e\x915\x00\x82\xb3\x02\x9d\v\x0f\x8b9\x00\x8b\xd4\x02\xa3\x1d\x0f\x83\xea\x0e\x85\x9c\x06\x84O\x00\x89\xe5\x01\x8c\xc0\x01\x933\x06\x96\xf6\x00\x8a\xa4\x06\x98\xe7\x00\x8c\xf3\x06\x9b\xd8\x00\x80\xb1\x00\x8c\xb0\x00\x8aC\x03\x00L\x82\xb1\x05\x8cF\x03\x97\b\x03\xaa\xcd\x02\x8c\xaf\x02\x8a\xfd\x06\x81\xb3\x13\xa2\xbc\x02\x9a]\a\x93\xd8\x02\x93f\a\xa0\xa5\x01\x9c\x9b\x01\x85\x10\x00\x9e\x9c\x01\x87\x12\x00\x9c\x9d\x01\x8f\x15\x00\x91\xae\x01\x8a\xdb\x1b\x02ena\x81(\x00\x0164\x80\x9f\x02\x86c\x19\x061342177\x8bM\x19\x86,\x00\x0132\x89,\x00\x05671088\x8b\x95\x19\x86+\x00\x84\xd6\x1b\x05335544\x8b\xd7\x19\x86$\x00\x83\x98\x05\x83\xf1\x06\x81P\x00\x02553\x8a\xcf\x15\x86)\x00\x05Minimu\x822\x04\x8b\xc0\x19\x87\"\x00\x01ax\x84\"\x00\b107374182\x80\xf4\x1a\x87\x9e\x02\x03Defa\x80\xae\x10\x860\x00\x8a\xc6\x13\x81Y\t\x83\x9b\x05\x92V\x12\x8e\xb0\x1e\x88h\n\x97\xd1\x00\x8c\xdb\x04\x96\xcc\x12\x96M\x00\x81$\x00\x8d \x05\x80(\x06\x88\v\x05\x80%\t\x00n\x95k\x04\x82\x9c\v\xa2\x8b\x04\x80\x9a\x00\x99\x87\x00\x88\xf4\x01\x89P\v\x96E\x02\x8b\x16\x04\x80%\x12\x03olve\x91x\x01\x81V\f\x00q\x80\x85\x19\x81M\x02\x8c\x87\x01\x87\x19\x00\x8d\xb0\f\x99\xcd\x01\x801\x04\x89\xa0\x00\x84C\x00\x8b\x90\x00\x02Set\x90\xc7\x15\xbb\x98\a\x93k\a\xc1\xd6\x06\xaa\xce\x06\xae\xc6\x06þ\x06\x82\x03\x01\x80F\v\x00P\x80\xd8\x0f\x02erv\x81\xc6\v\x01e \x80\xf9\x1a\x80o\x1b\x80\xd6\v\x80\x85\x1a\x80\xb1\x19\x81t\x10\x82t\v\x86\xab\x1a\x80\x1a\x00\x81r\v\x80-\x00\x80.\x10\x01pa\x80O\x1b\x00a\x80J\x00\x80G\x00\x01in\x80\x9b\x1b\x01id\x84\x19\x01\x04. Pub\x80w\f\x00 \x80D\f\x80\xc0\x1d\x82>\x12\x00s\x80+\x01\x00j\x80\\\x1c\x05 it be\x80V\x00\x81\xc2\n\x82\xe4\x1a\x00g\x82r\x1b\x80\xf1\x04\x02de.\x8d\xa1\n\x8d\x15\a\x9f\r\a\x94\x05\a\x85O\x02\x83\xa1\x00\x01Is\x84J\x06\x895\x01\x83,\x0e\x8e1\x14\x8c\x91\x00\x86\x92\x00\x84B\x00\x8eZ\x00\x831!\xb8Y\x00\x83A\x00\x8c\xf9\x05\x88\xbe\x02\x03Unkn\x80\x12\x0e\x80\xd7\x00\n-2147483647\x89.\x03\x00E\x80\x8c\x01\x880\x00\x80\a\x01\x01(g\x84\xd2\a\x80G\x01\x02ear\x80b \x80\xfb\n\x00p\x84\x14\x00\aExprPars\x80<\x15\x02idx\x83\xe4\x03\x82+\x0e\x87\xff\x0e\x8a\x11\x00\x00K\x82~\x00\x830\v\x84\xfd\x03\x83u\x01\x06onNil(g\x81[\x00\x81H\x18\x81%\b\x04g.pro\x80%\r\x89!\x00\x81\x1d\x00\x80g\x03\x81l\x00\x00<\x80\xaa\x03\x80$\x10\x81\v\x00\x80o\x03\x81\x18\x05\x00e\x80\x1e\x13\x80\x90\x00\x80\xa5\x10\x8d?\x04\x8f\x02\x01\x82\xc4\x02\x00e\x81g\x00\x00&\x857\x00\x00[\x80K\x00\x00]\x82_\x00\x02e.k\x80\xa1\x01\x86W\x01\x81\xe5\x00\x80\t\x01\x8eV\x00\x82\xf9\x00\x80\x19\x00\x01To\x80_\x13\x814\x11\x04e.tok\x83\x94\x04\x93F\x00\x00C\x80\xc9\x15\x93G\x00\x81\x1a\x00\xa7H\x00\x00B\x84\x0e\x02\x8aH\x00\x81\x15\x00\x82C\x00\x82\xaa\x18\x8fH\x00\x00(\x91\xd7\x00\x82\xab\x0f\x80G\x01\x90\x1c\x00\x02Sel\x82\xd0\x1f\x81X\x06\x80k\x00\x89\xd7\x01\x99\xe0\x04\x89(\x00\x94\xe5\x04\x00n\x80\xdb\x0e\x82^\x03\x80\x7f\x01\x01e.\x81\x0e\x00\x80\xc7\x14\x01 -\x84\f\x00\x00S\x80\x0e\x03\x80N\x05\x81\xb3\x00\x86)\x00\x80\x98\x00\x0115\x81^\x00\x83\xea\x00\x80\xbb\x1f\x02sEq\x80\xb9\x1f\x00T\x81s\n\x04p.src\x81\xee\x00\x86>\x00\x85\r\x00\x80W\x00\x02, \"\x8c\xf9\x03\x00\"\x83 \x02\x85<\x01\x913\x05\x88\xc4\x00\x828\x05\x80A\x01\x8e\x8f\x00\x003\xc0\x8f\x00\x01OS\x96\x8d\x00\x85\xef\x05\xa1\x8b\x00\x001\xc0\x8b\x00\x8c\x89\x00\x88w\x00\x94u\x00\x008\xbau\x00\x8af\x05\x90\x05\x01\x95\x91\x06\x8a\x0f\x01\x84\x96\x06\x80\x9e\x00\x96*\x03\x83\xe1\x02\x81^\x00\x80 \x00\x8e\x89\x04\x94\xc2\x00\x83z\x04\xa1\xc7\x00\x88Y\x04\x9eA\x01\x82\x81\"\x81\xf3\x02\x84:\x00\x80\x92\x17\x81\xf2!\x80\xfc\f\x03stBy\x81\xef\x11\x82\x00\x05\x92p\x00\x81\xfa\x01\x80\xc1\x00\x83C\x00\x80~\x03\x00-\x80\xfd$\x8ao\x00\x82\x1a\x00\x86\f\x01\x9c\xfc\x04\x00}\x97\xf1\x05\x81E\x04\xf1\xf2\x05\x80\xdd\x00\x00!\x91\x9f\x01\x89[\x00\x82\x1a\n\x84\xf3\x05\xa4\xfe\x05\x01-1\xad\xe9\x05\xa1[\x05\x83 \x02\xa0\xa8\x05\x00U\x80\x1f$\x00y\x86f\x02\x80B\x00\x81\xe7\x05\x01Is\x8bA\x00\x04, '!'\x83\xb6\x00\x01in\x80\xbf'\x86#\x02\x92\x9b\x01\x810\x01\x819\x00\x02lef\x8bi\x01\x8fv\x01\x845\x02\x83U\x00\x86W\v\x85\xd9\x00\x80\x1a\x01\x85\xd8\x03\x86\"\x00\x83\x06\x1a\x85\"\x00\x000\x84\"\x00\x8bL\x01\x94\xda\x06\x80\xca\x02\x8d\xb0\x01\xbc&\x06\x02wan\x81\xdd\b\x80\x0e\x01\x81\x89\x00\x85\xae\v\x82\xd5\x03\x00s\x82\xd7\x03\x88\xac\x03\x8b\x16\x01\x00\"\x8c\xaa\t\x85\x9b\x03\x84R\x00\x8e\x87\t\x80\xe7\x00\x01 e\x80>\x18\x00 \xb2e\x00\x83t\t\x95d\x00\x84\x92\t\x86l\x01\x84 \x00\x86i\f\x83\x80\x01\x9a\xf6\x05\x81i\x01\x847\x00\x822\x00\x89\xc2\x01\x82W\x00\x8c\xb1\x01\x977\b\x00i\x82\x90\x02\x84\x0e\x05\x85\x94\x02\x002\x90\x91\x02\x01&'\x82\x05\x00\x84\xd4\x00\x81\xf1\x00ʖ\x02\x81\x7f\x00\x82U\x00\x87\x96\x02\x89\xc4\x00\x84\xd5\x00\x81\xa7'\xa3w\x00\x82+\x00\xacx\x00\x835\a\x82d\x00\x87\xfa\x02\x8f[\x01\x81)\x01\x85%\x00\x97\xab\x00\x87\"\x03\x85\xe8\x01\x99^\x01\x00|\x81^\x01\x00|\xe2^\x01\x96\xd8\x00\xdc^\x01\x82\xb6\x10\x9f9\x01\x89^\x01\x97\xab\x00\xab^\x01\x00=\x81^\x01\x00=\x80^\x01\x80 \x06\x99(\x00\x00!\x85(\x00\x9e\x86\x01\x82\x06\r\xad\x85\x01\x9aa\x01\x8aR\x00\xb1`\x01\x95\xd9\r\x81\xf4\x00\x85Q\x01\x95$\x00\x8ag\x01\x82V\x01\x83h\x01\x01eq\x81\xaf\x00\x86b\x00\x81G\x00\x85\xa4\x01\xa6G\x01\x81E\x00\x04= !eq\x89\xe3\x01\x80\x14\x00\xa5\xb9\x04\x87\x96\x00\x89\xa5\b\x01Ob\x81\xff\x0f\x84&\x16\x80\xa8\x1e\x00h\x8f\xa3\b\x80\x9a'\x82{\b\x85\xde\x11\x8aC\x0e\x00m\x83\r\x00\x00m\x80%+\x80\x1a\x00\x83\xd03\x00s\x86\x9c\x01\x80\x00\x1f\x04gramP\x84\x18\x00\x82e\x0e\x00a\x80\xd5'\x81!\x00\x06313, 73\x80\x06\x19\x82}\x01\x80\x9f\r\x84&\x00\x82\x96\x05\x83\xd8\x02\x03posi\x82j\x1c\x84\xab\x06\x00c\x82\xa9*\x82K\x01\x800\x00\x82\x03\"\x00s\x81\xc0\x01\x82\x0f\x11\x82%\x00\x00;\x80\b\x00\x00<\x80\xb6\x10\x80(\x00\x80\v\x00\x01++\x83\x1f\x01\x00f\x82B\x00\x841\x00\x01[i\x80\xa3\b\x05\t\tbody\x82\r\n\x81\x1b\x00\x87\x19\v\x01ok\x80\x15\n\x81\xe3\r\x02fn.\x86#\x00\x00)\x82%\x02\x81\x0f\x00\x81O\r\x8c0\x00\x82\"\x00\x882\x00\x81U\n\x85U\x02\x87e\x00\x00<\x80q\x11\x84\xcd\x00\x80J\x02\x85K\x00\x00<\x88\"\x00\x88\x17\x00\x00>\x84\xe1\x00\x80(\v\x85\xfe\x01\x81z\x16\x80\xe8\a\x81\x8a\n\x83\xe1\x01\x82H\x01\x85\r\a\x82\xc6\x01\x81\xbf\x01\x00R\x80F-\x01e(\x81\x1c\x00\x00,\x80\xf0\x00\x82h\v\x85x\x00\x81M)\x85\xd0\x00\x81A\x00\x86\x90\x00\x00=\x85x\x00\x84\x06\x04\xb0Z\x00\x87\xaf\x00\x83\xb5\t\x93C\x00\x81\x9c\x03\x83A\x00\x02g.c\x89\xa7\x17\x85\x17\x02\x9c2\x00\x8d\x89\x18\xa07\x00\x00m\x80\x91)\x84\xda\x14\x80.\x00\x8d(\x02\x81\xb7\x00\x01m.\x81\xb9\x1d\x01s)\x87/\x02\x82\x12\x02\x84\x17\x00\x83-\x02\x9df\x00\x00t\x82\x12\b\x81V\x01\x9f*\x00\x80\xfc\x0f\x81\xb9\x00\xa0*\x00\x03firs\x82\xab\x01\x9f+\x00\x82\xf1\x02\xa3+\x00\x00s\x83\v\x01\xa7\xe6\x01\x00t\x898\r\x83\r\x00\x838\r\x80\xe8\x01\x93Q\x01\x04field\x89R\x01\x82\x11\x00\x83V\x01\x83\x1c\x00\xa3W\x01\x82,\x00\x81\x88\x01\xa1\xda\x00\x83-\x00\x03offs\x82P\x02\x80\xdb\x1e\x01be\x80\x13/\x82w\x00\x84\xe7\n\x83#\x00\x86\x19\x00\x82Y\x03\x86\x0e\x00\x81+/\x99\x00\x03\x87j\x00\x853\x00\xaaF\x01\x83|\x00\x88J\x01\x87\x11\x00\x9cN\x01\x84\xaa!\x88O\x01\x83\x12\x00\x83P\x01\x84\x1e\x00\xa3Q\x01\x83-\x00\xa6\xad\x02\x84/\x00\xa4\x81\x01\x84.\x00\x03iota\x82\xcd\r\xaa\x1f\x01\x84=\x00\x88 \x01\x88\x12\x00\x86!\x01\x97*\x06\x94\x89\x02\x82!\x06\x8e\t\x06\x84\x19\x00\x84\t\x06\xa7\xc3\x01\x00n\x8a\xc0\x01\x83\x0e\x00\x84C\x10\x9f\x9f\x02\x03n.pa\x80\f\a\x82\xb20\xa52\x00\x80\a\x18\x80\x9c\x19\xb03\x00\x00T\x80\xbc\x04\xa72\x00\x01ce\x802\x12\x00r\xa94\x00\x80C$\x81\xf8\x06\x02tic\x822\x00\x81~\x01\x00j\x84~\x01\x00j\x80~\x01\x8a\xed\x00\x80\x13\x00\x85\x7f\x01\xa0\xaf\x05\x828\x00\x01s[\x80B\x00\x82\xff\x04\x80\x11\x11\x04am+j]\x85\x85\x02\x82\xa1\x03\x83\xd1\b\x93\xf3\x01\x84p$\x89\xf6\x01\x84\x13\x00\x83\xfa\x01\x85 \x00\xa31\x03\x84.\x00\x9b\x03\x03\x90+\x02\x858\x00\x880\x02\x89\x13\x00\x86\xd1\x02\x84\x95\t\x81<\x00\x8a\x97\t\x02Asm\x80^\x1b\x81\xd88\x80}$\x80\xd1\x04\x02s(a\x84\x97\t\x80\x1a\x00\x82\x13\b\x89\xeb\x11\x00a\x81\t\a\x00.\x81\x015\x83.\x00\x80\xa3\x00\x00a\x82\xa1+\x84\x0f\x00\x00+\x82\x1c\x01\x83\x13\x00\x83\x12\x12\x80\f\x00\x8dN\x1f\x8b\xd5\x19\x829\x01\x04a.bss\x86S\x00\x83\x7f\x00\x81\xd6*\x83\xac\x11\x89r\x00\x00+\x83a\x00\x81\x11\x00\b), 0x1000\x82\xe2\x00\x01}\n"
const compilerSourceData7Chunk0 = "\x16// Code generated by go\x86\x10\x00D ./internal/targetinfo; DO NOT EDIT.\n\npackage main\n\nconst renvoSuppor\x80W\x00\x00T\x82<\x00\x11s = \"linux/amd64, \x83\r\x00\x02386\x85\v\x00\x04aarch\x87\x1a\x00\varm, windows\x854\x00\x85\x0f\x00\x826\x00\x86\x1c\x00\x01rm\x81\x1c\x00\x02dar\x80\x12\x00\x85\x0e\x00\x04wasi/\x80\x05\x00\bm32, vm/v\x80\t\x00\x06\"\n\nfunc\x83\xa0\x00\x04Parse\x83\x9c\x00\x03Arg(\x83\xe2\x00\b string) \x80\xfa\x00\x06 {\n\tif \x84\x19\x00\x00=\x8b\xbf\x00\x00\"\x81\x1e\x00\x06\treturn\x83P\x00\x83K\x00\x00L\x81#\x00\x00A\x81\"\x00\x02\n\t}\x93@\x00\x80\xbc\x00\x9a>\x00\x80 \x00\x96<\x00\x84#\x01\x9b~\x00\x83$\x00\x97D\x00\x01rm\x9b@\x00\x01rm\x90<\x00\x8a\x89\x01\x95@\x00\x00W\x83%\x00\x95\x00\x01\x88\xbe\x01\x9cB\x00\x93\x04\x01\x88\xd4\x01\x96@\x00\x80#\x00\x80\x04\x00\x80\"\x00\x90@\x00\x89\"\x02\x95A\x00\x00D\x82$\x00\x80\x04\x01\x97B\x01\x01-k\x80\x15\x03\x01el\xa0\t\x02\x00K\x82)\x00\x9d\x0f\x01\x9a\x90\x00\x85S\x01\x94\x91\x00\x85\xda\x02\x94>\x00\x01VM\x84\t\x01\x84\x1b\x00\x030\n}\n"
const compilerSourceData8Chunk0 = "\x1dpackage main\n\n// compileTarget\x82\x0e\x00-oses an OS/architecture implementation after t\x828\x00\x81I\x00\x02sel\x80)\x00\x80\x1a\x00\x13. It is deliberately\x84(\x00\x19-neutral: Linux runtime op\x81(\x00\x80<\x00\x05s live\x81O\x00\x01in\x85\x9b\x00\x02r_l\x81-\x00\x00_\x81\x80\x00\x06.go, wh\x80\x16\x00\x85R\x00\aspecific\x80\x9f\x00\x81\xd8\x00\nbuilders re\x81\xe3\x00\x80G\x00\x81M\x00\x04their\x84\xdd\x00\x00i\x82\xbe\x00\x00f\x80C\x00\x01s \x81\x7f\x00\x00l\x80\x1e\x00\x80\xf3\x00\x03 lay\x818\x00\x00a\x80\xea\x00\bsplit fur\x808\x00\x06r.\nfunc\x8b(\x01\x10(input []int, out\x81\x0e\x00\x82\f\x00\x83\x96\x00\x83\f\x00\x80K\x00\x04naSiz\x80;\x01\x02nt)\x81\x05\x00\x03 {\n\t\x80\x8f\x00\x03A st\x81\xad\x00\x85\xe1\x00\x81.\x01\x82\xc8\x00\x01al\x80.\x00\x00d\x84\xe1\x00\x04its p\x81D\x00\x82N\x01\alowering\x80\xae\x00\x81.\x00\x05ource.\x82N\x00\x03Keep\x80\x16\x00\x12at dispatch express\x80K\x00\x80\x03\x01\x80\xa7\x01\x04ms of\x81\x06\x01\x87g\x00\x83\xc5\x01\x05global\x80O\x00\x81\x1d\x00\x82N\x00\x05fixed-\x84\xc7\x00\x03bran\x80O\x00\x00p\x80\xa8\x01\x80\xa6\x00\x00c\x80\x15\x02\x80W\x01\bove every\x80?\x01\x02rel\x80\xe0\x01\x02d b\x80W\x02\x02end\x80#\x00\x01ll\x80\x96\x00\x01if\x80)\x00\x03nvoF\x81M\x00\x84[\x02\x03!= 0\x81\x00\x01\x92\x1d\x00\x01==\x83\x14\x00\x83\x0f\x00\x82\x1d\x02\nKernelAmd64\x827\x00\x00\t\x8f5\x00\x994\x00\x832\x00\x80\xb9\x02\x86H\x02\x82\"\x00\x82\x1c\x00\x00A\x81\x99\x01\x83\xc4\x01\x85\xbe\x01\x88\xae\x01\x00)\x80;\x00\x00}\xa2\xa8\x00\x06Windows\xa6\xa4\x00\x890\x00\x8f\xa0\x00\x89\x1e\x00̢\x00\x02386\xa8\xa0\x00\x80.\x00\x96\x9e\x00\x80\x1c\x00\xcd>\x01\x01rm\xab>\x01\x810\x00\x97>\x01\x81\x1e\x00Ƣ\x00\x02asi\x80\x04\x00\x02m32\xa2\xa0\x00\x86.\x00\x90\x9e\x00\x86\x1c\x00Ŝ\x00\x01VM\xa3\x96\x00\x81(\x00\x8f\x90\x00\x81\x16\x00Ŋ\x00\x05Darwin\xa6\xc7\x01\x88/\x00\x8f\x98\x00\x88\x1d\x00ş\x00\x82\xf7\x03\xa4\x01\x03\x85,\x00\x94=\x04\xc8\xfd\x02\x83\x8d\x04\x81`\a\xa8\xdf\x04\x840\x00\x95\xdb\x04\x83\x1e\x00ˢ\x00\x01rm\xa7\x9e\x00\x01rm\x95\x9a\x00\x01rm\xa3\x96\x00\xa1f\x00\x84=\x05\xb6\xdc\x05\x80h\x00\x80\xfd\x00\x84\xe1\x06\xa0x\x06\xd1i\x00\x8e9\x06\xb8\n\x06\x9fg\x00\x85\xfd\x02\xb6\xd1\x05\xa0\xca\x00\x86\xfe\x03\xb8\x96\x05\x99g\x00\x8b\x8a\x05\xb6]\x05\x98c\x00\x86Q\x05\xb0*\x05\x98W\x00\x8d\x1e\x05\xb7\xf0\x04\x9d\xb9\x02\x93\xe7\x01\xa6\xb9\x04\x9d_\x00\x89\xad\x04\xb8~\x04\x9eg\x00\x84r\x04\xb4G\x04\x8a_\x00\x80s\n\x92?\x04\x89a\x00\x001\x824\x00\xb5\xe5\x03\x01}\n\x83\x1e\f\x00R\x81g\x00\x00C\x83>\x00\x00S\x82\x9c\v\aToBytes(\x83\xaa\v\x80+\f\x00b\x80\x0f\x00\x85 \f\x01Na\x80\xf5\f\x01st\x81\xd0\v\x02) (\x85\x1c\x00\x04bool)\x81\x9c\x00\x84\x8e\x00\x96U\x00\x00S\x80:\x00\x00p\x84Z\x00\x89S\x00\x05, fals\xa1\x97\x00\x89B\x00\x97\x9c\x00\x00,\x82\b\x00\apSymbols\x84\xa0\x00\xaf\xaf\x00\x05WithOp\x82\xdf\r\x92\xb5\x00\x899\x00\x84(\x00\x00{\x82\xa1\x00\x84y\x00\x00:\x8a\x87\x00\x00}\x82\xdf\x00\x03type\x919\x00\x81+\x00\x01uc\x82i\r\x82\xbc\x01\x82\x7f\r\x81\x01\x00\x80~\r\x01\n\t\x89V\x00\x00 \x82\xc1\x00\x01\n\t\x84\xa3\x04\x02GUI\x81'\x00\x83\x14\x00\x04EmitI\x82P\x0e\x87\x14\x00\x03Modu\x81\x1b\x02\x02cen\x80.\x0e\x83!\x01\x81\x8a\x00\x804\r\x82\x88\x00\x01In\x80Z\x0e\x82\xc1\r\x02Obj\x80\n\x0f\x02Cac\x80p\r\x80\x87\r\x02erv\x80k\x0e\x81}\r\x04bound\x82\x95\r\x04-proc\x80\xa2\r\x01 o\x82,\x00\x80O\x00\x00o\x80x\x0e\x02whe\x85\xaf\x0e\x809\x00\x03ques\x81\\\r\x84\xcd\x02\x01ha\x86.\x00\x02reu\x80\x83\x00\x80\xde\x00\nbled. Embed\x81X\x00\x81~\r\x81\xc4\x0e\x00i\x80\x8f\x00\x00k\x81A\x0e\x81M\x00\x02bef\x81\\\x00\x02tak\x83>\x0e\x81\n\x0f\x80\x84\x0f\x02nsi\x81Z\x0e\x04front\x81\xba\r\x82\xd5\x02\x80\x17\x10\x01rk\x84\xf1\x0e\x97\xd5\x00\x00(\x90\xc5\x02\x80p\x01\x84\xa8\x00\x00:\x84u\x03\x03Pars\x84/\x0f\x02Arg\x884\x00\x80\xa6\x03\x8a\xa3\x03\x030 &&\x93\xb2\x03\x88\xf6\x05\x95#\x00\x82\xb6\x05\x95\x1d\x00\x94\xd0\a\x96\xd8\x00\x82@\x04\x8a<\x03\x05Defaul\x80\xc1\x00\x84K\x02\x91\xfb\x00\x80\x1f\x04\x80\x15\x04\x86\x0e\x03\xb2\a\x01\x80\t\x05\x83\x1d\x0f\x84L\x03\x000\x84\xcb\x03\x89\x9d\x04\x82O\x00\x94\x91\x00\x00)\x80R\x03\x02rue\x86\xbd\x00\x82,\x00\x8b\x1a\x03\x00V\x80\xef\x00\x00d\x84/\x00\x83\xa0\x10\x00o\x843\x03\x90G\x03\x00)\x82\xd0\x00\x81\x92\x00\x80\xa4\x00\x84(\x00\x00.\x88*\x03\x96\xb2\x01\x89\xd9\b\x9c%\x00\x81\xb0\x06\x9dH\x00\x8d7\a\x8e\x15\x01\x85\x9c\x00\x87\xed\x03\x82K\x01\x01||\x85X\x00\x00>\x8a`\x02\x05< len(\x88i\x00\x03IntB\x80i\x11\x00T\x81K\x03\x00)\x80)\x00\x80k\x00\x8fS\x00\x00>\x84\x9c\x00\x86\x12\x00\x06Minimum\x81Y\x00\x8f.\x00\x00<\x8e.\x00\x01ax\x81.\x00\x9f\x96\x05\x8f)\x05\x99\x9c\x05\x9a\xbf\x01\x8f\xa6\x05\xb7\x98\x02\x80M\x01\x00!\x9cQ\x02\x86\x8e\x00\x82k\x00\x85\x9d\x01\x02nil\x89\xc8\x02\x00c\x81k\x04\x00x\x87\x83\x00\x02New\x84R\x00\x00C\x83\x1a\x00\x8dM\x00\x00.\x89\xb0\x05\x87\x16\x00\x87\x88\x02\x87\x14\x00\x86\xb2\x05\x80\xbf\x00\x84\xac\x00\x03nfig\x80\xb8\x14\x8cc\x00\x84\x85\x00\x8b\x82\x06\x00\"\x823\x00\x00\"\x87O\x00\x8a\xed\x05\x80S\x00\x80\xaf\x05\x00g\x8b;\x01\x00P\x80\x12\x00\x02ram\x81\xb3\x01\x85[\x00\x85\xdc\x06\x84c\x00\x82\x8a\x00\x00s\x80\xad\x03\x869\x00\x84\x8b\x00\x82@\x00\x00d\x84A\x00\x83b\b\x00&\x81a\x00\x85\x94\x00\x87\x87\x00\x86C\x02\x83\x95\x01\x80\x86\x01\x81P\x00\x02.ok\x98f\x01\x89.\x04\x85\xb1\x01\x82\xb9\b\x03Data\x89\xaf\x00\x86\n\x01\x84V\x00\x00d\x80 \x00\x85\x83\x00\x8dP\x04\x91\xb3\x02\x83V\x00\xa5J\b\x83=\t\x03Path\x99]\b\x85v\x04\x98S\b\x83w\x00\x9dT\b\x87o\x00\xb3`\b\x9c\xf6\x00\xac\xaa\x03\x8f\xfc\x00\xa2|\x05\xf0\xb3\x03\xff\xae\x03\x9f\xae\x03\x89\xdc\x01\xff\xb1\x03\xaf\xb1\x03\x87d\x01\x84:\x18\x80o\x00\x80\x87\f\x81j\a\x87)\x02\x80\x10\a\x02\"-\"\x827\x00\x84&\x00\x00=\x81'\x19\x84\xbd\x06\x00C\x81l\x01\x02ng(\x871\x00\x80\xb2\x03\x02578\x81I\x11\x86H\x00\x80\xee\x06\x83U\b\x8cy\x00\x81z\x00\x80\x03\x00\x01wr\x80\xdb\x19\x84B\x00\x81\x05\x04\xbc0\x04\x01-1\x83\xf4\x00\x93\xc4\x00\x04chmod\x86m\x00\x02493\x81\xaa\x00\x01cl\x80y\x19\x84\x15\x00\x83\xbc\r\x84\xa9\x00\x96|\x04\x00U\x80\xb8\t\x8bz\x04\x00u\x80\x12\x00\xdax\x04\x8es\x00\x87\xd1\x02\x82}\x00\x97\x9c\x02\x89h\x00\x9a\x9b\r\x9dc\x00\xbd\xe0\x00\x803\x1b\x87\xbb\t\xaa\xf1\x00\x89\xe8\x04\x9b\xed\x00\xabe\x05\x01, \x87\xe3\x00\x00:\x88\x9e\x00\x94}\x05\x99\x93\x00\xffy\x05\xffy\x05\xffy\x05\x8ay\x05\x00,\x80\xb1\x1c\x81\xb3\x01\x80&\x00\x00k\x86\xc7\x00\x04Decod\x82\xca\x01\x84I\x05\x82\xbe\x01\x84(\x05\x830\x00\x82>\x01\x95,\x05\x81Y\x00\x01.c\x80\x06\x05\x00*\x84\x9c\x00ˮ\x05\x897\t\x00W\x81\x1a\x05\x84N\x00\x00R\x82d\x00\x8d\xfd\x04\x89\f\x01\x82\xb3\x02\x85\x06\x10\x8a\xb1\x02\x8d\xd5\v\x81\x98\x1d\x82^\x1f\x82\x8a\x1d\x81\xa9\x02\x80\xda\x1e\x00k\x80\xb9\x0f\x84\xc9\x00\x00w\x80+\x00\x80X\x00\x81M\x00\x00r\x80\b\x00\x81\xb0\x0f\x80\x15\x01\x01th\x80\r\x00\x03gh a\x83\xb5\x1e\x00y\x80\x15\x10\x00m\x80]\x1f\x01sc\x80\xf5\x01\x807\x10\x02. T\x81[\x10\x80Z\x10\x80\r\x10\x87\xd0\x0f\x80\"\x10\x81h\x00\x01is\x81N\x00\x80\x16\x1e\x01h \x80\a\x10\x00 \x835\x00\x80\x88\x00\x01ec\x80`\x00\x80\x01\x1e\x83\xfa\x1d\x04 RNVI\x83\x16\x10\x02por\x80\a \x83\xea\x1d\x83A\x1f\x01 m\x80\xf4\x1d\x01ry\x89\x17\x10\x9a\xe6\x00\x9f\x96\x03\xff\xb9\f\xff\xb9\f\xe8\xb9\fȏ\x03\x8c\x19\x01ܔ\x03\xfa\xf3\f\x9c\n\x04\x01 *\x89o\x00\x84a\x00\x85Y\x00\x8a\x8b\x00\x838\x00\x90\x8d\x06\x8ae\x11\xeb+\n\x0eO_RDWR|O_CREATE\x80\t\x00\x04TRUNC\xef?\n\x84\x16\x00\x00.\x88\x93\x11\xd4L\n\x8c\xa2\x05\x00S\x80~\x15\x82\xc7$\x01dv\x80\xe4\"\x83\xf2$\x00e\x86I\x15\x82$\x00\x83##\x80\x01\x05\x85\xb8\x15\x00p\x80\x84\x15\x01es\x82q\x05\x81O\x00\x83\xbd\x19\x80%%\x81\xa5\x12\x85\x02#\x00e\x80\xd0\x03\x80M\x00\x02 sm\x80\x8d\x15\x80\x16\x00\x81\x8f#\x80|#\x80)#\x01oc\x80\xf2\x00\x80g\x12\x80Y$\x00n\x82)%\x84\xcf\x15\x80\xe6#\x01er\x82B%\x00t\x80\xc9#\x80\x91\x05\x81\xa6\t\x85\xcb\x15\x83\x8a\x05\x83\xc9\x00\x82\xab\x05\x80\xbe\x15\x80}#\x80\xba\x15\x03loop\x80\xdd\x15\x03twee\x80\xa2\x00\x81h\x00\x80\x9b\x00\x8f\x18\x17\x85\xe8\x00\x87\x18\x17\x82\x9f\x05\x83\x01\x00\x83l\x05\x85c\x05\x88\xa5\x05\x85p\x02\x88\xae\x02\x80\x13\x00\x84\xb8\x05\x80\x01\x00\x90\xbb\x05\x87'\x05\x80\x01\x00\x91\x1d\x03\x86\xca\x05\x86\x8f\x17\x83\x06%\x87\x10\x00\x02don\x84\x0f\x00\x84t\x17\x80\r\x03\x85\x01\x00\x83\x11\x00\x82\xd7\r\x83\x01\x00\x83c\x00\x84S\x04\x05\n\tmeta\x8a\x1a\x00\x00M\x80\x11\x00\x02\n\ta\x84\xb6\x1a\x86\x17\x00\x84\xa8\x1a\x848\x00\x84\x1e\x01\x86\xb7\x04\x81\x01\x00\x8f\xbc\x03\x8b\x94\n\x04Begin\x8b^\x01Ή\n\x00*\x91\xc3\x01\x87\xaf\v\x00&\x90\x1f\x00\x00{\x81\x84\x00\x00:\x80\x94%\x8b\xa6\v\x00:\x94\xc2\t\x00:\x91\xce\t\x80\x15\x00\x83\t\x00\x87\a\x17\x01(s\x92\x8d\x00\x02) S\x80\xae\x02\x00(\x8a\xc3\x04\x00s\x81v\a\x80\x9b\x05\x818\x06\x01s.\x82\xcd\x01\x88\xcb\x04\x82\x88\x03\x84\xa0\x1b\x01s.\x83\xfb\x01\x86\xf7\x16\x01s.\x85\xb8\a\x92\xe5\a\x85\x1f\x00\x84\xe7\a\x83C\x00\xa6\xea\a\x85+\x00\x80\x1a\r\x00.\x8a\xee\a\x80w\x00\x82\xa6\x00\x00=\x84\x9d\x00\x8c\xac\x00\x82\x93 \x01s.\x85\xd7\x02\x96\xfd\a\x90`\x00\x8c\x01\b\x87\x18\x00\x89\x03\b\x87\x16\x00\x89\x05\b\x9b\x06\b\x86\x8f\x00\x81?\x00\x89\xda\x01\x80M\x00\x89{\x0e\x86[\x00\x8d\x11\b\x8c\x12\b\x00d\x82\a\b\x00d\x98\x17\b\x01s.\x84\x19\b\x8d\x1a\b\x85;\x00\xa5J\x01\x87-\b\x86\xc5\x00\x82`\x01\x82\xd4\x03\x01= \x82\x10\b\x82\x11\x00\x84\x1c\x02\x81\xe9\x06\x8f\b\a\x8b>\x02\x001\x85R(\x89\x0f\x02\x88L\x06\x93J(\x83o\a\x82>\x04\x00e\x81b)\x83!\x00\x811\x04\x81\x95\x06\x80\xd5\x02\x82&\x00\x8f\xd4\x00\x8c\xd5\x00\x82\xd6\x00\x84\xaf\x01\x01ap\x81$+\x83I\x00\x95\xb3\x01\x81D\x01\x84\xf0\x00\x8f\b\x01\x83l\x02\x82\xc6\x04\x80E\x03\x01ew\x83\xbd\a\x81\x94\x00\x86\x14\x02\x00B\x81\xdc*\x81\x12\x00\x80\xb5\x18\x00o\x80W\x00\x83\xca\x01\x835\x00\x85\xa0\x01\x83\x0e\x00\x85F\b\xa3\xe1\x02\x822\x00\x87\xad*\x84A\x01\x80\xfb\x04\x03olve\x87j\x1a\x91\xe7\x02\x89\xae\t\x88\xba\x01\x81r&\x9c\xba\x01\x83l!\x97\xba\x01\x8eV&\x01s.\x85\xcc\x05\x84(\x00\x82\x88\x05\x00S\x80)\a\x01ar\x85Y\n\x83!\x00\x90\x1b\x01\x83i\x00\x86A\x00\x83\xa7\x04\xa9\xe6\x01\x87\xdc\x00\x003\x93\x12\t\x80\"\x00\x84D\x06\x8c\xfa\n\x87w\x14\x81\xbb\x01\x8c\x9c\x00\x87\xc6\x03\x8bA\x01\x88\xe2$\x95A\x01\x003\x85A\x01\x80\xf4\x01\x84\xd9\x00\x80\x1d\x00\x80\x94\x05\x008\x84\xc0\x02\x9b\xa4\x00\x875\x00\x83\x13\x00\x9f\x7f\x00\x80\xf6\x01\x00k\x85\xdd\x00\x90\x18\v\x8a\x9a\x04\x85&\x0f\x89\x96\x04\x80\xe2\x00\x8cl\x01\x91\xee\x13\x96p\x06\x84g\x00\x8e\xbb\x12\x00s\x81\x1b\n\x81\xcf\x01\x80\x8d\x1b\x84`\x00\x82\n\x00\x01ok\x92\x0e\x1d\x8a\x8a\f\x00(\x82|\x04\x8aJ\b\x89\xc3-\x00)\x90\f\b\x84\xec\x06\x83\xc5\x03\x89\xb7\n\x87\xcd\x06\x87\xe1\x03\x82\x1f\x00\x05Legacy\x8c\x15\x04\x8a\xa3\n\x9c*\r\x8b)\r\x000\x87#\x13\xa08\x00\x97\xdd\x00\x8e\xa0.\x93\xec\x00\x02var\x97\xd5\f\x83\xba\f\x82\xf0\x00\x8b\xb8\f\x85T\x02\xadm'\xa3\x9a\x05\x8ce\x00\x87;(\x99\x87\x05\x82`\x06\x01.c\x83y\x01\x81\xd6\x00\x82l\x05\x88+\n\x90d\x05\x83z\x01\x00&\x84F\x04\x81\x9d\x00\x89^\x05\x8f\xec\x00\xa4J\x05\x85\xcb\x01\x89\xb9$\x91\v\x02\x8b;\x04\x01Sc\x80$1\x01ch\x89\x95\x00\x86\xbc\x0e\x93\x13\x02\x97@\x00\x8d\x17\x02\x82\f\x01\x878\v\xa4\x05\x03\x9b\x8c&\x87\x84\x1f\xa1\x96(\x83!\x00\x00r\x85(\x03\x8a\xd8\x05\x80+\x00\x8b\xfd\x00\x84\x91\x01\xa5\xb3&\x95\x8a\x00\x89d\x06\x9c\xae\x00\x8e\x8a \x99\xb0\x00\x84x\x00\xb3\xb4\x00\x8b\x00'\x9ag\x00\x01rm\xadc\x00\x88R#\x95\xf1\x00\x8d\b)\x99\x82\x00\x83K\x00\x8e~\x00\xa1\xbc\x00\x81\xf3\x03\x91\xbe\x00\xa0\xc9\x02\xe2\xc2\x02\x94\a,\xb2\xd4\x00\xa2\xbb)\xca/\x03\x82\xd0$\x00d\xff.\x03\xa8.\x03\xb2\xb3\x00\xaa-\x03\xacb\x00\xff,\x03\x89X\x02\x90\xbd\x00\x8a+\x03\x01Se\x83;\x1c\x84t\x0e\x00(\x90\xe5\x1c\x84\xa6\x0f\x89\x19\x00\x86\x11'\x84x\x00\x00r\x8a\")\x86\x14\v\x83\xa5\x00\x84\xb0\x00\x97.\x00\x83,\n\x8b\xc2\x03\x84~\x14\x82\x99)\x82\xf4\x14\x83\b\x00\x85[\b\x80\x1f\n\x86\x86\x12\x81\xa1\x18\x00i\x81\x8a\x0e\x010;\x80\b\x00\x83\xab%\x01s)\x80\f\x00\x01++\x85\xdd\x14\x80e\x00\x01ap\x80\xdb\x14\x82\xff\x13\x80_\n\x02[i]\x83G\x01\x8f\x1c\x00\x80(\t\x86#\n\x86\x02\x15\x8e`\x04\x84f\x0f\x83\xcf\x01\x80,\x0f\x90\xe2'\x92\xba\x15\x82\x80\n\x80B\x00\x83'\x04\x00R\x80\xfc8\x80\x1b\x14\x80\x82\x00\x01\"\"\x8a\x19\x00\x02BTF\x81\xcf\r\x00i\x80\xbb\x12\x88\x16\x00\x802\x01\x80@7\x812\x01\x8d\x1a\x00\x00V\x80\x17\x00\x81\xeb\x11\x8eI\x00\x83\xc7\x0f\x84V\b\x000\x90\x1b\x00\x81\xb1\x00\x02Off\x80\x1e\x00\x00-\x808\x0f\x8e\x1f\x00\x81\xf1(\x98\x1f\x00\x01Ex\x9a\x1f\x00\x82\x0e\x01\x84\xfa\x02\x83\x18\x00\x81\x12\x00\x03From\x83\xec\x15\x89]\x16\x8a?\x00\x85/+\x80\xd0\x00\x80\xcd\x02\x02pri\x80\xb9\x02\x02ry\"\x94\x86\x01\x93\xf2\x18\x94j\x17\xa3f\x13\x80*\x16\x8e\xb6+\x87\xbe\x01\x05NonNil\x85i\x00\x83\xe3\t\x90\x92\x16\xa3W*\x86#\x03\x85B\x00\x00k\x82#\x00\x89\xcf\x0f\x91\x99\n\x80v\x00\x84)\x00\x80\xfa\x02\x8b;\x00\x85\x1a\x00\x84\x0f\x00\x8b\xe3\x01\x8a\x1b\x00\x8b\xdf\x01\x8a\x1b\x00\x8b\xdb\x01\x8a\x1b\x00\xb1\xdd\x01\x8aA\x00\x95\xdf\x01\x81H\x01\x8bz\x01\x81\xbf\x17\x83\xbe\x17\x94A\x00\x8a/\x00\x89\x88+\x9e\xd9\v\x99'\x02\x98\xeb\x01\x91\xe8\x01\x9cR:\x903\x00\x01OS\x855\x00\x01OS\x821\x00\x92&\x00\x00A\x80\xe2\x06\x85(\x00\x81\f\x00\x91P\x00\x00N\x80o\x18\x00v\x80\xa8\x03\x00t\x84\xe5\x03\x008\x8a\x8e\x02\x85L\x02\x87\xba\x10\xaef\x02\x8c2\x00\x9c\x04\x02\x87\x18\x00\x95:\x00\x87\xbc\x01\x8f\xf1\x03\x90\b\x03\x8ap\x00\x89\x1f\r\x8d\xe1\x04\x949\x00\x87\xfe\x02\x95\xfc\x04\x949\x00\x87\x1c\x03\x95\x16\x05\x949\x00\x87:\x03\x950\x05\x8e\x83\a\x8a\x05\x01\x01(l\x8fw\x04\x80\xd3\x01\x85\x16\x00\x87\x13\x03\x921\x05\x84'\x00\x83\v\x03"
const compilerSourceData9Chunk0 = ",// Code generated by Renvo RTG; DO NOT EDIT.\n\x80-\x00\x84(\x00\x04or: 1\x81\x10\x00.target: architecture-kernel\npackage main\n\n\ntype\x81U\x00\x12Register struct {\n\t\x82\x83\x00\bint\n\tVali\x80\x84\x00\x04ool\n}\x873\x00\x04Label\xa80\x00\x06Address\x882\x00\x00T\x82\xa8\x00\x00 \x83\x01\x00\x85R\x00\x01\n\t\x80)\x00\x02end\x84\x17\x00\x82Q\x00\x03Base\x84\x10\x00\x82)\x00\x85\xae\x00\x06\n\tIndex\x92\x1a\x00\vDisplacement\x83F\x00\x03Scal\x86G\x00\x81\x12\x00\x88\x9d\x00\bCondition\x8d\xd1\x00\x88\x86\x00\x05SetOpc\x82\x15\x00\tbyte\n\tJump\x84\x12\x00\x82\x11\x00\x00}\x86O\x00\aShiftDir\x80|\x01\x81T\x00\x81?\x00\t\nconst (\n\t\x85 \x00\x03Left\x90-\x00\x00=\x80\xc5\x01\x86$\x00\x03Righ\x93%\x00\a2\n)\n\nvar\x81\x1d\x00\x01No\x86\xc0\x01\x00=\x89\x06\x01\x00{\x88\xe2\x00\x03Emit\x8b\xe1\x01\x02asm\x81\xdc\x00\x01*r\x81Z\x02\rAsm\n\trelocs []\x84\x1e\x01\x04func \x82\x1f\x00\x87A\x00\x00(\x817\x00\x864\x00\x00)\x89[\x00\x80T\x00\x01re\x80m\x02\x00n\x88\x15\x00\x00{\x80/\x00\x80\x8a\x02\x02sm}\x8eQ\x00\x82\xef\x01\x00(\x82?\x01\x80p\x00\x82J\x00\x83T\x02\x8aH\x00\x82\x13\x00\x00{\x81\x8c\x01\x01: \x81,\x00\x01, \x82_\x02\x83\r\x00\x04 >= 0\x87Z\x00\x05(out *\x87}\x00\x02) B\x80\x98\x01\x04(valu\x83\xa3\x01\x00)\x81\\\x00\x80%\x00\x00.\x80\x91\x00\x00.\x82A\x00\x04= app\x80o\x02\x81;\x00\x86\x16\x00\x01, \x823\x00\x00)\x86Y\x00\x80S\x00\x82J\x00\x8c`\x00\x84(\x00\x8b[\x00\x87s\x00\x87@\x00\x8f\x99\x00\x00U\x80\xf3\x00\x0132\x84\x9b\x00\x00u\x82\r\x00\xa6\x9d\x00\x81o\x00\x84b\x00\x89\r\x00\x04 >> 8\x8e\x12\x00\x0116\x8e\x13\x00\x0224)\x8a\xdb\x00\x84\x8c\x00\x94\xdd\x00\x82\x9c\x01\x84\x9a\x00\x84*\x00\x83\xb0\x00\x84\x83\x00\x9d\xe6\x00\x0164\x88\xe6\x00\x0164\x9cL\x00\x95\x1b\x00\x81\xb8\x00\x80#\x01\x8e\xb8\x00\x80^\x00\x94\xb8\x00\x90o\x00\x85\x8b\x00\x99\xb3\x00\x04Patch\x84\x81\x00\x00a\x82:\x04\x8d\t\x01\x82\xc0\x02\x01Pu\x80!\x00\x01At\x8c\x9a\x01\x00a\x85-\x00\x8a\xa8\x00\x89S\x00\x8e\xad\x00\x93d\x00\x81W\x00\x8b\x8a\x00\x8eY\x00\x8f\xbb\x00\x02New\x83T\x03\xa1L\x03\x85\xc2\x03\x865\x00\x84\xca\x00\x80.\x02\x84a\x03\x80)\x04\x00e\x99\\\x03\x05Mark(l\x82f\x00\x85\\\x00\x82\xbc\x00\x02if \x82\x16\x00\x00.\x83\b\x06\x80\x12\x00\x833\x01\x80m\x00\x813\x00\x8an\x00\x00,\x84+\x00\x81\x94\x00\x80\xfd\x01\x99o\x00\x02Rel\x80\t\x01\x90p\x00\x81K\x00\x82\x1d\x00\x839\x06\x83#\x00\x02, 0\x99+\x01\x8e0\x00\x86S\x00\x80\x92\x01\x83\x80\x06\x85\x8b\x01\x80\xa1\x01\x05:= len\x8a\xec\x01\x92\xaa\x02\x000\x81\xc1\x02\x90\xff\x00\x81*\x00\x84\\\x05\x8a\xd3\x03\x83\x14\x00\x837\x02\x87\b\x01\x85\x82\x00\x9f\x10\x01\x01oc\xa0\x80\x01\x01&&\x8f\xbd\x00\x818\x05\x004\x8a\x9a\x01\x80\f\x01\x83Q\x00\x87\x99\x01\x8d5\x00\x01-4\x96\xae\x01\x82t\x06\x84>\x00\x8b\xdf\x02\x97\xb0\x01\x85\xbd\x00\x9e\x8d\x03\x80\xcf\x02\x806\x00\x04for i\x81\x8a\x01\a0; i+2 <\x86\xa1\x00\x83F\x01\x00)\x80\x17\x00\x04 += 3\x82\xd7\x00\x83\xb5\x01\x87\x1e\x00\x02[i]\x80\x16\x00\x83\x8d\x00\x8c\x19\x00\x01+1\x81\x1b\x00\x84\xf5\x01\x8d\x1c\x00\x002\x81\x1c\x00\x83P\t\x81\x1c\x00\x85.\x01\x82\xcd\x00\x02Pos\x823\b\x8c\xcc\x02\x80\x19\x01\x81\x83\x01\x80\x82\x00\x05< 0 ||\x80\n\x00\x03+4 >\x90\x85\x01\x80\x1c\x00\x84[\x00\x81*\x00\x81\xb7\x00\x00\t\x80%\b\x03tinu\x80]\b\x80^\x01\x84\x9e\x01\x97k\x04\x83>\x00\x00+\x83\xbc\x00\x00-\x80%\x04\x00+\x81\xda\x05\x8b\x98\x01\tSignedFits\x84I\x05\x82\b\x05\x80\x13\x06\x80\x12\x00\x83\xe4\x02\x81\xa9\t\x848\x02\x82\x15\x00\x00<\x80d\x01\x84\x1c\x02\x829\x04\x03fals\x80\x91\x00\x80\x90\x00\x85\"\x00\x80>\x02\x006\x83h\x01\x84#\x00\x81+\x04\x82\"\x00\x01li\x80\xbb\x01\x81*\x01\x83n\x05\x061) << (\x825\x00\x02- 1\x80\x9c\x00\x841\x00\x84\xd4\x05\x02= -\x832\x00\x80\xa5\x02\x83\x13\x00\x80\xd7\x01\x81\x11\x00\x8a\xe7\x05\x01ns\x8d\xc4\x00\x83\xdc\x05\xd5\xc5\x00\x8a\xa4\x00\x00<\x84m\x00\x84\xcc\x00\x81;\x00\x89\x9d\x00\x02Log\x85\xa2\x06\x82\x88\x00\x80\x05\x00\x83t\x05\x02sul\x82\t\x01\x000\x83\xbb\x02\x84\xf1\x00\x01 1\x82r\x00\x85\xd3\x06\x82\xec\t\x84-\x00\x01++\x89}\x00\x83\x14\x00\x8e4\t\x87\x86\b\x85\x8b\x02\x8e\x84\b\x85\x19\x00\x81E\x03\x008\x81,\x00\x00,\x81\x95\x00\x8e\xad\a\x85R\x00\x89\x98\x06\x8dT\x00\x8a\xf2\x06\x84S\x00\x83,\x00\x8e\x8e\x06\x89O\x00\x85\x94\a\x8dO\x00\x88\x92\a\x91R\x00\x89\xa6\x00\x9b!\x00\x8e\r\b\x85~\x00\x8ej\a\x87\x83\x00\xa4\xcc\a\x96\xc8\a\x85c\x00\x890\a\x89\b\v\x86\xf9\x01\x84\xbf\x01\x8f^\a\x8fL\x00\x82B\a\x8c\xa8\x00\x83\xa4\x04\x85\xa0\x00\x85\xcc\x05\x82\xe9\n\x97K\a\x87{\x04\x8fg\v\x88\x99\x05\xa3f\x00\x881\x06\xa0-\x06\x87)\x06\x8b%\x06\x84\x8c\x00"
const compilerSourceData10Chunk0 = "Apackage main\n\nconst renvoAmd64ParamStoreRecipes = \"\\x48\\x89\\x7d\\xb\x80\x04\x00\x86\x10\x00\x005\x80\x10\x00\x80\x04\x00\x85\x10\x00\x005\x80\f\x00\x009\x88\x10\x00\x004\x80,\x00\x008\x810\x00\x00c\x84\x10\x00\x80\x1c\x00\x008\x81 \x00\x85\x10\x00\x82 \x00\x06\"\n\nfunc\x88\x87\x00\nEmitScalarF\x80\x19\x00\ation(g *\x82 \x00#LinearGen, fnInfoIndex int) bool {\n\t\x82)\x00\x1dNonNil(g)\n\ta := &g.asm\n\tmetaFn\x84\x12\x00\x81\r\x00\x00.\x81}\x00\x01s[\x88N\x00\x04]\n\tlo\x80\x7f\x00\x01Ca\x80.\x01\x02ity\x81-\x00\x0516\n\t//\x80c\x00\tdyStart po\x80t\x00 s after the opening brace, unlike\x83\xd5\x00\x81\xc6\x00\x04Decl.\x86?\x00\x05.\n\tif \x83\x8c\x00\x82\x16\x00\x03End-\x88\x0f\x00\x83d\x00\x05>= 512\x81\xd3\x00\x8c\x91\x00\n= 32\n\t}\n\tg.\x82\x19\x00\x81\xa8\x01\x06make([]\x83&\x01\x81\x15\x00\x81\xd0\x00\x01, \x8a9\x00\x80\r\x01\x842\x00\x04Count\x806\x00\x000\x81\x12\x00\agotoLabe\x82H\x00\x02nil\x81\x14\x00\x80\xce\x00\x00d\x80\xcf\x00\x04Contr\x80W\x01\x84*\x00\x02cur\x80a\x00\x00t\x81\xd1\x00\x80\x13\x00\x884\x01\x81\x1d\x00\x01st\x80]\x02\x03Used\x85.\x00\x82\x11\x00\x03Peak\x83\x11\x00\x83\xe1\x01\x05smMark\x82o\x00\x04(a, g\x82\x80\x01\x83~\x00\x8a\x85\x01\x80\xac\x00\x00f\x80\x8e\x02\x05ePatch\x81\x83\x01\tlen(a.code\x80\x1b\x00\x85L\x00\x81+\x02\x0132\x81I\x00\x020x0\x82\x01\x00\x01c8\x80\x1f\x00\x80]\x01\x82\"\x00\x03Type\x80\x92\x00\rsHiddenResult(\x83\xf8\x01\x00,\x85\x7f\x01\x00r\x82\x16\x00\x81*\x00\x00)\x82k\x01\x00g\x80\x12\x00\bturnStruc\x81$\x01\x83l\x00\x01dd\x81#\x00\x00d\x82[\x01\x01(g\x80p\x00\x82\x03\x00\x86f\x00\x00I\x80\x82\x02\x80=\x00\x85\x98\x00\x80\xc1\x01\x04ckMem\x83\xe3\x00\x89Q\x00\x81\xaa\x00\x038948\x81\b\x00\x017d\x81\x06\x00\x01bd\x80:\x00\x80\xcd\x01\x82<\x00\x03Bind\x85\xf6\x02\x82\x8f\x03\x00s\x81m\x00\x88\x19\x01\x83\xde\x00\x00!\x86-\x00\x06Closure\x80\xe3\x01\x80d\x00\x00e\x8e.\x00\x82\xd3\x00\x83\x80\x00\x01 f\x80*\x02\x00e\x82k\x00\x8aB\x00\x00N\x80f\x01\x00d\x83\x1c\x01\xad?\x00\x06Prepare\x85\xb1\x00\x84.\x02\x80v\x03\x9c8\x00\x81\xb7\x01\x83\xcb\x03\x04Range\x81v\x00\x8d\xfe\x02\x8a\x12\x00\x80\x1f\x03\x97S\x00\ag.deferR\x82\x1b\x00\x82J\x02\x03 > 0\x82/\x00\x81q\x00\x80\xf2\x02\x02ast\x82h\x00\x83#\x00\x00s\x82\x1b\x00\x86\xab\x01\x02Jmp\x88\x8e\x02\x8dK\x00\x81\xd5\x01\x80g\x00\x8b\xbb\x00\x8c\xf0\x00\x06Epilogu\x80\xc7\x00\x83\xa5\x00\x8c\xa6\x00\x81@\x00\x01} \x80\xe0\x02\x01e \x98\x90\x00\x82]\x00\x02Mov\x85\xca\x01\x83j\x02\x82\x91\x01\x808\x02\x81\xf4\x02\x883\x04\x87\xb4\x02\x01 !\x80\\\x03\x8b\xd1\x00\bPrimaryIm\x82~\x02\x000\x85\xc2\x00\x85\x1f\x00\x06Leave(a\x89\xae\x02\x80\x88\x00\x82\x11\x00\x80'\x00\x82t\x03\x81o\x03\x83\x1c\x00\x06lignVal\x81\xdc\x00\x87\xcf\x03\x00,\x80\x0f\x05\x83\x87\x02\x83.\x00\x05> 6552\x83\x86\x00\x83\x12\x00\x00=\x83\x12\x00\x82R\x00\x83\xb4\x03\x00[\x87\xcd\x03\x02+1]\x80!\x00\x04byte(\x82\x15\x00\x81\xa3\x05\x8e$\x00\x002\x8b$\x00\x03 >> \x81\xd9\x03\x84Z\x01\x81\x12\x01\x01\n}\x8e9\x06\x82\xbb\x06\x826\x03\x03Word\x915\x06\x02reg\x81-\x06\a, offset\x839\x06\x9d4\x06\x82N\x04\x04g < 6\x82\xe3\x00\x01at\x83 \x01\x80_\x00\x01 4\x94\xf4\x03\x83_\x00\x00,\x81`\x00\x00(\x98`\a\x05[at])|\x9f%\x00\x803\x01\x02)<<\x804\x04\xa0+\x00\x022])\xa2(\x00\x023])\x83\x04\x02\x81R\x01\x87\x81\x04\x84U\x05\x0124\x83U\x05\x04858b4\x83z\x01\x8fr\x05\x0210+\x80f\x00\x04g-6)*\x89#\x00\x83\x87\x01\x83\x86\x02\x82\x15\x01\x87\x12\x01\x00)\x80\xb6\x01\x8c\xb5\x01\x81\x12\x06\x04ovRax\x82\xb1\x02\x84\xb3\x01\x80\x15\x00\x80\xc5\x00\x01mm\x92\xa1\x01\x81\xab\x02\x80\x94\x01\x81\x1f\x00\x00=\x85\xfe\x02\x89\x9f\x00\x0116\x83\x9f\x00\x03c031\x8c\xe3\x00\x85\x19\x06\x80*\x00\x80o\x00\x05Fits8S\x80\xe3\x02\x02ed(\x80N\x00\x85c\x04\x88\x06\x01\x83I\x00\x006\x80\x06\x00\x81 \x00\x88\x1e\x00\x02Pop\x84\xe2\x00\x85K\x03\x89d\x00\x80-\x00\x03>>32\x93\x9f\x00\x008\x83U\x00\x00b\x813\x01\x90W\x01\x86i\x00\x8cQ\x00\x81\x0f\b\r-2147483647 &&\x82\x16\x00\x02<= \x88\x15\x00\x94l\x00\x006\x9dl\x00\x9e\xd5\x00\x91`\x01\x01b8\x8e\x1a\x02\x006\x827\x02\x82W\x00\x8f\x9f\x03\x81!\x00\x04CopyB\x80\xd7\x03\x80\xd9\x04\x8f\x9e\x03\x05srcPtr\x83\xa1\x03\x03dest\x86\r\x00\x81\t\x04\x83\xb3\b\x85\x10\x02\x8a\xa1\x03\x86\xdb\x04\x02oad\x8dx\x02\x83T\x00\x88\xa7\x00\x81\x82\x00\x84%\x00\x05ToCall\x81,\x04\x001\x82\xf1\x00\x99H\x00\x84\x90\x00\x9dI\x00\x000\x8eI\x00\x04Terti\x89J\x00\x86\xcd\x00\x80)\x00\x80T\n\x00A\x82[\x00\x02ina\x81R\x06\x02 ab\x80\x03\x06\x82Q\n\x04sourc\x80X\n\anly need\x80m\n\x01 b\x80C\x00\x05ward c\x80|\x00\x03 whe\x80\v\x05\x00h\x80c\x06\x80G\x00\x00r\x81Q\x06\x80$\x00\x02ctu\x80\x8b\x00\x01y \x80G\x00\brlap. For\x823\x00\x0fREP MOVSB is sub\x80\xcf\x05\x00n\x80\x99\x00\x81,\x00\x00f\x80\x91\x06\x80\xc7\n\x02for\x82K\x00\x82\xcf\n\x80?\x00\x80`\x00\x01lm\x80\x05\n\x80\"\x00\x03comm\x80\x9e\x00\x03disj\x81\xf9\n\a case. T\x80)\x00\x02two\x819\x00\x82c\x00\x80\xfc\n\x02nch\x81\x86\x00\x01nd\x82J\x00\x00f\x80\xd7\x00\x04l sho\x80\xce\n\x04jump \x80-\b\x00 \x80A\n\x02ire\x80U\x00\x80I\x00\x01er\x81!\x00\x01to\x80t\x00\x80\x96\x00\x02fix\x80>\n\x00i\x80\x95\f\x81*\t\x81\x0f\x01\x00b\x80\xae\n\x00k\x80.\v\x89d\x02\x02Tex\x80\xaf\x06\x00,\x85\x9a\f\x003\x80J\f\x05f7\\x0f\x80N\f\x036\\x1\x80V\f\x0100\x87\x04\x00\x82\x8e\f\x81\x14\x00\x004\x80\x04\x00\x00e\x874\x00\x00c\x854\x00\x003\x804\x00\x880\x00\x894\x00\x007\x844\x00\x00f\x80(\x00\x86\x14\x00\x80\xbe\f\x818\x00\x81\x14\x00\x00f\x80\x10\x00\x00f\x80@\x00\x00a\x80(\x00\x00f\x80\x18\x00\x01eb\x80\x1c\x00\x80\x10\x00\x81\f\x00\x83\x18\x00\x00\"\x97\xf2\x04\x0410Bss\x80X\n\x00r\x8b\xf6\x04\x04bssOf\x80\xf2\x03\x94\xf9\x04\x91\xa5\x05\x05158d4c\x81\xb7\x06\x82\x9b\x06\x9d*\v\x88\x16\x00\x80\x7f\x00\x04AbsRe\x80g\x01\x81\x1b\x00\x00a\x81l\x03\x82\x80\x00\x84\xdb\n\x80\x1d\x00\x80\xa5\x00\x82 \x00\x93\xc9\x00\x81\xe2\x02\x80\xbc\x05\x80%\x00\xbe\xc6\x00\x000\x85k\x06\xdb\xc6\x00\x80m\b\x81\x81\t\x84\xba\x03\x81\xc0\x00\x80j\b\x88m\x00\x05*8 + 5\x92\xed\x00\x83C\a\xc6\xee\x00\x80\x06\f\xf2\xb4\x01\x81}\x02\x01di\x80\xc8\x00\x89\xc5\x00\x95f\a\x87:\x00\x05Rewrit\x85\xd9\a\x819\x01\x81\x7f\x00\x007\x801\f\x81\xe8\n\x89\xa0\v\x962\x06\x025f5\x80\xca\x00\x95\x94\x00\x00sŔ\x00\x006\xaa\x94\x00\x00e\x83\x94\x00\x8d\x95\x00\x91[\x00\x89\xf4\x01\x86K\n\x03push\x80\xb7\x04\x81\x7f\x10\x93\x85\x10\x81\xb6\x00\x00l\x81h\x02\x80\xe8\x01\x8e}\x02\x82\xd1\x00\x84C\x00\x83\xea\x0f\x82\x91\x02\x00-\x81\b\x00\x82\xb4\x00\x80\x89\x0f\x82!\x02\x81\x18\x00\x02/ 8\x8d0\x00\x80\x1f\x00\x01++\x85'\b\x82%\x00\x80\x12\b\x030 ||\x80h\x05\x00d\x81\x1e\f\x88Z\x02\x93C\r\x84\x81\x02\x80;\x00\x03/8 -\x82\t\x00\x00%\x80g\x00\x84\x94\v\x80\xa2\n\x01 +\x84\x8b\v\x83\xf4\n\x84a\x0f\x88\x84\x00\x83\x06\x0f\x00r\x80@\x01\x83\xdb\a\x00&\x83<\x00\x80~\x10\x87|\x00\x00-\x81\x8b\t\x82\x0f\f\x8f~\x03\x82\x1d\x10\x99\xd9\v\x8f\x8c\x01\x02Com\x81z\x0e\x941\n\xb3\x86\x01\x8a>\x01\x84\x10\x01\xb8A\x01\x80\x00\a\x03RIP-\x80\xeb\x06\x80\xdb\a\x80\xd5\a\x80=\a\x01pl\x80\x1d\x12\x00m\x80\x01\a\x02s u\x80\x0f\x0e\x82i\a\x02rig\x82&\a\x89\xf7\x06\x81\xbb\x01\x01as\x81 \x00\x00i\x83\x93\a\x00b\x80p\a\x80\xcc\b\x00o\x83\x0f\b\x82\x8a\r\x81e\a\x81\x85\x02\x00i\x81\xbc\a\x87f\x00\x81~\x00\x00s\x80\xa0\a\x05n grow\x80\xb8\x01\x803\x00\x00e\x82\xbf\x01\x83u\x12\x87\xd7\x01\x00&\x80\"\v\x007\x82\xa3\n\x80\x8d\x04\x93\xda\x00\x80z\x00\x00T\x81\x12\x00\x04`movq\x80}\x0e\x0fmory, %rax; cmpq\x81r\x01\x04ediat\x80\x9d\x00\x81\x16\x00\x00`\x81\x7f\x01\x81\xcd\a\x80\xbf\b\x81\xf5\a\x80U\b\x00d\x80\xec\a\x01ct\x82K\x00\x83@\x00\x81L\b\x80\xbb\x01\x05ison. \x817\t\x01er\x85\x0e\x01\x80\x03\b\x82\xe0\x00\x85\xd9\b\x82\xcd\x00\x80d\x02\x00v\x81\x82\x0e\x81\xb7\b\x01de\x81\xab\x01\x80K\x00\x87x\x13\x03flag\x80q\b\x80X\b\x81\xce\x14\x00u\x80\x8f\x00\x80\xe8\x00\x86\xe5\x00\x00-\x82l\x0e\x80\xc7\f\x003\x8d\xd1\x02\x020x3\x86\xe5\x02\x80#\x00\x01ap\x81\xf2\x12\x84\xe8\x01\x83\xa4\t\x82\x13\f\x940\x06\x9e\xb2\x02\x84\xd3\x04\x008\xa1\xd2\x04\x91\x1f\x06\x01c0\x80\x1f\x06\x009\x97,\x05\x009\xb6Y\x00\x001\x98Y\x00\x02emD\x80\xa5\x02\x8bU\x03\x81\xb7\x02\x844\x0f\x84\b\x00\x81\x12\x00\x008\x87\v\x00\x80\xe8\f\xa1\xf9\x06\x83p\x05\x01op\x89\xc3\x05\x8e\x86\r\x81P\x00\x94\x87\r\x82v\x00\x83\a\x00\x98\x9c\f\x82\xf1\f\x83\x96\x00\x92I\a\x83?\x00\x95\xca\b\x01Qw\x80\xc3\v\x81\x8b\x0e\x81\xfd\x12\x02Rcx\x80N\x00\xa8c\x01\x85\x17\x0f\x03c804\x83\xcb\b\xa5h\x00\x97v\x01\xa4W\x01\x80\xe2\x02\x83<\t\xad[\x01\x003\x83>\x00\x0144\x82D\x00\x9e_\x01\x85n\x00\x030884\x9a`\x01\x97+\n\x80e\x02\x01Rd\xad\xf2\x00\x80\xd7\x00\x82 \x00\x92Q\x0f\x86S\t\x002\x84\x05\x01\xa2\xe3\t\x001\x93\xe6\x00\x86\x04\x03\x83\x92\x00\x85[\x01\x82%\x01\x002\x82\x0e\x00\x81Y\x02\x80\x1b\x00\x80?\r\x80\x9f\r\x80\xf9\x05\x80\x8b\x17\x86\x1e\x14\x99w\x01\x864\x00\x80\xd7\x17\x96\v\a\x8d\xa6\x00\x855\x00\x99}\v\x87R\x01\x02Siz\x8c\x13\a\x87\xbe\x03\x00s\x80\x1c\x00\x99`\x01\x82 \x00\x80`\x01\x001\x96`\x01\x03b60f\x83`\x01\x85\x1e\x00\x01Se\x80u\x05\x00d\x80\xbe\x00\x893\x01\x8f\xbe\x10\x85[\x00\x83\xcc\x18\x92[\x00\x00f\xbc[\x00\x004\x8a[\x00\x90\xc5\x01\x0163\x8e\xc5\x01\x91\xff\x01\x88\xfb\x0f\x80E\x00\x94\x85\x00\x95\x8c\x01\x81\xfe\b\x88\xd6\x03\xb2=\x04\x0104\x86g\x01\x8e\xd8\x04\x80\xb8\x00\x9a\x86\r\x85y\x00\x8f\a\x02\xb3\xfd\x01\x85\xd4\x00\x85R\x16\x81_\x00\x85\xcf\x10\x91\xf7\x12\x97\xe8\x01\x88\xde\x00\x8e\xea\x01\x88\xdf\x00\x85\x19\x00\x9f\xe2\x01\x89U\x00\x008\x80p\x05\x81\xdf\x01\x98\xd3\x01\x82q\x05\x91\xc7\x00\x80y\x00\x93S\x01\x85\xec\r\x83]\x03\xb7\f\x06\x00a\x80\f\x06\x82\xe9\r\x9fe\x00\xd4\x14\x05\x83g\x0e\xa5\xec\x04\x84\x9b\x1a\x87'\x03\xa3\xb8\x00\xd3z\x04\x85\xf6\x02\xcbu\x04\x863\a\x0196\x81\xc8\x18\xc3s\x04\x89\xaf\x00\x80_\t\xabV\x00\x86,\x00\x88:\x17\xa8\x7f\x04\x00C\x80/\x06\x80#\x1b\x8c\x95\x10\x02suf\x80Q\x13\x80-\f\x00r\x80\xc4\x13\x97\x14\r\x80`\x06\x80\x9e\x13\x8b\x83\x10\x81\xc6\f\x80\x0e\x00\x83B\x00\x84\xa5\x01\x82'\x00\x00<\x86k\x02\x8c*\f\x80\x03\x14\x01 i\x81F\x00\x010;\x80\b\x00\x00<\x89?\x00\x80\x11\x00\x01++\x85\x8f\x1b\x84\x85\v\x82N\x00\x02+i]\x81`\r\x83'\x00\x00[\x80\r\x00\x95=\x1b\x8dm\v\x8f\x91\x02\x05Normal\x80\x99\x01\x80\x95\x02\x80\xf1\x14\x00K\x80\xd7\x1c\x8b\r\x01\x00k\x80\x12\x00\x99\x84\x02\x82 \x00\x80\xd5\x01\x83\xcb\x0e\x80Y\x1b\x81\xf8\x04\x85\xb5\x00\x91j\x01\x82\x80\x14\x81\b\x14\x00b\x80t\x14\x03c0\")\x815\x0e\x96)\x00\x81=\x14\x85-\x00\x0102\xa9-\x00\x81\x82\x14\x008\x801\x00\x88\x1c\x01\x8c\xd1\x1b\x8b7\f\x81>\x06\x8f\xb4\x02\x8e\xdf\x00\x80\xb0\x1e\x008\x96Q\x05\x80F\x00\x00e\x87\xa6\x05\x9dH\x00\x001\x83\x17\x1b\x94I\x00\x88\xef\x05\x9aI\x00\x00U\x80\x9d\x01\x9bJ\x00\x007\xa7\x93\x00\x80\x93\f\x9d\xbb\x01\x81e\x01\x006\x80\xa3\x15\xa2\xbb\x01\x81)\x00\x81\x8a\x01\x008\xa9\x8a\x01\x90\x93\x06\x95\xf9\x00\x84\xb0\x00\x91\xa5\x04\x81\t\x0e\x82:\x11\x91\xf7\x02\x02Inc\x83\x83\x05\xb2\v\x0e\x0202f\x82R\x01\x91Z\x00\x80\xb0\"\xb9Z\x00\x00a\x97Z\x00\x02Cmp\x83\xed\x1b\x8aQ\a\xab\xee\x1b\x80\x02\x10\x80\xe6\x01\x01eg\x80\x04\x10\x82\x1c\x10\x808\x10\x02ccu\x80\x13\x19\x82\x12\x10\x03ull \x81O\x19\x80\x0e\x11\x85 \x11\x80X\x10\x01 a\x81\x81\x00\x80\xb5\x18\x82n\x19\x00g\x82j\x10\x83K\x00\x02EAX\x82?#\x00s\x85M\x00\x02who\x80\x90\x10\x00l\x80?\x11\x817\b\x81y\x10\x05zero (\x81\xe5\x04\x06example\x80\xad\x06\x05<< 40)\x84\xcf\x10\x81\xab\x04\x80K\x00\x01eq\x80~\x19\x81\xd0\x18\x821\x00\x81\xa2\x11\x81\x8a\x11\x00s\x81\xd0\x11\x03both\x81\xe8\x10\x00r\x81\xa9\x10\x82U#\x00f\x81b\x00\x81$\x00\x81\xb6\x00\x81G\x00\x00i\x80\f\x11\x01's\x83J\x00\x02own\x87^\x11\x03-sel\x80F\x11\x81\x1b\x12\x80j \x03ic d\x81\x1f\x00\x817\x00\x02wro\x80\xcc\x00\x03path\x80\xf7\x10\x95J\x10\x005\x96\x02\b\x81)\x00\x84(\x00\x83\xf8\a\x0183\x81\x06\x00\x00f\x81k\x1e\x93\xc5\x1b\x8a\xc2\x01\x80\x98\x06\x00c\x80\xf9\x19\xaa\xc9\x01\x87K\x00\x98\xd6\x13\x83\x7f\x00\x93\xbf\x15\x90H\x02\x86\xae\x00\x90\xc9\x02\x05ivLeft\x80\xc1\t\x03Righ\x80x!\x8a\xd2\x02\x80f\"\x00o\x85\xbb\x15\x93\xaf\x00\x81 \x00\x8d\x9c\x03\x8c\x82\x1a\x81B\x1a\x00f\x80\b\x00\x81\x12\x1a\x81\x14'\x81N\x1a\x016a\x802\x04\x001\x80\x14'\x80\b\x00\x81$\x00\x00c\x80\f\x00\x01e2\x80z\x1a\x84J\x1a\x81\x82\x1a\x00d\x80\x14\x00\x810\x00\x81Z\x04\x003\x80\f\x00\x00c\x808\x00\x81B\x1a\x81@\x00\x005\x80T\x00\x85H'\x00c\x89\f\x00\x80\b\x00\x81\f\x00\x009\x81@'\x81t\x00\x80\xc6\x1a\x00f\x804\x00\x85 \x00\x00d\x81<\x00\x00b\x80v\x1a\x96\xef\x01\x9d\xbd\x00\x80\x89\x00\xaa\xbd\x00\x88\xf1'\x81\x9d\x00\x82\x03\x1b\x80\x17\x1b\xad\xc1\x00\x82\xb5\x00\x96o\x02\x80\xbe\x01\x02axS\x81\xa7\"\x8a\xe2\b\x03etcc\xa2&\x11\x86\x80\f\x03fc13\x83\x11\v\x8a\x1f\x00\x82*\x1e\x81N\x00\x832\x03\x82\x04\x03\x94i\x11\x81c\a\x90k\x02\x82\xb5(\x01wi\x80\xbc\"\x80\xe8%\x81:'\x80\xb2\x15\x81k\x04\x91\xe8\x1e\x82g\x04\x80\xb1\x19\x84\x82\"\x82(\x17\x89\x0f\x00\x01ep\x844\x00\x03Expr\x80\xbd!\x81\xfc\x15\x01id\x82\xe7(\x80\xb1\x02\x81 #\x83\xe7$\x97\xf7(\x81D\x00\x8d\xc7\"\x00l\x824\x00\x85\xdb#\x00E\x80-\x15\x01re\x83\xac\x00\x00E\x81\xb6\x04\x05Helper\x82\xfe\"\x8a\xed$\x83#\x00\x82\x05$\x02Reg\x82\x91$\x00e\x80+\f\x80\x90\x00\x94\x0f\x17\x855\x01\x81 \x1f\x86\xc2\n\x01To\x8a9\x0e\x89$\x00\x86D\x1f\x86-\x00\x9e\x8d\x1f\x88A\x01\xaf\x91\x1f\x8dM\x00\x86}\x01\xab% \x81\x16\x00\x869&\x82\\\x01\x89\x1d\x00\x00m\x85J!\x85\xa1\x04\x89\xc2\x1b\x02Jnz\x86:\x00\x87\xcf\x01\x82!\x00\x98\xe7\n\x81\x8d\x01\x80\x06\x03\x80\f\x03\x01Op\x91V\x02\x02tok\xa8\t+\x00p\x81\r\x00\x80\xe8)\x02rog\x82\xf1\x01\x81>\x00\x81\xde\v\x80\v\t\x81\v\x00\x80m\"\x83\xa2\b\x01ok\x82\xac \x00(\x86<\x14\x8c\xee\x01\x86?\f\x85/\x00\x82\xbe'\x00(\x80\"\x02\x80G\x00\x80u\x00\x84\xbf\x1a\x85\x1e\x00\x80Y\t\x87\x1c\x00\x86W\f\x80n\x00\x81(\x00\x92a\x00\x01c0\x86@\x00\x00_\x80c\x1a\ttime_Unsaf\x82\xa3\v\x00A\x80k\x00\x00.\x80\xe4!\x80\xbf\x03\x81J\x00\x80U\x00\x01c1\x810\x00\x82\xc1\x17\x81t\x01\x85d\x00\x00+\x80\xb1\a\x86e\x00\x80$\x00\xa6S\x00\x00+\x84\xb9\x1a\x80I\x00\x80\x8b\x00\x80\x83\b\x02'+'\x8a\x12\x06\x80\x90\x1d\x85+\x02\x90\x1c\x11\x83\xcd\x01\x8bA\x00\x00-\x8bA\x00\x89\xa1\x04\x0448c12\x86\xb2\x0f\x90~\x04\x008\x85^\x0e\x95]\x00\x00*\x97]\x00\x02c1a\x8c\x8f\v\x91A\x00\x00/\x8bA\x00\x84A\a\x85\xdc\x00\x82F\a\x86&$\x85i\x1d\x9aQ\x00\x00%\xaaQ\x00\x85\xee(\x8dP\x00\x80~\x18\x81_\x0e\x89Y\x00\x00&\x83Y\x00\x81\x11\x00\x80\xd1\x01\x80\x11\x00\x00^\x83\x11\x00\x94Z\x01\x02d0f\x80(%\x81\\\x00\x94[\x01\x002\x82/&\x8bz\x00\x82\xe1\v\x80|\x00\x812\x1a\x81\"\x00\x004\x806\x1a\x8a\xde\x00\x00|\x83t\x00\x86#\x00\x000\x80\xbe\x01\x8c#\x00\x84\x97\x00\x86#\x00\x003\x88F\x00\x80\x15\x00\x86\xc3)\x8f\xbf\t\x82/\x19\x8e\v\x01\x03shif\x82t\x03\x80\x0e\x01\x83\x04\a\x8d\x1a\x01\x00<\x8d\x1a\x01\x84\x11\x00\x84;\x00\x81\x87\x00\x02e0d\x80\xa1\f\x00d\x807\x00\x88\x9e*\x84.\x00\x00=\x85.\x00\x82]\x00\x81.\x00\x009\x82\v\x01\x83(\x00\x8d\x1b\x00\x00c\x86\xa7\x0f\x87\x81\x00\x00>\x8d\x81\x00\x84\x11\x00\x88\x81\x00\x01f8\xaa\x81\x00\x80\xf9\x1b\x95\x81\x00\x00f\x90\x81\x00\x80B\x00\x80\"'\x8bO\x00\x883\x00\x80\xb9)\x8a/\x00\x00!\x9b/\x00\x83\xb1\x17\x81L\x04\x82\xbf\x00\x92\xb2\x01\x88\xc3\x03\x00a\x87u\x13\x8f \x00\x81\x1c\x00\x81\x86\x1b\x93 \x00\x82a\x00\x94P\x03\x83\x91\x00\x8e}\x00\x80m\x06\x85M\x03\x85\xdc\x06\x81*\t\x84\xd2\b\x91L\x00\x8ae\x05\x95\xa9'\x82\x8b\v\x00J\x80\xb6%\x91m\x06\x91\xa3\b\x00e\x88\x13\x00\x84\x13\a\x83\xb3\b\x81\xfb%\x01If\x80! \x80\x89\x1e\x96&!\x84X\b\x81\xfc\x03\x8d\x9c\x06\x01e.\x88\x9e\x06\x83\r\x00\xc0\xa0\x06\x82I\x00\x96\xa2\x06\x85\x1e\x00\xff\xa4\x06\xab\xa4\x06\x83\xb9\t\x01Is\x83\xc0\x01\x81f\x1f\x01Ch\x80\x9f\x01\x00(\x81\xd5\n\x01c1\x94%\x01\x81\xe8\x1f\x80M\x0e\x86p\x0e\x85\xd5\x0e\x82\x1a(\x82^\x0e\x81\xe02\x00r\x80\x1a\x00\x81\xa2\x1f\x82y\x0e\x81\x8b(\x80\xab\x00\x01's\x80z(\x00w\x82\xcb'\x80\x8e\x0f\x83\x8a(\x01ep\x80\xa0.\x80\xe5 \x82\xd2(\x02. L\x80\xd7\n\x83\xea \x80R2\x80\x9d\x02\x80C\x0f\x81!\x00\x00s\x82\xe9 \x80j\x02\x81\x9f\x0f\x80\x7f\x1f\x81\x88(\x80\xf0\x1f\x83+ \x80\t\n\x80\x81(\x81#\x00\x03s be\x80x\x0f\x85\x93\x00\x81\xba\x0f\x00m\x82'(\x82-\x00\x00/\x80\x1a\x01\x81\x971\x00-\x82\xcb4\x80\xd1(\x83\xa8\x00\x80\xbe\x11\x83\xee \x82\r\x01\x80\xe50\x80w\x00\x81\b2\x00F\x814\x00\x87j\x02\x93\r\x01\x00l\x80\x9d\x06\x83W4\x80\xa4\x01\x01e.\x81\x0f\x00\x80\xaa\x02\x81\xa6\x06\x88\x16\x00\x82\x10\x00\x84\x17\x00\x82W\t\x02ep.\x81\xd8\x00\x01s[\x87*\x00\x80I4\x82\r\x00\x80'0\x80F\x01\x86y\v\x80\xbd\n\x82\x12\x00\x81'\x03\x85\x8c\x00\x875\x00\x84%\x0f\x868\x00\x00.\x80\xed\x02\x80\x9a\x04\x85\xec\x03\x8c^\x1c\x88(\x00\x82\x14\v\x83\xd3\x00\x8a\xc0\v\x80)\x11\x89j\x00\x86\xde\x00\x96\xac0\x94\xc5\n\x85\xec\x0f\x83A\n\x84\xb3\x00\x89{\x00\x85:\x00\x8c>\x04\x80\xad\n\x853\x00\x83\x84\x02\x84\x1b\x04\x89\x17\x04\x81z1\x00c\x80\xd60\x81\x0e\x04\x82\xb9\x11\x80\xb5\x00\x81R\x18\x81\x8e\x05\x008\x86\xff\x00\x83\x146\x87\xd9\x02\x01Is\x80\x11\x03\x83\b\x01\x85\xd3\x01\x81d\x00\x88\xd7.\x8a>\x05\x86c\x00\aTargetAr\x80X4\x85\x89\x13\x81\r\x00\x82\xfb\x04\x83\x84%\x80$\x01\x8b\xd5\x01\x866\x01\x80\xd4\x01\x82+$\x80\x10\x00\x00.\x8a\xcb\x13\x81d\x01\x00I\x80e4\x00t\x82\xaf\x00\x81\x1c\x01\x95 \x00\x82w\x01\x81A\x00\x82\xe21\x86\x18\x02\x00F\x80.\x00\x84\xb95\x80h\x00\x81\xd2\x00\x82e\x00\x00n\x80\xfe0\x84\x113\x86\x10\x00\x81\x0f3\x82\xbc\x01\x81g\x00\x9dF\x00\x83\x8c\x00\x88G\x00\x87\x11\x00\x85H\x00\x84\xd1\x00\x83J\x00\x80\xe8\x04\x000\x86\xc4\x00\x8c\x13\x00\x85\xb4\x14\x01Is\x80\xa1\x01\x86I5\x85\x866\x82&\x01\x822\x00\x01].\x80\x96\x03\x00)\xa13\x00\x87f\x00\x844\x00\x82\x1e\x01\x97\xb0\r\x85K\x02\x92A\x00\x85d0\x89B\x00\x86\x961\x8e:\x00\x88\xae\x00\x85\xaf1\x80\x15$\x85\x00\x1b\x005\x83\xfe0\x88M\x00\xff\xd8\x02\x84\x8c\x00\x89\x9e\n\x82\xb1\x03\x90\xfc\b\x80)\a\x87\xda\b\x85\xd4\x02\x8214\x85*\x02\x80\xe55\x00e\x83\xba\a\x00d\x81\x9c\x02\x81\x1c\x00\x8f$\x04\x81J\x03\x81a\x01\xa5:\x00\x8a\xc8\x04\x82t\x00\x80Y6\x02olv\x80\xb0\x05\x85>\x00\x84\x11\x00\x836\x00\x84\x0f\x02\x85\x9d\x00\x86D\x04\x84\x14\b\x89A\x00\x81\x1c\x00\x84\xa9\x02\x85\x13\x00\x8bb\x03\x81A\x00\x04Array\x82\xbf'\x9a'\x00\x84\xdc7\x95\x01\x05\x89?8\x01Is\x83\x01\x11\x8f\xac\x00\x866\x18\x92'\x00\x867\x01\x97h\x05\x85\xe8\x05\x8f)\x04\x83L\x00\xb09\x00\x89b\x04\x86\x06\x04\xbf\x1d\x04\x87K\x00\x82\v\x04\x83\xa4\x03\x9a&\x01\x87f\x03\x86<\x00\x8a\xe1\x03\x8d\xd7\x00\x83\xd9\x00\x8b\xce\x02\x96\xc4\x06\x88f\x02\x9b\x83\x12\x00P\x80\xa4*\x85[\x0e\x83\xad\x03\x8d\xde\x12\x9b\x1e\a\x97Y\x00\x00o\x86s\v\x8aY\x00\x9ed\x06\x00a\x80\x05\x00\x84f\x06\x83\x15\x00\x83\x11\x00\x84\xe7\x14\x01eg\x80\x03\x00\x87b\a\x88!\x00\x81\x1b\x00\x01cx\x8f\x14\x00\x00a\x81i\x03\x87?\r\x9e\x80\x00\x01rm\x88|\x00\x01rm\x98x\x00\x00r\x80\x178\x89t\x00\x83\x10\x00\xacp\x00\x00W\x80Q\x00\x89\xdd\x1a\x83\x10\x00\x82\xca\x12\x90t\x00\x83\x1e\x00\x01Op\x86\x93\x00\x8a\x18\x00\x8a\x8f\x00\x87\x13\x00\x89\x92\x00\x90E\x0f\x85a\x00\x81\xfe\x10\x84\xfa\x15\x8a,\x05\x84\x19\x0f\x81\x0e\x00\x81\xa5\x0e\x89\xdd\x00\x8b\xcb\x0e\x83\"\x00\x00<\x81\"\x00\x84\b\x02\xff\x11\x06\xa02\x14\x8e\xbf\x15\xa3\xcc\r\x84o\x16\x9b_\x16\x81\xeb\x03\x83\xab\r\x81\n\x00\x8ca\x14\x820\x06\x87B\t\x80Q\x00\x80<\t\x82\xcd\r\x99\xef\x04\x02msg\x86\xaf\x04\x80\x84\x1c\x80\x8b\x1d\x83\x1d\x00\x80\x99\r\x80R \x83\x14\x0e\x87\x9d\r\x81/\x00\x81y1\x86\xb0:\x01dd\x83/\x00\x03Data\x82V<\x00s\x81\xf9\x14\x81'\x00\x00L\x80S,\x84\xe5 \x84\x15\x00\x86\xcc\x03\x83!\x04\x813\x00\x83\x8e3\x827\x00\x80W\x00\x92\xc6!\x84W;\x83R\x00\x94j\n\x91\xe3\x00\x01li\x80\xfa'\x88T\x04\x86B\x02\x83\xb1\x00\x82 \x00\x92e\x17\x98U\x00\x87\xee\x05\xa2\xed\x05\x00e\x89\xe9\x05\x83\r\x00\x84\xe5\x05\x95\xe4\x05\x86+\x05\x8a\xe4\x05\xa3\xe2\x05\x8d\xe1\x05\x82\xe0\x05\x91\xd8\t\x85Z\x01\x86\x91\x17\x92Z\x00\x85\xa3\t\x98\x1d\x00\x00-\x85\xdc\x13\x8d\xbf\x13\x05global\x84b\x19\x89 \x01\x00G\x88\x19\x00\x9b\"\x01\x83C\x00\x8a\a\t\x87A\x00\x86\x02\t\x99a\x01\x8a\x85\x00\x90R\v\x8b]\x01\x86X\x00\x86?\b\x8e9\x01\x82\x864\x85+\x00\x86\xc2\x18\x88\xd8\x02\x88\xfd\x06\x82\x91\x16\xa4E\x00\x00+\x8b#\x15\x98\xa3\x19\x88l\x00\x8c::\x90\x85\x01\x82\xa2\x0f\x80\xc7\x03\x8a@\x01\x82@\x0e\x8a\xe2\x03\x9cF\x01\x86F\x00\x87\xa5\x02\xa33\x04\x859\x00\x82\x9e\x00\xa47\x04\x938\x04\xa39\x04\xa0:\x04\x90%\x01\x91\xe0@\x91\xf9\x03\x82\xa8\x03\x93\xab\x0e\x83\xb2\x10\x8e\xa8\x0e\x806\x14\x91&\n\x90^\n\xa2L\x04\x9d\x9c\x0e\x8bR\x04\x857&\x91o\x00\x87\x92\x03\x89\x1a\f\x9cd\x04\x8c(\f\x82\xf9\x02\x81\xc5\x1a\x8b\xec\x00\x82\xeb\v\x86y\x05\x91}\x00\x80W!\x00m\x98\x80\x00\x01t.\x81!\x00\x8dn\x00\x85\x14\x00\x81\x9c\x01\x80\v\x00\x90t\x00\x9e\xbf\v\x96\x81\n\x84Z\x12\x9f\x9d\x11\x8e\xde\x03\x963\x0f\x9bR\x05\x8a\n\a\x88\xd6\n\x8aT\x00\x02Shl\x85\x19\x00\x84\xc6\x02\x81\xfe/\xa2#\x04\x89\x97\x00\x96\x86+\x85\xe0(\x82\xadB\x852\x00\x81\x96\x03\x86?\x1e\x8a\x97\x00\xa8i\v\x80\xa4\r\xa8\xa4\n\xab<\x05\x91\xa2)\xc0<\x05\x89\xe5\x18\x85$\x00\x88\xaa+\x83\xa7#\x84\x930\x005\x82\xa7+\x009\x82\xce.\x88@\x04\x9d\x8d\b\x82N$\x80\xcd$\x81d\x00\x82\xbd\x13\xa5\xe0\x0f\x83\x91\b\x9a\x18\b\x86P\x00\x9a\xf9\x0e\x85\xcf\a\x88\x10\x06\x82a\x04\x83\x9a\x0f\x85\xa1\x00\x88\x9a\a\x84}\x00\x00;\x812\x00\x95\x12\a\x8fK\b\x86g\x00\x9b!\b\x8b\xf1 \x84}\x00\x81\xd4\x05\x80\xa7\x16\x87\xb7\x01\x8d\xfa \x99\x9f\x03\x9c'\x02\x8a\xe9\x02\xa1\xcb\x03\x96l\x02\xa9\x84\x03\x93\xe0A\x9d.\x02\x81\xe9 \x81\xac\b\x01e.\x80@\x03\x849J\x81\xad-\x85\xbf\b\x82R\x06\x00s\x82T\x06\x82\\$\x86\xa5\v\x82\xcf\x04\x81\x19\x06\x80m$\x83\x86,\x84>)\x80H\x00\x8b`\x06\x8c\xe2\x18\x80\x14\x05\x80\xe1\x18\x80\xd2\x06\x80)\x00\x00s\x81E\x00\x03firs\x80\xb9\x03\x82\x7f\a\x80\x14\x00\xa5\xae\x02\x85h\x00\x847\x00\x9a\x8b\x12\x83\xbd\x02\x84]\x00\x8d\xf2\x05\x88=\x00\x84\xff\x02\x88\x12\x00\xcct\x06\x89Z\x00\xb2~\x06\x86\xba,\x9e|\x06\x82\xa8\x00\x80\xd5B\x80\x90\b\x8e3\x01\xa2\x81\x06\x93.\x06\x80g\x02\x8e\x81\x02\xa6i\x02\x82k\x0f\x80\t\x00Ȓ\x04\x85O\x00\x9a\x91\x04\x87\x16\x01\x80)\x1a\x82\x8b\x00\xa4\xf0\x03\x9aZ\x1d\x93\x91\x0f\x80\xe2\x04\x83\xfbI\x83\xfa\a\xe5\x92\x0f\x827\a\x83\xa1\x00\x84\x01\x15\x82\xed<\x92\xe9\x12\x92\xbe\x0f\x88wJ\x86d\x00\x84@O\x8a\x1cN\x00]\x88\xa1J\x80\x82\x1d\x81\xe0\x10\x86a\x1d\x81\x1f\x03\x81,2\x84&\x15\x87}M\x8b\xa5%\x91\x16\x0e\x89\xbb\x00\x83o\x13\xe7\x14\x0f\x84}\x1e\x91\xc4\x00\x97\t\x0f\x81\xdd0\x81\xfd\x00\x9aK\x03\x85\x16G\x82\xe9\x00\x01To\x89\xe9\x05\x81\xa1\x00\x9a\r\x0f\x80g\x12\x81a\x00\xa7c\x03\x8b9\f\xa5d\x03\x83\xc6\x05\x81f\x00\x00s\x812\x04\x8a7\x00\x8f\xc1\x04\x95\xcd\x17\x86<\x00\x81\x19\x00\x81\xbb\x04\x9cH\x00\x860\x00\x96\a\x05\x85M\x00\x81@\x1f\x86-\x00\x94\x8e\x05\x81: \x843\x00\x92\xb1\v\x81\x0f\x03\x94\xe1\x01\x8c\x89\x00\x9e\xd7\x01\xd3\xe0\v\x9d\xba\x05\x84\xa5\x01\x9fY\x00\x95\xe5\v\x01Mu\x8d\xe5\v\x87\\\x02\xa7d\b\x97\xb6\v\x89\xdf\x03\x8e\x15I\x8e\xde\x03\x82R4\x83ZA\x80S4\x80\t\x00\x00<\x82\x8f\x00\x82\v\x00\x80\xbf?\x83\xbd2\xa5*\t\x00a\x83\x1a\x11\xac\xa1\x17\x8e\xa3\x17\x84CM\x00g\x84\xe5M\x89\x1e\x00\x83\x8a\x16\x93\xb4\x17\x81\xa2E\x83z\n\xaf\xa9\x17\x8a\xab\x17\x92\x80\x00\x85\x98\x17\x8f\xb8\x17\x81x\x00\x82\xa8\r\xb3\xb1\x17\x8e\xb3\x17\x89w\x00\x85\xab\x17\x82\x93\x00\x80\x19\x00\x90\x97\x17\x92\xbd\x17\x91\x94\x00\x80\xd2\x01\x86\xda1\x8e\xc0\x17\x83\xb7-\x81\xb5@\x8aC\x01\x8b,\x00\x88\x1f\r\x81a\x00\x88\xc78\x80\x85\x17\x80\x0e\x00\x83\xd8'\x84]\x1a\xa5\x8e\b\x80\x7f\x17\x01os\x80\xa00\x8aV\x18\x90]Q\xaa\xa9\x02\x9d\xe27\x83\xaa\x02\x81\xa6\x00\x8dR7\x87\x7f\v\x87Q7\x04\tfiel\x82\xd0\n\x80\xaa\a\x82\f\x00\x81\x00\x12\x85.\v\x80`7\x86$\x00\x8b\b\a\x86\xdc\x00\x83o\x03\x00F\x86\"\x00\x82\x14\x1c\x86\x94\a\x02, &\x82=\x00\x80}\b\x85@\x03\x88M\x00\x86\xd5\x11\x93\xeb\x15\x82*\x00\x87t\x15\x85.\b\x83\xa5\x00\x87G\x00\x85\xcd\x06\x863\x00\x8d_\b\x8f1\x00\x80\\\a\x89\x8e\x00\x821\x00\x82A\x02\x80\xc0\x05\x87#\x05\x86\xe4\x00\x82\xde\x00\x82Y\a\x85+\x05\x827\x00\x82\xda\b\x84\f\x00\x83\xed\x00\x8d\xa9U\x88\xc2\x00\x99\xd5\x16\xa8S\x02\x85\xe1\n\x81cU\x80\xcb\x00\x00,\x82`4\x83S\r\x85\x9b\x01\x84SU\x83\x84\x00\x8c\x87\n\x8c0\t\x82\x02\x01\x83J\x00\x9ab\x13\x91*\x0f\x97x\x05\x9b\x96\x0e\x82Z\x01\x81\x10/\x02ith\x81\x14/\x83}'\x846V\x8b\xd3\x00\x91\x96\b\x9f\x1f\v\x82\x8eV\x80\x17\x16\x84\xff%\x83\x02\x01\xc8\"\v\x97\x97\x1a\x86\xde\x0e\x80\xe0\a\x85\x8b<\x8d\xe8'\x81\xafF\x00e\x81s\x00\x94t\x15\x81\xa2\x16\x86$\x00\x99y\x15\x8e[\x00\x81z\n\x86\xfc\x02\x86\xad\n\x83\xd0\r\x86%W\x88\\\x00\x88\xb7\n\x8c\x16\x00\x83\xc0\n\x80*\x02\x9fx!\x86u\x00\x85~\v\x84-\x01\x85=\x00\x83f\v\x85\x0e\x00\x92H!\x85\xe9\x14\x93\xd7\x1a\x8e\xd2\x1a\xab\xef\x0f\x86\xfd\x1a\x86r\x00\x81\xda;\x80\xdf\r\x82!\x1d\x81Q$\x8a\x9c\x00\x9f\xfe&\xac\x7f\x00\x9eS\x03\x86x<\x84*\x03\x85|<\x87\xd7\x1e\x89\x9f\x00\xb2\x11\x03\x90n\x03\x93\r]\x84\t]\x89U\x04\xa5\xdfV\x872\x00\x85:Y\x88.\n\x8bJ3\x83\x90\x01\x891\x00\x96\xb7?\x005\x81W\x02\x8f0\x00\x8b\xec:\x8e-\x10\x8f1\x00\x003\x8d1\x00\x8aX\n\x8f0\x00\x8f\x99?\x86\xecM\x0184\x87*+\x893\x00\x85\x00K\x903\x00\x009\x853\x00\x86\x06\v\x89\xf93\x8e\xc0\\"
const compilerSourceData10Chunk1 = "\x84\xbc\\\x8c`\x00\x83\xd9<\x81\x1a9\x80y\x01\x00(\x87\x1a\x00\x03- 6)\x81SM\x83\xb7\x02\x85b\x00\x95\x9bV\x8a\xa1\x00\x90\xb79\x00c\x80\xc6G\x84\xd3U\x91E\x16\x8a\x16:\x0148\x80\x850\x8a\x88\x16\x8e\x17V\x82\x89#\x93\x1e.\x86W\x03Ț\x05\x8a\xf6-\x89!\x00\x91\xd9\x10\x89 \x00\x81\x12\x00\x8d\xd5\x02\x95\xe7\x05\x00(\x90\x97\a\x00U\x82\x96,\x82[.\x8e\x1c\x00\x83<,\x94\x1d\x00\x81\n\x02\x87\xe6(\x83\x12\x00\x03nFol\x83\xd7\x1c\x90*7\x89?\x11\x9du\x0f\x84\xd9\x12\x835\x00\x98'\x0f\x8b\x13\b\x8c\xc6\x05\x80\x1a\x00\x84)\b\x83\r\x00\x94.\x14\x82\xc3\x00\x93 \x00\x82)@\x9b \x00\x80\xb7?\x9b!\x00\x80Q\f\x9b!\x00\x80q\r\x98!\x00\x84\x1b@\x9c\"\x00\x9be\x00\x81\"\x00\x85\xd7\r\x82\v\x1e\x83\xf1^\x9b\x96-\x84\x83\x01\x86x\x1e\x834\x00\x81\x92-\x8b\x7f\f\x8b\x15\f\x89+\x00\x86\x1a-\x8dv\x18\x8b\xea&\x92\xaa\x11\x85)\b\x8e\xbd\t\x80\x1b\x00\x83\xdc\x1e\x80m\x00\x88\xaa0\xa4\x85\n\x82\x04/\x87\xfa\x19\x87y\n\x81\x86\x02\x82\x1d\x00\x82]\x00\x81c\a\x80|\x04\x8b`\x00\x91\xef\x00\x88\xfd-\xa2\x82\x12נ\x13\x9f\xdd\x01\x01By\x81_\n\x9bX\x00\x82@\b\x92\xef\x01\xc0G\"\x8f\n\"\x87F\r\x85\x16\f\x8a[\x00\x00M\x81\xf1_\x85\x06e\x83\xf1\x03\x99^\x00\x92\x13\f\x90\xb8\f\x84\xa4\r\x95\xd4\x01\x83\x7f\x00\x84w\x00\x82\xc4\t\x01Ta\x80\xdc)\x86h\b\x84\x8b,\x8d\xd4\x02\x84U\x00\x90\xb3\x02\x95\xac\"\x91\x16\x03\xaaW\x03\x91C!\x99\xee\f\x9c\b\x1f\xa2\xc6\r\x80P3\x95@\x03\x81\x1c\x00\x83\x9c\x03\xce9\x03\x00B\x84;\a\x8cw\x00\x81\x17\x00\x82r\x00\x83\xa7a\xcew\x00\x86\xb4\x0e\x85\xa0\b\x8d\xef\x1b\x81r\x00\x89\xea\x1b\x88\x82\x06\x8b-E\x87\x1c\f\x00R\x83\x80\v\x80\x11)\x80\xffN\x81P\\\x81x>\x87\xff5\x8a\x84-\xa2o\x00\x92\"5\x9c~\x00\x85\xfd\v\x85i\x04\x83V)\x82*\x12\xbd\x80\x00\x82\xf3\x06\xb4\x81\x00\x82\x1d\x13\xc0\x81\x00\xb4\x7f\x00\x93\x9f*\xb2\x94\x00\x87\x11X\x88bG\xa7:\x00\x83\xfef\xb2;\x00\x81\xf1\a\xb3:\x00\x82,\x12\x81;\x00\x9c\xb8\x02\x01nc\x80\f7\x82\x85\x17\x8e\xb9\x02\x83\x8e\x0f\x87|\x06\x85\xf4\x06\x81WH\x8bz\x00\x84\xc6\x06\x841\x00\x85u\x03\x82-\x00\x01Sy\x80m5\x80y\x03\xaa\xc2\x00\x86\x05\x02\x84>\x00\x95\xc7\x00\x05Arbitr\x81\x18\x05\x83(\x00\x8c\xef\b\x89\xe9\x01\x8a\x04\x06\x82\xadW\x84A\x10\x8bt\x18\x82\x93:\x85\xac\x00\x814\x00\x81Bh\x02Fro\x82,\r\x8d-\x00\x87\xba'\x8d\x99\x00\x91z\x1d\x87\x91\x00\xa5\x80 \x8d\x1c\x01\x81\xc1\x02\x01of\x87\r\x01\x96\xf1\x06\x8e\x9c\x1c\x9b\xa1\v\xacL\x10\x834\a\x92|\"\x91\x02\x02\x02Pan\x80\xe8G\x92'\x01\x03Buil\x80\xc3H\x82\"\x00\x93+\x01\x91Q\x00\x02New\x9aO\x00\x80 \x00\x90M\x00\x85\xc0\x00\x86\x9a\b\x00-\x818U\x8b\x8e\x01\x854\x10\x8c-\x00\xb0\xdc!\x94\xea\x01\x85\xd9\t\x84\x14\x14\x8aB\r\x87+\x14\x81\x17\x00\x81t\x02\x8bo\x1b\x85i\x03\x88@\x00\x98M\r\x8be\x00\x87\x1f\x0f\x84R\r\x87\x1f\x00\x85*\n\x869\x02\x89\x99\x12\x83\x8b\a\x87-\x00\x88\x9d\x12\x90)\x13\x823\x00\x82\x9a\v\x84=\x12\x86\xa6\x16\x88N\x01\x89\x9b\x00\x86M\x12\x86\x7f\x16\x93\x1e\x03\x00(\x91\a\x02\x80_j\x82\x1d6\x90\x1b\x00\x81\x97*\x85l\x01\x89\x93\x16\x82U5\x84&\x02\x86\xf0\x15\x86\xf4\x04\x83\x1e\r\x82\b\x02\x8f\xc5\x19\x8d\xc3\t\x84\x17\x16\x95\x0e\r\x94\xc9\x00\x95\xc8\x00\x85\xa4.\x86L\x01\x00D\x82m\\\x85\xc1%\x81\xb5\x12\x86y\x14\x8cN\x01\x001\x80$`\x00-\x80\x1d\x1a\x94\xf0\x06\x8b\xac\x01\x8a\x9e\n\x92\x88\x1d\x80\x8e\x00\x92i\x00\x9a\r/\xcb\xc7(\x812\x1c\xac\xee(\x8a\xec\x17\x8b\xad\x1d\x8ap\x13\x8b\n)\x92\x82\x1b\x8bf\x13\x005\x87q\x1b\x93\xf2\x04\xa4\xe5\x01\x81}-\x82h\x00\x80.\x00\x8b\xd1\x11\x8af\x01\x82\xe7\x1a\x83\x95%\x9bL7\x9c,.\x83\x00%\x85?\v\x95\xff-\x94\xdd\x02\x88\xd8-\x958\x02\x92\xa0\x00\x88\x8d-\xa3\x13\x0f\x81F\x00\x88\x02\x0e\x85\x0f\x00\x89b\x0e\x8d\xcd1\x81\r\x04\x87p\x11\x00s\x83\xb9\b\x9d\xbe\"\x92\xdf8\x9c5\x00\x88\xdf7\xb2\x86\r\x84\xa2)\x95Z\x0e\xa6\x82\x0f\x9d$\x01\xa2\xcf1\xa0i\x01\x92\xd51\x8ak\x01\x95\xd61\x8c^\x01\x89\x92\x01\x87&\x00\x99O\x01\x97\xba1\x95>\x01\xa6\x821\xa0\xf9\x00\x90\x881\xa0^\x03\x8a\x851\x96`\x03\xa0a\x03\x93\xe2\x00\x9ah\x03\x8a\xf5,\xaaG*\x8b\xd2\x05\x85\x02\x01\x94\xbe\x01\x85B*\x99?\x03\x86$\x00\x848\x01\xb3\xc3\x06\x80\xf9\x17\x9f\xc2\x06\x8f*\x01\x85\xfa\x11\xb4\x85-\x8b\r\x01\x87\x8f-\x9c\xf4\x03\x8c\xdf\x03\x99\x96\x00\xa7\x8a-\x92k\a\xa0\xed\x12\xa2\xc4/\xb1d\x02\x83J\x18\x86\xd85\x80\x9cF\x80\x10\x12\x01Is\x88Y\x06\x00,\x81\xa1K\x85\xab\x00\x99\xaa\x1c\x810\x00\x88\xd1%\x90\xd6\x00\x8bm\x13\x9ak0\xac\xfa\x00\x91\xbf\x06\x89\xb4-\x8ax\x01\x8d\t\v\x8c\xec\x02\x9d]\x03\x86q,\x92\x15\x01\x94F\x1e\x8c\xa6,\x9e\x1d\x01\x81\xe0\b\x96\x14\x01\x8e\xe1\b\xa7\xf7\t\x88\x7f'\xff\xf7\t\xff\xf7\t\x9e\xf7\t\x84\xe4\t\x85\xbdI\x82\xfb\b\x00O\x80yg\x88\x00\n\x80\x93,\x88\xe5\v\x00h\x85\x7fU\x8e7\r\x83\xe8\x00\x84\x92\x11\x8a$#\x83I\x00\x9c\x0e\x0f\x81/\x03\x9a\x0f\x0f\x81!\x00\x90\x10\x0f\xa3\xb3\x10\xa0\x80+\x8dI\x00\x82\x1a\x00\x8f}\x1a\xa3\xc43\x81\x1fj\xaf\xcd+\x83$Y\x02ABI\x8a\x9e-\x81(I\x83K\x06\x80\x1a\x00\x84\xc5\x03\x85`\x00\x82\xef&\x89\xa5%\x94G\x0f\x9d\x84\x00\x81\xdc\x00\x8d\xae\x1c\x86X\x00\x86e\x00\x82\x19?\x85e\x00\x83\x93\x00\x83-\x0f\x81E'\x80\xc6~\x82\xac\x11\x93\xff\x06\x88\xd8%\x86.\x0f\x81\xc5\x00\x98+9\xa1\x82\a\x82`\x02\x80u-\x81x\a\x86\xa3\x00\x84\xed\x03\x80C\x00\x87Q\x01\x8b&\x03\x95&\"\x81?Q\x8e\xa7\x00\x98?\x03\x81\xc2\x00\x98\xa2\x17\x82\xe2\x00\xa0\xe52\x89\xce\x01\x8a\x83\x01\x89@\x00\x85\xdb\x0f\x89\x14\x00\x8f\x01$\x84\xbe\x17\x92\xbb\x05\xa6G5\x9e\xbf\x05\x98\xb6\x06\x83xb\x82\x95\x01\x87\x91\x01\x85\x8d\x00\x8d\x90\x01\xb4\x91\x01\x86\x8e\x00\x98\x16\x06\x86\xfa\x06\x809\t\x8dg\x01\xa8&)\x82L\x00\x88\x95)\x87|\t\x85N\x00\x9d\xbb\x1c\x89Q\x00\x9c\xa2)\x84\x04{\x88\x06=\x81a\x00\x8d\xe3~\x8a.\x02\x8d\x9d\a\x84\xa4(\x00T\x838\n\x8bc\x04\x89\xb4\x00\x84d\x1b\x9c\x17\a\x95@\x03\x84C\x02\x94T\n\x89\xa7)\xcb\x13\t\x97]\x02\xb4\xda\x03\x91C\a\x98.\v\x8d\xda\x00\xad\x1a\x04\x87n\x06\x93o\x06\x00e\x81\xf7>\x85k\x02\x8d\xbd\x01\x97g\x02\x84t\x00\xbf\xc39\xb5\xf3\x01\xff\xe7\x01\xc9\xe7\x01\x9c\xdb\x01ę:\x8fl\x01\xb9\x1a\x01\xb2\x19\x01\x91\x94&\xa1(;\xa7a-\x83\x80\r\x89\xae\x1e\x8a\x84\r\x82\x1a\x1f\x80\x82\r\x00&\x85\x82\r\x02inn\x80\xbd\x06\x94\x14\b\x81D\x00\x82!\x00\xc0\xb4\x13\x83H\x00\x88Q\x03\x87\x11\x00\x99\xb8\x13\x89\xb7\x06\x01In\x80\xba\x1f\x01id\x80x\x1c\x02Che\x80|S\x00d\x84|\a\x86z\x05\x87=\x00\x8cG\x11\x8b\x8d\x84\x99O6\x80\xe1z\x91\xffN\xbd\x8e\x13\xa4\xfe\x00\x8fM\x13\x8c\xb7\a\x87\xfa\x12\x85pC\x8fQ\"\x96\x94\"\x93s\x06\x94\xe1\x01\x8c-\x12\xaa\x87\x03\x8a\x895\x96\xdc\b\xff\x06\x0e\x8aA\x05\x88\xa9_\x8c\r\x0f\x8a\xce\x04\x95\xf9\r\x82\x81@\x9c)\t\x95L\x03\x87\xa5\x06\x93\xa6\x06\x8b\v\x06\x90\xda\x1b\x89<\x05\x92\xc7O\x91\x04\x04\x86\x86\x11\x99\x85\x11\x8b\xcb\x01\x92D\x02\x86;\x00\x84\x8b\x0e\x83K\v\x86\xad\x00\x8a.\x05\x9a\xaa\x06\x80\x1a\x03\x80\xb3\x01\x81>\x05\x87S$\x83\xe2\x03\x83\xcd\x01\x89\x1b\x1c\x88\xfd\x00\x8a^;\x83\x1f\r\x81*\x00\x9a\x1c\r\x87k\x00\x8a\x9f\x00\xa3\t\x06\x85\x158\x9d\xae\x06\x99K\x01\xad\xad\x01\x00-\x88\xad\x01\xba\xc27\x00N\x82\x9a6\x8b\xd2\x10\xa1T\x00\x91\x8e7\xb4L\x00\x95b7\x94R\x00\x8fp\x11\x85\xc3-\x01d8\x86\xcf^\x887'\x81\xa2-\x86\x96\a\x82\x83-\x8b8\x03\x85\xd4*\x92\xbe\x01\x97\x82\x01\x00+\x85\x82\x01\xdaf\x00\x00!\x8bf\x00\x01sm\x81\xde&\x01No\x87\x1f`\x94U\x00\x8eN3\x94C'\x83\xcd-\x81b\x00\x80v0\x85\x19\\\x86,\x87\x8f\x1d\\\x81o\x00\x01op\x84\xa4\x18\x89(\x00\x8a%\\\x81/o\x84P\x00\x820\x00\xa4\r\\\x843\x00\x83d\x00\x8b\x11\\\x82_\v\x82x\x00\x80\xbf\x00\x84,\x02\x81$\x00\xa8W\x00\x82\x13\\\x8ar\x01\x9b\a[\x8e|\x05\x82%\x00\x834\x00\x90\x14-\x85\x04\f\x87\xa5\x00\x81\xf9\x1a\x81\xfc\x00\x87\x81V\x85\x0e\x00\x81\xd6\x01\x80\x1e\x00\x82\xc1\x00\x88\xdc_\xb3\x82>\x9fUV\x8f\x86>\x8a\xe5\x10\x8dTV\x82x\t\xcdUV\x8eN\x01\x86\x8e8\x85\xe3j\x87s'\x8a\xaa\x00\x88\t!\x94\\\x01\x80\xf5b\x88M\x01\x80\x0e\x00\x88j\x01\x80\x8cb\x88\x1c\x00\x00|\x85N\x03\x82\x18\x03\x833h\x86\xed\x0f\x81n\x04\x00w\x84\xc72\x82z\x00\x80\xcd]\x9d#\x00\x8a\xe0\x05\x81\xf3R\x02IfF\x81[\x00\x8a\x1f\x13\x87m\x00\xa2\nP\x8b\xe4\x1b\x85\x81c\x83\x1c\x00\x80\x9b\x8d\x8a-\x90\x85\xa3\x00\x8ae\x00\x97M\x00\x82J\x03\x86\x1c\x00\x92J\x00\x97\xa5\x04\xf0\xda\x02\xaajY\x85I@\x84\x98\x01\x8b\x85\x12\x87\x7f\x19\x9c\xaeX\x93\xacX\x03\tnot\x82\x14j\x81\x89\x00\x87\xec\x00\x92\xd9\x02\x84\xeej\x8c\xd6\x02\x86D\x10\x82[\x00\x80i8\x84Q\x00\x8a\xe4\x02\x82\x1c\x00\x91M9\x82\x19\x00\x81\x83\r\x82\t\x00\x86\x13\t\x85/\x00\x82{\x03\x85\x1e\x00\x85\xd0\x1e\x86\x1d\x00\x80\x92\x05\x81\xc2\x01\x03mmOp\x82\xdc\x7f\x81B=\x83\x11\x00\x03Grou\x85Ef\x81\x10\x00\x80\xf1@\x01ti\x81x`\x81\xd3\x1a\x84\x9d\x02\x80\x17\x00\x00S\x88^e\x81\x10\x00\x80\xb0f\x00i\x83H\x00\x86%\x00\x88\x1f\x02\x82\xbc\"\x85$\x01\x84\x1ah\x87~\x00\x82L5\x83x\x00\x83h\x81\x83Bl\x81\x01\x01\x861\b\x93K\x00\x84$h\x96K\x00\x002\x82<\x92\x00e\x81:6\x9dK\x00\x84\x12h\x8a\xf3\x00\x00=\x86\xef\x02\x9c=\x00\x84dg\x97\x88\x00\x82\xd3\x00\x00e\xa1\xd3\x00\x84*g\x97\x1e\x01\x82\xd3\x00\x00c\xa1\xd3\x00\x85\xe9g\x95K\x00\x003\x82\x96\x00\x00f\x94\x96\x00\x82\xd3\x03\x85K\x00\x80\x01X\x88\xc3\x03\x85(g\x86\b\x02\x83+g\xa0H\x00\x80'X\x88H\x00\x85\xeff\x8aH\x00\x00f\x81\xdb\x00\x8a\xc4\n\x98\x05X\x81\xcd\x02\x01Ha\x86\xfaW\x81\xf53\x90z+\x84\xa0\x0e\x8a\xae\x00\x82f\x00\x82e\x03\x9cF\x01\x84\xeai\x88\xe5\x02\x87\x17\x02\x80\x04\x00\x86i0\x84\t\x03\x84\x1cd\x8b\t\x03\x87\xa3\x03\x91\xbe4\x84D\x00\x89#1\x86\xbe4\x81C+\x84\xc2\x03\x83\xc6\x04\x86b\x00\x90\x9d\x02\x93g\x00\x86\x8b1\x90h\x00\x8a\x8b1\xbdi\x00\x88\xf1\x11\x8aj\x00\x81\xee\x10\x00S\x80\x06\v\x8d_4\x87\x8f\x04\x8d\\]\x8c\xa7=\x8b\x8e\x00\x83\\\x00\x81\xe9\x8f\x0112\x82\a\x03\x83d\x01\xa3\xbab\x83\x11\x90\x84L\x00\x81\xb4\x06\x87\x04\x05\x85\xa0-\x89\x02\x04\x83\x0f\x00\x837\x02\x81 \x00\x87b\r\x87\x86\x00\x8bo\x90\x83\x18\x00\x8bq\x90\x84h\x00\x84~\x02\x84g\x00\x86A\x00\x82\x0f%\x847\x00\x02 64\xa1\xf8 \xa6>\x11\x8a\xbd\x00\x91\x9f\x10\x8a!;\x81\x8e[\x852\x00\x88\x043\x89\xfa\x01\x89\x1d\x01\x97re\x88ge\x99p\x00\x016b\x85Jr\x9el\x00\x90K\x00\x85\x96\x83\x83K\x00\x009\x83K\x00\x8c\xd6\x13\x87\xaf;\x92b\x00\xbb\xbf\x00\x81P<\x85Q\x05\x91a\x00\x90@\x00\x86\xfej\x82:\x00\x83y\x02\xa2\xb3\x00\x84W\b\xa9W\x0e\x91c\x12\xba,\x03\x84\xd5\x03\x84\xd3\x05\x87\x10\x05\xc6\"\x12\x84\xfe\x00\x8d}u\x80=u\x81\xf6u\x007\x80\ru\x81\x06v\x85\x91u\x81\x14\x00\x81\x81u\x81\x10\x00\x81iu\x00f\x80xz\x87K\x00\xba}\x0f\xb6\xa1\x11\x86d\v\x90\x99J\x9c\x05\x06\x90a\x12\x8c\xc4:\x89\xa0\x05\xad\xf5\x05\x97\x817\x8a\xf6\x05\x93$\f\x86\x89\x02\x9dv\x00\x86\x7f7\x9e\x807\xb0v\x00\xa0g\x02\x897L\x92h\x02\x8a\xa4\x01\x8d\xe4K\x9ft\b\x86\xe2\f\x80\x02\t\x88\xe2\f\x00>\x83\xe2\f\x00!\x80\x1f\x00\x8b\xf5\b\x82\xe7\b\x80&\x00\x82\x1f\x00\x83\x18\x11\xa3\xb2\b\x89\xd34\x99.\x00\x83\xf1\x00\x88_?\x81n#\x84-\x00\x8cps\x88~\f\x80\x92\x00\x81\x05\x00\x80\xee\x05\x82\xb1\x00ǵ\x12\x9c?\x01\x94/\x0e\x8e]\n\x8a[\x01\x8b1\n\x84\xac\x00\x80\xf2$\x86u\t\x83j\f\x8a\x87b\x84!\x00\x80\xca\t\x85\t\a\xae.\n\x85B\x00\x80\xb9\x88\x85\xa4\x04\xa6\x99&\x86$k\x81O,\x83\xa9\x00\x88\"\xa2\x00c\x80%z\x8d\xe9y\x82\x96z\x85\xcc\x04\x80\xdc\x04\x00e\x85`\x95\x81yz\x81az\x84\x10\x00\x001\x814\x00\x84\x15z\x002\x81\x0e{\x018\"\x85\xe2\x00\x83\xb0\x00\x86\n4\x84{\x00\xaez\x00\x81\xe7z\x86$\x00\x84\x18\x00\x81\b\x00\x00f\x80\x10\x00\x85\xdbz\x8d\x96\x00\x81\x88\x81\x004\x81\x92\x05\x001\x83\x8e\x00\x87'\x04\x85\x95\x00\x86O\x19\xb3\x95\x00\x00e\x85\x18\x00\xa4\x0f\x01\x8b\x1a#\x89T\x06\x86q\a\x92:\x16\x8a\xb6D\x833\x02\x82\x02z\x84X%\x81\x18\t\x85\x02z\x82\x15}\x80}.\x8c\xc2\x06\xc4w\x06\x8c\xbc\x03\x81\xccx\x85I\x15\x9c|\x06\xa4\x81\x00\x9ccG\x8d\xcfD\x93R\x00\xac\xd8D\x80\xb9\x00\x89d\x14\x85\xd3D\xb1\xf2C\x86|\x13\x9e[H\x8c\xf8\x14\x86zj\x87\x11D\x84{\x1f\x93\xc4E\x8e\xe1\x15\xd5\xccE\x9f\x99E\x00m\x88\x8a\x11\x97\x1e\x18\x80\xb3\x1b\x81z\x8d\x85\x8e\x11\x97)\x00\x00/\x81)\x00\x8b\xb4\x1d\x95e7\x85\xaa\x12\x86\x1b\x13\x82\x16\x01\x85\xab\f\x91X\x18\x84\x81\x00\x83\x1f\x00\x83\xab\x01\x80\x1f_\x8b\xe0\a\x81\x0f\x1d\x82z\x02\x933\t\xa5\x9b\x00\x84=\x13\xa4\x9c\x00\x95\xfd\a\x81\xac\x04\x89l\f\x8f\x8e\v\x8d\x1az\x84\xd6\x00\x00a\x85\x0f\x03\x88\xd6\x00\x91\x89!\x90\x12\x01\xb55z\x8d^\x14\x98-\x04\x94^Y\x81\x9a-\x03Slot\x816\x1e\x92\xeeh\x80\xf9 \x00E\x90\xd7\x02\x80\x17\x00\x84\x15\x00\x82C\x00\x81V!\x81\xf9<\x80n\x00\x80\xf4U\x82\xeb\a\x99\xf5\x02\x82U\x00\x82\a\x00\x80\xd6\x00\x8d^K\x80\x16\x00\x80\x9b\x03\x83B\x1c\x8fG.\x85j\x00\x00H\x80ܔ\x00e\x92U \x88]\x00\x99?\x1d\xaa\x19\x1d\x89\x9b\x02\x98\x99`\x8b\xfcK\x8eO\x1d\x80\xae\x00\x80\x97/\x89D=\x88\xfbT\x01si\x8f\x14\x00\x81!\x18\x82e\x02\xb30\x1d\xb9\xb6\x00\x8e{l\x8d\xcbT\x81W\x95\x93vl\x86\xca\x00\x87\x13\x00\x86\xec\x06\x8dZ\x00\x89\r\x01\x85Z\x00\x86'\x01\x92Z\x00\x88\x86K\xb8\xa4\x00\x80%\x10ӣ\x00\x80Y\x00\x82稜SL\x88ݛ\x83\a\"\x8a\x16\x10\x84W\x10\x0172\x81[$\x8e\x1f\x00\x82*N\x8f\x17\x00\x85\x8c\x10\x82\x8f\x83\x008\x82\x17\x16\x004\x81\x1e\x1a\x83\x88\x00\x93\x86\x04\x81f\x03\x83\x0f$\x85i\x03\xb0\x11\x03\x86\xda\x02\x83i\x01\x80K\x9d\x91\xda\x02\x00d\x80\xb6\x01\x81o\x00\x858%\x83 \x00\x8ae\x9e\xabQ\x00\x81\a\x02\x87Q\x00\x00+\x80C\x11\x91S\x00\xb84\x03\x9e\x00\x02\x83\x9f\x00\x91\x00\x02\x81\xed\x00\x8bJ\x1b\x8c\x81\x9e\x89囀\x81N\xa3\x19\x01\xb8\x91\x00\x81-\x01\xb3\x91\x00\x95Y\x01\xbe\x93\x00\x81\xa2\x13\xb3\x92\x00\x81\x88>\x98\xec\x01\x8em\x03\x85P\x03\x013d\x86P\x03\x90A\xa0\x92\xe5\a\x99\xa1\x00\x816Y\xa4\xd2\x02\x8c\x88\x00\x81{\xa2\x86\x88\x00ˇ\x00\x9b\xaf\x01\x8c\x89\x00\x000\x81\x11\x01\x83\x1f\x00ω\x00\x96\xa6\x01\x93\x8b\x04\xb8\x06t\x80\x9e\xab\x80Q\x02\x86\",\x9bz\x04\x87\xae\t\xa5@\x00\x8bi\x04\x83\x8f9\xabB\x00\x80\xeb\x02\x88A\x00\x83\x92\x05\xb0\x03\x01\x97\x19t\x8bz\x00\x85|\x03\x80\x96\x00\x82\x19\x00\x92\x9f\x04\x90\x12\x01\xb6P\x00\x96\"\x01\xb6R\x00\xa12\x01\x88\x87\x02\x81\xff\t\x86\xc1\b\x87\xa5\x88\x89\xe3\x00\x94.\x00\x001\x90.\x00\x82\xc1\x00\x01r9\x87\xa5+\x87\x1b\x00\x80\xb6$\x81ײ\x91\xcb\a\x84K\x03\x81]\x12\x85;\x00\x86\xb2p\x85\x11\x00\x80\b\x1a\x80\xa5\x1a\x8eR\f\x85ʗ\x84\xeeV\x8c\x19\x00\x00-\x85?\x00\x99\x05\x01\x88G\x00\x008\x83\xcbX\x8d\xbc\x03\x89G\x00\x89F\x00\x92@\x8c\x01Jc\x83\xa0U\x8b<\x8c\x85͞\x86\xa7\x82\x9fݐ\x84i\x04\x80h\xa5\x82\x97\x85\xb1\xb9\xa5\x8ba\x04\x83\x82\"\x8f\xb5\x00\x01In\x86O*\x82\xec-\x93\xb9u\x9f\xdaW\x9aR\x00\x83\xce\x00\x002\x82;\xa8\x85\xe7\x03\x82F\r\x82\x17\x12\x89-\x00\x81\x84\f\x80S\x00\x84u&\x00B\x80\xb6C\x01ds\x84\x88#\x80\x7fl\x90\xf0\x12\x82_\xa9\x80\b\x00\x007\x817\x93\x81\xbc\x12\x81\xe8\x12\x81\xe3\x18\x8ag\xa9\x00\"\x83\xc0v\x9f\xa3\x00\x82\xda\x05\xa9\xa3\x00\x86\x1b\f\x84\xa6\x00\x80\x0e\x16\x88q\x19\x00d\x80\xa6\x00\x82٩\xbe\x9a\x00\x82\xfd\x06\xab=\x01\x80\xab'\x82\xd5,\x84\x9a\x00\x80g\x1b\x88Ǫ\x82T\x8f\x84k\x94\x82}\x14\x82\xf8\x13\xbe\xa6\x00\xae@\x01\x81M\x04\x89\xa6\x00\x80\xb3\b\x91\xa6\x00\x84\xba\x14\x82\x1e\x90\x80\x04\x00\x81\xf9\xaaǶ\x00\x001\x82\xe1\b\xaa\xb6\x00\x80\x85\x10\x89\xb6\x00\x80\x03\"\x98\xb6\x00\x006\x80t\x90\x85`\x15\xa3\xb6\x00\xa2\xa8\x03\xbee\x04\x87\xf7\x89\xd7`\x04\x811\x06\x89[/\x84\xf9\x15\x8a\xbb\x00\x8b\xf7\x10\x90\xb6\x00\x81c+\x85$\x00\x86\x9c\x17\x91\x9a\t\x01d6\x80\r\x96\x82D[\x86\xc0\f\x899\x00\x8fC\x06\x869\x00\x007\x8b9\x00\x8d(\x00\x85\xae\x06\x01d3\x82su\x92\xacZ\x904\x02\x90x\xb0\x800\x12\x01 *\x82\xaa\x01\x85(\x9a\x83O\x17\x86=\x9b\x81\xf4\xae\x8f\xf6\x11\x818\x00\x90\xf0\x11\x00*\x82P\x00\x87J]\x82\xa0\x06\x83\x15\x00\x80s\a\x83d\x86\x9aj)\x83,\x00\x80\xfc\x01\x82&\x00\x82\xab\xa2\x83\xf1\xa6\x951\x00\x85\x15\x00\x8d1)\x826\x00\x87\x9e\x90\x80\x9c\x00\x85\xb6*\x82\xa7\x1a\x84cc\x00p\x81IN\x03Enab\x80\xf1W\x8ee\x01\x8d\xb2\x1e\x90\xe7\x05\x81$\x19\x009\x80\x14\x00\x81\xb6\x1e\x89\xbc\x9a\x81\x10\x00\x01c3\x81\xba\x1e\x87\xfa\x01\x85\x80\x00\x82\xcfY\xb0\x80\x00\x82t\x00\x81\xc1\x05\x80\x04\x00\x89ί\x82\xdf\x03\x81\x14\x00\x84\xd3\x03\x82(\x00\x81Ӕ\x81\x14\x00\x80O\x05\x86Ӕ\x84\xe3\x03\x85p\x95\x8a\xa0\x00\x95|\x00\x85F\f\x91i\x03\x8c\xdb\r\x82#\x00\x83v\x02\x00U\x80%R\x00u\x81s\x96\x83~\x02\x01Fa\x80\x85\x15\x86e\x93\x8b!\x16\x8f\xb5\x01\x87\xd9\b\x82\xbd\x01\x96\xdb\x02\x00A\x82\xb8\xa8\x81\xc8\x03\x85[\x00\x8f'\b\x91\xbd\x02\x90\xb7\x02\x80\n\x00\x86M\x00\x81\xfe\x00\x00t\x86\x8e\x01\x82\x88\x00\x89\x1f\x00\x82\xac\x00\x82\xc2\x00\x80w\x1d\x03naAl\x80\r\x01\x8b=,\x84\x9e\x00\x86\x1e\x00\x88^\x94\x91h\x00\x85\x89%\x8ee\x00\x86\x80\xbb\x8c\xf2\x02\x82%\x01\x9b\xb0,\x9a\x15\x03\x84$\x06\x8ep\x00\x808\x00\x01no\x80\xf7\"\x83H\x00\x96\\\x00\x00h\x80D\xb9\x80\xf4M\xa3\x81\x00\x91G\x03\x81&\x97\x81\xbf\x02\x81\x03\xbf\x81\f\x00\x81\x12\x1c\x805\xb2\x82\xb7\x02\x001\x81\x93\x02\x94\xc3\n\x82\x15\v\x80\xcd\a\x88\xa5\x00\x97j\x00\x005\x80\\\x97\x005\x80\x89\x03\x004\x81\xf9\x02\x81\x04\x00\x80\r\x03\x81\b\x00\x82v\x00\x82{\"\x9dj\x00\x80D\a\x89\xeb\x00\x98\xd5\x00\x84R\xb3\x81T\x03\x8bN\xb3\x87c\x00\x8c\xe8\x02\xa4Y\x00\x81\xbb\xb3\x84\xad\x03\x82\xc8\x00\x81\b\x00\x84A\xc0\x81z\b\x81m\x04\x00a\x80\x04\x00\x00c\x80\xe1\x03\x82\xe4\x00\x82+#\x85M\x00\x8a\xf6\x1c\x8c\xac\x02\x83\x11\x05\x95\x84\x04\x809\x00\x03ocOK\x9c\x13/\x99\xe3\x01\x86a\x01\x9db\x01\x89k\x00\x9dU\x00\x81\x8b\x1e\x81/\x9a\x86\xbb\x04\x94D\x04\x8bS\x00\x8c]\r\x89#\x02\x85\x8e\x1f\x81D\x9a\x80W\x01\x002\x80]\x00\x81\xc0\x01\x85\x14\x00\x005\x80\x10\x00\x82\x14\x00\x84\xd8\x05\x85k\x01\x85 \x00\x81\x0e\xb5\x81 \x00\x81\x91\x00\x85\x14\x00\x003\x80\b\x02\x86\f\x00\x84 \x00\x87\x12\xb5\x9b<\x00\x81\xac\x05\x81\x14\x00\x85l\x06\x000\x81L\x00\x81\xef\x01\x88\xa0\x00\x002\x85\x03\x02\x81\x14\x00\x840\x00\x82\xd7\t\x81\xd7\x02\x814\x00\x84_\x1f\x8eP\x00\xb0\xe4\x00\x85\x17\n\x86\xb4\x00\x84,\x00\x002\x88\x14\x00\x8dT\x00\x81K\x9b\x85` \x82\x90\x00\x84\xa8\x06\x86\xbd\x01\x82\x84\x06\x96\x18\x03\xa2\xdb\x03\x8aE\x04\x85\f\x00\x84x\x01\x9d\xc4\x00\x854\x00\x91\xa8\x00\x98\x98\x00\x878\x05\x87\x9d\x06\x8f\x15\x06\x9b\xa9\x06\x008Ʀ\x06\x008\x98\xa3\x06\x008\x87\xa0\x06\x8e/\x00\x8dj\x06\x83,\x00\xe4g\x06\x83m\x00\xa4\xd6\x01\x84\xe2\x02\x82\xd6\x01\x80\xa6\x01\x008\x81\x15\"\x85\xea\x02˾\x01\x840\x01\x8fQ\x1d\x88\xba\x01\x0164ƻ\x01\x83\xaa\x1d\x94\xbc\x01\x0164\x8f\xbd\x01\x871\x00\x8d\xbe\x01\x84.\x00\xe4\xbf\x01\x84n\x00\xb0\xc0\x01\x80\xa0\x01\x81\xa4\x01\x81\xc0\x01\x85\x8a\x03\xc8\xc0\x01\x854\x01\x9b|\x03\x82\x8b]\x9e\xc5\x01\x95\xb5\x01\x82>\x00\x98\xb8\x01\x82 \x00\xc2\x18\n\x8aj\x00\x8d\xf1\x01\x87g\x00\xe4\xf4\x01\x87q\x00\x809\x00\x81ޔ\x81q\x16\x80\x87Y\x80.\x00\x81\x80\xb5\x009\x83\nȁ\xedq\x81䔉˽\x80\xabA\x83 \f\x02gth\x83.\x00\x00c\x84\x88ǂI\x00\x81\xe4\r\x01s.\x80P\x00\x00x\x83J\x00\x03cx h\x80;h\x89\xfc\xbd\x81B\x00\x82\x1d\x00\x83E\x00\x83q\xbd\x82\b\x95\x80h8\x80\x9d\xbd\x80:\x01\x82K\x00\x81\xea\xb5\x04s geo\x80\xcb\b\x01ri\x81\xefL\x80\xa6\xb5\x80k\xa4\x80\xad\x95\x83\x06\xbe\x00-\x81':\x81\x80\xb5\x80ȵ\x81\x89\xb6\x81\xe1J\x82\xdd \x83D\xb6\x81\xc9\x01\x83䤂O\x00\x00o\x86\x84\xb5\x81Y\x00\x80\xfc\x95\x03fail\x80\xab\x00\x00I\x80\xb7\xb6\x80o$\x80½\x00x\x84\xb9\xbd\x80v\xb6\x84\xbe \x81%\xa5\x81\xba\x00\x82\xf8\x01\x82rM\x80\x13\x01\x83\xbb\xb6\x81ah\x0177\x80\xb5r\x85ｆ'\xbe\x81\x02\n\x84\xf5\xbd\x8b\x1d\xb7\x80H\xa1\x01hi\x81h\x96\x80V\x00\x81@\x00\x81_\r\x9b\x06\xbe\x82n\t\x81F\x03\x81ҽ\x84f\x03\x8aҽ\x85\x8e\x03\x81\x0f\v\x84(\b\x82\xc8\x0e\x840\b\x81,\a\x82<\x00\x80\x14\x00\x81\xe4ʊ<\x00\x80\x10\x00\x81\x99\v\x81\x1b\xa3\x852\xbe\x81\x04\x00\x8d$\x00\x81`\x00\x81\xb7'\x85_\v\x00d\x810\b\x81#\xa3\x84\x83\v\x00b\x84ܣ\x8d8\x00\x81\x80\x00\x81,\x00\x85\x80\x00\x009\x94\x80\x00\x81/(\x81\xd0\x0e\x00f\x81\xc7\v\x95\xdb\v\x85#\v\x84\x14\x00\x82\b\x00\x81\x99\x13\x843\v\x00d\x80\x18\x01\x81s(\x8b\xdf\x12\x89\xb2\n\x8cף\x84\xb4\b\x81\x97(\x818\x0f\x920\n\x89X)\x88\xfc\t\x85,\t\x85\xd3(\x82\x10\n\x80\xb4\x00\x95\b\n\x89(\x00\xa1\b\n\x828\n\x84\x14\x00\x005\x84\x14\x00\x89\b\n\x82\x8c\x01\x8c\xac\x00\x82<\n\x8c\xf8\t\x82\xcc\t\x8cP\n\x82\xd4\x00\x85\\\x00\x85\x14\x00\x88<\x00\x85\xdc\x00\x81\xcc\t\x8a(\x01\x858\x00\x81\x80\x00\x81\xa0\x01\x89\x9c\t\x80d\x02\x81B\xc0\x81\x14\v\x86t\x01\x81\x94\x01\x84(\x00\x85\xca\xc0\x007\x81\xc6\xc0\x85\xbc\x00\x94\xba\xc0\x81\xcb\x14\x86\x90\x00\xb5\xaa\xc0\x81L\x02\x84\x14\x00\x9b \x11\x9d\xf9\x10\x80Z\x8f\x91_\r\xae\xc9\x06\x88E\x06\x80\xcc\x06\x80=\x04\x02Kep\x80\\\x05\x81Q\u0080+\x9a\x00p\x80\xfb̂\xfe\x04\x04tibil\x81\t\xcd\x01ho\x80\xfe9\x81)w\x81{\x04\x80\x0e\x05\x80\v\x00\x00m\x82c\xb5\x84A\x05\x82\xba{\x00r\x828\x05\x81N\x00\x04legac\x806\x00\x82:\x05\x80~\x04\x00s\x80l\v\x83\x1eR\x80\x83\xba\x82p\x04\x87\x88\xa9\x00.\x93K\a\x81\xc3C\x82\x13P\xae\x0e\t\x84\xeb\x00\x000\x95g\t\x90\x8b\xa5\xb8j\t\x80\xb9\x14\x01eq\x92\xaf\a\x82\x1a\x00\x89d\t\x8a+\x00\x87p\a\x87(\x00\xdej\a\x87k\x00\x82\x7f\x11\x83+<\x9bY\x00\x82i\xab\x9b#\x00\x01lo\x80\x95/\xb1\xa1\x11\x85\xfc\x02\x86p\x03\x00e\x89\x04\x03\x89\xbd\xa5\x8a\xac\x00\x9c\x17\n\x80Q\x05\x01f6\x8aI\x00\x87H\x00\x87\xce\x00\x956\x03\x86\xcd\x00\x98f\x00\x81\xa1\xae\x81\xc7\x03\x81k\x04\x84\x9b\x04\x81l\xb0\xbe\xbb\x00\x82\xaa\n\x84\xd8\x05\x82\f\x00\x84\x00\x16\x82\f\x00\x96\x1c\x01\x91\xb2\x00\x8b\x84?\xa0\x7f\x00\x87\x97\x04\x98/\x0f\xa2\xc9\x00\xae[\v\x88(\x03\x92j*\x91BO\xa4B-\x81:\x00\x00I\x85Щ\x83YM\x82\x8dD\x87\x10\x00\x80\x1d:\xacީ\x82U\x00\x8fM?\x85l\x00\x81\xd5Ҩ\x96@\x86N\x00\x85\x9e@\x9b\xf9\x81\x90ș\x89\xb1\x00\x89\xfa\x81\x80\x9e\x04\x9e\xac\x81\x92\xdf,\x9a2\x82\x85\x81\x00\x8e4\x82\x89\x87\x00\x883\x82\x84\x84\x1a\x94\x85\x00\x83\xc9C\x81\xf3\x88\x96$\x00\x89\xf9T\x8e\xab\x00\xa6\xd5S\x8b\xaf\x00\x89\f\x02\x87\b\x02\x83\xae\x00\x91\xd7S\x93x\x00\x8a$\x01\x88v\x00\x85\xdf\x01\xa7t\x00\x89\x8e6\x83\xec\x02\x9d\x81P\x84m\x02\x90;}\x96\xae.\xa3uJ\x83\xcd\x00\xa3\xdeJ\x96\x1d\x02\x87bX\x83\x181\x87\xee\x03\x9d?\x97\x80\xeb[\xdb#1\xeeJ\x97\x86\xbdH\x83*\x00\xa1\x0e\x93\x85\xb2\x01\x9a\xf7\x92\xa3\xa8Q\xadS\x8c\x8d\xd3k\xcaN\x8c\x8b^\x01\x85N\x00\x84\x16Z\x86\xe7_\xcc@\x93\x9bcc\x8b\vR\xff>\x93\x94}\x00\xd3>\x93\x9a\xc0\x8c\x907\x04\xcc\xdes\xf6\x85\x8c\x93ZG\xff\x14\x9a\xf1\x14\x9a\xa4\xd3\x01\x8b\xd4\x01\x82O\x00\xff왁\x80\r\xe7왍\x00\x01\xf4g\x99\x8d\xddg\xa5b\x99\xa2U\x06\x90\xe7\x00\xa4\xf2O\xff)\x99\xff)\x99\xff\xeb\x05\x96\xeb\x05\xff)\x99\xeb)\x99\xa9\x05\x99\x9a\xc5<\x91\xaa\n\x8b\x9d\v\x81\xbb\xbd\xd9Z\x92\x89$\x00\xa6\x81\x81\x98\x83c\xb2\xc3d\xc9>a\xa5e\r\x85rA\x83h\x00\x00P\x80qt\x00o\x809\x13\x84\x10\x0e\x86J_\x9eq\x00\x87Z\x05\x8f\xf4:\x8aS\x00\x8c\xd8\x01\x8alQ\x88\x9ca\x83\x9a\x00\x9c\"d\xb0!d\x89\xe8\x01\x8d d\x84q\x00\x97\t\x97\x85&\x0f\x80\xfe\x06\x9b)\x00\x9f\x91\xa9\xa8\x88dİG\xa0\xbd\x9b\x82\xd3#\x01dd\x84\x91]\x86$\x00\x8c}\x02\x8d\xc7a\x8e\xce\x06\x9a\xbc\x01\x86\x87\x8e\x80;D\x9c\xdf\x01\x8f\xd1c\x01Un\x82㉆$^\x89\xda\x01\x8a'\x01\x82\xfac\x00A\x80\x95\xb1\x00g\x8cQ\x92\x8c\xbcc\x98i\x05\x8f\x00߉\xc1b\x89^^\x005\x82\x9eO\x009\x82^^\xb1?5\x85\xc3I\x93\x0f\x01\x8a\xbc]\x02tot\x89\x0e\n\x88\x91\x00\x81|\x00\x01oo\x8f걂y\x8f\x87α\x85#\x00\x00]\x9d%^\x80\x82F\x8d\n\xb2\x86<\x00\x85 \x00\xbc7i\x86Q\x00\x85Lz\x87\x9b\x03\x85^\x00\x82\x19\x00\x80D\x01\x85\x10\x00\x9d\xb3g\x01br\x80\xd1\xe1\x86\xfb\x02\x816\x00\x00B\xa8\x89\x05\x810\x00\x87\xc0T\x81\x0e\x00\xa1\x8d\x05\x89f\x00\x84D\x00\x88#\x05\x86\x10\x00\x88\xd5f\x88Z\x00\x87\xd4f\x8b\xbb\x00\x89\xe9\x01\x80w\x91\x872\x00\x82*\x01\x86\xe9\x01\x83\x1a\x00\x85\xeb\x01\x82\xbf\x02\x80\x1c\x00\x98\xb8\x01\x81\xef\x05\x80\x10\x00\xc0k\xad\x81F\x00\x89\x0eP\x85\x10\x00\x9ei\xad\x81*\x00\x9c:\x02\x99\x00\n\x8b)\x02\x85M\x00\x83\x1a\x00\x84\xde\x00\xa1*\x02\x8a\xc5\b\xaa\xb5\xa7\x83k\x00\x883\x05\x820\x05\x8b.\x05\x81\x10\x02\x98\xc5b\x84i\x05\x92b\x05\x81\x7f\n\x87\xfd\x01\x867\x00\x90\x06b\x84'K\x99o\x05\x9c\xa1m\x9f\x04\x15\x856\x05\x8b\xf5\x05\x9as\x00\xab\xb2\x0f\x82E\x00\x88H\x02\x86\x10\x00\x9bQ\f\xa6\x18\x0f\x9d`\x00\xa3\x1f\x0f\x9eF\x00\x9a\xce\f\x87\x12\x0f\x8d\xe8\x04\x87ɗ\x93E\x87\x95\xe8c\x8c\xc1\x03\x8f\xdf\x02\xa8u\x0f\xa3\"\b\xba#\b\x8d\xc0\x02\x8c\xc7\x00\x95;\t\x9b\xd1\b\xa0?e\xaf\xfc\b\x95\x93\x03\x9e\xf5\b\xd1\xd0\x0e\x96\xdf\x01\xbb\xbc\x04\xb1\xba\x04\xc4%\x01\x91]\t\x99@{\xb3r\t\xa0I\t\x8b\xb9F\xa9\x03g\xac\xcb\x10\x95}\f\xa5\xeb\x01\xad\xf9C\x84c\x01\x87\x00?\x81LՖ䛃\x85\x97\x8f\x14\x00\x80\xa4\x1a\xc2㛑~\x00\x83қ\x87z\x00\x87\x10\x00\x80v\x00\xddᛁ\x91\x00\x91\xe0\x9b\x86\x8f\x00\x8b\x13\x00\x8d\x92\x00\x8b]\x05\x89\xde7\x80=>\x84\xaeٍeN\xc0R\r\xb2\x7f\x03\xac9N\x96Y\x00\x89G9\x89S\x10\x98J9\x89'\x00\x8e\xe0\xc1\x89i\x00\x84V\x12\x8d^\b\x90\xe49\x95\xaa\x04\x92\x12K\x85/\b\x951\x96\x86\xfe\x03\x8a\xe6h\x82\x99\b\x00N\x80\x9c胙\xb4\x88\x02\x05\x88B\t\x8b0\xb5\x8a@\x00\x888\x04\x92\xfc˜\b\x02\x90\a\x97\x9cn\x01\x83\x88%\x9e\x8b\x00\xa0>\x02\x85\x86O\x8a\x89\x01\x01}\n"
const compilerSourceData11Chunk0 = ",// Code generated by Renvo RTG; DO NOT EDIT.\n\x80-\x00\x84(\x00\x04or: 1\x81\x10\x00\x12target: arch/x86_64\x81\x17\x00\x02uni\x80\x15\x00\x83\x10\x00a 3f94149aff879baa570804c3403e28a5f70ada9592141b1300e63f1dcc4d94e5\npackage main\n\n\nvar rtgX8664RAX =\x81\xab\x00\bRegister{\x81\xcf\x00\x0e:0, Valid:true}\x8c3\x00\x00C\x923\x00\x001\x993\x00\x00D\x923\x00\x002\x993\x00\x00B\x923\x00\x003\x993\x00\x01SP\x913\x00\x004\x9af\x00\x923\x00\x005\x9af\x00\x00I\x913\x00\x006\x9a\xff\x00\x923\x00\x007\x993\x00\x008\x912\x00\x008\x992\x00\x009\x912\x00\x009\x992\x00\x0110\x92\xc9\x01\x9a\xfd\x01\x0111\x924\x00\x9a\xfe\x01\x0112\x924\x00\x9a\xff\x01\x0113\x924\x00\x9a\x00\x02\x0114\x924\x00\x9a\x01\x02\x0115\x924\x00\x8c\x02\x02\x893\x00\x06Primary\x807\x00\x88E\x03\x8a\"\x00\x05Second\x8c$\x00\x00D\x8b$\x00\x04Terti\x8c#\x00\x00C\x8cG\x00\x00c\x80*\x04\x01ch\x89\"\x00\x0110\x8a\"\x00\aDivision\x90*\x00\x00B\x8bL\x00\vCopyDestinat\x801\x00\x8a\x99\x00\x00I\x8e*\x00\x05Source\x89%\x00\x00S\x8f%\x00\x04Count\x99\xbf\x00\x00t\x80w\x04\x8aD\x00\x00P\x8a \x00\x03Fram\x8ad\x00\x01BP\x8b\x9c\x01\x01EQ\x83\x9b\x01\x00C\x80M\x01\x00i\x81\xb6\x00\x84\x9c\x04\x01x9\x80\xd2\x01\x05SetOpc\x87\x10\x00\x03Jump\x86\x11\x00\x0184\x8c\xe7\x01\x01NE\x95K\x00\x80\xe9\x01\x8aK\x00\x80\x10\x00\x8bK\x00\x005\x8cK\x00\x02SLT\x95L\x00\x00c\x8cL\x00\x80\x10\x00\x8bL\x00\x00c\x8dL\x00\x00G\x96\x98\x00\x00d\x8cL\x00\x80\x10\x00\x8bL\x00\x00d\x8e\x98\x00\x96L\x00\x00e\x8cL\x00\x80\x10\x00\x8bL\x00\x8d\x16\x03\x01SG\x96\xe4\x00\x00f\x8cL\x00\x80\x10\x00\x8bL\x00\x00f\x8cL\x00\x00U\x970\x01\x80\x01\x04\x8aL\x00\x80\x10\x00\x8bL\x00\x002\x8dL\x00\x970\x01\x80\x19\x04\x8aL\x00\x80\x10\x00\x8bL\x00\x003\x8e\x98\x00\x96L\x00\x80\xcc\x05\x8aL\x00\x80\x10\x00\x8bL\x00\x006\x8e\x98\x00\x96\xe4\x00\x80\xe5\x05\x8aL\x00\x80\x10\x00\x8bL\x00\x007\x80L\x00\x03func\x86M\x00\x80\x05\x00\aLow3(reg\x89\x99\x04\x00)\x80Z\b\x05te {\n \x80\x01\x00\x05return\x82\x12\x00\x81(\x00\x00.\x82\x84\b\x04& 7)\n\x90N\x00\x03High\xaeN\x00\x03>>3)\x80R\x00\x001\x91Q\x00\x83\xbd\x00\x05(out *\x80T\x00\x03Emit\x80S\x00\x02, o\x82\x18\x00\a uint32)\x84]\x00\x01if\x85\x18\x00\x05> 0xff\x84\x17\x00\x81\x01\x00\x80A\x00\x01.B\x81u\x00\x82z\x00\x85&\x00\x04> 8))\x82$\x00\x00}\x82\x06\x00\x91&\x00\x80!\x00\x90\x98\x00\x03REX(\x853\x00\x8a\x9a\x00\x82\x15\x00\x01wi\x80^\x00\x03bool\x83\x0f\x00\x8c\x11\x01\x83\x15\x00\x04index\x8f\x17\x00\x03base\x90\x16\x00\x80\x90\x00\x85\x12\x00\x8b\x1e\x00\x85\xfc\x00\x03w :=\x83W\x01\x000\x83\xd2\x00\x80\r\x01\x82\x87\x00\x87\x04\x01\x00w\x809\x02\x001\x88\xee\x00\x00r\x813\x00\x90\xbd\x01\x83@\x00\x00x\x90Q\x00\x82\xb4\x00\x00.\x82\xae\x06\x88X\x00\x00x\x88Z\x05\x85G\x00\x82*\x00\x89[\x01\x00b\x90O\x00\x81\xec\x00\x8eN\x00\x00b\x90N\x00\x81)\x00\x89M\x00\x04needs\x81\xa9\x01\x80\x87\x01\x85X\x00\x85\x13\x01\x84Q\x00\x01&&\x8b\x16\x00\x82\xb7\x02\x03>= 4\x86\x1d\x01\a != 0 ||\x80\b\x01\x85\n\x00\x00x\x86\n\x00\x00b\x86\n\x00\x8al\x00\x90Q\x02\x020x4\x80(\x00\x04 w<<3\x80\a\x00\x03r<<2\x80\a\x00\x03x<<1\x80\a\x00\x00b\x85\xb5\x00\x90B\x02\x04ModRM\x8f\xd9\x02\x00m\x81\xa8\x00\x81\xba\x00\x00,\x827\x02\x84\n\x00\x00m\x82\t\x00\x85\xec\x01\x86|\x00\x81-\x00\x02<<6\x80j\x00\x81\xb8\x01\x02&7)\x84\x85\x00\x00m\x80\v\x00\x92t\x00\x04emory\x8fu\x00\x87j\x00\x06address\x81d\x02\x00A\x83\v\x00\x88]\x03\x84\x1d\x00\x01.T\x82J\f\x8e\xba\x01\x91\xdd\x00\x01, \x80\xe3\t\x80_\x00\x02, 5\x83\f\x01\x85\xc0\x00\x04Rel32\x80c\x00\x03end(\x8bX\x00\x86\x85\x00\x00.\x83\x1f\x00\x878\x00\x83=\x04\x84S\x01\x87.\x03\x80\x01\x02\x852\x00\x00B\x80\x10\x00\x88^\x03\x88\x1a\x00\x00I\x81\x11\x00\x82\x1b\x00\tdisplaceme\x80T\b\x88\"\x00\x00D\x88\x18\x00\x87f\x02\x02SIB\x81%\x00\x89\xfa\x02\x813\x02\x8cA\x05\x82\xa1\x02\x01 =\x85_\x02\x82\xc5\x01\x8f\xf0\x02\x8az\x00\x86~\x02\x95K\x00\x005\x88[\x01\x82Q\x00\x02= 2\x86\x11\x00\x80N\x00\x80\xa3\x01\tSignedFits\x80q\x03\x03t64(\x89b\x00\x01),\x80\xde\x04\x88D\x00\x88H\x00\x83\x06\x04\x87P\x03\x84N\x01\x80U\x00\x86\xf4\x00\x9d\xd7\x01\x81J\x00\x84\xda\x01\x004\x87\xa2\x01\x82'\x01\x82k\x03\x85\xfe\x00\x89\x1d\x00\x95A\x04\x8b:\x00\x8a\xff\x03\x82\x13\x01\x88M\x04\x87\xb4\x00\x85I\x02\x87\xb0\x05\x80\x11\x01\x03Log2\x86O\x02\x03Scal\x80\xbf\x05\x82!\x03\x93l\x00\x84/\x03\x91\x82\x01\x84\xba\x03\x02 el\x80b\x02\xa8\r\x01\x99M\x00\x86f\x01\x83\x87\x01\x80\x88\x01\x96\xa2\x06\x8a\xc9\x01\x8a\x8c\x00\x88?\x00\x002\x8c?\x00\x00U\x82\x0e\a\x00(\x83\x15\a\x92C\x00\x92\xcb\x06\x00R\x80\xc7\x00\x97\xcc\x06\x8aj\a\x83\x13\x00\x00d\x88\xde\v\x8e\xab\x06\x00s\x83\xd1\v\x8e\x18\x00\x80\x8d\x06\x01th\x80{\x01\x00t\x87\xb4\x06\x83\xa3\x06\x80\x16\x00\x81\v\x01\x006\x93]\x05\x0166\x8aF\x06\x89\b\a\x80c\x02\x80f\x00\x01No\x85\x11\x00\x8eT\x00\x008\x89W\x06\x89:\x00\x00=\x84\xa6\x00\x89\r\a\x8b\xdc\a\x82\xd7\x01\x86I\x00\x006\x80\xf6\v\x832\x00\x00,\x8bs\x00\x00,\x89\f\x01\x00,\x8ae\x00\x83\xb7\x00\x92\xcb\b\x85\xbf\b\x8e#\x00\x88S\x02\x80U\n\x8dK\x02\x83\x82\x00\x80\xd7\x03\x8d\x19\x00\x88\x84\x00\x94\xae\b\x00R\xf3\xe1\x01\x9eU\x01\x8a>\x01\x8cZ\x01\x92q\x01\xcfV\x01\x89=\x01\x96t\x01\x93V\x01\x00M\xc9W\x01\x8fz\a\xc88\x03\xab\x89\x01\x8a4\a\x87\x0f\x00\x81]\a\xc1\x8f\x01\x86\x85\b\x9d\x8d\x01\x84y\x00\x94\xd3\x02\xac\xb5\x04\x95`\x01\xff\xb0\x04۰\x04\x9a\xcd\x01\xbe\xb1\x04\x98\xcc\x01\x86\xaf\x04\x99\xc7\x01\x04Group\xab\xc9\x01\x04selec\x80\xd7\x16\x83\xb2\n\x84&\x00\x80\xea\x16\x01ndÔ\x04\x8c\x87\x04\x8c\x0f\x00\x84k\x00Η\x04\x85\xd6\x00\x8fH\x01\x84r\x00\x93\x84\x04\x82@\x01\x05Immedi\x80\x13\x18\xd7I\x01\x03valu\x80|\b\x81e\n\xf1Z\x01\x8e\xef\n\x82\x90\x00\x8c\xe1\n\x88\x86\x03\x0183\x886\f\xb9s\x01\x8e\\\x00\x82\x9e\t\x82~\x00\x88\x1e\x00\x8a\x99\f\xe1\n\x02\x85\x93\x00\x8b\xf2\t\x85\x97\x00\x9e(\x02\x008\xdd)\x02\x87)\x00\x9b(\x02\x83\xff\x03\x88\x1c\x01\x89\xff\x00\x86\x11\x02\x82D\x00\x87\xf5\x00\x82\x88\x01\x83\xec\x00\x96\xeb\x00\x83\x99\x04\xc7\x19\x03\x95>\x06\xd1\x18\x03\xad\x7f\a\xb5\x1d\x03\x99\xdd\f\x95\xb6\x02\x8e\xdf\x02\x89\x02\x06\x87\xbb\x01\x86\xf3\x05\xaf\xa0\x00\x8ea\x03\x8e\xa7\x00\x97\xf9\x02\x83\xa2\x00\x91\xf9\x10\x05ultipl\xb5\x11\x02\xb2\x10\v\xc2\x1b\x02\xb4!\v\xad\x13\x02\x006\x85\xaa\x12\xc2\x13\x02\xc1p\v\xff9\x02\x88\xf5\x00\x85]\x01\x96\x88\x16\x83=\x13\x90\x15\x05\x88;\n\x8d\xd5\x14\x85\xce\x05\x83\n\x12\x93Z\x14\x001\x92\x9e\x16\x84u\x00\x00+\xab+\b\x87\xfc\x02\x9b\xc6\x00\x83\xb8\x02\x81!\x01\x81\x81\x02\x86\xb5\x02\x8e}\x14\x89\x04\x02\x95\xc6\n\x9e\x9d\x01\x899\x00\x003\x9b\xd0\x10\xa2\xdb\x01\x80\x04\x13\x84\x1a\x06\x96\xd3\x01\x80z\x14\x80~\x02\x00v\x9dU\x18\x06, label\x81\xcd\x01\x00L\x81\t\x00\x90\xb3\x03\x95\x12\x03\x86\xe0\x14\x00(\x82C\x00\x92\x8e\x01\x80\xaa\x19\x86\xc2\x19\x98\x8d\x04\x81\xde\x1d\x82$\x00\x8a\xf3\x19\x9c\x96\x04\x99^\x04\x01fa\x809\x01\x9d\x8b\t\x8av\x04\x89\xb1\x03\x8b\x02\x02\x030x0f\x8c\x13\x00\x86\xb0\x00\x00.\x86\x8b\x1a\x9c\xef\b\x81 \x16\xad\xd0\x10\x81\xd7\x1a\xbd>\x01\x8b\xde\x01\x875\x01\xa3\xde\x00\x87Y\x1b\xa7\xf3\x01\x03Move\x98\x85\x03\x95\xcf\x01\x89I\x06\x88O\x04\x89/\x00\x80=\x03\x86\xdb\x1e\x80f#\x80\xfc\x18\x834\x00\x80\x18\x00\x94Z\x04\x003\x84Z\x04\x8c\x17\x00\x00c\x84\xad\x16\x87\x9e\x03\x89g\x00\x80\xa9\x04\x88b\x1f\x81g\x00\x9f\x9f\x05\x95\x81\x04\x80\xf9\x01\x03x6a,\x84h\x04\x84\xb5\x03\x81<\x00\x97{\x06\x89\x86\x05\x81?\x00\x005\x80\xa4\"\x8e\x9d\x02\x87\xba\x00\x80\x9c\x00\x02Uns\x87\x9e\x00\x8cj\x00\x877\x1c\xa2m\x00\x00b\x91m\x00\xa6\xa9\x04\x95\xca\x06\x96\x85\x00\x8f,\x01\x80\x80\x00\x8f\xc2\x00\xc3-\x01\x92\x82\x00\x862\x04\x81\x97\"\xaa1\x04\x90\x90\b\x8cg\x02\x01b8\x90\xbd\x06\x8b\xf6\x03\x8d_\x01\x80\xf8\x00\x8a\xff\x00\x9c\xe1\x05\x00x\x81\xa1\x03\x8a\x03\x17\x85A\x03\x82\x8b\x06\x80\xfa\x10\x80\x9e\x1d\x86(\x05\x83\x95\x1e\x030xeb\x82\xbe\x00\x88\xa8\x01\x89B\x00\x82\x9e\x02\x95p\x00\x87\x8f\x04\x94u\x04\x8b\xfe\x19\x9e\x8d\x00\x91k\x04\x01 -\x80\xa4\x00\x814%\xaf\xa4\x00\fVariableShift\x982\x05\x02dir\x80\xc3\v\x84\xbd\x00\x82-\x00\x00D\x85\x12\x00\x84\xee\n\x82x\x00\x84\xdd\x1e\x8ei\x06\x02chg\x80\xa2\x01\x8a\x0f\x12\x84\xc4$\x87\x11\x00\x85\x8f$\x88\x17\x1b\x85t\x00\x80\xb0\x04\x85w\x00\x03Left\x90\x99\x02\x04ShlCL\x94c\x00\x8dr\x03\x84\xab\x00\x90E\x00\x01ar\xa3E\x00\x91\x80\x00\x9e;\x00\x92\xee\a\x82\x8b\x00\x81D%\x91\xcd \x01re\x81/)\x00d\x80\xe9\x13\x89\t\x02\x02ord\x80\x0f\x03\x01ry\x818\x14\x81\x06\x03\x02New\x82\xab\x06\x00(\x83h\x00\x02don\x82f\x1b\x90\x1b\x00\x85y\x00\x01Cm\x87\xf3\x0f\x96\x97\x01\x00-\x84\n\x06\x96_\a\x8a7\x00\x01NE\x80\xeb\b\x84\x99\x00\x90\xd9\a\x8c\xe1\x06\x878\x00\x86\xa8&\x01, \x8cp\x00\x80\xd2\x01\x96\xa5\x00\x886\x00\x006\x84\xb5\x0e\x88\xdc\x00\x8d.\x00\x85Y\x02\x90@\x00\xbb\xe3\x00\x81\xbd\v\x86\xa3\x01\x94\f\x1c\x96\xfa\x00\x86i\x01\x8b[\a\x8fG\x00\x80D\x00\xac<\x03\x8f\n\x16\x88\xdb\n\x81\xf5\x05\x00e\x80\x94)\x81(\x02\x87\xa4\b\x04Mark(\x93\xc1\x01\x03Push\x8b6\x06\x85\x1a\x00\x8c\xfc'\x8b7\x00\x90\xb7\x00\x8c0\x00\x94)\x03\xb7\xf8\x00\x89\"\r\x841\b\x88\x13\x00\x0199\x8e\xee\x01\x88g\x12\x80\x18$\x80\x18%\x80\x03\x00\x96\xad\x00\x80\x98\x05\xa1\xf6\x01\xa1\xb7\x00\x8c\x80\x02\x8b\xb0\x01\x02Pop\xa8o\x01\x86\xbd\x01\x83\xd0\x01\x90d\x04\x81))\x81\x03\x01\x00s\x8da\x04\x85Q\x04\x89\xcb\t\x88\xfa#\x8c\xb0)\x83\xe6\x05\x83\xd4\x10\x8c&\x00\x83\xac)\x84Z\v\x81\x92)\x8c \x00\x82\xa7)\x82\x1f\x00\x06forward\xba\xbb\x04\x85^\x01\x8a\\\b\x84 \x10\xa8\xcf\x03\x80}'\x80\xf6\f\x83\x90\x00\x8b8\x00\x02Lea\x8eq\x04\x85\x05\x02\x87\xe8\x13\x00{\x81x\x13\x00:\x86m\x11\x82\x95\x13\x00:\x83\x00\x01\x80p'\x81c \x80`/\x00}\xa3\xbe\x00\x8cg\x00\xaa\xc7\x00\x00G\xa0\xc7\x00\x88\x12\x12\x85\xbe\x00\x86\xb8\x02\xa1\xc7\x00\x01, \x89\x05#\x00:\x80\x1c\x06\x83\xf5\a\x8c\xdf\x00\x88r\x00\x8d\xf9\t\x94w\x00\x8a'\x00\xb2|\x00\x88\xe1\x03\x00f\x84\x01\x01\x89\x13\x00\x84\x1e\x06\x88\x13\x00\x00a\x84\xc7\x03\x89&\x00\x00c\x8er\x01\xa42\x05\x8ay\x01\x90R\x00\xa7\x8b\x00\x98\xc4\x03\x00W\x80k\x04\x06owsComm\x80\xc5\x11\x02Lin\x81q\x0e\x82\f\x00\x02 []\x83\x00&\x01[]\x83\n\x00\x84\xd2\x03\x800%\x00u\x81.\x01\x00s\x81N\x03\x04make(\x85!\x00\x82X\x0f\x85\x1c\x05\x03ffse\x82\xad\x03\x000\x85\x9d\x03\x85\x14\x00\x03< le\x81\xb2\n\x82f\x00\x89\x8b\f\x97$\x00\x01&&\x86%\x00\x81\x01\x00\x85\x19\x00\x00[\x83.\x00\x00]\x81\xc4\t\x00'\x80\x02\x00\x80\xda$\x91\x1a\x00\x02\\t'\x8d\x94$\x83\x1f\x00\x01++\x86\x15\x00\x87\xe0#\x81\xd1)\x83\x85\x00\x80<\x00\x94\xaa\x00\x81\x01\x00\x04break\x88@\x00\x86\v\x00\x85!\x01\x88 \x01\x86\x1e\x01\x89?\r\x02quo\x81Q3\x80&\x00\x82 \x11\xa0\a\x01\x8c\xbe$\x02f !\x84D\x00\x8c \x01\xc3$\x01\x8f\xe5\x00\x8b)\x01\x84\x84\x00\x91N\x00\x01\"'\x90L\x00\x84\xac\x00\x00=\x85\xb6\x00\x8e!\x00\x8e\x95\x01\x85\x01\x00\x80\xd1\x06\x80\xca\x03\x00u\x87#\x01\xa2\x89\x00\x80:\x10\x02'\\\\\x91\x8a\x00\x86\xa2\x01\x80\x89'\x01pp\x82\x0e(\x84\x12\x00\x00,\x8dF\x00\x87\xaf\x01\xb5\xa6\x00\x8a\x0f\x00\x04slash\x80:0\x00r\x82\x1e\x02\x83K\x00\x8a!\x00\x99\x04\x03\x93\xb9\x01\x92\xe2\x00\x92\xa5\x00\x8b2\x01\x82\x8b\x00\x83\xe50\x86\x8b\x00\x80\xed\r\x87\xa2\x00\x8d`\x01\x94\x16\x03\x90Q\x02\x81z\x01\x92\x03\x02\x81\xde\x00\x88x\x00\x802-\x90%\x00\x81\x01\x00\x99\xa2\x01\x81\xf3\x00\x8f\x97\x01\x8b\xd3\x00\x01--\x8e!\x00\x8b\xfe\x00\x81\x01\x00\xa1\xb1\x01\x8d\xb2\x00\x8b\x01'\xb7\xaf\x00\x88T\x00\x00-\x89d)\x8f\xaa\x00\x81U\x0e\x87-\x00\x8c\xc1'\xa2\x81\x00\x00\"\x90\x80\x00\x93!\x02\x8d'\f\x85\x01\x00\xb3\xbb\x03\x87\xc8\x00\x87\n\x00\x87>\x06\x8e\xaa\x00\x00s\x80\xc3\x1b\x84\v\x00\x8a\xbb\n\x83\x9c\x10\x86&\x00\x81\xc3\x06\x80C8\x00G\x86\x928\x03from\x80\xdc\x10\x00s\x804\x12\x83\xd2\x0f\x00m\x81&\v\x00.\x8b\xe8\x06\x86:\v\xa4\x00\x15\x8fa\x1b\x81\x1f\x05\x00\t\x89\xc6\a\x81\x0e$\x84\xc2\a\x008\x81\xc2\a\x8f3\n\x83\xd8\v\x9e\xb0\x00\x03load\x8e\xb1\x00\x00L\x82\x15\x00\xa8\xb2\x00\x93F-\x8a\xb2\x00\x80<&\x85\xb1\x00\x80u\x12\x91\x7f%\xa5\xb2\x00\x81\x8d\t\x8d\xb1\x00\x85\xa1\tҰ\x00\x80\x92\x1f\xb9\xb0\x00\x80M\x01\x03_i32\x90d\x01\x00I\x80=\x15Ե\x00\x006\x80j\x18\x93\xb5\x00\x81\a\b\xa3\xb5\x00\x00u\x92\xb5\x00\x00U\u05f5\x00\x97\x1a\x02\xa7\xb5\x00\x02i16\x91j\x01\x0116յ\x00\x020fb\x80\xa95\x93\xb7\x00\x001\x80\x1d'\xa4l\x01\x92\xb7\x00\x00Uڷ\x00\x80\x15\x10\xbd\xb7\x00\x01i8\x91m\x01\x008ص\x00\x80\xd9\x04\x93\xb5\x00\x83\b\x16\xa1k\x01\x91\xb4\x00\x00Uٴ\x00\x80\xe56\xb7\xb4\x00\x00s\x80a\"\x80)\x14\x8c\xb4\x00\x00S\x83\x16\x00\x8f\xb5\x00\x90\xb9#\xa2Q\x06\x8aP\x06\x86\xa1\x00\xaaL\x06\x82\xaa\x00\x8e4\x04\x82\xaa\x00\x914\x04Ӫ\x00\xa2*\x04\x82\xaa\x00\x8er\x03\x82\xaa\x00\x91r\x03Ӫ\x00\xa2f\x03\x82\xaa\x00\x8d\xb1\x02\x82\xa9\x00\x90\xb1\x02\xbf\xa8\x00\x805\x1b\x8e\xa8\x00\xa1\xa5\x02\x805\x00\x8e\xa3\x02\x80\x83\x00\xd8\xf7\b\x000\x80A\x11\xb7\xf7\b\x02sub\x8fS\x03\x81\x14\x00ְ\x00\x002\xba\xa7\t\x80\xe2\f\x8f`\x01\x81\x14\x00װ\x00\xba`\x01\x01or\x8e\xaf\x00\x00O\x80\x13\x00\xd7\x0e\x02\xba^\x01\x00x\x90\xaf\x00\x00X\x81\x14\x00ְ\x00\x003\xba^\x01\x00c\x81o\x15\x8c\xb0\x00\x86\x83\x15Ӱ\x00\xba`\x01\x80\xa4\x17\x80\xfe\x1d\x8c\xb1\x00\x00T\x82\x15\x00\xd7\x17\r\x80n@\xb7\xb2\x00\x03imul\x8e\xb2\x00\x00I\x82\x15\x00̲\x00\x87'\b\x00a\x8dG\n\xab\xc4\x02\x82\x8b\x1e\x8d\xc5\x02\x86\xa0\x1e\xd3d\x01\x8dB\n\xab\xd4\x04\x00d\x80@\n\x01mm\x918\x06\x8c!\x1d\x8d\xb6&\x8f\x8b-\x8d4$\x89\xb2\x00\x8c30\x85\xbc\x00\x80\x82\x03\x80\x15\x15\x86t-\x84\xa1\"\xa4\xde\x04\x92\xb9\x00\x01Or\xe4\xb8\x00\x80\x03\x00\xb2\xb8\x00\x801\x00\x93r\x01\x00n\xe5r\x01\x80a)\xb2\xba\x00\x80\xb0\a\x92\xba\x00\x80\xb4\a\xe4\xba\x00\x80O\x04\xb2\xba\x00\x80\\\x06\x92\xba\x00\x80`\x06\xe4\xba\x00\x80~\f\xb2\xba\x00\x80f\x06\x92\xba\x00\x8ff!պ\x00\x80_\x04\xb6\xba\x00\x02mem\x95\xbe\x00\x8c,1\xa5F\r\x9d\xc3\x00\x8d\x831\x8b\xc9\x00\x86W\v\xa9\xc9\x00\x81\x87\x06\x92\xc6\x00\x81\x8b\x06\x9a\xc1\x00\xa8\xe2\x05\x9a\xda\x00\x8fI0\x85a\x12\x95\x12\b\xaa\xe0\x00\x01nc\x8f\xdb\x00\x81\x14\x00\xa2V\x02\x92\x86\x01\x86\xf6 \x80N\a\x89\xe0\x05\xa2\x90\x00\x01de\x8f\x90\x00\x00D\x81\x14\x00Ð\x00\x89\xb8\x05\xa3\xf7\x04\x00h\x93\xff\x01\x8fD$\xa6\x83\x03\x85XC\x97\x82\x03\x82Y\x0e\x81\xb3\x00\x00c\xb9\xb1\x05\x00h\x93\xf7\x04\x80P&\xe4\xba\x00\xb5\xb1\x05\x01sa\x94\xba\x00\x00a\xe5\xba\x00\xb5\xf7\x04\x81.\x02\x00c\x8f\xb7\n\x88C(\xbb\xc3\x02\x00d\x80T\x16\x89\x10\x02\xa6\t\x02\x92\x95\x00\x86X(\xbf\x95\x00\x89\xeb\x01\xa6\xe4\x01\x91\x95\x00\x87()\xbf\x95\x00\x89\xc6\x01\xa3\xb6\x06\x03all_\x81$J\x8c\xb1\x06\x80\x17\x00\x99\x903\x90v\x02\x8a\xc42\x9a\x92\x04\x80\xf61\x8dv8\x9f\xb5\x05\x01di\x8f\xe4\x1a\x00I\x82\x15\x00\xc0'\x05\x83\xad&\xab:\x01\x00p\x80\xca'\x90:\x01\x8d\xe1'\xae\x9a\x00\x94Z.\x87W\x06\xa1\x9c\x00\x01op\x91\x9b\x00\x8b\f'Ś\x00\x80\xbf\x13\xa8\x9a\x00\x816\x01\x80\xea\x04\x8d^\x14\x817\x01\x8b\x99\x04\x8b\x9f\x00\x8905\x8d\x98\x00\x92\xf30\x86'1\xa7\x94\x00\x8eF\x16\x8a\x95\x00\x91N\x16\xab\x96\x00\x80)\x01\x87\x920\xa00\x04\x03etcc\x8d-\x04\x81\x14\x00\x8f\x88\x00\x96\x0e/\x93\x91\t\x8d\xab\x00\x8a'5\x82\xae\x00\x86Q\x00\x8c\xd00\x9e\xb5\x00\x02jcc\x80z\x02\x80\xa33\x8c\xb9\x00\x02Jcc\x83\xba3\xa6\xbc\x00\x8f\x196\x89\xb3\x00\x90\xc5'\x88\xb4\x00\x87\x1f4\xa2\xfe\x04\x8f\xaf\x00\x83\x00\x05\x92\xb0\x00\x9b\x98\x00\x8e\xeb&\x80\xf5\x01\xa5\x8e\x00\x00j\x80\xd4\x00\x93=\x01\x80\x19\x00Î\x00\x80@\v\xa5\x8e\x00\x80\x87 \x8c\x87\x00\x02Ret\x8d\x81\x00\x82q\x00\x80\x0f\x00\x83\xac8\x84N\b\x80\x9c'\xa1Q\x1f\x01ve\x8fQ\x1f\x8f18\x92b\x00\x80},\x9f?\x03\x01ys\x81\xdf\x01\x8dA\x03\x83\x16\x00\xa1f\x00\x81\x996\x8e\x14\x00\x80aM\x9fV\x02\x01qo\x8dO\x02\x01qo\xa1r\x00\x81h-\x8d\x14\x00\x81i-\x9fr\x00\x01ld\x8dr\x00\x01ld\xa1r\x00\x81[)\xa0\x0f\x1a\x8d^\x00\x01St\xa3^\x00\xa1\x12\x06\x01re\x808\x0f\x03ovsb\x8en\x02\x00p\x80\xc4\"\x01sb\xa2i\x00\x80s\x02\x8d\x14\x00\x81\x10*\x01}\n"
const compilerSourceData12Chunk0 = "7package main\n\nconst renvoAmd64ELFCodeOffset = 0xb0\n\nfunc\x83%\x00\x06Compile\x82,\x00\x10(input []int, out\x81\x0e\x00\x82\f\x00\x00a\x80,\x00\x04aSize\x81\x0f\x00\x00)\x81\x05\x00\x05 {\n\tif\x83D\x00\bFixedTarg\x81b\x00\x00=\x83\x14\x00\x83\x0f\x00\nLinuxKernel\x82b\x00\x04 && !\x82 \x00\x03Prep\x80V\x00\x83\x1c\x00\tMetadata()\x81W\x00\x00\t\x84!\x00\x80f\x00\x04Err(\"\x82\x0f\x00\x02: k\x82+\x00\x01 m\x84,\x00\x0f unavailable\\n\")\x828\x00\x0fturn 1\n\t}\n\tsrc :\x84\x8d\x00\x15MakeByteScratch(589824\x803\x00\x04for i\x81'\x00\x010;\x80\b\x00\x04< len\x83\x05\x01\x00)\x80\x10\x00\x01++\x82\x8e\x00\x81I\x00\x84H\x00\x06ReadAll\x83#\x00\x04[i], \x80\x1d\x00\x81z\x00\x83$\x00\x06append(\x80\r\x00\x05, '\\n'\x80\x1a\x00\x80\x89\x00\avar prog\x83C\x00\x00P\x80\n\x00\x04ram\n\t\x82\x13\x00\x84X\x00\x04Parse\x84\x1a\x00\x81?\x00\x809\x00\xb0\\\x01\x86;\x01\x02Cap\x80\t\x01\x84\\\x01\x84\xe1\x01\bContext(&\x81x\x00\x00.\x81b\x00\x80\x9b\x00\x80e\x00\x00!\x82\x10\x00\x01ok\x84>\x00\x88A\x01\x81\xb8\x00\x81m\x01\x84C\x01\x80\n\x00\x00\n\x83_\x00\x04Build\x81\x10\x00\x03Into\x83Q\x00\x02, &\x81+\x00\x83\xb8\x00\x00!\x81\v\x00\x92S\x00\x82\x19\x00\x87L\x02\x86V\x01\x05solveA\x85\x18\x00\x00(\x88\xe5\x00\x88{\x02\x80]\x00\x81\x93\x00\x04resul\x84\xe2\x02\x84\xdc\x00\x80A\x00\x80\x13\x00\x81\x9e\x00\x82\x1b\x00\x85&\x01\x01ry\x84 \x00\x05Scalar\x84`\x01\x82,\x01\x85\t\x02\x8f\xbd\x00\x83D\x00\x85\xbe\x00\x82i\x02\x82F\x02\x82\x16\x00\x81\x0f\x00\x80\x16\x00\x94\x9c\x01\x000\x823\x00\x834\x00\x84\x84\x00\x84\x81\x00\x00O\x82K\x03\x00D\x81\xe2\x02\x81\x1e\x00\x00,\x89\xc7\x01\x81?\x02\x80\x1b\x01\x06\twrite(\x83u\x03\x01, \x83'\x00\x01-1\x88\xd7\x02\x000\x82C\x01\x93\x1c\x03\x00c\x82h\x00\x06ation f\x80\x15\x03\x01ed\x83\x13\x03\x86~\x01\x00}\x89\xf4\x03\x99\x1a\x01\x03(p *\x89\xa9\x02\x00,\x83\x04\x02\x83\x14\x00\x81\xf5\x01\x00)\x90{\x01\x81\xf9\x00\x84k\x00\xa6{\x01\x00p\x83Z\x00\x00)\xa7\x9b\x00\x86:\x00\xb4\xa2\x00\x00g\x86\x10\x04\x04Begin\x91\xfc\x00\x85\x94\x00\x81\xe3\x01\x80\x9e\x03\a= nil ||\x84\xb4\x04\x03Emit\x80\xff\x03\x06QueuedF\x80\xb4\x00\x81p\x01\x00s\x85\x97\x00\x00g\x85\xbd\x04\x87\b\x01\x8a\x83\x00\x00{\x80\xbe\x01\x82\xc1\x01\x87 \x00\x05Finish\x90\x89\x00\x00g\xa8\x17\x01\x05Cached\xff\x16\x01\x8b\x16\x01\x84\x96\x00\xce\x15\x01\x87\x14\x01\x96\xaf\x00\x9e\t\x01\x83\f\x00\x80@\x05\x05earGen\x83\xbe\x02\x80\x12\x00\x05NonNil\x88\xf0\x00\x80\xd1\x05\x04Index\x81#\x01\x00-\x80\xc3\x04\x91/\x06\x82\xd4\x04\x81\x96\x00\x00s\x884\x06\x85\"\x04\x81u\x06\x06sEqualT\x81}\x05\x82,\x00\x82q\x05\x82$\x06\x87;\x00\x80L\x06\b.nameStar\x80\xfe\x03\x8f\x19\x00\x05End, \"\x80\x90\x00\x00M\x80\xe6\a\x00\"\x83U\x01\x87\x9f\x00\x02= i\x83F\x04\x83\xd4\x05\x86\x18\x00\x00<\x84\x94\x04\x84_\x01\x80\xb7\x01\x82#\x00\x02// \x85r\a\x01 b\x81\xcd\x05\x02ing\x80C\x04\rnsumes the dec\x805\b\x00d\x81\b\x00\x80_\x01\x83X\x04\x00r\x80\x14\x00\x02rds\x82l\x04\x06letely;\x82K\x00\x00a\x82}\x06\x04emiss\x81'\x00\x01us\x84D\x00\x05canoni\x80\xa0\x01\t body rang\x80\x1a\x00\x00i\x85\xe6\x01\x80\xde\x00\x04Info.\x84|\x01\b_runtime_\x82\a\x06\aDiscardD\x80\x7f\x00\x03s(p.\x81\x87\x00\x00s\x82\xcf\x04\x95*\x00\x81O\x00\x81*\x00\x83\x89\x01\x84\xd6\x02\x02new\x83L\x06\x86\xeb\x01\x81\x1a\x00\x00.\x81\xab\a\x82b\x01\x00c\x81\x0e\x00\x84\x88\a\x00p\x81\f\x00\x82*\x02\x83\x1d\x00\x81\x0f\x00\x89\xaa\x06\x8b\xbb\x06\x80\x1b\x02\x81a\x00\x00&\x80$\x00\x00s\x80\xcc\a\x83o\t\tsmInitWith\x85m\a\x80\xc3\x05\x83l\a\x80l\x00\x89\x85\t\x94\x9f\t\x82\xbd\x01\x80\x02\x02\x80\x16\x06\bIsWindows\x834\x02\x01c.\x882\x06\x01OS\x83\x00\x02\x91U\x00\x806\x00\x01Se\x82\x82\x03\x02RVA\x85\x10\x02\x8e\xad\x06\x00!\x85\xad\x06\x00g\x821\x01\x05Labels\x81\xe5\x00\x80(\t\x00(\x84\xff\t\x010,\x8d\xdf\x02\x834\b\xa6\x04\x03\x80\x9a\t\x80\xaf\t\x85]\x04\x80\x1e\x01\x02New\x82j\x00\x00(\x81[\x03\x8d{\x00\x84<\t\x89\x16\x00\x80\x81\x00\x81\b\x00\x83w\x00\x82E\x00\x81`\x01\x81\xea\x01\x82l\x04\x00(\x80\xb9\a\x8f\xa2\x00\xb48\t\x81\xb7\b\x87V\x04\x84\x96\n\x02odu\x85\x1a\v\x80l\x00\x85V\x03\x84}\x03\x89T\x03\x82\xc1\a\x84\x11\x00\x00g\x87\xaf\x00\x83w\x02\x03Mark\x81\xb5\x00\x8aD\x00\x96\xa9\x00\x000\x81#\v\x84\xf4\x01\x80T\x03\x02tIm\x81\xdc\v\x81r\x00\x80k\x03\x805\v\x04serve\x82`\x03\ffour linked-i\x82&\x00\x04ABI w\x82\xa4\x03\x01wh\x80b\x05\x05 globa\x81\x9f\x00\x80;\x00\x80U\x05\x05tializ\x84%\b\x01re\x80\xc1\x03\x87\xad\x03\x806\x00\x04inary\x80\xb6\x03\x01ll\x80\x99\x00\x06gisters\x80\x9e\x03\x86\xdd\x02\x81\xe8\x05\x82\xc6\x04\x80\xd6\x02\x04\"\\x57\x80\x04\x00\x006\x80\x04\x00\x002\x80\x04\x00\x001\x81m\b\x84Q\n\x83\xe5\x04\x00a\x80\xfb\x03\x01En\x81\x9d\v\x00d\x87\x99\n\x82L\x01\x81\xc5\x01\x00R\x83\xc3\x03\bCheckRegs\x81\xdc\x05\x867\x01\x81i\x00\x00P\x80}\x00\x81\x83\x00\x01nt\x82\xe6\x03\x81y\v\x00y\x82%\x00\x86\xa9\x01\x83]\x01\x81M\x00\x00G\x82\xe7\x00\x81D\x00\x91\xed\x04\xaeh\x01\x86b\x00\x81\x88\x00\x82\x17\x00\bEntryArgs\xa5\f\x02\x01} \x80\xbf\x02\x90N\x00\x84\x93\x06\xaeP\x00\x81\xc1\x01\x825\x00\x80\x0e\v\x00g\x80\xa5\x05\x80\x7f\r\x80\xf4\x03\x01up\x83\xc0\x01\aR12 as s\x83\x88\b\x80\x94\f\x00o\x81\xb0\n\x04tore \x83\xcd\x01\x824\x02\x00d\x83G\x00\x84=\x05\x00 \x80\x9e\a\x01ck\x87\xe9\x01\x02 af\x80\a\x00\x04 it h\x80K\x00\x84\f\x06\x00d\x82\x1b\x02\x80!\x05\x02ces\x80`\x00\x00t\x80i\x0e\x81\x11\x02\x97\xe5\x01\xa1\xe6\x01\x84\xa7\x06\x85V\x02\x00C\x80\xa3\x00\x84\x16\x04\x81-\x05\x87\xfe\x03\x00[\x85\x14\x01\x00]\x89\xf6\x01\x88F\x01\x00P\x81~\x00\x82\\\x00\xc5\xfa\x01\x85\x94\x00\x01Re\x80\xe5\x02\x81\x91\x02\x83\xc7\x01\xaa\x95\x05\x86\xd8\x00\x02opy\x80\xa7\v\x00m\x80T\x03\x04ToTer\x80}\x03\x01ry\x83\xfa\x04\x85\xa9\x05\x84\xbe\t\x06llImpor\x82X\x03\x85\x1b\x00\x83\x12\x00\x01Ex\x82\xed\x00\x81~\x01\x868\x00\x8f\x9f\x00\x96v\x00\x81[\x00\x00W\x80\xd9\x03\x000\x88w\x00\x80$\x00\x84 \x00\x02Imm\x81r\x00\x0160\x89\x1c\x00\x01Sy\x80N\a\x80\xe1\x0e\x82_\x00\x86\x97\t\x00g\x81\x8d\n\x80<\x02\x01A \x82<\x05\x84u\x04\x00 \x83u\x04\x02is \x80\x90\x02\x01er\x80\x11\x00\x01as\x80&\x00\x80\x03\x00\x00\t\x80\x11\x00\x81\xed\x00\x80\xe2\x02\x81\xf4\f\x81\xc4\r\x05gsLen,\x80*\x00\x00v\x83\x12\x00\x80\t\x00\x80\x11\x00\x82J\x10\x834\x00\x80\xb3\x04\x80D\x00\x82*\x00\x81\"\x00\x03 and\x85.\x00\x03 add\x80\xc5\x02\x80\xe9\x02\x81\xa6\x00\x80\x9f\x10\x01st\x80\x00\r\x02g b\x80\x90\x02\x81\b\x00\barrays. T\x80\xad\x02\x80\xc1\x00\x00V\x81N\x00\x85\xd9\x02\x81\xd9\x04\x80\x06\x00\x02alr\x81B\x04\x80\xe1\x06\x80\"\x03\x85\xa0\b\x83\x88\n\x00r\x82\xf3\x04\x84\x02\t\x00v\x80\xba\x00\x82\x1f\x05\x80\xe5\x06\x82d\x05\x02irs\x81\xa1\x00\t two slice\x83a\x05\x03; on\x80?\x05\x83\xe7\b\x80\x81\x11\x80\\\x05\x80V\x00\x81\xb4\x00\x00s\x80&\t\x81\a\x00\x82,\x00\x01ne\x80\x16\x01\x80\xbb\x00\x03huff\x81c\x00\x00.\x88\xbf\n\x96^\x04\x8d\x9f\n\x87\x1e\x04\x83}\x11\x03bool\x8d\xb3\n\x81Y\x03\x80&\x00\x84\x94\b\x88?\n\x86E\x03\x85\x19\n\x80\xb4\x02\x81x\v\x03Type\x83\a\b\x86\x92\x11\x81\x13\x00\x01Is\x80\xd4\x0f\x80\x85\a\x81B\x00\x82x\x00\x88/\x00\x8ad\x03\x00f\x80q\x05\x80\x06\t\x83M\n\x80\xcb\v\x83n\x04\x9e\xf1\x01\x85\xee\t\x89O\x06\x83E\t\x83T\x06\x009\x80\x04\x00\x00a\x80\x04\x00\x00e\x80\x04\x00\x00f\x81T\x06\x84\xb5\x00\x80+\x12\x00a\x80\xdd\x02\x80P\x04\x87i\x0f\x84\x8a\x00\x02tru\x83\x89\x00\x8f+\x00\x02> 2\x93\xb4\x00\x82\xd7\x01\x89-\x01\x825\x00\x82.\x01\x00.\x82\x1c\x00\x80\x91\x11\x01am\x834\x01\x89\x1d\x01\x00S\x82y\x02\x00S\x81\xdc\x01\x86%\x01\x820\x00\x03.typ\x94 \x01\x92\xc2\x00\x001\x85\xd2\a\x02RDX\x81\xfd\b\x80/\x01\x85I\x02\x00y\x85\x10\x00\x80\xdc\b\x02gth\x92\x82\a\x883\x01\x0448\\x8\x807\x01\x01f2\x89\x03\x13\x86\x15\x01\x84\x8f\x02\x9d\xeb\x00\x01+1\xa3\xed\x00\x83O\x00\x98\xee\x00\x81\xd3\x00\x019=\x83\xed\x01\x04, RCX\x81\f\x00\x83\x02\x02\x80\xeb\x00\x00=\x86\x18\x02\x01R8\x84%\x00\x9c\x12\x02\x014c\x83\xdf\x00\x00c\x80\x04\x00\x85\xeb\x00\x01d1\x89\xf7\x00\x80\f\x00\x00d\x84$\x00\x008\x88\xf3\x10\x82\x02\x01\x8aD\x0f\x97X\x0e\x8dr\x03\x97\xe3\x10\x8br\x03\x97\x8f\f\x841\x01\x00.\x84\x94\a\x84\xd7\r\x8b\x15\x00\x80\xd3\r\x81\xb6\x03\x89H\f\x81\xe0\x12\x82\x96\r\x02[]b\x80:\x0e\x92\x10\f\x80Q\f\x91x\x06\x89v\x12\x81\x8a\f\x81Z\x04\x843\x00\x83\xe6\x00\x8b\xd1\x06\xb1$\v\x91c\x00\x8f*\v\x82\xc7\a\x83\xac\x15\x81\x04\b\x82\xcd\a\x87\x13\x00\x81\xd3\x06\x82\x13\x00\x8b\xc0\x06\x91[\x00\x88\xb7\x00\x9e\xfa\x13\x80\xd2\x00\x81\v\f\x81G\x00\x00)\x8e\"\x04\x838\x00\x84\xd1\x06\x86\xc8\x13\x80o\x00\x83\xcf\x13\x87\xf2\x13\x00=\x848\x03\x8b8\x00\x8aE\x02\x98\xc6\t\xff\xb8\x05\xaa\xb8\x05\xffZ\x05\xbdZ\x05\x81M\x04\x80\xfe\x0e\x81n\x00\x82@\x03\x03.bss\x83\x9d\x0f\x8a\x0f\x00\b += 32768\xa9O\x03\x81\\\x00\x81\x8c\x04\x93`\x00\x96a\x00\x828\x00\x80\xd6\x04\xa57\x00\x813\x00\x84!\x05\xadj\x00\x83?\x05\xa9i\x00\x85^\x03\x82\xc0\x17\x85\x1c\x04\x05rgvEnv\x82y\x01\x84\xc9\x02\x85~\x05\x84_\x01\x83\t\x00\x84\f\x01\x86\xda\a\x82\f\x00\x87\xba\x00\x85\xe0\a\x80\v\x00\x8b\xd9\x03\xf3\xdd\x00\xa1\xd6\x00\x96\xbd\x00\x9a\xb3\a\xfd`\a\x8b\xde\x06"
const compilerSourceData13Chunk0 = "+package main\n\nfunc renvo386EmitCopyBytes(g *\x82\x19\x00\x1aLinearGen, srcPtr int, dest\x86\r\x00\x00b\x802\x00\x04Count\x81\x0f\x00\x11) {\n\ta := &g.asm\n\t\x82H\x00\x0fAsmLoadPrimarySt\x80\x88\x00\x01(a\x85T\x00\x00)\x87%\x00\x81\x86\x00\x0116\x81\x1b\x00\x050xc689\x88\x1b\x00\x91@\x00\x84\x88\x00\x95A\x00\x007\x8eA\x00\x04Terti\x89B\x00\x86\xbd\x00\x8cD\x00\x03Text\x81 \x00\x14\"\\x39\\xf7\\x76\\x0e\\x8d\x80\f\x00\x004\x83\f\x00\x01ff\x84\x10\x00\x00c\x80\x10\x00\x80\f\x00\x81\x10\x00\x00f\x80\x10\x00\x04f3\\xa\x80$\x00\x00f\x80\x18\x00\x01eb\x80\x1c\x00\x80\x10\x00\x81\f\x00\x83\x18\x00\x03\")\n}\x8d\x7f\x01\vnsureWideBin\x80\xa1\x00\x05Helper\x8f\x88\x01\x00)\x81e\x01\x81d\x01\x82\x17\x00\aNonNil(g\x80\xbd\x00\x05if g.w\x86@\x00\bLabel > 0\x81,\x00\x80-\x00\x03turn\x90!\x00\b- 1\n\t}\n\tl\x82\x0e\x00\x80\xb6\x01\x85\x04\x01\x02New\x82\"\x00\x00(\x83\xc7\x01\x80a\x00\x8f=\x00\x01= \x837\x00\x00+\x81E\x00\x04after\x9bB\x00\x85\x1a\x00\x06JmpMark\x89\x1e\x00\x01, \x82@\x00\x00,\x83R\x00\x91\x8c\x01\x85(\x00\x80\x91\x01\x008\x81M\x01\x008\x80U\x01\x81y\x01\x035\\x1\x80\f\x00\x008\x81e\x01\x81\x9d\x01\x80\b\x00\x005\x81\xa9\x01\x80}\x01\x82\x14\x00\x81,\x00\x80\xbd\x01\bd0\\x21\\xc\x80\x04\x00\x81\x18\x00\x004\x80\x18\x00\x81$\x00\x8a\x1c\x00\x002\x80\x1c\x00\x80\xed\x01\x81\xc9\x01\x81\b\x00\x005\x80\x1c\x00\x81$\x00\x00c\x80,\x00\x86t\x00\x80d\x00\x007\x80(\x00\x000\x80x\x00\x00e\x80$\x00\x00b\x81H\x00\x80<\x00\x000\x80D\x00\x81\x04\x00\x86(\x00\x80\f\x00\x81%\x02\x001\x81\x94\x00\x85\x14\x00\x80(\x00\x81\x14\x00\x002\x808\x00\x86\x14\x00\x80L\x00\x81\x14\x00\x003\x81\xb0\x00\x85\x14\x00\x00a\x80\x14\x00\x80\f\x00\x004\x80\xa8\x00\x86\x14\x00\x81\xd4\x00\x81\x98\x00\x80\b\x00\x00f\x81\x80\x00\x84p\x00\x8at\x00\x80X\x00\x81\xa5\x02\x006\x80\x9c\x00\x82\xb4\x00\x81\x00\x01\x818\x00\x81\xa4\x00\x81\x10\x00\x81\xdc\x00\x80\xd4\x00\x82\x00\x01\x84$\x01\x001\x81h\x00\x84\f\x01\x81 \x00\x004\x89\xf4\x00\x84@\x00\x002\x84H\x01\x92@\x00\x88L\x01\x95@\x00\x81d\x01\x002\x89@\x00\x80\b\x00\x00d\x85\x88\x01\x84H\x00\x81\xdc\x00\x00a\x80\x04\x00\x82\xac\x00\x88\xa8\x01\x85\xf8\x00\x81\x1c\x00\x85h\x00\x82 \x00\x81\xf4\x01\x91p\x00\x8d\x04\x02\x89T\x01\x81<\x00\x80\x85\x03\x86\x14\x00\x80(\x00\x85\xc9\x03\x003\x81\\\x00\x80\x10\x00\x81\b\x00\x005\x84h\x00\x82\xb9\x03\x800\x00\x81\xbc\x00\x81\x1c\x00\x81\b\x00\x8a\x1c\x00\x80h\x01\x81\x18\x00\x85\x04\x00\x85\x1c\x00\x96D\x02\x94\xa4\x02\x81\xec\x01\x82\f\x00\x80P\x00\x00f\x80\x18\x00\x81\xd4\x02\x006\x84\x1c\x00\x81`\x01\x82\xb0\x00\x81,\x01\x81T\x02\x81\x84\x00\x80\xf8\x02\x85\x14\x00\x002\x84\x14\x00\x81\xa4\x01\x005\x814\x01\x81\\\x01\x89`\x02\x81\xb9\x04\x81\xa8\x01\x80\b\x00\x005\x81L\x00\x81 \x00\x80\x84\x00\x82T\x01\x80H\x00\x00d\x80p\x00\x86,\x00\x80\x04\x00\x82\x10\x01\x80\x04\x00\x00d\x81\x14\x00\x804\x01\x82\xe8\x00\x80p\x02\x81\x10\x00\x00e\x80\x10\x00\x81@\x00\x003\x84\xc4\x01\x89\xdc\x00\x005\x85T\x00\x81\xc4\x00\x850\x00\x81\\\x00\x940\x00\x81t\x00\x81\\\x00\x81\xc0\x00\x9a\xb8\x00\x80P\x00\x81\\\x00\x82 \x00\x91\xac\x00\x81\xc0\x03\x81\x14\x00\x80$\x00\x814\x02\x81\xb4\x00\x001\x80\x88\x00\x81\\\x00\x00d\x84\xc8\x00\x00e\x81\xe0\x01\x80\x1c\x00\x00d\x80\x98\x00\x81\x18\x00\x00c\x80\x10\x00\x85T\x00\x86\xac\x00\x80\b\x00\x81$\x00\x81\x80\x01\x99\xb4\x00\x86h\x03\x81|\x00\x80l\x00\x814\x00\x00c\x810\x00\x84`\x00\x95\xfc\x01\x89\x9c\x00\x81\x1c\x00\x81\x90\x01\x8eD\x01\x81\xec\x00\x81\xa8\x01\x81\xd4\x03\x84\xfc\x02\x8e\xd0\x04\x81\xc4\x01\x81\x14\x00\x81\f\x00\x818\x04\x84\xb4\x00\x82\b\x00\x81\\\x00\x80<\x00\x003\x81\xb4\x02\x81\xa0\x00\x80P\x00\x81\xac\x04\x001\x84\xb8\x01\x81@\x01\x82\x88\x00\x80\xfc\x00\x85\x88\x00\x00d\x80\b\x00\x82\x14\x00\x80\b\x00\x81\x14\x00\x82H\x00\x81D\x00\x81\b\x00\x80<\x00\x81\xac\x04\x81\x10\x00\x001\x84,\x01\x82\x18\x00\x84\xf0\x00\x82\x80\x02\x81\x18\x00\x81\xd0\x00\x81\b\x00\x84\xac\x00\x82\xc4\x00\x81\xd0\x00\x80$\x00\x8a \x01\x81`\x03\x8c\xb0\x00\x00b\x80\x84\x02\x81\xd8\x02\x89\xd0\x04\x81\x1c\x04\x00e\x84\b\x00\x81T\x01\x82\b\x00\x804\x00\x82\b\x00\x81\xf0\x01\x81 \x00\x81\f\x00\x81\x04\x00\x80h\x00\x003\x81D\x03\x85\xf4\x00\x80\x04\x00\x82\xf4\x00\x81l\x05\x81\\\x01\x80\x04\x01\x81 \x00\x81`\x05\x81 \x00\x82\xbc\x05\x80\x10\x01\x810\x03\x85\x14\x00\x81d\x03\x89@\x00\x81\xe8\x01\x81\xb4\x00\x81h\x04\x004\x84d\x06\x00d\x804\x00\x81\xb8\x00\x004\x854\x00\x81\xac\x00\x84\xd0\x05\x82\xa4\x03\x81\xa0\x03\x84\x1c\x00\x814\x04\x81H\x04\x86\x10\x00\x804\x02\x82\b\x01\x85\x10\x01\x81\xb0\x03\x80`\x00\x81\x10\x00\x818\x01\x85\x1c\x04\x005\x85\\\x00\x85D\x04\x84\xb8\x01\x005\x80\b\x00\x85t\x04\x81\x10\x03\x8el\x00\x81T\x00\x84T\x01\x00c\x81l\x05\x81T\x00\x80\x10\x00\x82\\\x00\x84\xb0\x05\x8d\\\x00\x003\x84\xac\x02\x007\x84\\\x00\x82\xf4\x00\x81 \x00\x80\xac\x00\x81`\x04\x86\xa4\x03\x84\xf4\x06\x89\x88\x02\x81P\x01\x85\xec\x04\x81\x1c\x01\x002\x84\xa8\x02\x001\x81\x84\x00\x81\b\x00\x80\x1c\x00\x81\x18\x00\x003\x81\xa4\x05\x8c\x10\a\x006\x89\xe4\x03\x84@\x01\x006\x81\x00\x04\x85\x14\x00\x81<\x00\x80\x14\x00\x005\x81\xa0\x02\x85\x14\x00\x81\xc8\x02\x81\x14\x00\x81\x10\x01\x8c \x04\x814\x03\x8d\x98\x03\x81@\x03\x81,\x01\x8a@\a\x84l\x00\x004\x89\x80\x00\x81l\x05\x81\xc8\x00\x80L\x00\x8a\xd4\x00\x81\f\x02\x80 \x00\x82p\x01\x81\f\x03\x89\x1c\x00\x81\x14\x03\x81\x80\x02\x81\x80\x03\x90\xcc\x00\x81\x84\x01\x86\x04\x01\x81\x88\x02\x89\xb4\x04\x81@\x00\x81\x88\x01\x89\x18\x01\x84\xdc\x00\x82 \a\x8c\xdc\x04\x8a<\b\x84\xdc\x00\x81\xd4\x01\x82\x98\x00\x89\xdc\x06\x84D\b\x001\x81\xd4\x01\x8cH\x01\x81$\t\x8a\xf0\x00\x84\x90\x02\x8dH\x01\x810\x00\x82@\x02\x80\xf0\x00\x81\xfc\x01\x00b\x84\xd4\x00\x89\x98\x03\x01c3\x80\xb9\n\x86\x9a\t\x94\xc3\t\x82\"\x00\x82n\n\x82\xcb\t\x98\xe9\n\x06Compare\xb7\xea\n\x84A\x00\x98\xeb\n\x8a\"\x00\xae\xec\n\x8a>\x00\xf6\xed\n\xffy\x03\xffy\x03\xffy\x03\xffy\x03\xbey\x03\x80]\x02\x81w\x03\x83p\x03\x02Cal\x80N\x03\x8f\xe6\x0f\x81R\x0f\x83\xd7\x0f\x02lef\x84\n\x00\x03righ\x84\v\x00\x03mode\x84\x1f\x00\x82\x0e\x03\x9a\xf2\x0f\x82e\x0f\x02Mem\x85\xaa\x0f\x81\x94\x0f\x018d\x81\x06\x00\x007\x82\x06\x00\x01bd\x88\xd6\x00\x89-\x00\x81{\x00\x88-\x00\x005\x82-\x00\x005\x94-\x00\x82\x9e\x00\x87.\x00\x005\x82\x06\x00\x009\x89[\x00\x846\x10\x01Im\x820\x00\x81\xc3\x00\x88\x1d\x00\x81\t\x01\x83N\x01\x81y\x00\x83\x91\x03\x95;\x01\x83\xfd\x0e\x83<\x10\xb7<\x01\x821\x01\x90\xd5\x04\x82 \x00\x06>= 3 &&\x83\r\x00\x03<= 6\x82\xd5\x04\x06nonzero\x9br\x04\x97*\x11\x85(\x02\x82\x8d\x00\x04-g.c.\x83\x7f\x00\nativeIntSiz\x81\x13\x01\x87\xb4\x04\x01nz\x84@\x00\x86;\x00\x84\x82\x00\xa7g\x00\x86*\x00\x81=\x01\x00R\x80a\x11\x02ime\x83\xf0\x00\x85[\x00\x81\xf7\x00\x98\xd5\x02\x87r\x00\x80\xb4\x05\x99\xc5\x02\x85]\x02\x836\x02\x84\x0f\x02\x81@\x01\x80\r\x00\x9c^\x11\x00)\x97\xec\x01\x84\xfd\x05\x96\xed\x01\xaf\xe3\x01\x9b\xc4\x00\x000\xa4\xc1\x00\x8c6\a\x94\xc2\x00\x06ScalarF\x80\x17\x00\x03tion\x91\xc0\x00\nfnInfoIndex\x83\xb2\x00\x03bool\x8e\xcb\x03\x05metaFn\x84\x12\x00\x81\r\x00\x00.\x81k\x00\x01s[\x88>\x00\x03]\n\tf\x85\"\x00\x03prog\x84\"\x00\x83:\x00\x04.decl\x85'\x00\x04oldLo\x80\x99\x00\x00s\x81.\x00\x02g.l\x82\f\x00\x87\x17\x00\x83D\x14\x87\x1b\x00\x82\x10\x00\x82\x1f\x00\x04Break\x83\x1a\x00\x00b\x81\v\x00\x04Depth\x82\x1a\x00\x01Co\x80Y\x02\x02nue\x83\x1d\x00\x00c\x84\x0e\x00\x88 \x00\x01ur\x80\xf9\x00\x84V\x00\x00c\x83\r\x00\x81\x16\x01\x82\x1d\x00\x00R\x82/\x05\x04Struc\x84\"\x00\x83A\x05\x83\x12\x00\x83@\x00\x01lo\x81y\x01\aEnvOffse\x85I\x00\x8c\x16\x00\x82+\x00\bDeferHead\x89*\x00\x00d\x8b\x15\x00\x87)\x00\x83|\x00\x83[\b\x87*\x00\x88\x16\x00\x89+\x00\x03sult\x8eV\x00\x89\x17\x00\x87-\x00\x01Si\x80\xbf\x15\x88&\x00\x82\x10\x00\x82\x1f\x00\x81\x17\x02\x80\x1e\x01\x00g\x82'\x00\x84#\x00\x00e\x8a\x14\x00\x82'\x00\x10SuppressPanicChec\x84y\x01\x00s\x8e\x18\x00\x83/\x00\x81 \x03\x03Used\x84&\x00\x85\x0f\x00\x87\x1d\x00\x00P\x86\xbc\x01\x82\x1d\x00\x81\x0f\x00\x82\x1d\x00\x03Goto\x82\xea\x00\x84\x8c\x00\x00g\x86\x10\x00\x83\x13\x02\aastRange\x83\x14\x01\x854\x02\x8c\x16\x00\x05\n\tvar \x83J\x02\x02 []\x83\xe5\x02\x81\x0e\x00\x81\x9f\x02\x83\x1d\x00\x87X\x00\x85!\x00\x03Glob\x85\"\x00\x84;\x00\x00=\x80\x13\x17\x02ke(\x8dB\x00\x84\x81\x03\x85H\x03\x83\xa7\x02\x04ap(fn\x80x\x03\x00\t\x88Z\x00\x8b@\x00\x87a\x00\x82\xd8\x03\x000\x82R\n\x86j\x00\x85\xf8\x02\x89\xe7\x02\x80\x17\x00\x000\x81\x12\x00\x8aS\x00\x89\x12\x01\x89\xfa\x02\x85-\x00\x8a\xef\x02\x85\x15\x00\x03pend\x80\xd2\x01\x81\x19\x03\x00r\x80\xd1\x03\x85+\x00\x87\xfb\x02\x80\x13\x00\x88\xbe\x03\x81\x1d\x00\x89\xf6\x02\x861\x00\x8d\xf9\x02\x84\x18\x00\x86\xe1\x01\x8a\x11\x00\x82\xe4\x01\x82\x11\x00\x8f\xd0\x05\x80W\a\x83\x14\x04\x83\xcb\x00\x8a;\x04\x80\x19\x01\tframePatch\x81\xe2\x01\x04len(a\x80\xd9\x00\x8a\xa3\a\x81\xba\x02\x0132\x83\xd4\x17\x000\x82\x01\x00\x01c8\x833\a\x82\"\x00\x03Type\x80\x92\x00\x06sHidden\x83\x17\x03\x00(\x83\xae\x04\x80G\x05\x83\x87\x04\x80\xba\x02\x80\x16\x00\x81*\x00\x82\x9b\x05\x8f\xf5\x00\x83l\x00\x01dd\x81#\x00\x83\x8f\x04\x84\x95\x05\x80\x03\x00\x86f\x00\x80+\a\x89\xb4\x06\x89\x86\b\x8bQ\x00\x82\x8f\b\x009\x8c\x8f\b\x85\xc7\x06\x80\x83\x06\x00d\x85R\x02\x01Pa\x80\xff\x00\x80o\x19\x8a\x90\x05\x83\xdc\x00\x00!\x86-\x00\x84\x85\x04\x80y\x02\x80b\x00\x81\x9d\x19\x8b.\x00\x89\xf7\f\x00f\x80Z\x02\x00e\x82k\x00\x8aB\x00\x00N\x80d\x01\x80\xef\x04\x81\x04\x01\xad?\x00\x02Pre\x81p\x06\x85\xb1\x00\x84X\x02\x80y\x06\x9c8\x00\x81\xb5\x01\x83o\x06\x82\xb0\x03\x83v\x00\x03.bod\x81-\b\x03rt+1\x86\x10\x00\x02End\x97M\x00\x8f\x19\x05\x86\xea\r\x81k\x00\x8f\x12\x04\x82\x1b\x00\x89~\r\x88\x86\x02\x8dK\x00\x81\xcd\x01\x80g\x00\x8b\xb5\x00\x8c\xea\x00\x06Epilogu\x80\xc1\x00\x83\xa5\x00\x8c\xa6\x00\x81@\x00\x01} \x80\xd8\x02\x80\xf8\a\x97\x90\x00\x82]\x00\x02Mov\x85\xc4\x01\x84\b\a\x81\x15\x01\x800\x02\x8a|\t\x8b\xad\n\x81;\x04\x87q\t\x05eave(a\x89\x13\x00\x80e\x00\x82\x11\x00\x80\x86\x00\x82I\x03\x87\"\n\x06lignTo8\x80\t\x03\x86\xa2\x03\x83X\x02\x83(\x00\x06> 65528\x82\x9e\x00\x83\x12\x00\x80l\n\x81\x12\x00\x82L\x00\x83\x83\x03\x00[\x87\x9c\x03\x02+1]\x80!\x00\x81-\x1b\x00(\x83.\x00\x03& 25\x81\x92\v\x8f*\x00\x002\x86*\x00\x84+\x00\x00/\x80+\x00\x016)\x862\x00\x88\n\x05\x86\x11\b\x8e\r\x05\x8a\x14\b\x8e\xfe\x04\x85\x13\b\x91\x05\x05\x88\x15\b\x8f\xf9\x04\x87\x12\b\x90\xf8\x04\x8c\x12\b\x94\x06\x05\x90\x15\b\x81*\x00\x8c\xe9\a\x83)\x00\x8c\x13\b\x86(\x00\x89\xce\x02\x87)\x00\x8a\xfd\a\x90\xe5\a\x8a+\x00\x89\xfc\a\x89\xeb\a\x88%\x00\x84\xfb\a\x8d\xe6\a\x83\"\x00\x8b\x0e\b\x82\xc9\x05\x8f\xf9\a\x82*\x00\x8f\x11\b\x8d\b\x06\x89\a\b\x8d\x13\x06\x89\x06\b\x8e\xe1\x06\x8a\x06\b\x82\x04\x02\x8d=\x03\x83\n\x02\x8e\xf5\a\x84\x84\x03\x81<\x03\x8e\xff\n\x03Stor\x80\x8b\x02\x80{\x02\x03Word\x91\xfb\n\x02reg\x83\xaf\v\x00o\x83X\x01\x92\xc5\x0e\x82^\x06\x02g =\x80\xd6\x06\x87\xc3\x03\x8c\xf5\x05\x83@\x00\x92\xed\x05\x84\xa3\x00\x85\xc7\x04\x84K\x00\x001\xa2K\x00\x0148\x8c\xf7\x0e\x93M\x00\x002\x8cM\x00\x80\xf7\x00\x01Se\x80\x0f\x03\x00d\x89\xe0\x1e\x83X\x00\x96D\x00\x003\xa8\x91\x00\x004\x82\xde\x00\x008\x97\xde\x00\x004\x8f\x91\x00\x8d\xb1\x1f\x9c\x8f\x00\x005\xa6k\x01\x88B\x10\x89K\x00\x91\a \x03858b\x92N\b\x028+(\x80x\x00\x04-6)*4\x8a\\\x10\x98\xb8\x00\x8dm\x02\x81\xea\b\x04ovRax\x82\xb0\x05\x84k\x02\x80\x15\x00\x04, imm\x86Y\x02\x80\xe1\x00\x81\x0f\x00\x8eL\x02\x8a\xad \x02031\x91\x18\x01\x83*\x00\x80_\x00\x05Fits8S\x80\xd6\x05\x02ed(\x80N\x00\x853\a\x87J\x00\x84\"\t\x006\x80\x06\x00\x81 \x00\x89T\x06\x01op\x85u\x0f\x84>\x06\x89d\x00\x81\x9b\x00\x80w\x10\n-2147483647\x81\x81\x10\x81\x16\x00\x80\x80\x10\x88\x15\x00\x8dp\x00\x008\x83p\x00\x00b\x81\x8c\t\x90^\x01\x86\x84\x00\x92\x9d\x01\x89=\x00\x94<\x00\x99l\x01\x0164\x97n\x01\x93J\a\x99S\x00\x04egPCR\x81%\b\x89S\x00\x89&\x04\x83\t\x00\x00k\x80J\t\x8ef\x00\x88\xcd\x00\x00e\x93\xcd\x00\x81\xc4\a\x90.\x00\x0258|\x80c\x00\x8c\x1c\x00\x84\xc4\x01\x008\x80\x1e\t\x81\x13\x02\x84\"\x00\x00a\x82\xf8\r\x9d\x1c\v\x88\x16\x00\x80\xc9\n\x02Abs\x80\xd3\x00\x01oc\x81\x1b\x00\x00a\x83\xc6\x00\x83\xc2\x00\x96\x06\x01\x00d\xbf\xc5\x02\x01d2\xda\xc5\x02\x86\xdf\x04\x98\xc7\x02\x86\x1c\n\x93\xc1\x02\x92\x85\x02\x82N\x00\x97\xc3\x02\x86i\x00\x88\xed\t\x88e\x00\x8c<\x03\xc3f\x00\x93.\x03\x81C\x00\xab.\x03\x01di\x801\x03\x89\xd5\x01\x8e\xbd\x02\x86\x81\x04\x003\x81.%\x96u\x03\x80\x1f\x02\xa2G\x00\x01d0\x98G\x00\x00s\xa7\x8e\x00\x001\x98G\x00\x008\xc2\xd4\x00\x009\xbeF\x00\x80g\x03\x80\x17\x01\x01Rc\xa4G\x00\x01a0\x80\x1d\x03\x90G\x00\x02Sys\x80\xeb\n\x8a\x7f\x04\x96E\x00\x0280c\x93\xc2\x03\x80\x1f\x03\x80\xed\x01\x9aD\x00\x85y\x04\x80\x0e\a\x91\x86\x00\x86n\a\x89\x02\x04\x87#\t\x80,'\x00a\x81\xe6\f\x82\x00(\x03isp8\x87\v\x00\x0132\x89&\x04\x82'\x00\x80\xa5\r\x80\xe0\x1f\x934\x06\x81!\x00\x01>>\x81-\x05\x88M\x03\x92&\x00\x83\xda\f\x80T\x00\x84\x87\x00\x82\xe0\x03\x80\x9d\x06\x84\x0f\x00\x80\xdf\x03\x001\x84\xc4\f\x8e?\x00\x82\xa3\x00\x8d\x9a\x06\x82\x1a\x00\x00-\x92\x85\b\x92A\x00\x0132\x92q\x03\x86B\x00\x96\x14\x02\x9dJ\x05\xa9\x13\x05\x003\x84\xfa\x01\x003\x82E\x02\x002\x9dZ\a\x86o\x02\x0128\x81\x8c\x05\xa8/\x04\x02emD\x80\xf4\x00\x8b\xb8\x00\x81\x06\x01\x84\a\a\x84\b\x00\x9a\xfc\x01\x80%\x00\x99\xfa\x01\x01op\x9f\xf8\x01\x01op\x86\xf6\x01\x94&\x01\x81w\x00\x94:\x06\x82\x9d\x00\x83\a\x00\xb8\xe0\x01\x83?\x00\x90#\x01\x01Jc\x83\xc6\x12\x8c$\x03\x84\x1a\x01\x8b\x13\x1b\x90\xd6\x06\x000\x80\x83\a\x82\xdf\x00\xb1\xd1\a\x8a\xce\a\x94\xa9\x1a\x81%\x10\x80\x96\x19\x01Qw\x80\xfa\f\x81)\t\x81\xe1\x11\x80\x9f\x04\x80\xf0\x00\x98\x17\x04\x002\x80L\t\x821\x02\x02804\x81*\v\xa4U\x00\x97,\x02\x95y\x04\x82\x87\v\xad\xd7\x01\x84\xfe\x02\x0144\x82B\x00\x9e\xdb\x01\x85\xfe\x02\x02088\x89\xd5\v\xa0\xdc\x01\x81\xe4\x00\x80\xdf\x00\x80\x06\x03\x80\xc0\x03\x9c\xdd\x00\x80\xc5\x00\x82\x10\x00\x9a\r\t\x0102\x82\xf1\x00\x91\xaa\x00\x86k\x03\x83X\x00\x83\x1d\x01\x84f\r\x80\xe1\x03\x80\x0e\x00\x80\x99\x02\xa1\xa4\x00\x81\xba\x1b\x95\xb1\x03\x00s\x80\x1c\x00\x89\xb2\x00\x82\x10\x00\x8e\x85\x0e\x89\xb2\x00\x03b60f\x8a\xe1\x14\x85p\t\x89\xad\x00\x8fz\t\x85Y\x00\x8b\x91\x0e\x8aY\x00\x00f\xafY\x00\x85,\x00\x88g\x1c\x80\xf8\x00\x94:\x00\x94,\x01\x81\xcd.\x88\xb3\x02\x9a\a\x03\x86b\x16\x80\a\x03\x83\t\x01\x97\x81\x01\x85Q\x00\x8f\x7f\x01\xa3u\x01\x85\x9c\x00\x85\xa3\f\x81O\x00\x85\x9b.\x91\xdc\n\x97b\x01\x85\xb6\x00\x004\x81\xb6\x00\x86f\x01\x91<\x00\x8b\x9e\x0f\x89\xf9\x03\x008\x84\xf9\x03\x96\x7f\x01\x82\xfb\x03\x91\xac\x00\x80\xd9\x03\x94L\b\x80D\x0f\x86\xa9\x02\xa7\x82\x04\x00a\x80\x89\x00\x93k\t\x8bR\x00ğ\x03\x81\x1e0\xa5\x9f\x03\x85\x05\x11\x99\x9f\x03\x8f\xa5\x00à\x03\x85@\x05\x8a\xd0\bƝ\x03\x038966\xb5\x9d\x03\x89-\x11\xaa\x9e\x03\x05Normal\x80\x9c\x00\x80/\x01\x03ForK\x80\x99\x0e\x8b(\x01\x8am\x0f\x80\xc8\x00\x82\x10\x00\x80\xc8\x00\x82\"\x00\x81\x8d\x19\x81@\x03\x96\xd3\x02\x01c0\x87\xcc\x04\x89\x0e\x01\x8eF\x00\x80\xd3\x19\x8fA\n\x88F\x00\x00e\xa5F\x00\x001\x83\xaa!\x90\xb7\x01\x009\x84\xb7\x01\x9aB\x00\x00U\x80\xeb\x00\x90C\x00\x88\x8a\x00\x007\x82\x8a\x00\x00}\x91M\x01\x02Inc\x83s\x02\xa2C\f\x0202f\x93\xdd\x04\x01De\xaaG\x00\x00a\x94G\x00\x00B\x80I \x01No\x80\xb2\x15\x9cp\x05\x89\xd7\n\x00f\x80g\x1b\x93\x1d\r\x02Cmp\x83\xf3\x11\x8aC\x04\xb1`\x13\x008\x8dK\x15\x97\x8e\x00\x80\xeb\x03\x95&\v\x81\x8a\t\x80\x0e\x0f\xa5\xf4\r\x008\x95\xf4\r\x01ub\xaaG\x00\x002\x94\x17\x05\x01hl\x80D\x00\x9an\f\x90\xe6\x00\x00c\x82_\x12\x00e\x80\x06\x00\x95\xe6\x00\x81X\x00\x9c\xd5\x14\x97X\x00\x80\xcc\x01\x96X\x00\x81\x0f\x1c\xb4X\x00\x99\x96\x01\x01Sh\xb7X\x00\x00e\x98X\x00\x03DivL\x80\x96#\x80d\x01\x00R\x81\x97#\x8c\xd4\x02\x82\xa6#\x829#\x9c<\x10\x94\xd5\x01\x8e\x1b\x00\x852\x04\x953\x00\x03fbf7\x86-&\x97\x86\x13\x82\x83\x11\x93+\x04\x81O\x03\x80\xcd\x00\x02axS\x81:\x1c\x8a\xba\b\x03etcc\x93\xbe\f\x84\x85\x04\x040fc13\x8d\x9b\x00\x82K\x01\x82<\x00\x83f\x03\x82\xa7\x00\x95\xf2\x00\x80\x96\x05\x94\xb0$\x01wi\x80<\x1c\x80y\x1b\x81\xbb \x80\xf9\x0f\x00T\x80\xd2%\x91\xbb\x19\x04value\x84\x0f\x1b\x84j'\x00n\x89\x0f\x00\x01ep\x844\x00\x03Expr\x80\x05\x1a\x00s\x80D%\x01id\x82\xe2$\x80\xad\x01\x81\xa0\x1c\x83v\x1b\x97\xf2$\x8b\x1e,\x83x%\x83\x98\x00\x04Equal\x86x%\x8c\xeb\x1e\x83#\x00\x00V\x81\x9f\x00\x80O\x16\x82\xda\x1d\x00e\x809\b\x80|\x00\x94\xdc\x1e\x85 \x01\x81t9\x867\a\x01To\x8a\x06\n\x89$\x00\x84e\a\x01To\x8b\x05\x15\x90&\v\x86\xb5\x18\x88-\x01\x95M\x00\x81~&\x81'\x1b\x000\x9eM\x00\x86i\x01\x88(\x00\x80F\x13\x03Arg1\x82\x16\x03\x89b\x00\x90S)\x87\x1d\x00\x00m\x85\x8c\x18\x83\xd4\x05\x8b\xe8\x0e\x80z(\x86:\x00\x87\xaf\x01\x82!\x00\x97\xf2\x1b\x82b(\x82M\x05\x01Op\x915\x02\x02tok\x98\xf1\x01\x00p\x83Z$\x81\xbb&\x82\xd4\x01\x81.\x00\x00<\x80I\x06\x01||\x82\v\x00\x80s\x12\x83\xa5\a\x01ok\x82\x8d\x1e\x00(\x86\xa4\x0e\x8c\xd1\x01\x80\xf6\x1c\x00r\x82\xd7\x0f\x85/\x00\x82\xe8 \x00(\x80\x05\x02\x80G\x00\x80\xc2\x00\x80\x98#\x89\x1e\x00\x80\xf6 \x87\x1c\x00\x81\xa8\t\x82?\x00\x80n\x00\x81(\x00\x92a\x00\x01c0\x81@\x00\x01p.\x805;\x00[\x82.\x00\x80S'\x01c1\x81\x14\x00\x82n\x1f\x81G\x01\x85H\x00\x01+1\x80\xc3\x00\x85I\x00\x80$\x00\x8a7\x00\x80\xcc\x1f\x85\x87\b\x80S\x00\x805\a\x02'+'\x8aL\x04\x80\xe3\x06\x85!\x02\x90\x94\f\x83\x84\x01\x8bA\x00\x00-\x8bA\x00\x8b\xc9\x15\x81\xbb\x06\x94\x1c\x00\x83\x02\x05\x98Y\x00\x00*\x8fY\x00\x86\x13\t\x011a\x8a\xf0\f\x91?\x00\x00/\x8b?\x00\x84\xce\x05\x85\xd6\x00\x82\xd3\x05\x86\x19\x1b\x80\x90\"\x81k\x01\x9bQ\x00\x00%\xaaQ\x00\x87\xdc!\x95P\x00\x00&\x83P\x00\x81\x11\x00\x80\xa6\x01\x80\x11\x00\x00^\x83\x11\x00\x94\xd8\x05\x82\xfe\x05\x95L\x01\x002\x82{\x19\x88[\x13\x9b(\x00\x9a\x98\x00\x00|\x98\xd1\x01\x0180\x9c\xb5\x01\x84\xc4\x00\x93=\x00\x89!\x1a\x91=\x00\x00<\x8d\x12\x01\x84\x11\x00\x93O\x00\x00a\x83A\x02\x94z\x02\x98\x1d\x00\x84$\a\x93\x1d\x00\x03e0d3\x88L\x01\x87\x8c\x00\x00=\x8c\x8c\x00\x80\xcd\x04\x85\xfc\x01\x850\x05\x81W\a\x82\xc4\a\x82\xfa\x01\x91\x8e\x01\x995\x00\x00c\x9f\x9b\x01\x00>\x8d!\x01\x84\x11\x00\xe9!\x01\x01f8\xc0!\x01\x82\xbc\x1f\xad!\x01\x82\xf1\x03\x9b!\x01\x80\x84\x00\x80#\x18\x8b\x91\x00\xa1[\x00\x810\x14\x98W\x00\x00!\xb4W\x00\x88v\f\x87W\x00\x8a\xdd\x05\x91\xd0\x06\x84\xe7-\x02Jum\x92\xd3\x06\x91\xe8\b\x00e\x88\x13\x00\x88\x8d\x16\x02, j\x80E\x00\x02IfT\x80|\x00\x84\xac\n\x85\b\a\x8d\xfb\x06\x01e.\x88\xfd\x06\x83\r\x00\xc0\xff\x06\x82I\x00\x96\x01\a\x85\x1e\x00\xf5\x03\a\x83\xc3\t\x01Is\x83q\x01\x01is\x80\xf9'\x00h\x80P\x01\x00(\x81\xca\n\x01c1\x94\xed\x00\x81\xaa/\x83;/\x80{\x00\x01e.\x81\x0f\x00\x80\xd4\x01\x81\xfe\x05\x88\x16\x00\x82\x10\x00\x02\n\tu\x80\x9b*\x02Flo\x83\xf3\x17\x82m\x00\x83\x840\x81\xb3*\x82\x18\x00\x85,\n\x82\x06\x18\x82L0\x81\x9e\b\x03ep.e\x80\xc9\x01\x01s[\x87W\x00\x80\xb4\x00\x82\r\x00\x80\xe0&\x80i2\x86\xa3\n\x80\xe7\t\x82\x12\x00\x81\xf8\x01\x85L\x00\x875\x00\x84\xa9\n\x87\x86\x00\x80\xc5\x02\x87F\x00\x00.\x80\xe3\x01\x81\x11\x00\x84\xc8\x02\x8c\x92\x17\x88(\x00\x82L\n\x83\x0e\x01\x8a\xf8\n\x80\xfa\x10\x89x\x00\x86\x19\x01\x96-)\x95\t\n\x8a=2\x89t\x00\x853\x00\x8c\x16\x03\x80\xeb\t\x853\x00\x83\xab\x01\x84\xf3\x02\x89\xef\x02\xa2\xd3\a\x80\xcb\x03\x80\xee\x02\x87\xe5\x03\x81\xb8\x00\x81\xc7\x00\x81\x96\x11\x86e\x01\x80/+\x00e\x83h\x03\x00d\x81\xef\x00\x81\x1c\x00\x8f\xf3\x00\x81g\x00\x81\xbe\x00\xa5:\x00\x8a\xa5\x01\x82t\x00\x80\xd8'\x02olv\x83M/\x82>\x00\x84\x11\x00\x836\x00\x84\xd3,\x85\x9d\x00\x815\x00\x80\xc7\x00\x898\x00\x00.\x8eX\x12\x04Array\x81\xe1\x00\x9b'\x00\x84\x05)\x95\xb4\x01\x89k-\x01Is\x83\xec\f\x8f\x90\x00\x81g\x00\x97'\x00\x86\x1b\x01\x97\x1b\x02\x81g\x00\x81&\x00\x8b\xa0\x00\x817\x01\x83L\x00\xb09\x00\x00I\x80\x13.\x84\xd8\x00\x82a*\x86\xa0\x03\x82\"\x00\x00F\x80/\x00\x84\xed/\x80\x17\x00\x81\x98\x01\x83G\x00\x00n\x80\xb8*\x82\xc0\x04\x89\x11\x00\x81\xa8,\x81H\x00\x81t\x01\x87K\x00\x86s\"\x9c&\x01\x85\xf7*\x00[\x87<\x00\x03].ty\x84O\x05\x8f\xd7\x00\x83\xd9\x00\x82\x05\x00\x83\x10\"\x86w\x03\x8b\"\x06\x00O\x80\x8f\x0e\x00a\x80K\x05\x8eT\x02\x01, \x86\xf4\x03\x9c\x83\x0e\x03Push\x8b\xf05\x89\xde\x0e\x9ao\x00\x86\xfd\x02\xa8n\x00\x00o\x86,\a\x8f.;\x84e\b\x85\xda\x03\x81\xa4\b\x82r\x10\x8e \n\x81\x0e\x00\x81\xfb\b\x89~-\x8b!\t\x83\"\x00\x00<\x81\"\x00\x84`\x00\xbaB\x04\x9d\x81\x0e\x8d \x01\xa3\xb4\a\x86\x9c\x10\x80>\x01\x83\x9f\x05\x8b\xa2\a\x80\xd6\x00\x86\x1a\x00\x88V\x01\x87w\x10\x82\xe85\x81Q\x00\x85E\x17\x87y\x10\x88\xb90\x82A\x00\x006\x81\xe1\b\x87|\b\x95\xc3\x05\x81\xb3\x10\x93\xa4\x11\x8d\xe3\x10\xaa\xe3\x00\x87\xd4\x00\x81\x10\x03\x83y\b\x81\n\x00\x8c\x8e\x0f\x829\x05\x87\xfd\x06\x80=\x00\x80\xf6\x06\x82\x9b\b\x99\x14\x04\x02msg\x86\xd4\x03\x80\xc6\x16\x80R\x1f\x83\x1d\x00\x80g\b\x80d\x1f\x83\xe2\b\x87k\b\x81/\x00\x80\xcc\x10\x87,/\x00d\x80\xa4,\x81/\x00\x03Data\x81\a\x01\x80 \x00\x84'\x00\x01Le\x82\xdb6\x81\xaa\x1f\x84\x15\x00\x86\xc7\x02\x831\x03\x813\x00\x80@\x00\x00r\x82\xb1\x10\x82W\x00\x92K\x19\x85|:\x82R\x00\x94\x90\x06\x91\xe3\x00\x02lic\x85\xe5\x18\x8c\xf9\x01\x82\xb1\x00\x82 \x00\x92u\x12\x98U\x00\x87\x13\x05\xa2\x12\x05\x00e\x89\x0e\x05\x83\r\x00\x84\n\x05\x95\t\x05\x86;\x04\x8a\t\x05\xa3\a\x05\x8d\x06\x05\x82\x05\x05\x99\x98\x12\x92Q\x00\x87\xe2#\x8a<\x00\x8f\x1f-\x98>\x00\x00-\x82\xb7\x19\x8b\xa9\x01\x82\x8f\x00\x00g\x82\xde5\x87\x907\x868\x01\x83\xf75\x83\x19\x00\x9b:\x01\x83C\x00\x8a(\b\x87A\x00\x86#\b\x99y\x01\x8a\x85\x00\x85\x17%\x96u\x01\x86X\x00\x86|\a\x8eQ\x01\x02Bss\x82\x11\x01\x88X\x00\x8a@\x01\x89%\x06\x8b\xca(\x9bE\x00\x00+\x85G\x01\x9e\xcb\x14\x88l\x00\x8c\xb0,\x90\x85\x01\x809\x00\x01st\x80\xdf\x03\x8a@\x01\x827\n\x8a\xfa\x03\x9cF\x01\x86F\x00\x87\xbd\x02\xa3K\x04\x859\x00\x82\x9e\x00\xa4O\x04\x93P\x04\xa3Q\x04\xa0R\x04\x90%\x01\x91Q5\x91\x11\x04\x82\xc0\x03\xad\xf8\n\x83\xf7\f\x81z\x00\x87\x06\x03\x89\xaf\n\x92\xad\n\x84\xa2\t\x00!\x89{\n\x86\xe4\x04\x91\xda\t\x03elem\x98_\x00\x01t.\x81!\x00\x84]\x00\x81\v\x00\x90`\x00\x9e;\n\x96\xce\f\x84\xc4\r\x9f\xcc\f\x8e\x1d\x03\x8b\x1c\x18\x81\xe2\x00\x80\xa7P\x80\xa9\x01\x8c=\x01\x9fY\x00\x88-\t\x8a\xf95\x80\xa1\x1b\x85\x19\x00\x84\n\x02\x84\xbf\x10\x9fg\x03\x89\xb8\x03\x96\xda!\x85\xc1\x1f\x8a\x816\x81\xda\x02\x86\xab\x18\x92\x97\x00\x88:!\x82/!\x85\xd6$\x005\x827!\x009\x81o'\xa5\xfb\x06\x80\xce\x01\x00c\x80^ \x82#\x01\x82\n\x0e\xa5\x99\x02\x83\xff\x06\x9a\x86\x06\x86P\x00\x9a\x8c\f\x88\xc2\x01\x84\x8d\x00\x81\x99\x03\x80\v5\x87Q\x01\x8d\xe7\x19\x99\xcc\x01\x9c\xc9$\x8aj\x01\x8eQ\x02\xa4E\x00\x8a\"\"\xa1\x05\x02\x93\x1b2\x9d\x9d\x01\x81\xe2\x19\x83e\v\x80\t\x00Ș\x01\x85O\x00\xa4\x97\x01\x80C\x11\x86@A\xa0\x87\x01\xac\x83\x13\x83\x14\x0f\x83t6\x83\x16\x04\xd1\xf1\n\x81\xcc\a\x8b\x8a8\x80\xd6,\x8a\xcbH\x87\xbf\x05\x92\x1d\v\x87\xdb<\x87d\x00\x84\x84A\x8a\xff8\x00]\x88\x05=\x80\xaf\x13\x81\x17$\x86\x8e\x13\x81'\x05\x81\xaa$\x84\xaa\x0f\x87-=\x8b\x14\x1c\x91@\t\x89\xbb\x00\x83\xa9\r\xe7s\n\x84\xaa\x14\x91\xc4\x00\x97h\n\x80\x1c\x06\x82\xfd\x00\x9a\xaf\x03\x83\xd2\r\x80\x9a\x1d\x81\xe9\x00\x01To\x89k\x03\x81\xa1\x00\x987\n\x80\xc9\x03\x83\xdb%\xa7N\x03\xbd\x80\a\x00s\x81`\x06\x8a7\x00\x9b\x88\a\x81(\a\x9c/\x00\x86S\x00\x89`\a\x87\x15\x00\x94\xc5\a\x816\x16\x84\\\x00\x92\x88\a\x81\xde\x02\x94\xb0\x01\x8cq\x00\x9e\xa6\x01\xff\xb7\a\xb2\xb7\a\x01Mu\x8d\xb7\a\x87+\x02\xa7\xb5\x05\x9f\x88\a\x92\xecX\x8e\xad\x03\x01\tf\x80`\a\x83\x99\x16\x010;\x81\t\x00\x00<\x82\x8f\x00\x82\v\x00\x02+= \x83\x19'\xa5{\x06\x80\xf9\x11\x81.\x00\x80C\x01\x80>\x00\x86\x8b%\x93@\x1a\x000\x85z\x1a\x89\xff\x19\x91E\b\x81\xec.\x88})\x82\xb0#\x82\xd70\x86\x1a\x13\xa5\xb2\x06\x80\x9f\x11\x01os\x80\x12=\x8a\xb8\x19\x90m?\xaa\x13\x01\x9d\xff(\x83\x14\x01\x81\xa6\x00\x81W\x00\x00i\x84V\x00\x00i\x81\x9a\x18\x02.ar\x80\xa5C\x80R\x19\x80\x10\x00\x01++\x83W\x00\x03fiel\x82\xfc\x15\x80\xe3\x05\x82\f\x00\x02s[e\x80\t\x00\x02rst\x80g!\x01+i\x80\xed\x05\x84$\x00\x8bA\x05\x86\xdc\x00\x83\xd9\x01\x00F\x86\"\x00\x82\xd1\x14\x86\xcd\x05\x02, &\x82=\x00\x80\xa2\x06\x85\xaa\x01\x88M\x00\x81L\x05\x98\x83\x0f\x82*\x00\x89\x84F\x83g\x06\x83\xa5\x00\x87G\x00\x85\x06\x05\x863\x00\x8d\x98\x06\x8f1\x00\x80\x95\x05\x89\x8e\x00\x821\x00\x82?\x02\x80*\x04\x87\x8d\x03\x86\xe4\x00\x82\xde\x00\x82\x92\x05\x85\x95\x03\x827\x00\x82\x13\a\x84\f\x00\x83\xed\x00\x8d\x92C\x88\xc2\x00\x99m\x10\xa8S\x02\x85\x05\t\x81NC\x82\x03\x15\x81M\v\x86\xc6H\x82(\x00\x84>C\x83\x84\x00\x8c\xab\b\x8ci\a\x82\x02\x01\x83J\x00\x87\x8d\x01\xa3O\n\x98\xe2\x03\x9bQ\n\x82Z\x01\x81\x03$\x02ith\x81\a$\x83\xe3\x1b\x84!D\x8b\xd3\x00\xb2\xc6\x1c\x82xD\x80\x96\x0f\x00v\x80d@\x81SC\x94uN\xa2F\t\x97\x1a\x14\x85J\x03\x815\x06\x85=-\x8d9\x1c\x80z\x00\x01ee\x81_\x00\x8bF\x00\x83\xd1\x05\x83I\x00\x87$\x00\x8b\xbd\x06\x8b\xc1\b\x8e[\x00\x81\x9e\b\x86\xe7\x02\x86\xd1\b\x83\xa2,\x86\xfbD\x88\\\x00\x88\xdb\b\x8c\x16\x00\x83\xe4\b\x80\x15\x02\x9f\x04\x1a\x86u\x00\x83s\t\x854\x00\x92\xd9\x19\x85\xfe\x0e\x93C\x14\x8e>\x14\x80\x1c\x01\x80Q\x01\x89z\x04\x81\xa7G\x82\xee\x01\x83e\x00\x81g\x16\x83\x9d\x00\x88u\x00\x8b\x8fG\x81#\x00\x80\xdb\v\x82\x9d\x16\x80\x9d\a\x80g?\x87;\x00\x9fE\x1c\x91\x82\x00\x9e\x0f\x03\x86Q.\x84\xe6\x02\x85\x10\x17\x86X\x1c\x89\x83\x00\xb1\xcc\x02\x90(\x03\x93VM\x84RM\x89\x0f\x04\x95bB\x87\"\x00\x87\xbfT\x86B\b\x8b\x9c'\x83\x87\x04\x891\x00\x96(0\x005\x8789\x890\x00\x8b\x020\x8eO=\x8f1\x00\x8b\x1dB\x8d\xd4\b\x8f0\x00\x8bb2\x8cZ\x0e\x8f/\x00\x8b\xedA\x89\xc0\x00\x83\xe9.\x87\x13\t\x89P(\x8eLJ\x84HJ\x8c]\x00\x83K/\x81\x00,\x80r\x01\x00(\x87\x1a\x00\x01- \x80\x8bF\x02* 4\x83\x83\x02\x85b\x00\x95\x879\x8a\x9e\x00\x8b\x889\x80\x906\x84\x889\x9er%\x004\x84\xb2\b\x8aM\x00\x89\xfb=\x82\xe1\x1b\x91t\x02\x86\x19\x03\xb44\x05\x8a\xe1!\xa2h\x19\x00(\x90\xe9\x06\x00U\x81\xaf \x83\x13\"\x8e\x1c\x00\x83\xcc \x94\x1d\x00\x81\xb9\x01\x80\xf9G\x84\x99\x16\x83\x12\x00\x01nF\x83\xa2G\x81\xe0+\x8e$+\x89\xca\x0e\xa4O\x10\x835\x00\x9a-\x05\x8eg\a\x83\x11\x00\x8f\xa3\f\x82S2\x82\xaf\x00\x93 \x00\x82-2\x9b \x00\x80\xc41\x9b!\x00\x800;\x98!\x00\x84\a2\x9c\"\x00\x80D\x00\x82n\x02\x82\x86\x16\x83\fH\x9b\x0f\"\x84,\x01\x86\xf3\x16\x834\x00\x81\xfd!\x8bz\v\x8b\x10\v\x89+\x00\x86\x8c!"
const compilerSourceData13Chunk1 = "\x8dh\x16\x8b\xa2\x1e\x92\xde\x0e\x859\a\x8e\xb8\b\x80\x1b\x00\x83W\x17\x80m\x00\x88\v$\xa4\x80\t\x87\x16\x1d\x82\x9d\x00\x87t\t\x81/\x02\x82\x1d\x00\x82]\x00\x81\x86\x06\x80\xd4\x03\x8b`\x00\x91\xef\x00\x88o\"\xa2\xb6\x0f\xd7\xd4\x10\x9f\xdd\x01\x01By\x81[\t\x9bX\x00\x82d\a\x92\xef\x01\xc0\xc2\x1a\x8f\x85\x1a\x87A\f\x85\x11\v\x8a[\x00\x00M\x81\x89O\x86\x90T\x84\x9a\x03\x99`\x00\x92\x10\v\x91(!\x83\xa1\f\x95\xd6\x01\x83\x81\x00\x84y\x00\x82\xed\b\x01Ta\x80\x96!\x86\xab\a\x81\xc9Q\x90\xd6\x02\x84U\x00\x90\xb5\x02\x95)\x1b\x91\x18\x03\xaaY\x03\x91\xc0\x19\x99\xeb\v\x9a\xf8\x1c\xa4\xc3\f\x80\xeb&\x95B\x03\x81\x1c\x00\x83\x9e\x03\xce;\x03\x81\"6\x90w\x00\x81\x17\x00\x82r\x00\x82\xa7\x01\xcfw\x00\x86\xb1\r\x85\xfa\a\x82\xc7\x03\x00s\x82\xc9\x03\x82w]\x82|\n\x85\xe6\x11\x80~]\x82%\x00\x83\xc2W\x00\"\x8b\x82\n\x86\xbb\n\x84\xdaX\x80,\"\x80\x8aj\x00o\x80\x9c\x05\x81\x1d2\x87\xd0'\x8a>%\xa2o\x00\x01_r\x83R\x00\x05_Unsaf\x82\x93\x06\x01At\x9c~\x00\x83+\x00\x87k\x04\x81U\x00\x82P7\xbf\x80\x00\x82\xb2\x06\xb4\x81\x00\x82\x92\x1a\xc0\x81\x00\xb4\x7f\x00\x97\xe8Z\xae\x94\x00\x80\xdf\x01\x01nc\x82\x1am\x80\x8a\x00\x85\xc2\x14\xa7:\x00\x83\xe6S\xb2;\x00\x81\xf3\a\xb3:\x00\x82)\x11\x81;\x00\x9c\xb8\x02\x02nca\x80:\x12\x81\xec\x14\x8e\xb9\x02\x83\xa0\x0e\x87~\x06\x85\xf6\x06\x00C\x80\x16\x1f\x8bz\x00\x85P\x1f\x831\x00\x85u\x03\x82-\x00\x84\xdeF\xab\xc2\x00\x86\x05\x02\x84>\x00\x95\xc7\x00\x05Arbitr\x81\x18\x05\x84DG\x8b\xf1\b\x89\xe9\x01\x8a\x04\x06\x81\v\x04\x00e\x84&\n\x8b\xdb\x15\x80l\t\x87U\x18\x814\x00\x81*U\x02Fro\x82\x86\f\x8d-\x00\x877 \x8d\x99\x00\x91\x9b\x1a\x87\x91\x00\x88\xb4\x10\x82\xf1=\x89#\v\x99\x1c\x01\x81\xc1\x02\x01of\x87\r\x01\x96\xf1\x06\x86^\x17\x87\x04\v\x9bN\v\x91t\x0f\x83\x1b\a\x8f\x97\x06\x94\xe9\x01\x82!R\x93\x0e\x01\x03Buil\x80nR\x82\"\x00\x93\x12\x01\x91Q\x00\x80\xe3^\x9aO\x00\x80 \x00\xa3_\x01\x85P\t\x84\x87\x12\x8ab\f\x87\x9e\x12\x82)'\x80\xe9\x01\x8bK\x18\x85\xde\x02\x88@\x00\x9am\f\x8bg\x00\x85\x88\t\x92\x1a\x11\x83\xe7\x06\x871\x00\x82\xb2\x06\x8c\x9c\x14\x86\xf4\x00\x96\xea'\x90\xba\x01\x89\x86\x00\x83U\x00\x88\xa9\v\x94\x80\x02\x00(\x91\x82\x01\x80\xafV\x82\x1d-\x90\x1b\x00\x81v\"\x85Y\x01\x89\xf2\x14\x82q,\x84\xa1\x01\x86O\x14\x86V\x04\x83\x82\f\x82\xa3\x0f\x8f\"\x18\x8d%\t\x84v\x14\x95r\f\x94\xc9\x00\x95\xc8\x00\x8b\x9b&\x89\xe1\x19\x81\xd2[\x9e{\x12\x93\x17\x17\x91\xf0\x0f\x02585\x85\xf0\x0f\x90:\x03\xa4\xb2\x00\x81)$\x82x\x00\x80.\x00\x8c\xb3\x14\x8f\xa3\x00\x82\x19\x18\x81y\x19\x01rg\x9b;-\x9c\xde$\x80\x01\x01\x81C\x00\x84t\t\x95\xb1$\x94\xb0\x01\x88\x8a$\x92\v\v\x95\xa0\x00\x88\xa2-\xa3J\r\x81F\x00\x887\f\x85\x0f\x00\x89\x99\f\x8d\x97(\x81\xe0\x02\x87\x85\x0f\x00s\x84\xee\x06\x9e\x9a-\x9a\xd0.\x967\x00\x88\xd2-\xb2\xbf\v\x84y(\x95\x93\f\xa6\xbd\r\x9d(\x01\xa2\x85(\xa0m\x01\x92\x8b(\x8ao\x01\x8c9\x01\x88\x8e(\x8cb\x01\x8b\x98\x01\x87(\x00\x99S\x01\x97t(\x95B\x01\xa6<(\xa0\xfd\x00\x90B(\xa0f\x03\x8a?(\x96h\x03\xa0i\x03\x93\xe2\x00\x9ap\x03\x83\xce\x13\x86.*\x80\xd85\x80\xe9\r\x01Is\x88\xfd\x03\x00,\x81x;\x85s\x01\x99\xa9\x17\x810\x00\x88\x11\x1f\x90\x9c\x0f\x8bF\x0f\x9a\xfd)\xa5h\x1e\x84\xdc\x01\x91c\x04\x80\x90\x00\x87\x805\x8f'\x05\x8d\x8c\a\x8f\xa32\x9c%\t\x85`\x00\x86\x90\x02\x8bO\x06\x93P\x19\x865\x00\xa4%\x01\x81\xaa\x1b\x96\x1c\x01\x8e\x1a+\x95k\x05\x9b\xc7 \xde\xe6\x06\x84\xd3\x06\x85>8\x82\xe4\x05\x80\x1b1\x00n\x88\xef\x06\x80\xe7$\x88\xa1\a\x00h\x85\xd1B\x8e\xf9\b\x00T\x80\xab\x00\x00e\x85\xb0\f\x8a?\x1d\x83I\x00\x9cE\n\x81t\x02\x9aF\n\x81!\x00\x90G\n\xa3\xd1\v\xa0\xd4#\x8fo1\x80\x1a\x00\x8f\x9d\x15\xa3\t)\x81\x15S\xaf!$\x00n\x82\x01\x0f\x02ABI\x8a\xf2%\x81\x818\x83\x1b\x0f\x80\x1a\x00\x86\x04\x03\x85b\x00\x82\f!\x89\xc2\x1f\x96\xf2\n\x9d\x88\x00\x81\xe0\x00\x86N\x00\x81\x95\f\x86N\x00\x83~\x00\x83\xda\n\x81K!\x80\x9b|\x84\xb5\f\x91\xba\x0f\x88\xde\x1f\x86\xd5\n\x82lT\x93\xd2\x1d\x81O\x01\x81\x1f\x00\x98\b\x12\x82?\x00\xa2t7\x89\x16\x01\x85Y\x00\x97N7\x84\t\x12\x92%\x04\xa6J*\x9e)\x04\x98(\x05\x83wL\x82\x8b&\x86v\x01\x86\xb3\x06\x87\x0e\x02\x8cU\a\x95C\x1d\x81\x1bA\x8ez\x01\x87\x8e\x00\x98\x80\x04\x86f\x05\x80\x8e \x8fL\x01\xa8p\"\x82N\x00\x88\xdf\"\x87\xe6\b\x85N\x00\x9d\n\x17\x89Q\x00\x9c\xec\"\x84^V\x88\xd0/\x81a\x00\x8d\x16f\x8d\x13\x02\x8a\t\x06\x84\xee!\x00T\x83Kh\x8b\x92\x03\x89\xb4\x00\x84\xb1\x15\xa1}\x05\x8f\x0e_\x00-\x88\xd4\x00\x82\x9a\x1c\x00d\x84m-\x82:`\x83y>\xba.\x02\x90-\x02\xb3,\x02\x84\xc9\x00\x90)\x06\x93\xa2\x03\x87>\x05\x93?\x05\x00e\x81b1\x85\f\x02\x8d^\x01\x97\b\x02\xee\xd8-\x95Z\x01\x8fY\x01\xb2X\x01\xa7\xac$\x83\xf5\t\x89\xfc\x16\x8a\xf9\t\x82h\x17\x80\xf7\t\x00&\x85\xf7\t\x02inn\x83\xe1t\x91Y\x05\x81D\x00\x82!\x00\xc0\xcd\r\x83H\x00\x88\xb1\x01\x87\x11\x00\x99\xd1\r\x89\xba\x04\x01In\x80\b\x18\x01id\x80\xc6\x14\x82\x9ed\x01ed\x84\x7f\x05\x86{\x03\x87=\x00\x8cX\v\x8b\xc1i\x99\xd3+\x86\\\x03\x004\x82\\\x03\x83KN\x8f\xfe\x04\xad\xa3\r\xa4\xfe\x00\x8fb\r\x8c\xba\x05\x87\v\r\x85;4\x8f\x9f\x1a\x96\xe2\x1a\x90t\x04\x97\xe1\x01\x8a\x8e\b\xacN\x03\x8a>+\x9e\xdf\x06\x8cm\n\x82;2\x96o\x06\x95\x8f\x02\x87H\x04\x93I\x04\x84\xab\x00\x86\x93r\x8e\xf6\x13\x89\xba\x04\x92\x12?\x91G\x03\x86>\r\x9b\xa6,\x89\x0e\x01\x97\xfb\x05\x88\xae\x17\x90@s\xa3\\\r\x80]\x02\x80D\v\x87\xb9%\x803\x00\x84%\x03\x83^\v\x8aP\x14\x87\xfd\x00\x8a%0\x83\xa7\t\x81*\x00\x9a\xa4\t\x87k\x00\xb0\x7f\x06\x85\r-\x93,\x06\xa3K\x01\xad\xad\x01\x00-\x85\xad\x01\x91y\x02\x01d8\x86sI\xb0\x9c\"\xaf\x9d\"\xa1\b\x06\x88\x1a\"\x97,\x01\x97\xf0\x00\x00+\x87\xf0\x00\xff\xd3\x00\xc3\xd3\x00\x00!\x8d\xc3\x01\x84\x83T\x9dE:\x8e\xcc)\x94\xaf\x1e\x83\xe4$\x89>\a\x96\xc3E\x93\xb5\b\x82%\x00\x834\x00\x90\x97#\x8c\xe0\x00\x002\x8b\xdd\x00\x01='\x82\x05\x00\x88,\x13\x8e#\x00\x00!\x85#\x00\x82}\x00\xb3E2\xb3\x80D\x82\x9c\áD\x8e?\x01\x86\xfd-\x84eA\x88\xe5\x1d\x8a\x8d\x00\x88\x19\x18\x94*\x01\x00&\x81*\x01\x81\xe6\b\x97M\x01\x00|\x81#\x00\x00|\x85M\x01\x82\x1c\x02\x86\xa7u\x86\xcb\x02\x85}y\x83Z\x02\x80gH\x9d#\x00\x8a\xbf\x04\x81~B\x02IfF\x81[\x00\x8a\xd1\x10\x87m\x00\xa2\x12\f\x8b\x17\x14\x8bd(\x8aw~\x81j#\x84\xa3\x00\x8ae\x00\x97M\x00\x82\v1\x86\x1c\x00\x92J\x00\x9f\xa9\x03\xf4\xc9\x02\xaa\x84G\x85,4\x84\xa4\x01\x97\x1c\x14\xb4\xe6F\x80\xbb{\x00t\x829T\x87{\x11\x96\xf6\x00\x92\xfc\x02\x84\x14U\x8c\xf9\x02\x86\xeb\f\x84.z\x85f\x00\x8a\a\x03\x82\x1c\x00\x91\xf4.\x82\x19\x00\x81\xca\v\x82\t\x00\x86\x17\b\x85/\x00\x84\xd1-\x84I\x01\x84(\x17\x86\x1d\x00\x80\xb4\x00\xbc\x8f\a\x86s\x02\x90\x7f5\x87\x92\x00\x91D(\x91O\b\x8cE(\x85\xb5\x00\x82Y\x05\x86\x1bF\x93W\x00\x86\xff$\x9e\x00%\x89V\x00\x943\x03\x86\x8d$\x9dv\x00\x86\xfe$\x9e\xff$\xb0v\x00\xa0w\n\x89\x1d7\x92a\x04\x8a\xa4\x01\x8d\xca6\x8a\\\x00\x8c'T\x81\x7fU\x84\xd7\x02\x99\xfe\x01\xe1\xe6+\xafu\b\xae\x110\x8e\xd5\a\xe6\xa5-\x9fz\f\x8b\x98\r\x96; \x84G\x04\x86\xcf\x04\x85(H\xb2\xbb\x03\xa2q\x00\x84\xb0\x04\xb0r\x00\x95S9\x95\x14V\x84\xe3\x0f\x01ar\x8b1\x03\x95\x83@\x97T\x01\x00/\xe4T\x01\x80\xd3A\x92\xab\x00\xffr\x01\x8cr\x01\xb8GW\xbeA\x01\x8e\xb3\v\x95 \x01\xc2\x1f\x01\x97n\x00\x8c\x1c\x01\x8d\xb6\a\x98\x19\x05\x92L\x04\x83h\\\x81\x1a\x0f\x83\x03\x1f\x90K\x04\x80\x17=\x82=\x19\x95L4\x86!\x00\x00<\x84\xf2$\x86\x11\x00\x80\xb7:\x82\xbd\x00\x00o\x83\xc5\t\x96\xa6\n\xa0\xac\x0f\x85\x1c\n\x86v\x10\xa6\xce[\x84}\x00\x80\x1e\x00\x00b\x80u\x13\x81\xbcJ\x84]\x10\x062097152\x86\x18\x00\x84KG\x82\xd9\x00\x01.b\x80G\x12\x80(\x00\x81\x1cx\x88\x0f\x00\x81\x8a;\x88F\x00\x8e\xf3s\x88\b\x13\x87U\x00\x88\x98\x00\x9d\xb7;\x89\xc4\x00\x8b\x93\x03\x88v\x00\x00/\x85`\x01\xa8Y\x00\x001\x81ie\x92V\v\x86\x1f\x01\x930\x8b\x01Ap\x81\xd8\x7f\x81\xd5\x00\x9e/\x8b\x8f^B\x00a\x86=\x00\x81k\x02\x00t\x80\xdf\r\x88\xdc\x02\x89\x1f\x00\x84|z\x80+\x02\x80l\n\x03naAl\x80\f\x15\x8b3\x02\x84\x8e\x00\x86\x1e\x00\x88\x0f_\x91h\x00\x00=\x84\xfd\x03\x8ee\x00\x86r\x7f\x8c\x83\x02\x82ʈ\xa3\xa6\x02\x8d\xe2\f\x87;\x00\x81\xcd\x15\x8cp\x00\x808\x00\x04noGro\x83H\x00\x96\\\x00\x02cap\x80d\x13\x00Z\x80w\x86\x9e(\x00\x00R\x80\xd7{\x84\b\x97\x9d\xaa\x00\x8a\xfa>\x00e\x8f\x8dx\x84X6\x00b\x82`\x16\x006\x83\xe2 \x91<\x00\x89~a\x8d\x90n\x82B\x00\x80\x83a\x88\xe6\x00\x8cF\x00\x85]7\x81\xd0\x12\x91\x18\x00\x89\x9b\x02\x8f\x84 \x89\x1a\x00\x92\xa4`\xab\xca\x00\x83\x8de\x97\xca\x00\x80f\x17\x8c\x8c\x01\x96\x93\x03\x8aT\x03\x8d\x15\x02\x8a\xa9\x01\x99T\x00\x94\xf4^\x92\xac\x03\x8aU\x00\x8c\x1c\x01\x89\x83\x06\x86%\x05\x89\x9b\x15\x9d=\x01\x81$p\x000\x80\uf582C\x01\x81\x0f\\\x8a\xe8\b\x83$\x00\x002\x80}8\x89[\x01\x96\x95\x01\x8c/\"\x86\x91\x00\x89Q9\x8c\xeb\x03\x83;\a\x84\xaf?\x00p\x81\xb1+\x03Enab\x80B5\x825\x04\x809\x00\x03ocOK\x9c\xee\x10\x98\xf3\x01\x9b\xf4\x01\x89_\x00\x8dI\x00\x8e\x7f9\x002\x8a2I\x85\n\x81\x93\xb3\x01\x8cY\x00\x988\b\x96\xd0\x02\x003\x82\xe1d\x002\x8dVp\x85Dm\x82$\x00\x007\x82\xa6p\x81\x9f\x01\x82\x9d\x00\x91\b\x01\x0136\x8e\x01\x04\x8aC\x00\x004\x84g\x00\x8f=\x03\x8b'\x00\x86j\x00\x001\x8e\xc4r\x8fI\x02\x820\x85\x91\x8e\x00\x02a4f\x81\xc9]\x97\xd1\x00\x86\x8e\x00\x8e\xd1\x00\x8a\x1d\x01\x000\x84\x8f\x00\x95\xf6\x04\x8b\x8a\x9d\x988\x01\x8a\xce\x03\x98\xf6\x00\x8e\xddq\x84'\x00\x82\x1d~\x91{\x04\xa1\xaf\x00\xb1\x89\x01\x005\xab\x89\x01\x89c\x02\x9ct\x04\xb7&\x01\x92\xba\x00\x80%l\x96g\x00\x88\x9e\x06\x92\xe0g\x8aw\x03\x896\x01\x85v\x03\x92u\x03\x97\x8c\x06\x98\x0e\a\x883\x02\x8d\x1b\x00\x87'p\x84\xe6\r\xa8I\x01\x94r\x00\xb0\x15\x01\x9a\xf3\x00\x87\x85\b\x87\x15\f\x8fb\t\x99\xe4\t\x008\xb6\xe1\t\x008\x98\xde\t\x008\x87\xdb\t\x8e/\x00\x8d\xa5\t\x83,\x00\xe4\xa2\t\x83m\x00\x8cz\x01\x88}\xa1\x894\x9d\x82<\x9e\x80\x1f\x93\x81\x83\x93\x81K\x93\x004\x848\x9c\x81 \x00\x95#\x93\x9c\x94\x01\x84\x18\x01\x99\x91\x01\x0164\xb6\x92\x01\x0164\x98\x93\x01\x0164\x8f\x94\x01\x871\x00\x8d\x95\x01\x84.\x00\xe4\x96\x01\x84n\x00\xa8\x97\x01\x81\x03\x9c\x81ǜ×\x01\x85\x1c\x01\x93\x98\x01\x90\x8fk\xa8\x9b\x01\x04streq\x92\x98\x01\x82\x1a\x00\x89\x95\x01\x8a+\x00\x87\x92\x01\x87(\x00ޏ\x01\x87k\x00\x82\xc2\f\x83\xe5\x17\x9bY\x00\x00e\x9f#\x00\x02loo\x83\x17\x8b\x9e\x9e\x00\x8f\x16\x1a\x92\xdc\t\x00e\x8a\x17n\x89\xf7\x0f\x8a\xb4\x00\x94?\x00\x01f6\x87\x0e\f\x81?\x00\x87>\x00\x87\xcc\x00\x95F\x02\x86\xcb\x00\x95\xbd\x05\x01b8\x96\xd8\x05\x01a3\x89 \a\xa5\xb6\x00\x840\r\x004\x8d8\t\x85\x18\x00\x8d\x06\b\x85\x18\x00\x89(\x10\x89l\x00\x91\xc2\x00\x8bq\x1b\x91\x8a\x00\x8f\xfc\x1b\x94\x83\a\x93\xc9\x00\xb0\xc5\x06\x88\x1e\x03\x93\xabD\x8f\x98'\xa4\x11\x17\x81:\x00\x00I\x85\t_\x83('\x82\nf\x87\x10\x00\x80\r%\x98\xc2m\x82A\x00\x8f\xe8\x1a\x85X\x00\x804\x17\xa9J\x1c\x86N\x00\x85R\x1c\x9b_Q\x90\x16\x1f\x80g\x04\x9e+Q\x92^\x14\x9a\x99Q\x85i\x00\x8e\x9bQ\x84\xfc\x13\x94n\x00\x83X\x1f\x80w/\x97$\x00\x89\xaf,\x8e\x94\x00\xa6\x89+\x8b\x98\x00\x89\xc9\x01\x87\xc5\x01\x83\xae\x00\x91\x8b+\x93x\x00\x8a\r\x01\x88v\x00\x85\xb0\x01\xa7t\x00\x89\x10\x1b\x83\xa9\x02\x9d\xfb)\x84>\x02\x909N\x93\xac\x00\xa2<!\x86\xd6\x00\x80\x96\x00\x8f\x10/\xa4c%\x8ao\x00\x85\xc0\x1a\x85\xca\x03\xaf\x8e*\x89\xa7\x17\x97\xf8a\x80B2\xc7\xe6\x1a\xee\x03b\x85\xcf\x19\x81!\x10\xa4\xaf]\x8cj\x05\x95\xe9a\xa6yB\x81\x83\x03\xb4\xf7=\x80{\x05\x80\xa0\x00\x84\xf7=\x9f\xe54\x8e3:\x853\x00\x84\x161\x86\x176\x93\xe2N\x8c\xe0\x02\x82\x14\x1a\xc0\x999\x8b\xc6+\x99\xe2P\x99P^\x96v9\x83b\x00\xf0`^\x86\x88|\x91_\x00\x90\x96\x03\xcc\xc2E\xf6\x8a[\x93\xa9\"\xff\x8dd\xff\x8dd\x99\x8dd\x8d/%\xffMd\x95\xc2;\x965\x01\xbaMd\x8d\x00\x01\xf4\xc8c\x8d\x84;\xa5\xc3c\xa2\x15\x06\x90\xe7\x00\xa4j*\x8b\n\\\x98\xd96\x81\v\x00\xd2\xc4\x05\x82Y\x00\x88j\x01\x86\x10\x00\xff\xc6\x05\xff&d\x86B\n\xc4o\\\xba\x1e\x06\x84T\x00\xb4!d\x89P\x15\x81\xf2\x86\x89\x00\x86\xa9$a\x8bF\v\x81<\x82\xe7\x17l\x98\xfd9\xb2(;\xc9t8\xa5\xe7\f\x85z$\x83h\x00\x00P\x80\x7fF\x00o\x80m\x12\x84\x92\r\x86\xdf6\x9eq\x00\x87\xf9\x04\x8f\x8a\"\x8aS\x00\x8c\xb1\x01\x8a\x7f,\x88\xd28\x83\x9a\x00\x9c?;\x9e>;\x8f<;\x92;;\x91\x8c\x0e\x80\x81\x06\x9b)\x00\x9f\xb2r\xa8\xa4;\xff\xa83\x86&.\x896\x02\x82\x8cJ\x8bx9\x89\xfb_\x84\xd8\x03\x89\xa0\x0e\x88\x93\x00\x8c\x83\x06\x9a\xd2\x01\x86\x1d_\x80\xdc,\x9c\xf5\x01\x8f\x1d;\x01Un\x82\x8eZ\x86o7\x8c\xf0\x01\x87Y\x01\x82F;\x02Ass\x80eW\x8d\xed%\x8a\b;\x99$'\xb2\x05;\x90K\v\x9dx:\x95w:\xa2\xe36\x8d\x94\x01\x9as\x00\xab\x01\v\x82E\x00\x88\x03\x04\x86\x10\x00\x9b\xa0\a\xa6g\n\x9d`\x00\xa3n\n\x9eF\x00\x9a\x1d\b\x87a\n\x84\x14\x03\x94hT\x95\xbb8\x8c\av\x8f\x92?\xa8\xb2\n\xa2\xdc\x03\xa3\xdd\x03\x98\xde\x03\xa9\xdf\x03\x9bx?\x91;\t\x90[3\x9aQ2\x99G:\xfd\xc7\x04\xc0W\n\x96\x18\x02\x89\x17\x02\xaa+r\x87\x1a\x01\x8e)\x02\x82\xbe\x03\x8a'\x04\x8c\x8e<\xd9,\x01\x916\x05\x99yJ\xc9K\x05\x8a)<\xb7'<\xacY\f\x8c|\x06\xa5\xf2\x01\x89\x17\x1a\x80R\x98\x82\f\v\x94\xd1\x01\x88\xaf\x00\x81&\x00\x84l\b\x93\xc3\x01\xa7\xc2\x01\x91\xca?\x97}\v\x81\xb1\x19\x88{\x87\xa1A\x8c\x82L\xc1\x01}\n"
const compilerSourceData14Chunk0 = "5package main\n\nconst renvo386ELFCodeOffset = 0x74\n\nfunc\x83#\x00\x16TryCompileScalarProgram\x80:\x00\x03(p *\x82#\x00\x84\x13\x00\x05, meta\x84\x14\x00\x00M\x80\v\x00\x00)\x83B\x00\x84?\x00\x0fResult {\n\treturn\x9d_\x00\bScratch(p\x83X\x00\x02)\n}\xa3\x97\x00\x868\x00\xb4\x9e\x00\x03g :=\x83\x1b\x00\x04Begin\x8f\xf6\x00\x85\x90\x00\x10\tif g == nil || !\x825\x00\rEmitAllQueuedF\x80\xb0\x00\x01ti\x80p\x01\x85\x95\x00\x01g)\x81c\x00\x8a\x02\x01\x8a\x81\x00\x03{}\n\t\x80\x03\x00\x89 \x00\x05Finish\x8e\x87\x00\x00g\xa6\x11\x01\x05Cached\xff\x10\x01\x89\x10\x01\x84\x94\x00\xcc\x0f\x01\x87\x0e\x01\x94\xab\x00\x9e\x03\x01\x83\f\x00\bLinearGen\x81\x9e\x00\aappIndex\x81\a\x01\b-1\n\tfor i\x81\r\x00\x010;\x80\b\x00\x05< len(\x81H\x00\x00.\x81~\x00\x01s)\x80\x15\x00\x01++\x82\xd6\x00\x80\x0f\x01\x83\x8c\x00\fytesEqualText\x83,\x00\x00p\x80\x82\x00\x03.src\x83\x83\x00\x83;\x00\f[i].nameStart\x91\x19\x00\x05End, \"\x80\x90\x00\x00M\x80\xc8\x03\x00\"\x83;\x01\x87\x9f\x00\x02= i\x80\x10\x00\x831\x01\x80{\x00\x86\x18\x00\x02< 0\x89e\x01\x80\x9d\x01\x82#\x00\x82\xd7\x01\x03new(\x8b\xf2\x00\x80\xc7\x01\x02g.c\x80M\x00\x82\x7f\x00\x00c\x81\x0e\x00\x81\xac\x00\x80\x11\x00\x00p\x81\f\x00\x821\x01\x83\x1d\x00\x81\x0f\x00\x00a\x80=\x00\x04aSize\x851\x00\x86\x11\x00\x808\x01\x81a\x00\x00&\x80$\x00\x01sm\x81\xc2\x01\x80e\x00\x0eAsmInitWithCont\x81\r\x01\x02a, \x80o\x00\x80u\x00\x80l\x00\x89\x86\x04\x92\x9e\x04\x82\xd8\x00\x80\x1d\x01\vgetIsWindows\x83O\x01\x01c.\x83\x04\x03\x82\x1c\x00\x01OS\x83\x1b\x01\x91S\x00\x806\x00\x01Se\x82\x83\x02\x02RVA\x85+\x01\x84X\x02\x02xed\x83A\x00\x01 !\x80\xdd\x01\x82C\x00\x00g\x82\x81\x01\x05Labels\x81\xe3\x00\aake([]in\x80\x9f\x01\x010,\x8d\xfa\x01\x80\xc6\x00\x80P\x00\xa6\x1f\x02\x00l\x81V\x00\x86\\\x03\x80\x1c\x01\x02New\x82j\x00\x00(\x81L\x03\x8d{\x00\x80\xcf\x01\x01en\x801\x03\x88\x16\x00\x80\x81\x00\x81\b\x00\x83w\x00\x82E\x00\x81^\x01\x81c\x03\x82m\x03\x01(g\x91\xa2\x00\x88\xee\x01\x03Mark\x81.\x00\x81)\x00\x85.\x02\x85\"\x00\x81\xb6\x03\nPersistentA\x81\xd6\x01\x04Ready\x81h\x03\x813\x01\x83\xdc\x03\x83H\x00\x81v\x00\x06Globals\x8c\xd1\x03\x85l\x02\x80C\x00\x03ryOK\x81\xed\x00\x00f\x80&\x00\x80\x1d\x02\x91v\x01\x80:\x04\x030 &&\x84z\x02\x01.e\x80\x83\x00\x01Im\x81\xb7\x06\x81R\x00\x85C\x00\x84/\x01\x81\xa0\x00\x82\x1d\x00\x00E\x81\x18\x00\x03Args\x82\x05\x04\x8a\xc9\x00\x01} \x80%\x01\x96>\x00\x84\x04\x04\x99@\x00\x83\xea\x00\x85<\x00\x90\xd8\x00\x85\xba\x01\x03Call\x84\xbb\x01\x81\xd0\x02\x87\xa3\x01\x00[\x85O\x00\x00]\x897\x01\x88\x7f\x00\tPanicCheck\x94;\x01\xae)\x01\x85\x94\x00\x01Re\x80^\x03\x87\x06\x01\xaa:\x03\x85D\x00\nPushPrimary\x83\x95\x02\x85D\x03\x82V\x06\x06llImpor\x82\xc5\x03\x85\x19\x00\x83\x12\x00\x01Ex\x82\xe1\x00\x03cess\x866\x00\x8f\x93\x00\x89j\x00\x03Copy\x84j\x00\x01To\x81[\x00\x04Word0\x88u\x00\x81\x8e\x00\x83 \x00\x02Imm\x81r\x00\x001\x89\x1b\x00\x02Sys\x80\xec\x05\x83:\x03\x870\x06\x00g\x8b\"\a\x944\x02\x8d\xf4\x05\x87\x04\x02\x00 \x80\xe9\x03\x05) bool\x84\b\x06\x84\xd2\x04\x88\x9a\x05\x86\xe0\x01\x85t\x05\x80O\x01\x81\xb9\x06\x03Type\x83G\x04\x80\xa8\x01\x83\xf6\x01\x81\x13\x00\x04IsInt\x80\xc5\x03\x81B\x00\x82h\x00\x88/\x00\x8a\xff\x01\x84'\x03\x86\xcb\x05\x02.pa\x80.\x02\x03Coun\x84\xff\x01\x88,\x00\x02tru\x95+\x00\x02> 2\x87\x8a\a\x83\x81\x00\tStringSlic\x80\"\x04\x84\x89\x00\x84\xd3\x00\x829\x00\x82\xd4\x00\x06.firstP\x81\x10\x00\x04].typ\x94\x9c\x00\b// cdecl \x82$\x03\x02 st\x80h\n\x14 -> EBX/ESI/EDX, the \x82O\x00\x01 R\x81\x86\x00\x01 s\x81{\x00\x00.\x87=\x03\x81\x97\x01\x82\x19\a\x83,\x06\x80\xe2\x06\x0e\\x8b\\x5c\\x24\\x0\x80\x04\x00\x81\x10\x00\x007\x80\b\x00\x82\x10\x00\x008\x80\x10\x00\x059\\xf2\"\x83U\x03\x8f\x1f\x01\x001\x95\x1f\x01\xb9\t\x01\x01+1\x9c\v\x01\x01EC\x80\xf6\x00\x00A\x80\x04\x00\x01DI\x83\xf6\x00\x01se\x80k\v\x00d\xac\xf7\x00\x004\x85\xf7\x00\x80\b\x00\x82\x10\x00\x84\xf7\x00\x0110\x83\xf7\x00\x01c7\x81\xf7\x00\x89\xdc\x00\x8a\xe5\x02\x95\x1f\t\x8d\xe6\x02\x97\x9c\v\x80\x16\x00\x05NonNil\x82\xec\x05\x8a\xc6\a\x05var da\x80\x02\b\x02[]b\x80\xd5\b\x92\x90\a\x80\xcf\a\x91S\x04\x827\x00\x87\xec\x06\x82\x88\x03\x843\x00\x81\xa0\x00\x8c\x17\x04\x91.\x00\x86'\x00\x83\x88\x00\x839\x03\x90\xc6\x00\x81\xc4\x00\x81\b\x00\x00.\x84E\x00\x81\a\x00\x86\x14\x00\x01ok\x80\x12\x00\x83\x12\x02\x86U\n\x825\x00\x8e*\x04\x92 \x06\xff,\x04\xdb,\x04\x92V\x00\x83\xbd\x03\x88\xcf\x00\x93(\x04\xa2a\x03\x820\x00\x98G\x03\x804\x02\x00s\x80\xb2\t\x81n\x00\x82t\x02\x03.bss\x83O\n\x8a\x0f\x00\b += 32768\xa9\x83\x02\x81\\\x00\x81r\x03\x93`\x00\x96a\x00\x828\x00\x02Len\xa57\x00\x813\x00\x80}\x00\x00D\x80w\x02\xadj\x00\x807\x00\xaci\x00\x85\"\x03\x04Build\x84\x00\x01\x80\xae\x02\x03vEnv\x82y\x01\x82\xb7\x02\x85b\x04\x84]\x01\x83\t\x00\x84\n\x01\x83\r\x00\x83v\x00\x00,\x80\xc8\x05\x85\xb8\x00\x82\f\x00\x83\x17\x00\x8dK\t\xf1\xdb\x00\x9f\xd4\x00\x96\xbb\x00\xaa$\x06\x84\xb3\x05\x9d\xed\x02\x80\f\x06\xa2\xef\x02\x83O\x00\x98\xf0\x02\x8b\xc8\x05\x87\x82\x04\x80\xe3\x00\x80\xfb\x00\x05MovRax\x81\xd7\x00\x04Addr(\x85\xab\x0e\x80\x1a\x00\x00,\x82\xd7\x04\x81O\x01\x82x\x04\x80\\\x00\x81\xe5\x00\x8d\xf8\x02\x81\xe8\x00\x82\x11\x00\x01OS\x80\xb3\x04\x01ux\x87s\t\x87`\x00\x04egPCR\x83\xba\n\x80\xd3\f\x84V\x00\x80\f\x00\x83_\t\x81\x9e\x00\x8a\xeb\n\x81\x1b\x05\x008\x82-\x00\x02xb8\x81 \x06\x82\x1a\x04\x81h\f\x83o\r\x85A\f\x84+\x00\x0132\x82,\x00\x88\x16\x00\x80\xca\x00\x02Abs\x80r\x00\x01oc\x81\x1b\x00\x00a\x80K\r\x89u\x00\x8a\x88\x05\x89\x06\x01\x02Bss\x8f\x05\x01\x803\x02\xcf\x04\x01\x83U\x00\x84\xd4\n\x80\xac\x00\x80z\x00\x82\xaf\x00\xe8\x12\x01\x97\x83\x00\x94 \x01\x0110\xe4 \x01\x003\xba \x01\x00b\xf1 \x01\x03Load\x83A\x02\xfe=\x02\x87\xe7\x00\x001\x80\xcd\b\x81\x13\x01\x02008\x81\x15\x01\x9c9\x01\x00a\x81\xee\f\xee9\x01\x04Store\xce:\x01\x8b\xda\x00\x0153\x86\x1a\x01\xb3p\x02\x90S\x01\x02389\x8d\x1c\x00\x85n\x00\xa1l\x01\x81\x92\x00\xebl\x01\x81S\x00\x829\x06\x03Slot\x81\xc6\x03\x80\xc4\b\x8fk\n\x80;\x00\x00E\x85\xc2\x14\x03Expr\x80\x8a\x06\x01se\x82\x17\x00\x84\x15\x00\x82C\x00\x03Loca\x81\xe0\x12\x80\x06\a\x02lem\x82Q\a\x8b\x9b\n\x89\xd1\v\x80\xba\x01\x80?\x00\x80\xad\x06\x00m\x85\xb2\x14\x87\xa2\x10\x8aN\x00\x00H\x80\xfd\x11\x01er\x81\x9b\x00\x80\xd4\x0f\x80B\x13\x80\xd6\x06\x81\x15\x10\x81c\x12\x81\x96\x00\x82\a\x00\x84\x91\x14\x8b\xe4\x06\x81e\x01\x92\xa6\x01\x035f52\x95\xc2\x01\x03728d\x92\xc2\x01\x81`\x05\x91\xcb\n\x81\xc5\x00\x00g\x82\x83\x12\x85\xc8\x00\x8e\x04\n\x92\x91\x02\x98y\x02\x007\x82\xd4\x00\x02.of\x81?\x14\x93}\x02\x98>\x00\x006\x89>\x00\x01+8\x96@\x00\x88\xca\x00\x96*\x01\x013d\x83\x0e\x01\x90\x94\x02\x94\x95\x02\x99\x96\x02\x9d\xd5\x00\x92\x82\x00\x005\x86\x82\x00Ɂ\x00\x95\x18\x01\x8d\xe1\x01\x88M\x00\x81\x7f\x02\x86\x1f\x12\x80)\x17\x808\x13\x80W\x00\x87S\x00\x8b\x92\x03\x89.\x00\x001\x90.\x00\x00-\x81P\x02\x8b\x83\t"
const compilerSourceData15Chunk0 = ",// Code generated by Renvo RTG; DO NOT EDIT.\n\x80-\x00\x84(\x00\x04or: 1\x81\x10\x00\rtarget: arch/a\x81\x06\x00\x0164\x81\x18\x00\x02uni\x81\x16\x00\x83\x11\x00X e2c2e36e6f3b45a59f5d31840f8510262378ca630a4ac310344c0e6c6c3f190a\npackage main\n\n\nvar rtgA\x83_\x00\x03X0 =\x81\xae\x00\bRegister{\x81\xd2\x00\x0e:0, Valid:true}\x8e4\x00\x001\x914\x00\x001\x9b4\x00\x002\x914\x00\x002\x9b4\x00\x003\x914\x00\x003\x9b4\x00\x004\x914\x00\x004\x9b4\x00\x005\x914\x00\x005\x9b4\x00\x006\x914\x00\x006\x9b4\x00\x007\x914\x00\x007\x9b4\x00\x008\x914\x00\x008\x9b4\x00\x009\x914\x00\x009\x9c\xd4\x01\x92\t\x02\x001\x9d\n\x02\x93\v\x02\x9c\f\x02\x001\x92\r\x02\x001\x9c\x0e\x02\x001\x92\x0f\x02\x001\x9c\x10\x02\x001\x92\x11\x02\x001\x9c\x12\x02\x001\x92\x13\x02\x001\x9c\x14\x02\x001\x92\x15\x02\x001\x9c\x16\x02\x001\x92\x17\x02\x001\x9c\x18\x02\x001\x92\x19\x02\x001\x9c\x1a\x02\x001\x92\x1b\x02\x001\x9c\x1c\x02\x002\x92\x1c\x02\x002\x9c\x1c\x02\x002\x92\x1c\x02\x002\x9d(\x04\x93)\x04\x9c\x1c\x02\x002\x92\x1c\x02\x002\x9c\x1c\x02\x002\x92\x1c\x02\x002\x9c\x1c\x02\x002\x92\x1c\x02\x002\x9c\x1c\x02\x002\x92\x1c\x02\x002\x9c\x1c\x02\x002\x92\x1c\x02\x002\x9c\x1c\x02\x002\x92\x1c\x02\x002\x9c\x1c\x02\x002\x92\x1c\x02\x002\x9c\x1c\x02\x003\x92\x1c\x02\x003\x9b\x1c\x02\x01SP\x925\x00\x8c\x1b\x02\x8b4\x00\x06Primary\x809\x00\x89\xbe\x06\x8dY\x00\x04econd\x8e'\x00\x001\x8c'\x00\x04Terti\x8e&\x00\x002\x8dM\x00\x00y\x80\x9c\x00\x00m\x8b$\x00\x008\x8d$\x00\x00c\x80\xd2\a\x01ch\x8b%\x00\x009\x93%\x00\x81\xda\x02\x8ar\x05\x8c'\x00\x06Address\x8c&\x00\x8d\x96\x00\x04Frame\x8c\xb9\x00\x8dq\x00\x03Link\x8b#\x00\x003\x8e*\x01\x00t\x80\x17\b\x8a$\x00\x01SP\x83\xa7\x01\x84y\b\x02XZR\xaf\xa5\x01\x03Zero\x806\x00\x87C\x00\x8d\xfa\x01\x01EQ\x83U\x00\x00C\x80\xa7\x01\x04ition\x84q\b\x8e#\x02\x01NE\x92)\x00\x001\x8e)\x00\x01UG\x93*\x00\x002\x8f*\x00\x01LT\x92*\x00\x003\x90T\x00\x93*\x00\x008\x90T\x00\x93~\x00\x009\x8f\xf4\x02\x94\xa8\x00\x001\x8f\xfc\x00\x00S\x94\xa9\x00\x001\x8f\xfe\x00\x00S\x94\xaa\x00\x001\x8f\xff\x00\x00S\x94\xab\x00\x001\x81\x00\x01\x03func\x89\xa7\x01\x01nc\x80\x1b\x00\x04RET(r\x84\xfe\x01\x04 int)\x81\x05\x00\x03 {\n\t\x80\xa7\x02\rult := 0xd65f0\x80\x01\x00\x81\x16\x00\x04turn \x84\x1d\x00\x01| \x87<\x00\n& 31) << 5\n\x95l\x00\bADDImmedi\x80I\v\a(destina\x81\xa4\x00\x81s\x00\a, source\x83\f\x00\x03valu\x82\v\x00\x92\x8f\x00\x0191\x81\x8d\x00\x83\x8f\x00\x82\x16\x00\x80\xe3\x02\x86\x91\x00\x83;\x00\x00&\x80'\x00\x02fff\x82\x91\x00\x80\x85\x03\x91)\x00\x84p\x00\x88\xb8\x00\x8e\xde\x00\x89\xa4\x00\x81(\x00\x96\xda\x00\x03MOVZ\x8f\xd2\x00\x86\xc6\x00\x80\xdd\x00\x03hift\x97`\x01\x0128\x97\xd1\x00\x00(\x83<\x00\x04/ 16)\x81\x86\x00\x82\xad\x00\x0121\x9f\xfd\x00\x83\xfe\x00\xb9\xd7\x00\vB(displaceme\x80\xb6\x00\x95\xbf\x00\x0114\x87\x90\x01\x8c\x1f\x02\x8a@\x00\x03>> 2\x81\xc3\x00\x030x03\x81\xa0\x00\x01ff\x97Q\x01\x02ove\x85\x95\x04\x99+\x02\x92\x90\x00\x01aa\x80\x8d\x00\x013e\xa3\xf7\x01\x0116\xbb\xf8\x01\x00N\xb8\xf8\x01\x009\xff\xf8\x01\x95\xd7\x00\x00K\xb8\xd7\x00\x00f\xff\xd7\x00\x93\x80\x04\x04ddSub\x87\x83\x04\x01\n\t\x8d\xe4\x00\x01\n\t\x88\x86\x04\x01\n\t\x87\xf2\x00\x80\x19\x00\x85\xf3\x00\x81\f\x00\rubtract bool,\n\x86\x05\x01\x01op\x81g\x00\x81\x05\x01\x00(\x87\xa6\x04\x05)\n\tif \x863\x00\x80'\x00\x85(\x00\x82\xfb\x03\x86\xcc\x04\x00}\x89E\x01\x83\"\x00\x93\xc1\x02\x82\x89\x00\x01& \x83\xbf\x02\x0122\xff\x06\x05\x88`\x01\x97\xb4\x03\x01le\x84?\x01\x04 righ\x97=\x02\x018b\x98\xdd\x05\x83;\x00\x8c\xbc\x03\x8e&\x00\x82k\x00\xc2\xd2\x00\x80/\x02\xbf\xd2\x00\x00c\xff\xd2\x00\x8b\x04\x03\x81A\x02\x00e\x87\xab\x01\x91\a\x03\x86\xdc\x00\x80k\x00\x85\xdd\x00\x8b\x05\x03ս\x01\x85\xdf\x02\x006\x83\x1a\x04\x94\xb7\x02\xc7\x11\x01\x00M\x800\x00\x03iply\xb7\xe0\x01\x009\x80\xf5\x00\x017c\xff\xe0\x01\x82\xcf\x00\vLoadUnscaled\x92\xda\x01\x02bas\x85\xd3\x04\x8d\xdd\a\x81\xe1\x01\x01iz\x84\x1e\x00\x93\xd5\x04\x00f\x80\x95\x14\x88\xd5\x04\x81.\x00\x03== 1\x8d\xd6\x04\x003\x84'\x00\x80\xd6\x04\x02 el\x81q\x00\x87-\x00\x002\x8d-\x00\x007\x98-\x00\x004\x8d-\x00\x00b\x87-\x00\xa40\x05\x8a\x84\b\x81s\x06\x0151\x84\x8c\x01\x93;\x05\x82!\x01ƌ\x01\x81.\r\x05Offset\x8fa\x02\x86\x8b\x01\x83\xef\x00\x89`\x02\x8bu\x01\x009\xa3u\x01\x84'\x00\xa3u\x01\x009\x85\xa4\a\xa1u\x01\x87-\x00\xa4u\x01\xc7E\x01\x00S\x80M\x17\x00e\x88\xd2\x02\x8a\xa1\a\xbd\xcd\x02\x8a\xa2\a\x97\xcd\x02\x86\xa3\a\xa1\xcd\x02\x97-\x00\x90\xcd\x02\xad\xfd\a\xce\xcd\x02\x88\x00\b\x9b\x83\x01\x88\xc9\x02\x89\xaa\r\xa7\xc4\x02\xa3l\x01\x84'\x00\xa4\xc4\x02\xa9l\x01\x87-\x00\xc5\xc4\x02\xa1<\x01\x03Push\x9fa\x0f\x05f81f0f\x83\xb2\f\x8bd\x00\x8a`\x0f\x97f\x00\x01op\xa1e\x00\x034107\xb7e\x00\x06Compare\x87@\v\x89r\x00\x9d\xb4\x0f\x00f\x82\xe8\n\x011f\xaa\xae\n\xb8l\x10\x84\xad\x00\x86\xe5\b\xa5\xcd\a\x00e\x82\xc2\b\x94\xa8\x00\x92\xcd\a\x8c\xa5\x00\x8d\xcb\a\x96U\x03\x01et\x86\xa5\x11\x8f\x1b\x06\x81\xe3\x14\x82\x1b\x00\x97v\b\x02a9f\x85\xce\x01\x8f'\x04\x87@\x00\x00^\x81)\f\x80.\f\x005\x88'\x04\xb5\x8b\x05\x81\x9b\t\x00L\x80\xe0\x00\xb3\x03\x02\x01d3\x85\xa0\x06\x91\xb2\x00\x80\a\x1d\x00-\x83A\x00\x81\xaf\x00\x85\xfe\t\x93/\t\x02(63\x91-\x00\x94\x82\t\x906\x02\xb4\x02\x03\x82\x01\x01\x00R\x81\x05\x02\x05Signed\xb3\b\x01\x009\x80\b\x01\x00f\x950\n\x85\v\x03\x9b\x01\x01\xc9\xd4\x00\x82\xca\x00\x04Divid\x90\x95\x13\xa6\x04\v\x00a\x80\xd1\x00\xff\x04\v\x8b\xd3\v\x80\xbe\r\x82t\x0f\xa9\xe2\f\x05addend\x98\xe3\f\x81\xee\v\x81\xb7\a\xb8\xea\x00\x84d\x00\x87'\x00\xdd\xe4\f\x03Call\xa3\xcb\x13\x84C\n\xc9\xcb\x13\x86\xe6\x04\aalBranch\x8e\x8a\x00\xa1\xef\x04\x005\x88\x99\x00\x9b\x16\t\x88\x9c\x00\x007\x997\x12\x87t\x00\x81\x1e\x05\x91\xbf\x00\x02mit\x81\x88\x14\x87\xe6\x03\x05out *r\x81\xfe!\x02Asm\x80\x13\x03\x95\xf5\x03\x80\xbc\x00\x80\x8b\b\x83\x11\x00\x02< 0\x82\x8b\b\x04inver\x80Q\b\x80\xce\x00\x00-\x83\x1a\x00\x00-\x80#\"\x81\x18\x00\x00s\x80f\x19\x00c\x82\x89\x00\x80\x1c\x00\x92b\x14\x85i\x00\x02, (\x84G\x00\x02), \x81K\t\x80\xd5\x00\x80\x8d\x00\x80\xf0\x17\x00U\x80x\x00\x0132\x81\xa1\x00\x00,\x80\x83\x00\x86R\x00\x81#\x00\x02for\x84\xb0\x13\x81\x8a\t\x80v\x13\x00;\x84\x0f\x00\x03< 64\x85\f\x00\x00+\x80\x8c\t\x006\x82\xa8\x00\x00\t\x807\a\x83+\x00\x83\xa6\x00\x80N\x01\x82#\x00\x83R\x01\x82\xea\x01\x80%\x00\x80\xdf\x00\x82(\x00\x00!\x82\xdc\a\x80\x01\x00\x83<\x00\x8a\xce\x00\x92\xcd\x00\x00K\x88\xcd\x00\x81B\x00\x84L\x14\x81\xa9\x00\xa2\xce\x00\x81\xbe\t\x82\x04\x00\x83\xcf\x01\x82\xce\t\x9fC\x01\x00Z\x89C\x01\x838\x06\x83A\x01\x9fr\x00\xac?\x01\xa1>\x01\x89=\x01\x838\x01\xba7\x01\xa06\x01\x80%\x01\x00}\x94\xe2\x02\x00P\x81\xb7\x1c\x9a\xe7\x02\x00a\x85\x02\x06\x98\xef\x02\x8b&\x01\x000\xc3%\x01\x837\x00\x80\xcd\v\x90&\x01\x9f\xe8\x01\x95'\x01\x82\xf1\x00\x89,\x01\x00a\x900\x01\x83P\f\xa4v\x00\xa1\x9d\x01\x90v\x00\x01 +\x81?\x01\x86\x10\x17\x004\x80\x93\x02\xa7\xb7\x01\x80\xc8\x13\x89\xc9\x16\x8b\xb3\x01\xa9\xd9\x16\x8b\xae\x04\x86m\x01\x80\x12\x00\x89D\x00\x80\xab\x02\x84A\x00\xa2\x14\x01\x94\xbe\x19\x85\xba\x19\xa8\xb7\x02\x89\xe8\x03\x86D\x17\x80s\x00\x86]\x05\x8f^\x17\x84\xca\x00\x84g\x05\x82:\x00\x02cur\x80o\x00\x829\x00\x83\x82\x00\x83\xb2\x02\x84\x7f\x02\x84\xf3\x00\x89\xc0\x02\x80\x0f\x00\x02chu\x80b\x1f\x85k\x00\x83\x13\x01\x83\x14\x00\x05> 4095\x83\n\x01\x83\x12\x00\x85\x90\x00\x80\xc6\x01\x0109\x80\xf5\a\x94-\x00\x86.\x00\x81\x13\x00\x85\xcd\x04\x84x\x00\x80\x1d\x03\x81\r\x00\x84\x1b\x06\x00=\x84>\x00\x00*\x85Q\x00\x89\x92\x02\x85\xe1\x00\x80\xfc\x00\x82B\x00\x9c\x8e\x01\x8f\xf7\x18\x00\t\x89 \x02\x80~\a\x83\x1e\x01\x80\x1b\x05\x82u\x00\x80\x88\x02\x82\x93\x00\x80\a\x00\x84W\x01\x802\x02\x00\t\xa4n\x06\x85j\x01\x00=\x89?\x02\x97\xc7\x02\x81\x9a\b\x04Label\x8du\x04\x00l\x81\x15\x00\x87N\a\x9b\xe2\x00\x82\xe0\b\xa3\xcf\x05\x85\"\x00\x04Reloc\x83!\x00\x82k\x00\x00)\x94\xa1\x00\x83\xb3\b\xbf\xa3\x00\x00BԠ\x00\x8e^\t\x83\xab\x00\x8f\x12\x04\x86\xae\x00\x80\f\x00\x8ao\t\x85\x03\x04\x9cc\x01\x8e\xc6\t\x80\xff#\x86H\x00\xbf\xdb\x00\x80\x14+\x00G\x86d+\x03from\x89=\x00\x80{\x06\x01t.\x8d\xfe\x00\x00R\x80\x8a\x12\x9c\xf4\x10\x99\xed \x82\x91\x00\x88\x12\n\x9f\x85\x00\x80\xb7\v\x01_i\x85F\x03\x8e\x8f\x00\x8a\x91\x05\xb6\xdd \xa53!\x85R\x00\x84N\x00\xaf\xcd\x00\x00m\x80\xa3\x05\x01_w\x80\xf4\r\x01_z\x80\xd9\x13\x8e\xce\x00\x81\xc2\x05\x00W\x80\x1e\x00\x81\xf6\x13\xb6\n\x1e\x9d&!\x84I\x00\x87/\a\xac\xc4\x00\x00b\x82\x89\x02\x8e\xbc\x00\x94f\f\xa0\xa1\x00\x8b\xf0 \xb4U\x01\x85a\x02\x92T\x01\xb4\xd4 \xb0a\a\xb6\x10\x02\x01no\x8fl\x03\x85\x0f\x02\x01No\x90\xc7\x18\xb7\x0e\x02\x8a<!\xbd\x0e\x02\x87\xc2\x00\x03keep\x96\xc3\x00\x00K\x80\x1d\x00\xc9\xc4\x00\x8a)!\xbd\xc4\x00\x81c\x04\x80u\a\x9bg\x04\x8d\xcd\a\x8f\xec\t\x8b\xed\t\x8a\xc7 \x8a\xc8 \x8d\xc9 \x00\t\xa1\x92\x04\x8c\x81\x00\x97\x95\x04\x8eG\b\xb3\x10\x01\x96P\x03\xc0o \xa4\xc2 \x83O\x00\x84K\x00\xaf\xc6\x00\x85\x00\x01\x97\xcb\x00\x85\xaa\x12\xcd\xd0\x00\x94\xc0 \xbc\xd0\x00\x82\xa6\x02\x83E \x9a\x9e\x01\x8fi \x91\xac\x02\x88\x89\x13\x8a\x8a\x13\x8a\xaa\x02\xa4\x99\x02\x8cq\x00\x95\xf3\x00\xb7d\x04\x84Z\x14\x8f^\x04\x84\x19\x00Ź\x01\x91P\x00\xbc\xb6\x01\x00l\x80\x8e\x1e\x01_u\x84I\x1d\x8e\xc1\x00\x8c8 \x91\xa9\x01\x88m\x1d\x91n\x1d\x88o\x1d\xa1\xaf\x01\x8aq\x00\x8a\xe6\x00\x81h\x00\x01, \x89b\x00\x83]\x1c\xb4\xf3\x00\x81\xe0\b\x01_o\x82\xba\x1c\x92\xf6\x00\xb4\xa2\x1f\x9b\xda\x00\x93U\x00\x85\xdc\x00\xb3\xce\x00\x00s\x81\x87\x1d\x97\xc2\x01\x8d)\x1f\x8c\x05\x06˾\x01\x8bm\x00\x85\xf7\x05Ǻ\x01\x83\xec\x00\x99\xbb\x01\xb4\x95\x1e\x9c\xd3\x00\x8eQ\x00\xbb\xb3\x01\x00p\x80\xfe\x1d\x8e\xba\x00\xa1\x13\x1e\x9aG\x1e\xb0\x88\x00\x00o\x8f\x11\t\xa04\x1e\x99g\x1e\xaf\x85\x00\x00c\x83\x93\x1d\x98\xdd\b\xb8b\x1e\xa6\xad\x1e\xb62\r\x85\xbf\x00\x96\xf2\x06\xb3s\x1e\xa1\xb9\x1e\xb7z\b\x02et_\x86\xa5\x0f\x8fC\x03\xba\x83\x1e\xa5\xd1\x1e\x8d'\x10\xab\xc1\x00\x81\xa8\a\x00_\x81\x04\x01\x987\x02\xba\x98\x1e\xa8\xe5\x1e\xb6;\x02\x83\xc6\x00\x82\xc4\x01\x01_s\x82p\x1d\x9d\xce\x00\xbce\x1e\xaf\xb9\x1e\xb7\xdc\x00\x83\xd0\x00\x00d\x82A\x1e\x8f\xcd\x00\xc0^\x1e\xa5\xb2\x1e\xbc \t\x85\xdc\t\x81\x81\r\x82\x8d\v\x96\xe5\t\x88X\x1e\xaa\xd1\n\x89\\\x1e\xa1e\a\x8ep\x00\x97\xd0\n\x83[\x00\xb0\xd5\x04\x80:\x15\x8f\xc9\x04\xa4/\x1e\x9eg\x1e\xb1e\x05\x86g\x14\x00_\x94\xdf\x11\xc1P\x1e\xab\xa4\x1e\xba\xc2\x04\x82\x97\x10\x97\xee\x03\xb6a\x1e\x9c\xa8\x1e\x87=\x00\x86\xda\x03\x9f&\b\x81\xa4\x1a\x00_\x9c\xb1\x00\xc30\x1c\xa1\x84\x1c\x83\x9a\x1b\xaf\xc7\x00\x8a\xa8\x15\x00_\x82\xd3\x18\x00s\x9a\xaf\x15\x00C\x82#\x00\x81\xce\x03\x8d5\x17\xab\\\x11\x90\xda\x00\x8a\x16\x16\x82\xd4\x00\x99\xc5\x15\xa2\xaf\x03\x00_\x825\x17\x92\xb5\x03\xa0\xa7\x18\x98\x7f\x19\xa7\x8f\x17\x83\x9a\x03\x94\x89\x00\xa62\x19\x9ai\x19\xa7\x8d\x00\x8f3\x04\x95\"\x01\x95+\x19\x8f\xf7\x01\x89-\x19\x8d.\x19\x91\xe7\x01\x94[\x00\x87\xc8\x00\x8aC\x04\x9e\xd3\x00\x02hos\x80\xb8\t\x91\x9b\x05\x00H\x80\x1a\x00\x82g\x05\x8a\xb3\x00\x83\x92\x00\x90\x81\x19\x80u'\x044<<8|\x80\xa7#\x000\x8c\b\x00\x001\xa0\x88\x00\x03leav\x8f\x02\x04\x00L\x81\x16\x00\x9c\x81\x00\x0164\x85\x81\x00\x01a8\x83q\x00\x01c1\x83\b\x00\x017b\x83\b\x00\x01fd\x83\b\x00\x009\x84\x18\x00\x86\x99\x00\x003\x83\b\x00\x01bf\x81\xa1\x00"
const compilerSourceData16Chunk0 = ")package main\n\nconst renvoAarch64RegRax = 0\x94\x1d\x00\x00d\x81\x1d\x00\x001\x94\x1d\x00\x00c\x81\x1d\x00\x002\x95:\x00\x00i\x80\x1d\x00\x003\x94\x1d\x00\x00s\x81\x1d\x00\x004\x94\x1d\x00\x008\x80\x1c\x00\x005\x94\x1c\x00\x009\x80\x1c\x00\x006\x94\x1c\x00\x0110\x80\x1d\x00\x007\x93\x1d\x00\x02Sys\x80\x1d\x00\x008\x93\x1d\x00\x02Tmp\x80\x1d\x00\x009\x96\x1d\x00\x002\x81\x04\x01\x94\"\x01\x03Addr\x81\x1f\x00\x94\a\x01\x00F\x81Z\x00\x002\x94[\x00\x00L\x81:\x00\x003\x94Y\x00\x00Z\x82\x1d\x00\x061\n\nfunc\x8a\x1d\x00\nEmitScalarF\x80\x1b\x00\ation(g *\x82\"\x006LinearGen, fnInfoIndex int) bool {\n\ta := &g.asm\n\tmetaFn\x84\x12\x00\x81\r\x00\x00.\x81o\x00\x01s[\x88>\x00\x03]\n\tf\x85\"\x00\x03prog\x84\"\x00\x83:\x00\x04.decl\x85'\x00\x04oldLo\x80\x99\x00\x00s\x81.\x00\x02g.l\x82\f\x00\x87\x17\x00\x04Count\x88\x1b\x00\x82\x10\x00\x82\x1f\x00\x04Break\x83\x1a\x00\x00b\x81\v\x00\x04Depth\x82\x1a\x00\aContinue\x83\x1d\x00\x80)\x01\x82\x0e\x00\x88 \x00\x01ur\x80\xf9\x00\x84V\x00\x00c\x83\r\x00\x81\x16\x01\x82\x1d\x00\nReturnStruc\x84\"\x00\x00r\x88\x12\x00\x83@\x00\rlosureEnvOffse\x85I\x00\x8c\x16\x00\x82+\x00\bDeferHead\x89*\x00\x00d\x8b\x15\x00\x87)\x00\x83|\x00\x04Label\x88*\x00\x88\x16\x00\x89+\x00\x03sult\x8eV\x00\x89\x17\x00\x87-\x00\x03Site\x84`\x01\x82&\x00\x82\x10\x00\x82\x1f\x00\x81\x17\x02\x80\x1e\x01\x00g\x82'\x00\x84#\x00\x00e\x8a\x14\x00\x82'\x00\x10SuppressPanicChec\x84y\x01\x00s\x8e\x18\x00\x83/\x00\x00t\x80C\x04\x03Used\x84&\x00\x85\x0f\x00\x87\x1d\x00\x00P\x86\xbc\x01\x82\x1d\x00\x81\x0f\x00\x82\x1d\x00\x03Goto\x82\xea\x00\x84\x8c\x00\x00g\x86\x10\x00\x83\x13\x02\aastRange\x83\x14\x01\x854\x02\x8c\x16\x00\x05\n\tvar \x83J\x02\x02 []\x83\xe5\x02\x81\x0e\x00\x81\x9f\x02\x83\x1d\x00\x87X\x00\x85!\x00\x03Glob\x85\"\x00\x84;\x00\x00=\x80\x03\x05\x02ke(\x8dB\x00\x00,\x83Y\x03\x85H\x03\x83\xa7\x02\bap(fn))\n\t\x88Z\x00\x8b@\x00\x87a\x00\x02, 0\x80\x03\x00\x81,\x00\x84\xef\x02\x80*\x00\x85\xf8\x02\x89\xe7\x02\x82c\x05\x80\x12\x00\x8aS\x00\x89\x12\x01\x89\xfa\x02\x85-\x00\x8a\xef\x02\x85\x15\x00\x03pend\x80\xd2\x01\x81\x19\x03\x00r\x80\xd1\x03\x85+\x00\x87\xfb\x02\x80\x13\x00\x88\xbe\x03\x81\x1d\x00\x89\xf6\x02\x861\x00\x8d\xf9\x02\x84\x18\x00\x86\xe1\x01\x8a\x11\x00\x82\xe4\x01\x82\x11\x00\x89\x89\x04\tAsmAlign(a\x80\x01\x01\x83\x19\x00\x05smMark\x82\xd5\x00\x02(a,\x80\xd1\x01\x81-\x04\x83\xe4\x00\x8aT\x04\x861\x00\x86J\x00\x81\xbf\x02\x813\x00\t0xa9bf7bfd\x99$\x00\x05910003\x82$\x00\tframePatch\x81C\x02\x8c2\x00\x00F\x81\x1d\x00\x80\xa7\x02\x00r\x808\x00\x80,\x00\x01if\x83!\x00\x03Type\x80\xe5\x00\x06sHidden\x83j\x03\x00(\x83\x01\x05\x01, \x84\xda\x04\x80\r\x03\x80\x16\x00\x81*\x00\x00)\x817\x05\x8fH\x01\x83k\x00\x01dd\x81#\x00\x83\xe2\x04\x01(g\x83\x10\x02\x84W\x02\x81\x19\x00\x00I\x80{\x05\x80=\x00\x8c\x97\x00\x03Stor\x80\xe3\x02\x00g\x82A\x03\x81\xd2\x00\x8f>\a\x81=\x01\x89q\x00\x80F\x00\x00}\x84\x11\x01\x03Bind\x85\xb3\x02\x01Pa\x80\xe2\x00\x00s\x81y\x00\x88_\x01\x83\xea\x00\x00!\x86-\x00\x84\xe6\x04\x80\xda\x02\x80P\x00\x00e\x8e.\x00\x82\xdf\x00\x83l\x00\x01 f\x80\xbb\x02\x00e\x82k\x00\x8aB\x00\x00N\x80G\x01\x80P\x05\x81\x12\x01\xad?\x00\x06Prepare\x85\xb1\x00\x84\xb9\x02\x01(g\x9d8\x00\x81\xed\x01\x83\xd0\x06\x82\x11\x04\x83v\x00\x04.body\x82\xd0\x01\x01+1\x86\x10\x00\x02End\x97M\x00\x8fz\x05\x03 > 0\x82/\x00\x81k\x00\x8fs\x04\x82\x1b\x00\x86\xcf\x02\x02Jmp\x88\xce\x02\x8dK\x00\x81\xdb\x01\x80g\x00\x8b\xb5\x00\x8c\xea\x00\x06Epilogu\x80\xc1\x00\x83\xa5\x00\x8c\xa6\x00\x81@\x00\x01} \x80 \x03\x01e \x98\x90\x00\x82]\x00\x02Mov\x85\xc4\x01\x84i\a\x81\x15\x01\x80\x1e\x02\x00e\x87c\x02\vsmPrimaryImm\x82+\x03\x89\x1b\x00\x04Leave\x82\t\x03\x86\x13\x00\x80e\x00\x82\x11\x00\x85\\\x02\x87\xa4\x02\x82S\x03\x82@\x03\x81H\x00\x87f\x03\x81\b\x01\x86\x15\x04\x8b\xfa\x04\x86\x01\b\x8e\xfd\x04\x8a\x04\b\x8e\xee\x04\x85\x03\b\x91\xf5\x04\x88\x05\b\x8f\xe9\x04\x87\x02\b\x90\xe8\x04\x8c\x02\b\x94\xf6\x04\x90\x05\b\x81*\x00\x8c\xd9\a\x83)\x00\x8c\x03\b\x86(\x00\x89]\x02\x87)\x00\x8a\xed\a\x90\xd5\a\x8a+\x00\x89\xec\a\x89\xdb\a\x88%\x00\x84\xeb\a\x8d\xd6\a\x83\"\x00\x8b\xfe\a\x82\xb9\x05\x8f\xe9\a\x82*\x00\x8f\x01\b\x8d\xf8\x05\x89\xf7\a\x8d\x03\x06\x89\xf6\a\x8e\xd1\x06\x8a\xf6\a\x82\x04\x02\x8d\xcc\x02\x83\n\x02\x8e\xe5\a\x84\x13\x03\x81\xcb\x02\x01\n}\x90\xf3\n\x820\x05\x82\xeb\x04\x03Word\x91\xef\n\x02reg\x81\xe7\n\x02, o\x83\\\x01\x82\xf3\n\x8d\xee\n\x82\xff\x05\x02g =\x80\xca\x06\x87V\x03\xac\x96\x05\x83`\x00\x83C\x03\x81\xb5\x00\x85h\x04\x84Y\x00\x001\xb2Y\x00\x00s\x9fY\x00\x002\xb3\xb2\x00\x00x\x9eY\x00\x003\xb2Y\x00\x00c\x9fY\x00\x004\xb2Y\x00\x008\x9eX\x00\x005\xb2X\x00\x009\x94X\x00\x8cH\x00\x02Loa\x806\x04\x02gMe\x82>\x05\x8f,\x0f\x8e\x14\x00\aFp, 16+(\x80\x9d\x00\b-6)*16, 8\x8f\xba\b\x9e\x9f\x00\x81Z\x00\x85\xa0\x00\x91\x02\x03\x81\xe0\x03\aCallWith\x81\x04\x03\x82I\x05\x95\xf8\r\x84\xf4\r\x02, w\x85*\x00\x96\x10\x03\x87\"\x00\x85\x16\a\x8d\a\x06\x01op\x80\xa0\x00\x93\x0e\x03\x838\x06\x8cF\x00\x92\x02\x03\x97F\x00\x00s\x93F\x00\x92\xef\x02\x98\x8c\x00\x81\xf4\b\x8fF\x00\x92\xdc\x02\x97F\x00\x00c\x93F\x00\x92\xc9\x02\x97F\x00\x81\xff\x01\x8fE\x00\x92\xb6\x02\x97E\x00\x009\x89\x94\a\x01sm\x81\xfb\x01\x97V\v\x84R\v\x8cr\x00\x006\x91r\x00\x80\xb0\n\x80_\x00\x84\x1d\b\x003\x80D\t\x81\x04\x00\x00(\x867\x00\x83\xc3\x02\x82|\x00\x95\x86\x02\x80\xab\x02\x80)\x01\x01Op\x91}\x02\x02tok\x98m\x10\x00p\x83\xe4\r\x81E\x10\x82\xad\x00\x81.\x00\x00<\x80v\x02\x01||\x82\v\x00\x00>\x84S\v\x02Tok\x83\xde\x02\x00p\x94\xd6\t\x80\x90\x06\x00r\x82*\x0f\x85/\x00\x83\xe1\v\x80\x89\x03\x80G\x00\x80\xbc\x00\x80\"\r\x89\x1e\x00\x80\x1f\n\x87\x1c\x00\x80w\x00\x83?\x00\x80n\x00\x81(\x00\x92a\x00\x01c0\x81@\x00\x05p.src[\x82.\x00\x80\xdd\x10\x01c1\x81\x14\x00\x04byte(\x81T\t\x85H\x00\x01+1\x80\xc3\x00\x85I\x00\x80$\x00\x8a7\x00\x01+1\x809\x00\x83\v\x02\x80S\x00\x80\xbb\x04\x02'+'\x97\x95\x01\x94\n\x02\x90t\x04\x82~\x05\x8f(\x00\x87\xda\x04\x83J\a\x8b{\x00\x00-\x92{\x00\x02Sub\xdf{\x00\x00*\x92{\x00\x88\xce\r\x05b007c4\x84\xac\n\x95F\x00\x00/\x92F\x00\x06DivLeft\x80\x98\x00\x03Righ\x81\x9e\x02\x82\xaf\n\x81\xcc\x01\x9bO\x00\x00%\xa8O\x00\x87d\v\x95N\x00\x00&\x83N\x00\x81\x11\x00\x80\x05\x02\x80\x11\x00\x00^\x83\x11\x00\x97\xf5\x00\x028a2\x80\xc4\x0e\x83\xf5\x00\x84\x01\f\x9d1\x00\x800\x00\x851\x00\x9a\x8d\x00\x00|\x9cp\x01\x00a\x88J\x00\x97F\x00\x84\xc2\x00\x96F\x00\x00c\xa2F\x00\x00<\x8d\x19\x01\x84\x11\x00\x98\x0e\x02\x03ac02\x8b\x19\x01\x87>\x00\x00=\x93>\x00\x02Cmp\x81\xb3\x01\x02axS\x81\xd0\f\x82F\x00\x82\xb1\x01\x98Y\x01\x903\x00\x00c\x9f[\x01\x00>\x8d\xcf\x00\x84\x11\x00\x9c\xcf\x00\x008\xbe\xcf\x00\x81\xeb\x10\xac\xcf\x00\x00f\x9f\xcf\x00\x80\x80\x00\x01&&\x8c\x8d\x00\x9fY\x00\x004\x9b\xf3\x01\x00!\xb2U\x00\x005\x91U\x00\x8a\x9b\x05\x95\x92\x06\x04Float\x80\xa6\x10\x80\xf6\x0e\x03Expr\x91\x99\x06\x01ep\x84\x14\x00\x81!\x00\x80I\f\x04se, i\x80\xdd\x18\x8a\xad\x06\x8a\xa0\x06\x8a\xba\x06\x82\x80\x16\x04&ep.e\x80?\x00\x01s[\x80:\x00\x80\xd9\x05\x86M\x12\x80\xb0\x06\x04harIs\x81f\x06\x01e.\x80h\x06\x00,\x81\xf3\x04\x83\xbd\x06\x8a\x1a\x10\x83\xb6\x17\x81\x83\x00\x03ForK\x80W\x11\x81\xc0\x0f\x00e\x826\x00\x00l\x80u\x04\x887\x12\x82\xd3\x00\x0164\x962\x10\x87\xee\x0f\x02ush\x84\xf2\x0f\x83\xd9\x0f\xa5q\x00\x00r\x81\xdf\x04\xb2r\x00\x06opTerti\x86r\x00\xa4\xd7\x05\x83>\x00\x02Sar\x8b\xa1\x10\x002\x94L\x02\x97[\x01\x00/\xe4[\x01\x02Shl\x92\xab\x00\xffy\x01\x8ay\x01\x86\xb4\x06\x85\x1d\x00\x82\xb9\x06\x86\x9b\x00\x9b\f\a\xbeA\x01\x8e<\t\x95 \x01\xc2\x1f\x01\x97n\x00\x8c\x1c\x01\x84)\x00\x86q\x00\x84\x8a\x00\x85$\x00\x81\xbe\n\x84Q\x02\x94o\r\x00n\x81\x12\x12\x01Ap\x81n\x17\x81\xe3\x1b\x04Helpe\x90Z\x04\x00)\x81B\x04\x91X\r\x80\n\x00\x86=\x00\x82\x9c\x11\x80Z\x11\x88\xc2\x00\x89\x1f\x00\x84\"\x12\x80\xce\x00\x80'\x15\x03naAl\x80:\x13\x869\x1a\x83\xc2\x00\x83\x8e\x00\x86\x1e\x00\x85\x8e\x00\x82~\x13\x8fh\x00\x00=\x84\xe3\x01\x8ee\x00\x86\xb5\x16\x04smNew\x84P\f\x80E\x00\x03afte\x84\"\x00\x86C\x17\x8c#\x00\x85\x15\x00\x80\x10\x15\x8a\xe2\x17\x87;\x00\x81\x98\f\x8cp\x00\x808\x00\x04noGro\x83H\x00\x96\\\x00\bcapNonZer\x83:\x12\x99(\x00\x00R\x80}\x13\x00y\x9c&\x00\x05opyLoo\x83\xb7\x15\x9a&\x00\x03Done\xa1\xf6\x00\xa4\x1d\x10\x80\xba\x10\x8f\xdd\x0e\x82\x0e\x18\x90\x11\x10\x9bK\x00\x91e\v\x81L\x00\x80c\x00\x90L\x00\x81M\a\x96\xc4\v\x90\x96\x00\x82\xe7\x0e\x8cD\x00\x00B\x80e\x15\x80\x99\x13\x84\xd6\x01\x88\xb6\x01\x80\xde\x10\x001\x8f/\x00\x80\x8b\x16\x97s\x00\x80k\x11\x92\xa0\x0f\xa9D\x00\x001\x85E\x19\x8dq\x10\x92\xfc\x00\x84\xa1\x05\x91G\x01\x81~\x06\x9a\xec\x00\x8c~\x02\x80\xf0\x00\x95\xab\x00\x98f\x00\x824\x0f\x95$\x03\x8a\xb8\x02\x8eq\x00\x8fn\x00\x9a\x0f\x0e\x91\x1b\x02\x91\x14\x00\x87(\x02\x8c\x94\x1b\x8a\x8e\x00\x90\xeb\x00\x01ul\x96}\x00\x80\f!\xa3}\x00\x81\xbe\x10\x89\t\x06\x8c\x9c\x05\xa7\a\x02\x90\x82\x0e\x80\x85\x00\x8fE\x00\x81e\x00\x93C\x00\x01Lr\x88\x8c\x00\x8aG\x11\x8cn\x05\x90U\x00\x95\x9e\x11\x8aT\x00\x8d{\x06\x82\xfd\x05\x82K!\x00p\x81b\x17\x04Enabl\x84\xfd\x05\x80~\x00\x03ocOK\x9bt\x04\xaa\xe2\x02\x81 \x01\x88`\t\x94\xe3\x02\x89x\x00\x83\xe0\x02\x86\xbe\x00\x85\x00\x1a\x93,\x02\x899\x00\x92%\x1a\x9a\xbd\x01\x81}\x16\x8f\xb1\x00\xac\x02\x02\x81t\x17\xa1N\x04\x9aQ\x05\x81\xc5#\x93d\x04\x93\x9e\x05\xae\x05\x03\x90f\x05\x89\x04\x03\x8b\x81\x03\x89\xa1\x06\xab\xd2\x04\x82|\x00\x9f\xd2\x04\x89\xdc\x06\x920\x00\xae\xe6\x16\x83A\x01\x80-\x01\x90\x1d\x05\x85\xdc\x16\xa7N\x00\x82\xd5\x01\x93M\x00\x8a\xa0\x14\xa1\xc6\x01\x83\x15\x00\xacJ\x00\x93V\x02\x80\x14\x00\xaf\x92\x00\x93\x14\x00\x00-\x87I\x00\x90\x10\x06\x89\x01\x02\x8c\xaf\x01\xae_\x01\x91e\x03\x97\xd9\x02\x9cM\x00\xabx\b\xcb&\x03\xa3\xff\x06\x92N\x02\xa4%\x06\x9a\x12\x02\x90\x9c\x00\x80\x13\x00\xaf\xef\x02\xa1\x06\n\x87w\x05\x92!\x04\x88~\t\xc0\xbb\x03\x85m\x03\xd4\xc1\x01\x91\x8c\x05\xae\xc2\x01\xa5\xe7\a\xff\xc2\x01\xa3\xc2\x01\x87\x16\r\x87\x8c\x0e\x8f\xf3\r\x9dy\x0e\x008\xb6v\x0e\x008\x98s\x0e\x008\x87p\x0e\x8e/\x00\x8d:\x0e\x83,\x00\xe47\x0e\x83m\x00\xc5+\r\xb0w\r\x92\xf3\x02\x97>\x03\x99\xe6\x02\x96\x19\x06\x8f\xbf\x00\xc1\xf2\x05\x83\x18\b\xaf\a\a\x95M\f\xaf5\x03\xa2\x87\x01\xb86\x03\x84\xb6\x02\x9d3\x03\x0164\xb64\x03\x83L\x16\x945\x03\x0164\x8f6\x03\x871\x00\x8d7\x03\x84.\x00\xe48\x03\x84n\x00\xff9\x03\xae9\x03\x03Shif\x82,\x16\xb7>\x03\x80\xc1\x1e\xc9A\x03\x96\xae\x00\xffA\x03\xbcA\x03\x85\xc2\x02\x97B\x03\x80''\x80A&\x04Equal\xb0E\x03\x04streq\x92B\x03\x82\x1a\x00\x89?\x03\x8a+\x00\x87<\x03\x87(\x00\xb89\x03\x02not\x82\xc2\x00\x9b&\x00\x00e\x9f#\x00\x00l\x9eC\x14\xa3\xa4\x03\x87\xd6\x00\x894\x10\x8e\xa4)\x8c-\x02\x9a\xd3\x13\x81\x17\x02\xa1H\x06\x8d\xd4\x13\x88\x1a\x01\x92\xa2\x02\x9aj\x10\x82\x8c\x02\x9dd\x00\x87X\x01\x89-\x00\x8c\xa6\x02\x86Z\x01\xc8f\x04\x90\xce\x00\xb0\x11\x10\x81\x19\x04\x93M\x00\x99\x90\x01\x94\xae\x04\x81.\x1a\xbc\x91\x01\xe1\xc3\x0e\x92A\x0e\x81\x14\x00\xadH\x00\x91\x96\x02\x81\x14\x00\x88\v\x0f\xc8j\x02\x86E\x02\x89\xa9\x00\x8ci\x02\x87\x8e\x02\x96{\x03\x96<\x00\x8a\x9d\x01\xbb\x80\x05\x88\x00\x05\x91}\x05\x80E\x00\x833\x1d\x84m\x05\x80\x10\x00\x80\x9c\x1e\x02nsn\x86\xb4'\x85\x17\x00\x81'\x00\x0132\x81i\x00\x81\x1f\x00\x93\xb9\x1a\x81\xa6\x01\x83\x941\x87O\x00\x82E\x00\x01fo\x80H3\x00e\x80\x18\x00\x80b-\x06de)%4 !\x8b\a+\x83`\x00\x008\x85\x91\x04\x93\x01&\x8b\xae\x13\x89\xb2\x00\x00d\x80\xc36\x82t(\x80\xfe$\x86\xba\x00\x80\x1a\x06\x81\x18\x00\x80\b \x81\x16\x00\x87\x16\x06\x91K\x14\x8c\x9f\"\x043e0|(\x806\x00\x01<<\x80\\\x17\x00|\x80F\x00\x96\xf0\x00\x88\x9d\x17\x89\x91\x00\x86\x12,\x02imm\x89\x91\x00\x81\x0f\x00\x81v&\x82C\x1e\x01nv\x81\xdf\x05\x00-\x81\x14\x00\x00-\x80\xe88\x01\t\t\x80\xab0\x82[&\x81\x1a\x00\x06& 65535\x9a\xe3\x1e\x0128\x81\x05#\x80\xab\x00\x819\x00\x04<<5)|\x80x\x00\x81P\x15\x81p\x01\x00i\x81J\x00\x011;\x80\b\x00\x02< 4\x80\a\x00\x01++\x83\xe5\x1d\x80\x1c&\x02get\x80\x87 \x82k\x00\x00(\x81~\x00\x01>>\x80\b\x00\x01 *\x81I\x18\x00)\x88y\x00\x82''\x87.\x00\x80\xb3\x01\x82\x1a\x00\x83G\x00\x97\x97\x00\x00f\x86\x97\x00\ai<<21)|(\x87E\x00\x89\xa5\x00\x82`\x1e\x87\"\"\x82\x97\x01\x86\x02\x01\x80\x96\x00\x86\x89\x00\x96j\x00\x00d\x95\x01\x01\x98\x00\x01\x82b\x00\x9b\xf8\x00\x80\xf7\x00\x82&\x00\x86\xa4\x02\xa9\xec\x00\x8d\x8b\x01\x81b1\x95=\x02\x82\xd30\x86B\x02\x00A\x8c\x87\x03\x00a\x84\xd4\x02\x92L\x02\x97)\x01\x01Pu\x80\xa8\x03\x81L\x00\x82l\x03\x81G\x00\xd8+\x01\x94r\x00\x03+i*4\xa2\x1f\x01\x9c\xe9\x03\x02Abs\x94X\x03\x80\xaf,\x83\t\x00\x00k\x80\xc1\x1f\x87a,\x82\x14\x01\x88j\x04\x9dM\x1b\x8145\x8f%\x00\x91\xe0\x01\x001\x83\xc1\x00\x83\xb7\x00\xa00\x00\x002\xac0\x00\x003\x8f0\x00\x82\xf4\x06\x80\x03\x01\x01Re\x80\t\x19\x82\xe3\x05\x83\xf9\x00\x83\xf5\x00\x97\x83\x05\x87)\a\x99$\x05\x92\x9c\x04\x95\x9e0\x8a&\x19\x80J\x00\x82F\x00\x83\xba\x19\x86\xbc\x03\x00o\x82\xc3$\x84\x1f7\x80\x01\x00\x8e\xf1\x04\x80!\x00\x81 \x00\x00d\x86 \x00\x00\t\x82s\x00\x82\x02\x05\x83\xfb*\x01ur\x81C\x00\x80[\x00\x84\x98\x02\x81y\x02\x84=\x00\x00s\x81\xaf\r\x82a\x00\x80\r\x00\x03chun\x82\xf89\x82:\x00\x82\xfe%\x82\x12\x00\x80/-\x0109\x84\xa1\x04\x83\x12\x00\x83\"\x03\x00/\x81\x18\x00\x006\x84\xd3\x04\x8f+\x00\x86,\x00\x81\x13\x00\x85\x9a\x04\x84r\x00\x81\x82>\x818\x00\x82\xaa\x00\x83\xab\x05\x82.\x00\x00*\x84R\x00\x89\x16'\x83%\x00\x81\xa1\x00\x87;#\x8e\xf5\x01\x01op\x80[\x06\x81[\x00\x80\xf1\x01\x002\x80\x12\x03\x82N\x00\x80i\x06\x000\x81\f\x00\x01ur\x82\x1d\x03\x82r\x06\x80\x97\x00\x80\x10\x01\x00=\x81o\x01\x98)\x03\x88\t\x12\x92\xee\x01\x81@#\x84H\x04\x81\xdd\"\x8c\xd8\a\x90\x93\x02\x008\x809%\x83\x93\x02\x821\x00\x83\x03\a\x00(\x81G\x00\x87\x9b\x00\x94\x8c\x00\x88\xd0+Ì\x00\x00c\xb7\x8c\x00\x8d\xe8\x0f\xa5\x91\x00\x80\xda\x02\x82\xf8\x01\xb4(\x01\x84\xda\x01\x82\xce\x01\xa2\xa8\x00\x88\a\x17\xc34\x01\x83\xf9&\xb54\x01\x00r\x8b\x87\x00\x01ba\x812*\x81~\x00\x03disp\x83}\x00\x84\x86\x0f\x81_\t\x81\x14\x00\x883\x04\x82t\n\x813\x00\x91c\t\x99\xc0\v\x81y\x00\x83m\x00\x83i\x00\x87\xc2\n\x90)\x00\x95\xbe\x00\x89t\r\x92K\x01\x8f\xcd\x00\x80\xed\x01\x01iz\x82\x14\x00\x862\n\x81\x1a\x00\x82\xf9\a\x80F*\x82\r\x00\x80\xac/\x03-256\x86\x10\x00\x00<\x80\x0f5\x005\x839\x04\x81\xf0\x03\x81D\t\x82\x18\x00\x02& 5\x80\xad\"\x02 <<\x81\x90A\x82i\x04\x82\\\x00\x86\x975\x97\xb2\x01\x003\x80\xa1+\x82J\x02\x80P\x00\x01|(\x81\xa6\x00\x89\x05\x04\x86c\x05\x85\xed9\x85W\x00\x83\xa62\x97W\x00\x007\xb3W\x00\x83q2\x97W\x00\x00b\xa8W\x00\x97\xf8\x06\x9aE\x00\x88U\x06\x00a\x81\xe3B\x8f[=\x83\xaa\x02\x8c3\x02\x8es\x01\x97r\x01\x009\x84\x7f\x00\x00(\x81`\x00\x94{\x00\x8ek\x01\x97j\x01\x009\x85\xc6\a\xa3O\x00\x92\xd43\x88b\x01\xa1O\x00\x97[\x01\x94\xdc\x00\x95\xb4\x05\x89\x1a\x14\x897\x03\x86'\b\xff7\x03\x957\x03\x84\x81\x05\x8bD\x02\x84\x99\b\xb87\x03\xb2W\x00\x9f7\x03\xa7W\x00\x987\x03\x99E\x00\xe07\x03\x85\xf3\x06\x86[\x02\x8f{\x00\xa97\x03\xabO\x00\x9e7\x03\xa0O\x00\x987\x03\x93>\x00\x9bm\x06\x84S9\x92o\x06\x8c\r<\x9a\"\x14\x82S\v\x8c\xec\x06\x81\xdd9\x00-\x83E\x00\x82\x87\x17\x9c\xc1\x03\x90\x8b\x00\x86\xc3\x03\x9b\x8b\x00\x8c\x1d\x18\x806\x00\xb5\x8c\x00\x80\xe4?\xba\x15\x01\x8a$\b\x9c\x14\x01\x96\x85\x00\x86\x8f'\x909\x0e\x9b;\t\x05f81f0f\x80\xfc\x11\x82\x86\r\x95_\x00\x84\x99'\xb0^\x00\x034107\x9c^\x00\x81i\r\x01ax\x8e\xbd\r\x89\xab\r\x9b\xd2\x0e\x8a/\x01\x82\xdc \x80<\x00\x9fo\x00\x0164\xaaq\x00\x84\xa3\x00\x9f]\x00\x00d\xc7\xcc\x00\x81\x18\x16\x9f\xcc\x00\x03Data\x8f\xc8\n\x00d\x80\x16\x00\x80\xe2@\x9bx\x00\x82n\x10\x93D\x01\x84@\x00\x82.\x10\x9a\x7f\x00\x02Bss\x90F\v\x01ss\xb9}\x00\x83?\x00\x85\x1c\x00\x01bs\x80d\x00\x82\x13\x10\x9a\x8b\x00\x0110͋\x00\x81\xd9%\xae\x8b\x00\x82\xe7\x04\x82\x17\x01ň\x00\x84,\f\x96\x89\x00\xaa\x8b\x19\x91\xfd#\x83a\x00\x83\xfb\x1c\x9at\x05\xfa\xd7\x00\xaf\xf9(\xa0\xd8\x00\x82\xb2\x03\x00i\x82x:\x8c\xc2\x17\x92\xca\x00\x94#\x1c\x91\x1d\x1a\x81{+\x9a9\x03\x80\xdf\x03\xbau\x00\x93\x9c'\x9c\x9c\x04\xbe\xea\x00\x94e,\x98u\x00\x82y8\xbau\x00\x95\x05=\x9bu\x00\xbc_\x01\x91u\x00\x9c_\x01\x00s\xbeI\x02\x91\xd6\x1b\x9c\xea\x00\x008\xbdt\x00\x90\x81'\x9cs\x00\x009\xbds\x00\x90\xb32\x98s\x00\x81$\t\x80\xba\x02\x00c\x9et\x00\x9a\t)\x95y\x1d\x8f\xf8\x01\x97\x05\x05\x01ys\x80J7\x80|\x1c\xb7\xfb\x00\x80C\x00\x93\xfc\x00\xa9E\x00\x93\x9b\x1f\x9dE\x00\xa4\xe33\x8a4\x00\x80\xaeB\x8f\xa3\x02\x9c4\x00\x925.\x9c4\x00\x003\x91}\a\x99G\x18\x00d\x83\xf3\x0f\x80Q\x1e\x98\xb5\n\x01di\x9d\xab\x01\x9boE\x98[\x00\x00s\xb8[\x00\x81B\x01\x96g\a\x80I\f\x8e\x99\x10\x87C\f\x8d\x9c\x10\x008\x87\v\x00\x0132\x89\x9f\x10\x82'\x00\x81\xa9\x14\x04x8948\x85\x94\x10\x80\xecU\x81\x13\x00\x004\xb3\xd4G\x895G\x8d\xb2\x0e\x9ap\x00\x84\x06\x11\xadp\x00\x99NI\x9b\xe0\x00\x85\x13%\xabp\x00\x99eI\x88p\x00\x00b\xa4P\x01\x8b1\x0f\xb6O\x01\x8fo\x00\x93O\x01\x9do\x00\xa4N\x01\x90\xde\x00\x92N\x01\x9do\x00\xa4M\x01\x00d\xa5M\x01\x89h\x0f\xb6L\x01\x8fn\x00\x94L\x01\x9bn\x00\xa4K\x01\x8fn\x00\x007\x93K\x01\x9cn\x00\x98\xaeL\x9bn\x00\xb1\xdc\x00\x95\x1cM\x9a\x9c\a\xa9\xf2\x0e\xb2\x1e%\x9a\x06\x0f\x00e\x80\x93?\x01sp\x8c\xff\x0e\x86\xb9\x15\x80\x84\x1d\x9f/\x05\x81\xa9\x1d\x95\xff\x02\x00a\x98\xff\x02\xa8^*\x81\xc7\x00\x81W\x00\x83a*\x8c\xc8\x01\x98\x80\x00\x005\x92T\x14\x9b\x80\x00\x95G\x01\x92\x80\x00\x98\xc8\x0e\x00Q\x81\xaaJ\x81\xfb\x10\x81\xf4J\x80\xd6\x00\x80\xaf$\xa4\x82\t\x95l,\x83\x93\r\x91\xbf\x03\x91D\x01\x90m,\xd1\xdd\x0e\x91\xeb\x00\x97S\x02\xadz\n\xa9\xf3\x00\xc6\xf0\x00\x86\xea\x01\x9b\xa6\x10\x80W\x00\x80\x19\x02\xab\xec\x00\xb0\x135\x89{\x02\xa5\x91\x00\x00S\x80\x04\x17\x95\xd4\x03\x8a\x8d\x19ȟ\x00\x81X\x00\x9a\xa2\x00\x00B\x80\x91L\x88%\x02\xec\x0f\x03\xc1[:\x86\x0f\x03\x97;\v\x84\x8b\x01\x85\xe5\x00\x8f\x89\x01\x8a\x7f\x01\x86\xa7\"\x003\x90Y\x19\x85R\"\x80\"\"\x91)\x19\x88q\"\x91\xf9\x18\x85\x1f\x00\x80'\x1b\x95^\x1f\xc6\\\x01\x82l\x00\xc9`\x01\x9aL\x02\x85O\x13\x83\xef\x02\xd8Z\x05\x93\xe2\x0e\xb1\xc71\xbb8\x14\xb1i\x04\xb1\xea<\xa0j\x04\x8f\x93\x00\xb5k\x04\xba\xa1\x00\x9a \x02\x05Normal\x80\"\x00\x80E\x00\x85\xb4G\x8a\xa1\x00\x8a\x05(\x809\x03\x82\x10\x00\x809\x03\x82\"\x00\x81\xc9G\x81\xaa\x04\x9b>\x1c\x0492401\x807#\x8f\x8e\b\x8eM\x00\x80W]\x008\x9cM\x00\x003\xa9M\x00\x001\x92-S\x8bN\x00\x003\xa3N\x00\x00U\x80\x05\x01\x9eO\x00\x80\xea\x00\xa4O\x00\x80\x9d\x00\x80\x1a\n\x9e\x9d\x00\x81o$\xa4\x9d\x00\x9eO\x00\x80\x9d\x00\x84O\x00\x96\x8c\t\x02Inc\x83\xae\x02\x9d&\x04\xb0\xd21\x83\x851\xac\x8a5\x9636\xae\x8a5\x9c\x95\x00\x94\x11\x01\x01De\xff\x11\x01\xa3\x11\x01\x91\x901\xd1\x12\x01\x00B\x80VO\x01No\x83BS\x9b\x13\x01\x81\x0e2\x82\xce\x1c\x86}0\x8d!\x00\x80\xfd\r\x84\x8aS\x97\xfd\x1b\x00N\x82\xe1\x04\x9dl\x00\xad\xf0T\x00Z\x92\xb2\a\x96\x85\x00\x89\xcb\x00\xa4\x7f\x0e\x9e\xe0E\x99k\x0e\x88=\x00\xa5\xfc0\x80\x16$\x82#$\x82\x17,\x83p+\x9b\x10\x04\x00f\x82-,\x011f\x80B.\x01mm\x84X)\x80a\x00\x81\xa0!\x9b\xda!\x99K\x1e\x82T\x02\x82\xda\x00\x93\x10\x01\x86\xa2\x01\x80\x1f.\x8f;\x00\x9c\x10\x01\x82=\x00\x89\x10\x01\xae\xc2)\x00e\x82Z*\x81\xf4\x00\x91\xc2)\x97\x7f\x00\x85\xa9\x02\x89}\x00\x80\xd2`\x87\x1a\a\x97v\x05\x02a9f\x82\x9b \x01((\x811\x00\x02^1)\x80u\x00\x002\x97k\x00\x81\xfc\x03\x82\x8aY\xba\x84\x18\xa4\x8dA\x9a\x84\x18\x80R\x03\xa2\x89\x00\xaekX\xad\x89\x00\x01hl\x80\x1f\x00\xa9\xfa\x11\x88\xbe\x17\x80C\a\x83{$\x02(64\x81\r/\x81~\x01\x81\xf3\x01\x02(63\x85\x0f\x00\x83\xf8\x02\x8d\x8f\x00\x84J1\xaa\xa6\x00\xab^\"\xad\xa6\x00\x97{\x00\x81Ke\xb4{\x00\x81d\b\x00f\x82\xd3,\x83\x05\x04\x80\x842\x96\v\a\x90CY\x89p\x00\x02mod\x82sU\xad\xaa\x1a\x92\x87\x06\x91\xaa\x1a\x8b|W\x000\x83\x82T\x80\xfe\x04\x81y\x00\x9b\xfa\b\x03b098\x80\xe0'\x96\xfa\b\x81\x838\x03From\x80\xb6V\x02cc(\x80\xed\x03\x00c\x84\xec6\x87\x91-\x83\x15\x00\x82)\x13\x009\x85.'\x82G-\x87r\x0e\x88\"\x00\x85{\x05\x82\"\x00\x87u\x0e\x88\"\x00\x85\xad\t\x82\"\x00\x80\xd2\x0e\x8f\"\x00\x85\xe5^\x82\"\x00\x83\x9a\x0e\x8c\"\x00\x85\x8e\n\x82\"\x00\x009\x91\"\x00\x007\x89\"\x00\x008\x91\"\x00\x89\xbf7\x80\x13P\x91#\x00\x85\xdf\v\x83#\x00\x92\xac\x00\x00f\x8a#\x00\x85G\x0f\x83\x0e\x00\x000\x99\xd5\x05\x87-X\x8a\xf8\x0f\x87\x82\x01\x95Y\a\x94p\x04\x96\xc7\\\x82\xae\x05\x8c\xb7)\x90\xf7\x01\x9a\xa5\b\x81D\x00\x9b\x1c'\x9f\xa9\b\x97\xd2N\x99\x80\b\x826\x00\x9f\x8b\x05\x98]\x00\x98\xbb\x04\x826\x00\x9f\xe2\n\x98]\x00\x98\xaf \x81\x9e\x1c\xa0\x16\x01\x96\xc4\x1c\x99\x15\x01\x805\x00\xa0\x14\x01\x9a\x17b\x99\xd5\x1d\xb8[\x00\x99\x11\x01\x80G\x01Ź'\x97n\t\x97\xad\x01\x99g\t\x820\f\x03Slic\x81\\m\x8di*\xa3\xea*\xa3:\x1b\xad=\x00\x87\t\x1b\x00-\xb1\x86e\x87$\x1c\x00-\x81\xd2S\x99\xfe\x00\x01Al\x86+\x13\x001\xec+\x13\x90\"\r\xb8+\x13\x97w\x15\x8e\x14\x14\xffy\x15\xc9y\x15\x95_\x01\x94y\x15\xb8c\x01\x9aZ\x13\x80K\x11\xa6\xc6\v\xaf\x86F\x98u\x00\x9fn\x05\x9au\x00\x95\xb2\v\x98u\x00\x00m\x80i7\xab\xa2\v\xb3\xd5\x04\x92\x8a7\x8e=\x00\x84<\v\xbf\xd3\v\x84Wo\x9bL\x01\x8d\xbcr\x00b\x81\x9ea\x96$\x00\x03a8c1\x83\x04s\x94t\x00\x82\x88B\xa5r\x00\x03d65f\x81p\x14\x97\xb8\x0e\x87\x18W\x8a7\x0f\x82\x00G\xa7\xda=\x88\xe4\x00\x83\xa9\f\x89\x04F\x82M\x02\x88F=\x82]\x00\x96\x92\x00\x87xqÑ\x00\x001\xbd\x91\x00\x89\x7fD\x92\x93\x00\x8c\xe9\x0f\xa9\x9d\x00\x005\x84\x9d\x00\x00|\x839\n\xb53\x01\x00z\x9e2\x01\x98\xd4\x00\x84+\x00\x99b\x13\x01Jn\xc3b\x00\x82\"\x04"
const compilerSourceData17Chunk0 = "9package main\n\nconst renvoAarch64ELFCodeOffset = 0xb0\n\nfunc\x83'\x00\x06Compile\x84.\x00\x10(input []int, out\x81\x0e\x00\x82\f\x00\x00a\x80.\x00\x04aSize\x81\x0f\x00\x00)\x81\x05\x00\v {\n\tsourceCa\x80\x86\x00\fity := 589824\x80\x1a\x00\x01rc\x81\x0f\x00\x0fmake([]byte, 0, \x8b1\x00\a)\n\tfor i\x81*\x00\x010;\x80\b\x00\x04< len\x83\x85\x00\x00)\x80\x10\x00\x01++\x81e\x00\x82L\x00\x00=\x83\xaf\x00\x06ReadAll\x83#\x00\x02[i]\x80R\x00\x01rc\x80G\x00\x84$\x00\x06append(\x80\r\x00\x05, '\\n'\x80\x1a\x00\n}\n\tvar prog\x83C\x00\x00P\x80\n\x00\x04ram\n\t\x82\x13\x00\x84X\x00\x04Parse\x84\x1a\x00\x81?\x00\x809\x00\x03if !\x81#\x00\x02.ok\x82\x86\x00\areturn 1\x86S\x00\x03meta\x83>\x00\x00M\x80\n\x00\x00\n\x80!\x00\x80\v\x00\x04Build\x81\x10\x00\x05Into(&\x81A\x00\x02, &\x81+\x00\x84S\x00\x81\v\x00\x92S\x00\x82\x19\x00\x87g\x01\x86\xf1\x00\x05solveA\x85\x18\x00\x00(\x82\x16\x00\x04Targe\x89\x96\x01\x80]\x00\x81\x93\x00\x04resul\x84\x01\x02\x84\xda\x01\x80A\x00\x80\x13\x00\x81\x9e\x00\x82\x1b\x00\x84W\x00\x02Try\x84 \x00\x05Scalar\x84\xfb\x00\x84\a\x02\x06Scratch\x90\xbf\x00\x83F\x00\x85\xc0\x00\x01da\x80\x02\x01\x80\xbc\x01\x84\x16\x00\x81\x0f\x00\x80\x16\x00\x82'\x00\x80d\x00\x04Fixed\x83\xaa\x00\x01 =\x80\xe1\x01\x823\x00\x834\x00\x84\x86\x00\x84\x83\x00\x00O\x82h\x02\x00D\x80\x19\x00\x00(\x81\x1e\x00\x00,\x84\xa3\x00\x82:\x00\x81\xdc\x01\x80\x1d\x01\x06\twrite(\x83\x92\x02\x01, \x83'\x00\x01-1\x81\x1e\x00\x84E\x01\x000\x82E\x01\x84\xe2\x01\x80\x9f\x02\x04Err(\"\x82\x0f\x00\x02: c\x82h\x00\aation fa\x80r\x00\x03d\\n\"\x80<\x00\x86\x80\x01\x00}\x89\x13\x03\x9b\x1c\x01\x03(p *\x89H\x02\x00,\x83\b\x02\x83\x14\x00\x81\xf9\x01\x00)\x90\x7f\x01\x81\xfb\x00\x84m\x00\xa8\x7f\x01\x00p\x83\\\x00\x00)\xa9\x9f\x00\x86<\x00\xb4\xa6\x00\x03sess\x81'\x01\x82\xd6\x01\x81\xd0\x02\x03egin\x93\b\x01\x85\x9e\x00\x81\xf1\x01\x857\x00\x80\xe8\x01\x02nil\x89\xdd\x02\x8fg\x00\x00{\x80\xa8\x01\x80\x03\x00\x81\xfa\x03\x00!\x848\x00\x04.step\x85\xbb\x00\x0264)\x81A\x00\x82\xce\x01\x82C\x00\x85%\x00\x83g\x02\xa9\x0e\x01\x05Cached\xff\r\x01\xaf\r\x01\x84\xba\x00\xa0\f\x01\x03type\x8a\xf3\x05\x84\x9b\x00\x00S\x84\x86\x00\x04struc\x82\xcf\x00\x82\xf1\x04\x83\x01\x00\x8a\x10\x01\x04\n\tgen\x84\x19\x00\x83J\x00\x14LinearGen\n\tqueueIndex\x81\xf5\x05\x05\n\tdone\x84+\x00\x03bool\x86Y\x04\x86<\x00\x8bx\x04\x8a\xad\x01\x98@\x01\x9e\xa2\x01\x83\f\x00\x93\xe3\x00\x80\xdc\x00\x80\xfa\x05\x83\xa5\x00\x80\xac\x01\x00-\x80Q\x05\x91X\x06\x82b\x05\x81\x8e\x00\x00s\x88]\x06\x85\xae\x04\x00B\x80\xa3\x06\tsEqualText\x83,\x00\x82\xff\x05\x82M\x06\x87;\x00\x80u\x06\b.nameStar\x80\x8a\x04\x8f\x19\x00\x05End, \"\x80\x90\x00\x00M\x80\x93\a\x00\"\x82\xbf\x01\x00\t\x87\x9f\x00\x02= i\x83\xd2\x04\x80\x03\x00\x80{\x00\x86\x18\x00\x00<\x84 \x05\x84\xe7\x01\x808\x02\x82#\x00\x88\x82\x02\x00&\x97\x01\x01\x00{\x81\xa9\x00\x02: p\x801\x00\x00g\x82+\x00\x85&\x02\x80\xd8\x01\x80\x13\x00\x00.\x81\x1b\a\x82\xa9\x00\x00c\x81\x0e\x00\x84\xf8\x06\x00p\x81\f\x00\x82g\x01\x83\x1d\x00\x81\x0f\x00\x89\x7f\x06\x8b\x90\x06\x80b\x01\x82Z\x00\x80$\x00\x00s\x801\x02\x83\x8c\x00\rsmInitWithCont\x817\x01\x80\x96\x05\x80o\x00\x80\a\x03\x80l\x00\x89w\b\x96\x93\b\x82\x06\x01\x80K\x01\x80\xeb\x05\bIsWindows\x83}\x01\x00c\x80\xe4\x02\x86\a\x06\x01OS\x83I\x01\x91W\x00\x806\x00\x02Sec\x81\xdd\x05\x02RVA\x85Y\x01\x85S\x00\x04Darwi\x84\xfb\x01\xa6R\x00\x835\x00\x02Arm\x80B\x04\x88\xaa\x00\x82\xc0\a\x83\x81\a\x8e\xdc\x06\x01&&\x84b\x01\x06.emitIm\x80\x94\t\x84\xfb\x01\x00g\x80\x18\a\x81O\x00\x04Entry\x80K\x00\x81\xa7\b\x03.bss\x83V\x01\x81\x81\x00\x84\r\x00\x03 += \x81;\t\x81\x05\x02\x87.\x01\x80e\x01\bMovRegAbs\x81_\x01\x009\x81b\x01\x8bR\x00\x841\a\x80!\x00\x06BssRelo\x82\x12\t\x8dF\x00\x03Stor\x80\x96\x03\x03gMem\x81H\x00\x80\x8d\t\x80K\x00\x80\x06\x00\x008\xa0-\x00\x001\x82-\x00\x008\xa3-\x00\x002\x82-\x00\x0116\x84.\x00\x86\xec\x02\x8e9\x01\x00!\x85\x15\b\x00g\x82B\x03\x05Labels\x81z\x02\x835\n\x82x\n\x80\xa1\x00\x8c\xbb\x03\x83\xd4\t\xa6\xe0\x03\x00l\x81V\x00\x86\xc2\x05\x80\xae\x00\x02New\x82j\x00\x00(\x81\xae\x05\x8d{\x00\x84A\n\x89\x16\x00\x80\x81\x00\x81\b\x00\x83w\x00\x82E\x00\x81\xf5\x02\x00F\x80 \x00\x00Q\x81\x1b\x05\x00(\x80!\t\x8f\xa2\x00\x88F\x05\x03Mark\x81.\x00\x81)\x00\x85\xef\x03\x85M\t\xa4J\x02\x82\xc9\x00\v// Give the \x80C\x05\x80\x95\x00\x00l\x80\x8d\v\x82\x1f\x00\x00e\x81\t\x02\n a normal f\x80\x1a\x04\x04e and\x80\xf6\n\x03eser\x805\x00\x04its f\x80|\v\x83H\x00\x1cABI words across runtime/glob\x80A\x00\x00i\x80\xe1\x00\x04ializ\x823\t\x00.\x82\x97\x04\x8a\xf2\x01\x00E\x80\x9a\x00\x82E\x02\bxa9bf7bfd\x83\x8a\t\x94%\x00\x05910003\x92%\x00\x02Add\x80:\x02\x01Im\x82:\x02\x003\x80h\x02\x81\x04\x00\x02-32\x90+\x00\x8f\xc1\x02\x81,\x00\x85\xc2\x02\x9e\xc1\x02\x81-\x00\x85\xc2\x02\x9e\xc1\x02\x81-\x00\x86\xc2\x02\x9b.\x00\x003\x83.\x00\x0124\x83.\x00\x85%\x02\x81\xfe\x00\x04Persi\x80\xce\a\x01nt\x82\xc0\v\x81\xbd\f\x02y(g\x84\t\f\x88#\x02\x81Q\x02\x00G\x82{\x01\x00s\x80\x1f\x00\x91\b\x06\x82\xe2\x01\x01OK\x81\xc8\x02\x00f\x80&\x00\x809\x04\xae@\x02\x85C\x00\x84\n\x03\x81\xa0\x00\x82\x1d\x00\x82F\x04\x03Args\x85\x8c\a\x8b\xa8\x02\x01} \x80\x04\x03\x80A\x02\xa9\xa6\x05\x90k\x00\x84\xb1\x06\x86m\x00\x84E\x00\x82d\x05\x9er\x00\x9e\xc5\x05\xa0q\x00\x88\xd4\x05\x93p\x00\xa4H\x00\x94&\x01\x83\xd4\x01\x85@\x00\x90\xc2\x01\x85\x7f\x04\x00C\x80\xbb\x03\x84\x80\x04\x81\xca\x05\x87h\x04\x00[\x85O\x00\x00]\x89!\x02\x88\x83\x00\tPanicCheck\x94%\x02\xae\x13\x02\x85\x94\x00\x04Leave\x83\x10\x05\x85\x13\x00\x01Re\x80\xbc\x03\xb4\xff\x01\x92\xbf\x06\x80\x03\x00\x84\xb6\x03\x89\x1f\x00\x81\x19\x00\x00a\x81A\x01\x835\x00\x80\\\x00\x83v\a\x80%\x01\x04Impor\x82A\x04\x85\x1b\x00\x83\x12\x00\x01Ex\x82\x12\x01\x00c\x80\xe3\b\xa3\xb1\x00\x9e>\x02\xb7\xb0\x00\x89)\b\x8f\xb3\x00\x83\x1e\x00\x87\xb6\x00\x98\xaf\x00\x89\x8e\x01\x03Copy\x80\xc3\x0e\x05maryTo\x81W\x00\x00W\x80\xab\x05\x000\x8b\x9f\x01\x84 \x00\x848\x05\x0193\x89\x1c\x00\x02Sys\x81 \x06\x83_\x00\x8d9\f\x8b\x91\v\x98\x05\x04\x84q\v\x86\n\f\x87\xef\x02\x83\x02\x12\x81\xfd\v\x84y\v\x84\x19\n\x88\v\v\x86\xcb\x02\x85\xe5\n\x84\xb0\f\x00T\x81\xac\f\x82\xf7\a\x80\x93\x02\x83\xe1\x02\x81\x13\x00\x01Is\x80.\x11\x80u\a\x81B\x00\x82h\x00\x88/\x00\x8a\xea\x02\x84\xfc\x04\x86O\x03\x86\xb4\x01\x02Loa\x81H\x06\x81\x93\x05\x83\xa3\n\x8d \x06\x9f0\x00\x8b#\x06\x9f0\x00\x8c&\x06\x9f1\x00\x8c)\x06\x84\x19\x01\x01pa\x80\xdb\x03\x01Co\x80\x81\a\x87%\x11\x84\xee\x00\x80\xb9\r\x83\xed\x00\x8f+\x00\x05> 2 ||\x8aC\x01\x01St\x80\xf7\x10\x04gSlic\x80\x94\b\x84K\x01\x84\x95\x01\x829\x00\x82\x96\x01\x05.first\x80\xee\x12\x03am].\x80:\x0e\x94^\x01\x80$\b\x00N\x80\xfc\a\x809\b\x83[\b\x801\b\x04: X0=\x807\x03\x80O\x03\x81Z\x00\x01X1\x82\r\x00\x00L\x81\x19\x02\x02X2=\x80\x87\x00\x82\x18\x00\x82;\x00\x01X3\x81\x10\x00\x80\x1b\x00\x02. R\x81\xa0\x00\x01 s\x81\x95\x00\x84r\b\x00u\x80\xee\x02\aX3/X4/X1\x82\xa4\b\aX2/X5/X6\x80g\b\x92\x13\x01\x002\x85\xa7\r\xb9\xed\x00\x01+1\x88\xef\x00\x8c\xf0\x00\x82`\x12\x96\x04\x04\x85\xbe\x01\x8d\x06\x04\x80(\x02\x88v\x03\xa89\x00\x80\x1c\v\x819\x00\x8f\xc4\x02\x9f;\x00\x01di\x80\xd0\x02\x8fl\x02\x9f9\x00\x00s\x809\x00\x81-\x13\x89Y\x02\x85\t\x04\x01(s\x99\\\x0f\x00)\x80@\x10\x02ep(\x81*\x00\x81\f\n\x01Li\x802\x04\x8b\x01\x04\x85`\x04\x89\xb7\x10\x8a/\x00\x87\xc0\x12\xa1k\x00\x85\x06\x12\x98r\x00\x81c\x11\x85]\x11\x80\x05\x03\x01s.\x82\x94\x10\x949\x03\x8bH\x00\x02< 1\x82)\x00\x8b\x16\x00\x00=\x84\x83\x15\x81\x1e\a\x02ted\x82W\f\x83c\f\x01s.\x88\x00\x11\x83f\f\x00s\x81V\x0f\x82\xe8\x04\x82\x00\f\x00)\x81\xcb\x04\x859\x00\x00<\x8co\x00\x82\xba\x02\x81O\x00\x8c5\x00\x00[\x89X\x00\x80%\x05\x00\t\x89\x10\x00\x01++\x81\x8a\b\x83R\x00\x82\f\x00\x8a\r\b\x83?\x11\x81Q\f\x81g\x00\x86\xaa\x15\x82a\x00\x02, i\x8b\xe2\x02\x01s.\x81\xef\x14\x85-\x00\x01(i\x87\x90\r\x87!\x00\x80\xed\v\x02shS\x81\xe5\x01\xab\xa9\x01\x91\xeb\x01\xff\xa8\x01\xff\xa8\x01\x92\xa8\x01\x02Obj\x80\xa3\x10\x843\x01\xec\xad\x01\x8bV\x00\x8e\xa3\x01\x8c'\t\x83\x02\x01\x97(\t\x8e]\x17\x83Q\x17\x02 to\x82^\x01\x86Y\x01\x00 \x81a\x17\x84\xb7\x17\x80+\a\x00s\x86M\x13\x80T\x01\x81b\x00\x94R\x13\x00:\x95\x1e\x00\x80W\x13\x80\xee\x19\x85\xf3\x17\x8a\x89\x00\x83\xcd\x17\x81.\x13\x83b\x02\x00=\x84Y\x02\xb1\xee\x04\x89b\x01\x8a\xc9\x02\xa0a\x02\x92K\a\x837\x13\x83,\x00\x82;\x13\x875\x19\x84C\x13\x81\x80\t\x85w\t\x84B\x16\x8dl\v\x98\x95\x01\x89P\x19\x85N\x00\x8a]\r\x9a\x15\v\xacY\x00\x89E\r\x84_\n\x00s\x84\xac\t\x82\xfe\x19\x800\x00\x83\x05\x1a\x86\x16\x00\x80*\x1a\x85\x8f\x01\x9a\x9e\x01\x87\x94\n\x87\xd8\x06\x00F\x81\xc8\x10\x82\x16\x02\x00(\x85\f\x16\x80\x16\x00\x86}\x1c\x01at\x81G\x01\x81\x8a\x01\x83\xc4\x13\x80\x90\x00\x00c\x825\b\x80\x16\x00\x002\x83M\b\x8d\xda\x00\x81\x8e\x04\x82\x11\x00\x01OS\x84$\x01\x85[\x11\x85\x0f\x00\x04requi\x80\xbc\x00\x03 eve\x80\xf9\b\x80k\x00\x81@\x11\x00n\x80m\b\x01 p\x817\r\x80\xe7\x02\x00b\x81\x06\x00\x00u\x81\xca\x03\x02 wh\x809\x17\x00a\x83q\x11\x83H\x00\x82P\x11\x80?\x00\x05a guar\x80\x82\x11\x805\x00\x02. T\x81\xb4\x11\x80\x18\x17\x00a\x80\x89\x17\x03loop\x80\x17\x00\x80\xb6\x05\x80A\x00\x80\xf9\r\x03ow h\x80\b\t\x00l\x815\x00\x80\xae\x15\x81E\x00\x05arbitr\x80\xe0\v\x81\xe9\x11\x01cu\x80\xba\x1a\x80+\x00\x83\xd6\x11\x00w\x80m\x15\x80\x06\x1b\x81s\x1b\x80\x99\x00\x81\x97\x00\x81T\x01\x80\\\x03\x80\x96\x00\x01pe\x80\xe8\x1c\x81p\x00\x80F\x00\x83\n\x01\x02= 8\x92.\x13\x82\x1e\x00\x87$\x13\x96\xb9\x11\td503201f) \x80\x96\x00\x01no\x803\x16\x87\x8e\x04\x00a\x8c\xdd\x17\x87@\x00\x00P\x81\xdd\x00\x82\xbd\x01\x89\xb8\x01\x80\xd9\v\x84L\x1e\x01st\x80\xb5\x1e\x01Us\x80\xd4\x00\x82\x8c\x04\x80\x82\x00\x83\xdc\x00\x86\x15\x03\x06lignVal\x80]\x13\x86+\x00\x81i\v\x845\v\xa4\xd5\x01\x81\n\x01\x00s\x821\x11\x82]\x00\x05/ 4096\x80\x18\x00\x00t\x80\xb0\x04\x87\x17\x00\x00%\x85\x17\x00\x81\x83\x06\x82\x12\x00\x87\xab\x1c\x83\xe9\x00\x84!\n\x80\x01\x01\x05movz x\x80\xc0\t\x00#\x82\\\x00\x86\x89\x04\x04ut32A\x802\x01\x82\x86\x02\x81\xe7\x00\x82;\x01\x0128\x80\xf5\x12\x0309|(\x82-\x00\x02<<5\x81\x18\x14\x82#\x02\x00b\x83F\x00\x82\x89\x00\x01(f\x81f\v\x00i\x80\xb7\x1f\x81\xa6\x19\x80\x83\x04\x81\xa8\x13\x01rw\x80;\x02\x87\xe9\x04\x8e`\x00\x00+\x80C\f\x80\xc9\x1f\x004\x81a\x00\x01a9\x84W\x00\x81X\x02\x06: sub s\x80\x8e\x1a\x81\x04\x00\x00#\x80n\f\x02lsl\x80\b\x00\x012;\x83\xb3\x02\x82=\x14\x02new\x86'\x02\x95a\x00\x80\xde\n\x80\xc3\x00\x001\x80b\x00\x027ff\x99\x8a\x00\x001\x80\xdc\x05\x030xf9\x82\xe1\x13\x82*\x00\x80\x8b\x00\x80\x85\x00\x00s\x82\xe3\x00\x82-\x01\x041; b.\x80\xa5\x02\x82\xf9\x02\x04(thre\x8c\xf1\x00\x00b\x80\xe4\x01\x00)\x99\x8e\x00\x81d\r\x80e\x00\x81F\x14\x0152\x82\xf0\x00\x95*\x00\x002\x80\xef\r\x040x54f\x80\x01\x00\x00a\x82,\x06\x82\xf4\x04\x80i\x01\x00>\x87\xd6\x01\x94;\x00\x82U\x01\x00d\x83\xab\x14\x02f|(\x816\x00\x03<<10\x82\xb7\x01\x976\x00\x82*\x01\x89\x00\x01\x83N\f\x83:\x02\x80\f\x00\x03high\x8f\x86\x02\x81\xf6\x03\x8e\x84\x02\x80\xab\x00\x82.\x00\x85\xab\x00\x99^\x02\x81\x9b\x01\x82\xa7\x00\x812\x00\x85\xa7\x00\x83J\t\x81\\\x00\x9cC\x00\x83A\x02\x87\xec\x00\x803\x00\x87D\x00\x01}\n"
const compilerSourceData18Chunk0 = "4package main\n\nfunc renvoArmEnsureWideBinaryHelper(g *\x82\"\x00\x11LinearGen) int {\n\t\x82\x17\x00\x10NonNil(g)\n\tif g.w\x86@\x00\bLabel > 0\x81,\x00\x80-\x00\x03turn\x90!\x00\b- 1\n\t}\n\tl\x82\x0e\x00\x01:=\x84\x90\x00\x04smNew\x82\"\x00\x06(&g.asm\x80a\x00\x8f=\x00\x01= \x837\x00\x00+\x81E\x00\x04after\x9bB\x00\x85\x1a\x00\x06JmpMark\x89\x1e\x00\x01, \x82@\x00\x00,\x83R\x00\x88,\x00\aEmitText\x86(\x00\x04\"\\x0d\x80\x04\x00\x030\\x5\x80\x04\x00\x01e3\x80\f\x00\x008\x83\x10\x00\x81\x04\x00\x011a\x84\b\x00\x80\x04\x00\x0194\x80 \x00\x005\x80\x10\x00\x80\b\x00\x002\x89\x10\x00\x80\f\x00\x006\x81\x10\x00\x80\f\x00\x85 \x00\x007\x89\x10\x00\x006\x83@\x00\x01c1\x80\x10\x00\x80\x04\x00\x0107\x83@\x00\x01c2\x84\x10\x00\x84`\x00\x008\x80|\x00\x89`\x00\x85\x10\x00\x051e\\xff\x80\x14\x00\x80\x04\x00\x820\x00\x80\x10\x00\x8a\xb0\x00\x84\xac\x00\x81\x04\x00\x00b\x80\xb0\x00\x81\x98\x00\x85\x10\x00\x00e\x84\xc0\x00\x95\xe0\x00\x000\x81 \x00\x84\x84\x00\x86 \x00\x80h\x00\x8a \x00\x80\xa8\x00\x89 \x00\x001\x80\xd0\x00\x8a \x00\x84\x10\x00\x85 \x00\x005\x840\x00\x81\x04\x00\x00d\x81 \x00\x009\x8b \x00\x81\xc8\x00\x89 \x00\x011b\x8f\xb0\x00\x8ap\x01\x80\f\x00\x82p\x01\x85P\x01\x80`\x00\x82 \x00\x81P\x01\x85\xa8\x01\x8c@\x01\x92\xb0\x01\x8c@\x00\x00a\x85@\x00\x840\x00\x96p\x01\xa4\x90\x00\x005\xbc\x90\x00\x82 \x02\xa4\x90\x00\x82p\x02\x88\x90\x00\x89p\x02\x009\x81p\x02\x80d\x02\x008\x81`\x02\x84P\x00\x008\x880\x00\x009\x80\x00\x02\x002\x81\x84\x02\x8d \x00\x88@\x00\x002\x81$\x00\x85 \x00\xad\xa0\x02\xbd0\x03\x84\x04\x02\x86\x90\x02\x88\xd0\x02\x82\x1c\x00\x840\x02\x86 \x00\x84T\x00\x89\x90\x02\x81\x80\x00\x002\x85P\x01\x84p\x03\x89\xf0\x00\x8ap\x02\x840\x00\x81\b\x03\x890\x00\x81\x98\x01\x82\x10\x00\x84\xd4\x00\x8d0\x00\x008\x8c\xd0\x03\x82p\x01\xb1\xd0\x03\xbd0\x01\x84\x9c\x00\x005\x80\x88\x00\x81\x10\x01\x004\x840\x00\x00a\x81X\x00\x84\x10\x00\x82 \x00\x80\xb8\x00\x8d \x00\x81\x94\x00\x8d\xa0\x03\x85\x10\x05\x86P\x01\x840\x04\x96p\x01\x8c`\x00\x8e@\x04\x80\xe4\x00\x8a\xb0\x03\x80(\x01\x81\xe0\x00\x00a\x88`\x01\x81\x90\x00\x004\x81@\x00\x80\x14\x00\x00f\x80\x90\x00\x81 \x01\x81\x04\x00\x8a\xc0\x04\x85`\x00\x84\xb0\x00\x85`\x00\x81H\x00\x81P\x00\x00b\x81\xa0\x00\x81L\x00\x84p\x00\x81\xe0\x00\x82`\x01\xad`\x00\x89T\x05\x80 \x00\x81\xa8\x05\xbd`\x00\xaa\x10\x02\x80@\x00\x81\xa4\x01\x002\x80\x88\x01\x00e\x88\xec\x00\x89 \x02\x8d\x90\x04\x99 \x02\x81X\x04\x004\x80\\\x00\x85\xb0\x00\x00c\x80(\x02\x005\x88\x10\x00\x81@\x00\x81\f\x00\x009\x81p\x00\x81@\x00\x84T\x00\x005\x80\xbc\x00\x82\x10\x01\x800\x00\x89`\x06\x85@\x03\x81\xc4\x00\x89\xb0\x04\x86p\x03\x84 \x00\x820\x02\x88 \x00\x86\xe0\x04\x80`\x00\x81\xb0\x00\x002\x810\x01\x84\x10\x00\x81\xb0\x00\x81\x94\x04\x89 \x00\x82\x90\x01\x88 \x00\x81\xb8\x00\x85\x90\x04\x82@\x02\x85\x90\x02\x80\b\x00\x003\x8c\x10\x00\x81\xd0\x04\x89\x10\x00\x009\x88\x10\x00\x81\\\x01\x81\f\x00\x89 \x00\x85$\x00\x85\x90\x02\x81\xb0\x00\x00b\x85\xb0\x00\x80\x00\x03\x81P\x00\x00b\x80\b\x00\x82\x10\x00\x80\x94\x01\x82P\x00\x80\b\x00\x89\xd0\x02\x009\x85\xd0\x02\x80T\x00\x82\x90\x00\x81\xe0\x01\x81\x10\x00\x84@\x01\x005\x810\x00\x81p\x01\x88@\x03\x003\x88\x80\a\x82\xb8\x00\x89P\a\x81p\x00\x81\x1c\x00\x88P\a\x820\x00\x80 \x00\x81\x90\x00\x82 \x00\x84`\x00\x81\x90\x00\x00c\x85\x90\x00\x804\x00\x86\x90\x04\x81\xe0\x00\x80\x10\x00\x81\xec\x00\x82\xd0\x01\x81\x14\x00\x84\x9c\x02\x81\x04\x00\x85\xe0\b\x82\x00\x01\x85\x00\x02\x85`\x02\x85\x10\x00\x88\xa4\x04\x8d\x10\x02\x82\xe0\x03\x85\x14\a\x81\x90\x02\x88\xa0\x01\x89@\x06\x81\x10\x01\x002\x85\x10\x01\x84 \x00\x81(\b\x89 \x00\x00c\x8c \x00\x82`\x05\x84\x90\x00\x81 \x00\x86\x10\x00\x88@\x01\x82`\x03\x84\xc0\x06\x81\xb4\x06\x85p\x02\x81\x10\x01\x002\x85\x10\x01\x84 \x00\x860\x01\x84 \x00\x860\x01\x840\x02\x89p\x00\x81 \x00\x86\x10\x00\x80(\x00\x82\x00\x02\x81\x10\x01\x81\f\x05\x84\x80\t\x81H\x02\x81P\x01\xa1\xe0\a\x82\xd0\x01\x850\x06\x88t\x01\x92`\n\x84\x00\x01\x95@\x00\x82\xac\x06\x8c@\x00\x89\xa0\x05\x002\x8d\xa0\x05\x8c\xe0\t\x81\xa8\x03\x91 \x00\x85\xe0\x01\x89 \x00\x81`\x00\x81\xa0\x04\x8ap\x01\x8cP\x00\x89 \x00\x91\x10\n\x89\xc0\x02\x002\x89P\n\x90\xd0\x00\x82`\x04\x88`\n\x82p\x00\x8d@\x01\x88\xa0\x06\x82\x10\x03\x88\xc4\x03\x92\xa0\x00\x8d@\b\x8dP\x00\x88\x10\v\x82P\x00\x89\xc0\x04\x81@\x00\x88\xa0\x00\x89\xf0\x02\x86\xe0\x00\x8d\x00\x01\x8d0\a\x00c\x8c \x00\x8dp\a\x88\xc4\x01\x82\f\x00\x88`\x03\x8a\x00\x01\x850\x00\x8d\x80\x03\x84\x00\x01\x99\x10\t\x8a \x00\x8c\xe0\x06\x86\xa0\x04\x85 \x00\x8d \x02\x84\f\x00\x850\x05\x8e\xb0\x06\x88D\x06\x8f \x00\x00\"\x88~\r\x94\xa7\r\x82\"\x00\x82R\x0e\x82\xaf\r\x01\n}\x96\xcd\x0e\x06Compare\xb7\xce\x0e\x84A\x00\x98\xcf\x0e\x8a\"\x00\xae\xd0\x0e\x8a>\x00\xf6\xd1\x0e\xff\x91\x04\xff\x91\x04\xff\x91\x04\xff\x91\x04\xff\x91\x04\xff\x91\x04ґ\x04\x80u\x03\x81\x8f\x04\x83\x88\x04\x02Cal\x80f\x04\x8d\x8c\x04\x05, dest\x81\x91\x04\x80\xb5\x03\x01ef\x84\n\x00\x03righ\x84\v\x00\x03mode\x84\x1f\x00\x82&\x04\x80\v\x00\x00)\x81\x8f\x04\x00a\x81%\x04\x83\x8f\x00\x85\xa9\x00\x01rm\x80\xac\x00\aLeaRegSt\x80\xf5\x13\x01(a\x80J\x00\x84\x1a\x00\x80\x14\x00\x02Rdi\x83n\x00\x86\xda\x00\x9d1\x00\x00s\x801\x00\x81\x95\x00\xa61\x00\x008\x84\xbb\x00\x88<\x01\x03Prim\x80\xbc\x13\x02Imm\x81-\x00\x81\xce\x00\x88\x1d\x00\x81\x14\x01\x83Y\x01\x80\x1c\x00\x84\xb4\x04\x95F\x01\x83\x04\x14\x83w\x00\xb7G\x01\x82<\x01\x90\xf8\x05\x82 \x00\x06>= 3 &&\x83\r\x00\x03<= 6\x82\xf8\x05\x06nonzero\x9b\x95\x05\x86\xd3\x00\x03Load\x84\xf4\x00\x83\xac\x00\x853\x02\x82\x8d\x00\x04-g.c.\x83\x7f\x00\nativeIntSiz\x81\x13\x01\x87\xd7\x05\x01nz\x84@\x00\x86;\x00\x84\x82\x00\xa7g\x00\x86*\x00\x81=\x01\x06Runtime\x83\xf0\x00\x85[\x00\x81\xf7\x00\x98\xe0\x02\x87r\x00\x80\xd7\x06\x99\xd0\x02\x83y\x01\x83u\x01\x84}\x00\x83m\x01\x87\x19\x02\x95e\x16\x00)\x97\xec\x01\x84 \a\x96\xed\x01\xaf\xe3\x01\xb0/\x03\xeb\xfe\x02\x9e\xc6\b\x83/\x01\x02con\x80\xe8\x02\x89v\x00\x01ax\x80B\b\x000\x90\x19\x00\x00d\x81\x19\x00\x001\x90\x19\x00\x00c\x81\x19\x00\x002\x912\x00\x00i\x80\x19\x00\x003\x90\x19\x00\x00s\x81\x19\x00\x004\x90\x19\x00\x008\x80\x18\x00\x005\x90\x18\x00\x009\x80\x18\x00\x006\x8f\x18\x00\x02Sys\x80\x19\x00\x007\x901\x00\x0110\x80\x19\x00\x008\x8f\x19\x00\x02Tmp\x80\x19\x00\x009\x92\x19\x00\x002\x81\xe0\x00\x90\xfa\x00\x00F\x813\x00\x001\x90\xfa\x00\x03Addr\x81\x1b\x00\x90\xfc\x00\x00S\x824\x00\x90\xfc\x00\x00L\x822\x00\x004\x90\xa9\x02\bCopyBytes\x91\xa2\x02\x05srcPtr\x83\x99\x02\x81\"\x03\x86\r\x00\x00b\x802\x00\x01Co\x80\x93\x03\x99\xca\x05\x90\xe0\x03\x80#\x02\x83T\x00\x88A\x02\x81%\x00\x01Se\x80\xb3\x00\x00d\x89'\x00\x84o\x00\x8c(\x00\x04Terti\x89'\x00\x86\x89\x00\x91'\n\x80 \x00\x81\"\n\x85\xa2\t\x85r\b\x89\a\x11\x88\xe2\a\x81\xf7\x0e\x85\xe3\x10\x86\xf3\x14\x85\x9a\b\x84\x1c\x00\x8dR\t\x89\xf2\b\x86#\x0f\x84V\t\x004\x81@\x00\x84\x10\x00\x8d\xb3\x11\x82\x90\x00\x85\xb3\x10\x8d2\b\x88\xd7\x11\x85c\x11\x8d\x90\x00\x81\xb3\x0f\x00d\x81 \x00\x84<\x00\x82\xe3\x0f\x85\xc3\x0f\x84\x13\x11\x004\x81`\x00\x81\xa3\x13\x80b\b\x87\xa3\x13\x80\x12\b\x91\xb0\x04\x06ScalarF\x80\x17\x00\x03tion\x91\f\x02\nfnInfoIndex\x83\xf5\x01\x03bool\x8e\xfa\x01\x05metaFn\x84\x12\x00\x81\r\x00\x00.\x81k\x00\x01s[\x88>\x00\x03]\n\tf\x85\"\x00\x03prog\x84\"\x00\x83:\x00\x04.decl\x85'\x00\x04oldLo\x80\x99\x00\x00s\x81.\x00\x02g.l\x82\f\x00\x87\x17\x00\x83\x81\x02\x87\x1b\x00\x82\x10\x00\x82\x1f\x00\x04Break\x83\x1a\x00\x00b\x81\v\x00\x04Depth\x82\x1a\x00\x01Co\x80G\x06\x02nue\x83\x1d\x00\x80u\x02\x82\x0e\x00\x88 \x00\x01ur\x80\xf9\x00\x84V\x00\x00c\x83\r\x00\x81\x16\x01\x82\x1d\x00\x00R\x82(\t\x04Struc\x84\"\x00\x83:\t\x83\x12\x00\x83@\x00\x01lo\x81\xfa\x04\aEnvOffse\x85I\x00\x8c\x16\x00\x82+\x00\bDeferHead\x89*\x00\x00d\x8b\x15\x00\x87)\x00\x83|\x00\x83l\r\x87*\x00\x88\x16\x00\x89+\x00\x03sult\x8eV\x00\x89\x17\x00\x87-\x00\x01Si\x80\xfc\x03\x88&\x00\x82\x10\x00\x82\x1f\x00\x81\x17\x02\x80\x1e\x01\x00g\x82'\x00\x84#\x00\x00e\x8a\x14\x00\x82'\x00\x10SuppressPanicChec\x84y\x01\x00s\x8e\x18\x00\x83/\x00\x81\xba\x03\x03Used\x84&\x00\x85\x0f\x00\x87\x1d\x00\x00P\x86\xbc\x01\x82\x1d\x00\x81\x0f\x00\x82\x1d\x00\x03Goto\x82\xea\x00\x84\x8c\x00\x00g\x86\x10\x00\x83\x13\x02\aastRange\x83\x14\x01\x854\x02\x8c\x16\x00\x05\n\tvar \x83J\x02\x02 []\x83\xe5\x02\x81\x0e\x00\x81\x9f\x02\x83\x1d\x00\x87X\x00\x85!\x00\x03Glob\x85\"\x00\x84;\x00\x00=\x80\x89\x1e\x02ke(\x8dB\x00\x84\x02\a\x85H\x03\x83\xa7\x02\x04ap(fn\x80\xf9\x06\x00\t\x88Z\x00\x8b@\x00\x87a\x00\x02, 0\x80\x03\x00\x82c\x0f\x86j\x00\x85\xf8\x02\x89\xe7\x02\x82.\a\x80\x12\x00\x8aS\x00\x89\x12\x01\x89\xfa\x02\x85-\x00\x8a\xef\x02\x85\x15\x00\x03pend\x80\xd2\x01\x81\x19\x03\x00r\x80\xd1\x03\x85+\x00\x87\xfb\x02\x80\x13\x00\x88\xbe\x03\x81\x1d\x00\x89\xf6\x02\x861\x00\x8d\xf9\x02\x84\x18\x00\x86\xe1\x01\x8a\x11\x00\x82\xe4\x01\x82\x11\x00\x88\x95\b\x06Align(a\x92\xb3\f\x80\xcb\x05\x83)\x04\x83\xe0\x00\x8aP\x04\x8b\xdb\b\x81\xb7\x02\x81/\x00\x000\x80P\x18\x042d480\x81N\x01\x88 \x00\x02Mov\x81\xab\a\x01eg\x8c\xf9\b\x01Fp\x8a\x0f\x00\x01Sp\x807\x00\tframePatch\x878\v\x82E\x00\x00F\x81\x19\x00\x80\xae\x02\x00r\x80k\x00\x83{\v\x82\x1d\x00\x03Type\x80\xec\x00\x06sHidden\x83q\x03\x00(\x83\b\x05\x808\t\x83\xe1\x04\x80\x14\x03\x80\x16\x00\x81*\x00\x828\a\x8fO\x01\x83g\x00\x01dd\x81#\x00\x83\xe9\x04\x81\xa1\n\x81\x17\x02\x84\xa1\x00\x81\x19\x00\x80s\v\x87\xfc\n\x82\x93\x00\x03Stor\x80\xe6\x02\x975\r\x8bi\x00\x88\x15\v\x80\xd1\n\x00d\x85\xb2\x02\x01Pa\x80\xda\x00\x80\f\b\x8a\xf0\x05\x83\xe2\x00\x00!\x86-\x00\x84\xe5\x04\x80\xd9\x02\x80P\x00\x81:\b\x8b.\x00\x89h\x12\x00f\x80\xba\x02\x00e\x82k\x00\x8aB\x00\x00N\x80?\x01\x80O\x05\x81\n\x01\xad?\x00\x02Pre\x81Q\n\x85\xb1\x00\x84\xb8\x02\x80Z\n\x9c8\x00\x81\x18\x02\x83\xcf\x06\x82\x10\x04\x83v\x00\x03.bod\x81M\b\x03rt+1\x86\x10\x00\x02End\x97M\x00\x8fy\x05\x86[\x13\x81k\x00\x8fr\x04\x82\x1b\x00\x89\xef\x12\x88\xd1\x02\x8dK\x00\x81\xd3\x01\x80g\x00\x8b\xb5\x00\x8c\xea\x00\x06Epilogu\x80\xc1\x00\x83\xa5\x00\x8c\xa6\x00\x81@\x00\x01} \x80#\x03\x80F\f\x97\x90\x00\x82]\x00\x80\n\x03\x85\xc4\x01\x84h\a\x81\x15\x01\x80\x1e\x02\x8a\xca\r\x8b\xfd\v\x81M\x03\x87\x92\t\x03eave\x82\x01\x03\x86\x13\x00\x80e\x00\x82\x11\x00\x88q\r\x81D\x00\x81C\x03\x824\x03\x81D\x00\x87V\x03\x81\x04\x01\x86\x10\x04\x8b\xf5\x04\x86\xfc\a\x8e\xf8\x04\x8a\xff\a\x8e\xe9\x04\x85\xfe\a\x91\xf0\x04\x88\x00\b\x8f\xe4\x04\x87\xfd\a\x90\xe3\x04\x8c\xfd\a\x94\xf1\x04\x90\x00\b\x81*\x00\x8c\xd4\a\x83)\x00\x8c\xfe\a\x86(\x00\x89Y\x02\x87)\x00\x8a\xe8\a\x90\xd0\a\x8a+\x00\x89\xe7\a\x89\xd6\a\x88%\x00\x84\xe6\a\x8d\xd1\a\x83\"\x00\x8b\xf9\a\x82\xb4\x05\x8f\xe4\a\x82*\x00\x8f\xfc\a\x8d\xf3\x05\x89\xf2\a\x8d\xfe\x05\x89\xf1\a\x8e\xcc\x06\x8a\xf1\a\x82\x04\x02\x8d\xc8\x02\x83\n\x02\x8e\xe0\a\x84\x0f\x03\x81\xc7\x02\x8e\xea\n\x82$\x05\x82\xe3\x04\x03Word\x91\xe6\n\x02reg\x83\xe2\f\x00o\x83X\x01\x92\xdf\f\x82\xef\x05\x02g =\x80\xc1\x06\x87N\x03\xa4\x86\x05\x83X\x00\x833\x03\x81\xa9\x00\x85X\x04\x84Q\x00\x001\xaaQ\x00\x81\xdd\x0f\x9cQ\x00\x002\xab\xa2\x00\x00x\x9eQ\x00\x003\xaaQ\x00\x00c\x9fQ\x00\x004\xaaQ\x00\x80\x9f\x10\x9cP\x00\x005\xaaP\x00\x009\x94P\x00\x89-\x11\x80y\x0e\x80+\x00\x01Me\x82\x02\x05\x8b\xb6\x10\x8eC\b\x028+(\x80\x88\x00\a-6)*4, 4\x8b{\b\x9a\x89\x00\x81L\x00\x85\x8a\x00\x91\xa2\r\x81h\x11\x03With\x81\xba\x02\x82\xfb\x04\x95\xa5\r\x84\xa1\r\x02, w\x85*\x00\x96\xc6\x02\x87\"\x00\x87\x1f\x1a\x87\xb5\x05\x01op\x8f&\t\x80\xc4\x02\x83\xde\x05\x8c>\x00\x8e\xb8\x02\x93>\x00\x00s\x93>\x00\x8e\xa5\x02\x94|\x00\x81\x8a\b\x8f>\x00\x8e\x92\x02\x93>\x00\x00c\x93>\x00\x8e\x7f\x02\x93>\x00\x008\x92=\x00\x8el\x02\x93=\x00\x009\x89\x12\a\x8c3\x13\x8e\xd7\n\x84\xd3\n\x8cj\x00\x83\xc6\x15\x89.\v\x00d\x81\x95\x02\x84\x97\a\x8a\xb9\n\x8e\x0f\x00\x00(\x86I\x00\x82\x98\x02\x82\x8d\x00\x91c\x02\x80\x84\x02\x80&\x01\x01Op\x91Z\x02\x02tok\x98\xf7\x0f\x00p\x83n\r\x81\xcf\x0f\x82\xba\x00\x81.\x00\x00<\x80S\x02\x01||\x82\v\x00\x80\x93\x16\x83\xba\n\x01ok\x83\xbb\x02\x00p\x94a\t\x80\x1f\x06\x00r\x82\xb4\x0e\x85/\x00\x83d\v\x80\xc4\x00\x80G\x00\x80\xb8\x00\x80\xac\f\x89\x1e\x00\x80\xaa\t\x87\x1c\x00\x80w\x00\x83?\x00\x80n\x00\x81(\x00\x92a\x00\x01c0\x81@\x00\x01p.\x80\x86\x12\x00[\x82.\x00\x80g\x10\x01c1\x81\x14\x00\x81J\x12\x00(\x81\xdf\b\x85H\x00\x01+1\x80\xc3\x00\x85I\x00\x80$\x00\x8a7\x00\x01+1\x809\x00\x83\x10\x02\x80S\x00\x80v\x04\x02'+'\x93\xa2\x01\x90\x0f\x02\x8c7\x04\x82%\x05\x8b \x00\x87\x8d\x04\x83\xc9\x06\x8bk\x00\x00-\x8ek\x00\x02Sub\xd3k\x00\x00*\x8ek\x00\x02Mul\xd3k\x00\x00/\x8ek\x00\x03DivL\x80\xbb\x16\x80J\x00\x00R\x81\x92\x16\x80B\x00\x82?\n\x81\xcd\x01\x9bK\x00\x00%\xa4K\x00\x87\xec\n\x95J\x00\x00&\x83J\x00\x81\x11\x00\x80\x02\x02\x80\x11\x00\x00^\x83\x11\x00\x94r\x0e\x021e0\x81\x01\x00\x00|\x80\x04\x06\x89\xf9\x00\x05<<12)|\x8f\r\x01\x94F\x00\x82D\x00\x8dF\x00\x00c\x81F\x00\x016)\xa5[\x00\x84\x04\f\x98\xac\x00\xc2f\x00\x9a=\x01\x00|\x8e\x87\x01\x89+\x01\x80\x9a\x0f\xbd\x7f\x00\x97{\x00\x84\xa7\x01\x94\xfa\x00\x002\xd9{\x00\x00<\x8d3\x02\x84\x11\x00\x95\b\x01\x00a\x80\x8b\x00\x001\x903\x02\x008\xa0\x8c\x00\x82\xd4\x06\x88\xf0\r\x84r\x00\x00=\x8fr\x00\x02Cmp\x81\xfd\x02\x02axS\x81\xa2\r\x81z\x00\x009\x82\xfb\x02\x94(\x02\x90/\x00\x00c\x9f\xf1\x01\x00>\x8d\xfb\x00\x84\x11\x00\x99\xfb\x00\x005\xf1\xfb\x00\x00d\xab\xfb\x00\x00f\x9f\xfb\x00\x80x\x00\x80t\x1d\x8b\x85\x00\x9bU\x00\x81\x88\a\x98Q\x00\x00!\xaeQ\x00\x005\x91Q\x00\x8a\x02\a\x91\xf5\a\x04Float\x83\xd4\x1c\x02Exp\x90i$\x03, ep\x84\x14\x00\x81!\x00\x80?\r\x00s\x80\x18\x1d\x00i\x80\x99\x1b\x8a\x10\b\x8a\x03\b\x8a\x1d\b\x82m\x17\x04&ep.e\x80?\x00\x01s[\x80:\x00\x80<\a\x863\x13\x80\x13\b\x04harIs\x81\xc9\a\x01e.\x80\xcb\a\x00,\x81v\x06\x83 \b\x8a\b\x11\x83\xa3\x18\x81\x83\x00\x03ForK\x80E\x12\x81\xae\x10\x00e\x826\x00\x84\xb8\x1d\x82P\x00\x80\x1d\x13\x82\xd3\x00\x0164\x96 \x11\x87\xdc\x10\x02ush\x85L\x1e\x82\xc7\x10\xa5q\x00\x84#\x1e\xb0r\x00\x01op\x85\xc4\x1a\x899\x11\xc3Z\a\x83c\x00\x02Sar\x8b\xb4\x11\x002\x94i\x02\x97\x80\x01\x00/\xe4\x80\x01\x01Sh\x85\xcb\x1f\x8b\xab\x00\xff\x9e\x01\x8a\x9e\x01\x86?\b\x85\x1d\x00\x82D\b\x86\x9b\x00\x9b\x93\b\xbeA\x01\x8e\xc4\n\x95 \x01\xc2\x1f\x01\x97n\x00\x8c\x1c\x01\x84)\x00\x86q\x00\x84\x8a\x00\x85$\x00\x81F\f\x84Q\x02\x94r\x1c\aliceSlot\x81\xd0\x1e\x92~\x1e\x80\xf6\x13\x00E\x90z\x04\x80\x17\x00\x84\x15\x00\x82C\x00\x81\f\x14\x81\x1f\x15\x80m\x00\x02lem\x81\x88\"\x98\xa8\f\x80#\x01\x80?\x00\x80\x91\x17\x00m\x90\xe0\x02\x89N\x00\x81\x9a\x13\x01er\x81\x9b\x00\x80\xdf\x12\x86\x9e\x1e\x81\xd3\x00\x82\x96\x00\x82\a\x00\x9dP\x02\x9ao\x18\x82\r\x12\x8a\x10\x00\x88\xc5\x03\x9a\xe1\r\x82\xf6\x11\x8b:\x00\x80w\x10\x94~\x02\x81\xee\x00\x00g\x82^\x1a\x8e\xc8\v\x82\x99\x00\x02Abs\x91\x99\x00\x817\x00\x83\x8d\x10\x85\x1c\x00\x06bsBssRe\x81\xf7\x00\xa4H\x00\x82z\"\x86H\x00\x00+\x81X\"\x92J\x00\x8d\xb0\x06\x86Z\x00\x9c\x05&\x87\\\x00\xab\v&\x867\x00\x00-\x815\x01\x99/\x14\x83\xc6\"\x01Ap\x81#\x1b\x81\v\x02\x9e\x8b+\x8dl\x02\x80\n\x00\x86=\x00\x82V\x15\x80\x14\x15\x8a\x85+\x87\x1f\x00\x84\xdc\x15\x80\x02\x01\x80\xdd\x18\x03naAl\x80\xa8\x00\x86\xee\x1d\x83\xa4\x02\x83\x8e\x00\x86\x1e\x00\x86S#\x81\x1e\x15\x8fh\x00\x00=\x84T\x01\x8ee\x00\x86c\x1a\x88\x02&\x80\xd1\x03\n\n\t// This h\x82Y\x00\t has a fix\x80M\x00\x02ARM\x80\xe4\x00\x00s\x82\xfd\x16\x80\x1e\x03\x80\xe6&\tyout. Keep\x80*\x16\x04 that\x84\x15\x00\x00 \x807\x00\x01on\x80y\x00\x80O\x00\x0etemplate avoids\x81\xf4\x1c\x81.\x00\x04every\x81T\x00\x03-hos\x81\xac\x00\x00c\x80%$\x01il\x80t\x00\x02car\x80\x1a\x00\x01th\x80\xe8;\x00u\x80u\x1b\x80\xc2\x04\x00g\x81\x16\x00\x80r$\x82P\x00\x05genera\x80F\x13\x01 f\x80\x04\x00\x02it;\x82+\x00\x821\x01\x80;\x00\x01ll\x80\xd9\x00\x81 <\x80\xb8\x00\x01n \x80\xf3\x10\x82\xd5\b\x84r(\x00r\x81q\x02\x82\xdb\x03\x06.\n\tbran\x83\xd4\x1b\x80\x86\n\x81\x85\n\x0402f\n\t\x86\xae\x00\x80\x18\x00\x828\"\x00P\x86\x17,\x01b \x88\",\x82\x00\"\x00U\x81M\"\x00$\x87\xba!\x82<+\x011`\x88j4\x80\xb7!\x86\x9a3\x86\xd5)\x00R\x8f\xe6)\x82\xe6+\x000\x80a\x00\x82Q\"\x8c\xe4:\x82a\"\x005\x80\x1d\x00\x85\xe18\x81y3\x80T*\x00t\x85\xdf1\x01 -\x82\x96\x00\x80\x10\x00\x86\x06*\x81\\\x00\x82\x9f2\x83\x1b\x00\x8bP\x00\x81P8\x84\xbc2\x82\xf42\x81o+\x004\x81\xde\x00\x85\r\x00\x82)\x00\x80\xfa\x00\x8d\x8a\x00\x85\x8d,\x02ff/\x87\xd1\x00\x8b\x1b6\x8c\xee\x00\x82h5\x81\x882\x81h9\x83\x1c<\x85\xb7\x00\x82\x04\x00\x00Y\x8e\x00#\x00n\x87o\x00\x81-;\x89\xbd\x00\x8213\x84\xde\"\x82\xcd7\x84\xe13\x82v\x00\x82^6\x84k#\x0290I\x91\xf8\"\x87\xb0\x00\x008\x83\x93\x00\x81\xd3\x01\x008\x85&:\x89\x9e\x00\x84K\x01\x86o#\x82T\x00\x86\x9e\x01\x00t\x80\x1b\x01\x008\x81\x1c.\x85(\x01\x85D\x00\x8e\x1c\x01\x82\x98#\x84\xb6\x00\x82a\x00\x001\x8ca\x00\x85\xe0#\xafa\x00\x00\"\x83\xed\a\x84b#\x00p\x81~\x19\x04Enabl\x84_\x04\x84\xdf\x02\x88\xde\x02\x80\xc0\"\x87\xdf\x02\xa5\xde\x02\x00!\xff\xde\x02\xd1\xde\x02\xff\xb4\x02\xff\xb4\x02\xf3\xb4\x02\x89\xe1\x15\x01le\x80\xeb!\x80\xa2\x1d\x88L*\x8a\x1f\x10\x83\xc4\x02\x97\f\"\x8c\xd5\x06\x94\xff'\x85\xf4\x02\x88\x1f\x00\x82W\t\x80\f\x06\x82\x8c(\x82\xcb\x15\x006\x80\xaa\x19\x8cu\a\x87\x19\b\x8f\xa4\a\x99&\b\x008\xb6#\b\x008\x98 \b\x008\x87\x1d\b\x8e/\x00\x8d\xe7\a\x83,\x00\x94\xe4\a\x83\x993\x8bW\b\x8d#\x00\x85\x15\x00\x8a\x993\x80,\x01\x87;\x00\x87\x7f\x01\x83m\x00\x8c\x7f\t\x96.\x1b\x8d\xb7\x0e\x81\x8e\t\x80\xd4\"\x8c%\x1b\x96@\x00\x80,+\x8f\x05\n\x8f@\x00\x95v\x17\x8d?\x00\x8eO\x00\x82Q\x12\x88I\x00\x85\xae\x1b\x90\xca\x00\x81r\v\x8dK\x00\x80\x8a\x00\x001\x91\x8a\x00\x90\xc1\v\x8d\t\x01\x81\x10\x00\x8c<\x00\x98}\x00\x9eG\x01\x87\x86!\x92<\x03\x87\xc9\x01\x8f\xe6\x02\x84j\x02\x99\xe3\x02\x0164\xb6\xe4\x02\x0164\x98\xe5\x02\x0164\x8f\xe6\x02\x871\x00\x8d\xe7\x02\x84.\x00\xe4\xe8\x02\x84n\x00\xff\xe9\x02\x92\xe9\x02\x03Shif\x82\xee\x04\xab\xee\x02\x02, 3\xbd\xf1\x02\x92\x92\x00\xff\xf1\x02\xa8\xf1\x02\x85v\x02\x93\xf2\x02\x80\xee#\x80\xb0\f\x04Equal\xb0\xf5\x02\x80/\r\x01eq\x92\xf2\x02\x82\x1a\x00\x89\xef\x02\x8a+\x00\x87\xec\x02\x87(\x00\xb8\xe9\x02\x02not\x82\xc2\x00\x9b&\x00\x00e\x9f#\x00\x02loo\x83\xbd&\xbcT\x03\x87\xd6\x00\x883\x00\x8fg&\x88\x1d\x02\x81\xed\x16\x92E\x11\x8d\v\x11\x8d\xc4\x05\x00B\x80\xf0%\x80$$\x84\x87\x00\x8a\n\x01\x8e\x82\x02\x83e\x00\x94p\x11\x8c\x91\x00\x8bX\x00\x87<\x01\x89)\x00\x8c\x86\x02\x86>\x01\xbc\x06\x04\x8c\xb6\x00\x99@\x00\x002\x8f\xc5\x03\x8fA\x00\x95\\\x01\x90B\x04\x81\x9e\x15\xb4]\x01\x96\x1b\x04\x8e\a\x13\x80\x10\x00\xa6<\x00\x8c\x19\x04\x81\x10\x00\xa5<\x00\x8d:\x02\x81\x10\x00\x00-\xc6\x12\x02\x86\xed\x01\x89\x91\x00\x8c\x11\x02\x876\x02\x96\a\x03\x96<\x00\x8am\x01\xbb\b\x05\x88\x8c\x04\x8d\x05\x05\x86\x8f\v\x84\xf5\x04\x80\x10\x00\x80\xf9\x19\x02nsn\x8b\xa16\x84'\x00\x0132\x81e\x00\x81\x1f\x00\x8f\xf1\x15\x81\x8a\x01\x83\xde-\x87K\x00\x82A\x00\x81\xc8\x11\x88\v\f\x03%4 !\x8bV'\x83\\\x00\x008\x85\x15\x04\x8f\xb9\"\x8bd\x15\x89\xaa\x00\x00d\x85L9\x80\xb6!\x86\xb2\x00\x80\x9a\x05\x81\x18\x00\x80U\x1b\x81\x16\x00\x87\x96\x05\x8d}\x14\x8d\xa7\x1c\x81/\x1e\x809\x00\x83\x88\x1c\x80;\x00\x92\xe4\x00\x83\x89\x00\x82\xbd\x01\x89\x89\x00\x86U(\x02imm\x86\x89\x00\x80\xc5,\x82\t\r\x81\x14\x00\x06& 65535\x95\x81\x00\x003\x85\xaa\x1f\x00(\x815\x00\x03&0xf\x80\x0e\x00\x03)<<4\x82'\x1d\x00g\x83\x94\x00\x85\x1c\x00\x030fff\x81m0\x82`\x00\x02= (\x81`\x00\x00>\x80\xa1%\x016)\x87g\x00\x80\x05\x01\x82\x1f\x00\x8cl\x01\x8ex\x00\x004\xb0x\x00\x92\xa2\x01\x82\xee+\x86\x1e\x01\x00A\x8cS\x02\x80<\x14\x83\a9\xab(\x01\x01Pu\x80t\x02\x81L\x00\x82<\x02\x81G\x00\xd3.\x01\x94m\x00\x00+\x807\x0e\xb4%\x01\x96;\x02\x82G\x17\x92;\x02\x80\xb3\x16\x83\t\x00\x80B\x15\x00d\x87\xd1'\x95L\x0f\x89\x93\x03\x89\x14\x01\x85\x92\x00\x96)\x00\x85\xce\x00\x9d)\x00\x0108\x81\xe8\x00\x88)\x00\x80\x9d\x1f\x81\x8b\x16\x85-\x00\x80y\x05\x80\xcd\x00\x86j\x0f\x81\x9c\x01\x80\xc3\x00\x83\xbf\x00\x93 \x04\x87\xaa\x05\x99\xc5\x03\x8b\x1d\x02\x80\xc9\x02\x81\x0f\x00\x91\x8a+\x8ay\x19\x80F\x00\x82B\x00\x87r\x18\x82\xf0\x03\x00t\x80\x989\x88\xd91\x83\xe6\x06\x89$\x04\x81!\x00\x80\xc4&\x81|\x00\x84\x0e\x00\x81f\x00\x81\b\x00\x8d6\x00\x002\x85r\x19\x81\x90\x00\x81\xfb&\x92\x8f\x00\x84\xd8\x05\x80A\x00\x80n\x06\x80*\x00\x8cL\x19\x8a\xc7%\x85\xb4\x00\x82/\x00\x8c\xb9\x00\x9aY\x00\x83X\x00\x91*\f\x90W\x00\x90\x8a\x01\x89\xdd2\x89\xaf\x05\x85\xe9\n\xa2\xc0\x11\x83u\x02\x009\x81\f\x03\x00 \x80\xba\x17\x05movw r\x80m+\x00#\x8b\xf43\x89\x96#\x024dd\x802\x00\x82/\x00\x04sub s\x80\xcb\x00\x81\x04\x00\x01r9\x86\xae\x06\x01at\x96]\x04\x84^0\x91W\x04\x87\x90.\x857\x02\x82\x820\x87\xfa\x01\x81\x9a\x06\x03To8(\x86)\x00\x83M\x1d\x83&\x00\x80{)\x035528\x82\xd0\x01\x83\x12\x00\x80\x15<\x81\x12\x00\x87\x89\x01\x97\x89\x04\x81\x00\x01\x80\x1a\x04\x828\x00\x8b\x1b\x04\x85\x13\x00\x97\x12\x04\x83\xb6\x01\x01Sm\x80\xd8\x18\xb3\x16\x03\x90\x86\x02\x88o\x01\x002\x85\xea\x03\x80C\x00\x84\xfa$\x86\xe0\x06\x00(\x82\x9c\x02\x97t\x02\x89G\x00\x85\xc7%\x90G\x00\x82\x89\x02\x96\xda\x00\x97\xb0\a\x90\x19?\x88n\b\x8e8\x02\x85\x82\x00\x817\x00\x8d\x83\x00\x84\xcb>\x90\x85\x00\x88l\x03\xc1\x85\x00\x85N\x01\xab\x85\x00\x8d\xc4\x0f\xa5\x8a\x00\x80\xf9\x01\x811\x00\xb9\x1a\x01\x00(\x82B\x00\x02<<7\x99\xa0\x00\x88\x93\"\xc1%\x01\x81\x01\x00\x009\x86I\t\x82m'\x817\x00\x82\xf1%\x83\xa5@\x93$\x01\x00r\x8b\x7f\x00\x01ba\x81\xf3%\x82\x95>\x02isp\x83u\x00\x84\x9d\x04\x81\xbb\x05\x81\x14\x00\x88\x12\x06\x82:\x04\x813\x00\x8d\xc6\x02\x95\x1c\f\x81q\x00\x83e\x00\x83a\x00\x8c\xed \x87%\x00\x91\xae\x00\x82\xce>\x81\xcc\x10\xa1\xb7\x00\x80\xc7\x01\x86\xb0 \x87\xc1\x00\x82\x14\x00\x82\xbb1\x80\x01&\x00(\x82,\x00\x84L-\x82\f\x00\x80//\x0155\x8a\xad!\x8e-\x01\x8c\xbe\x00\x83\x99\x06\x82W\x00\x80\xf2\t\x8aW\x00\x04-4095\x88[\x00\x81\x0f\x00\xad\\\x00\x89c\x01\x94\x12\x01\x85\xa2\x0e\x92E\x02\x9b\x18\x01\x81r\x06\x81\xf2@\x8b\x819\x8cg\x01\x89\x95\x00\x83=\x00\x83\xc3\x05\x82:\x00\x80\xf4\x00\x82c\x00\x81\xd6\x00\x83\x1d\x02\x81y:\x80\xb9\x00\x00u\x82\xfe\a\x80\x84\x05\x84)\x03\x87?\x02\x85;\x05\x80\"\x00\x82-\x00\x858\x00\x00-\x81\b\x00\x8aQ\x01\x91\xb43\x88\xf3\x02\x0155\x83\x83\x03\x03up|(\x81\x8d\x00\x8d\x86\x03\x84F\x01\x89h\x05\x8a\x02\x02\x98@+\x81Z\x00\x00f\x97Z\x00\x00(\x82\xe3\x01\x82u\x06\x84s\x06\x84\x10\x00\x000\x82\xf1\n\x9f\xda\x05\x0151\xa1\xbb\x00\x91Z\x05\x89\xcb\x13\x89\xf2\x01\x86\xad\x06\xff\xf2\x01\xd8\xf2\x01\x84\n\x06\x8c7\x01\x83\x1f\a\xbb\xf2\x01\x81Z\x00\x00b\x97Z\x00\xbf\xf2\x01\x84&\f\x9b\xbb\x00\x97\xe3\x03\x84t#\x92\xe5\x03\x8cP7\x94 \x04\x84\x9f\n\x88h\x05\x81T5\x00-\x85\x8b$\x80\xf3\x15\x98p\x02\x90\x7f\x00\x86r\x02\x97\x7f\x00\x8cy\x16\x82\x1a\v\xab\x80\x00\x8aq$\xac\xfd\x00\x8a\x84\x06\x98\xfc\x00\x92y\x00\x81\x01(\x8e\x9c\a\x842\x0e\x98\x87\a\x0152\x80h\v\x0104\x89\xe4\r\x91]\x00\x84\xca4\xab\\\x00\x0149\xa1\\\x00\x81\xb4\f\x01ax\x8e\xd6\n\x89\xc4\n\x95\xe2\f\x88\x1f\x01\x82\x18+\x95d\n\x86c\x00\x0164\xa6e\x00\x84\x93\x00\x9bU\x00\x00d\xbf\xb8\x00\x81\xa8\x14\x9b\xb8\x00\x03Data\x8fA\b\x00d\x80\x16\x00\x80\xd9;\x97l\x00\x90\x86'\x81$\x01\x848\x00\x82B\x13\x96s\x00\x80\x95'\x90\xb3\b\x01ss\xb1q\x00\x837\x00\x91\xf1'\x94\x7f\x00\x0110\xc5\x7f\x00\x001\x80\xe2\x16\xaa\x7f\x00\x02Acc\x80\xe3)\x83\x01\x01\x95~\x00\x8c\xf6\x14\xb0v\x11\x8a8\n\xa5\x82\x11\xa45\x00\x83s\x15\x99z\x11\xaa\x11\x01\x82\x90\x05\x9a\x0f\x01\x8e\xc5\x04\x8aC\x01\x87o\x00\x80\xce\x00\x0179\x83'\x12\x8c\xcd\x00\x98\xc8\x05\xc6z\x00\x84\xa1\x12\xa1z\x00\x82\xd8\x03\x00i\x82\x156\x8c\xa0\x16\x8es\x02\x90\x85\x1a\x8d\xc3\x18\x81\x8f/\x96g\x03\x80\xfd\x03\xb2e\x00\x8d\x040\x81/,\x96\xa2\x04\xb6\xca\x00\x90Y0\x94e\x00\x82|2\xb2e\x00\x91\xbe0\x97e\x00\xb4/\x01\x8de\x00\x98/\x01\x00s\xb6\xf9\x01\x8dD\x1a\x98\xca\x00\x008\xb5d\x00\x867-\x9ec\x00\x009\xb5c\x00\x80\x96\x13\xa0c\x00\x81\xaa\b\x80Z\x02\x00c\x9ad\x00\x96\xf3:\x91\xab\x1b\x8b\xb0\x01\x93\x13\x04\x01ys\x81\xd8+\xb1\xd7\x00\x80;\x00\x8f\xd8\x00\xa19\x00\x8fy\x1d\x999\x00\x85\x95G\x86\f\x04\x98,\x00\x80cF\x8b?\x02\x98,\x00\x8b\xbc\x1d\x80\x94\x00\x98,\x00\x003\x8d\x03\a\x98,\x00\x80\xb5\x18\x9f,\x00\x84\xb4\b\x005\x8e\xe6\x1c\x88\xea\t\x82^\x05\x81]I\x94<\n\x01di\x99\xb6\x01\x97]@\x94O\x00\x00s\xb0O\x00\x81a\x01\x92h\x06\x80\xaa\v\x8e\x9d\x0e\x87\xa4\v\x8d\xa0\x0e\x008\x87\v\x00\x0132\x89e\x15\x82'\x00\x81j\x12\x04x8948\x81W\x11\x83/\x00\x82\x13\x00\x004\xab\x88B\x89\xffA\x8d\x1d\x0e\x9ah\x00\x005\xabh\x00\x99\xe2C\x9b\xd0\x00\x85\xc4\"\xa3h\x00\x99\xf9C\x88h\x00\x00b\xa08\x01\x8b^\x0e\xb27\x01\x8fg\x00\x8f7\x01\x99g\x00\xa46\x01\x90\xce\x00\x8e6\x01\x99g\x00\xa45\x01\x80\xd6L\x9f5\x01\x97\x063\xa44\x01\x8ff\x00\x904\x01\x98\xa33\xb5f\x00\x007\x8f3\x01\x9b\t4\xb3f\x00\xa9\xcc\x00\x95hG\x96'\a\xa5#\x0e\xaa\xdb\"\x963\x0e\x00e\x80\xa08\x01sp\x8c,\x0e\x86Y\x13\x00o\x84\b\x00\x9a\xcb\x04\x80%\x00\x96\xc3\x02\x00a\x94\xc3\x02\xa0\xab'\x81\xb7\x00\x83\xa2\x13\x88\xee<\x85\xa0\x01\x98t\x00\x005\x8e\b\x13\x97t\x00\x91+\x01\x9ft\x00\x90\xe1\x04\x96|I\x9f\xfaG\x82\xf9\x00\x92u\x00\x94a\r\x00Q\x81\x93E\x81q\x10\x81\xefE\x80>\x00\x80\xe1\"\xa0V\t\x91\xea)\x83\xae\x18\x9d\x9c\x00\x8c\xeb)\xa6\xd3H\x83^\x00\x83n)\xa4\xcb\x00\x97\x8c\x02\xa5.\n\xa1\xd3\x00\xba\xd0\x00\x86\xaa\x01\x97\xff\x0e\x80K\x00\x80J\x02\xa7\xcc\x00\xa6\x82\x00\x8b\xa0\x02\xa1\x81\x00\x81\xd4:\x95\xdd\x03\x8a6\x17\xbc\x8f\x00\x83E\x17\x94\x92\x00\x81$Z\x88\xe5\x01\xb1\x05\f\xde\xd7\x01\x83\xdd(\x97S\x01\x85\xbd\x00\x8fQ\x01\x8aG\x01\x83[\x1d\x80\xe2\x11\x003\x90\xf5\x17\x83\x1d\x00\x85P\x18\x8e\xba\x17\x85\x1f\x00\x83Ke\x88\x1f\x00\x83gJ\x85\x1f\x00\x83.\"\xcb\xe3\x03\x82\\\x00\xbd@\x01\x96\x04\x02\x85\x9d\x11\x83\x97\x02̲\x04\x8f\x0e\x0e\xa9\x9d.\xab\xb3\x04\x8b\xc9\x00\xa7\xe1\x03\xa8\r\x06\x9d\xe2\x03\x8f\x83\x00\xb1\xe3\x03\xb2\x91\x00\x96\xe0\x01\x02Nor\x80j\"\x80\x1e\x00\x80=\x00\x852@\x8a\x91\x00\x8ax&\x80\xd9\x02\x82\x10\x00\x80\xd9\x02\x82\"\x00\x81G@"
const compilerSourceData18Chunk1 = "\x81\"\x04\x98\xbe\x1a\x006\x812\x0e\x007\x84@T\x89\x93\a\x8eI\x00\x80\xdcV\x83o#\x94I\x00\x00a\xa8I\x00\x001\x8e8M\x89J\x00\x00b\xa5J\x00\x00U\x80\xf9\x00\x9bK\x00\x00f\x85K\x00\x92\xf3\a\x02Inc\x83\xed\x01\x995\x03\xa8\v.\x83\xca-\xa4\x7f1\x92\f2\xa6\x7f1\x98}\x00\x90\xe9\x00\x01De\xff\xe9\x00\x8b\x10\x00\x8d\xd5-\xc5\xea\x00\x00B\x80`B\x01No\x83JL\x97\xeb\x00\x81C.\x82W\x1a\x86\xc2,\x89\x1d\x00\x80Q\f\x84\x8aL\x93H\x11\x00N\x82\xcc\x03\x99`\x00\x89\x8a%\x006\x97\x91\x11\x89\x87\x00\xa0\x97\f\x96\xf9.\x99r\x1b\x885\x00\x9e\xfd,\x84\xa2&\x80\xaaO\x000\x81\x86\v\x82\xae&\x80\x16\a\x8fa\x0e\x89O(\x84K!\x84[\x1c\x80\x9a\x1e\x86A)\xa0\xd1)\x84\x1dT\x9f\xc3)\x88}\x00\xa0[)\x8c>1\x81@Y\x94V)\x88*\x00\x89\x1f\x01\xabB%\x82\xf5!\x8b\xd2%\x97\xbd%\x86_\x02\x89p\x00\x81\xcaD\x9ce\x00\x003\x83\xf0.\x93\xfa\x13\x00(\x81A\x00\x02<<2\x80\xb2%\x80Y \x83+\x00\x90u\t\x81\x0e1\x03From\x80\x9eJ\x02cc(\x80\x89\x00\x00c\x84\x83/\x88\xe7$\x82\x15\x00\x82{\r\x009\x85\x85S\x82I$\x87[\t\x88\"\x00\x85\x1a\x02\x82\"\x00\x87^\t\x88\"\x00\x89\xce/\x819e\x90#\x00\x85\xa0\x06\x83#\x00\x80\xdf\t\x8f#\x00\x00f\x8a#\x00\x85\x13\x02\x83\x0e\x00\x000\x95\xd8\x01\x87\x89K\x8aU\n\x87\xf6\x00\x91_\x03\x8f!\v\x93\xd9I\x82\xb2\x01\x88\xd5\x02\x90[\x01\x96W\x04\x81<\x00\x96\xce\x17\x82\xeeS\xb2\xce\x17\x8d`\b\x91\xc8\v\x94s)\x9eu\x00\xa6\xcbR\xa5u\x00\x01hl\x80\x1b\x00\xa5\x91\x11\x91\xf71\x8be\x00\x84l#\x80@\x00\x83<)\xa3\x82\x00\xa7\xee \x9d\x82\x00\x85\fO\x92\x82\x00\x94\xbc\x19\x80\x13L\xb8\x82\x00\x004\xc1\x82\x00\x00h\xb9\x82\x00\x002\xc0\x82\x00\x91\x02T\x89\x8b\x00\x80\xd7j\x824J\xa5`\x1a\x8e.\b\x8d`\x1a\x88\xc5\x00\x0171\x80\xaa'\x91\xe4Q\x92qR\x80[\x05\x8dV\x02\x81\xa6\x04\x81\xa1\x00\x97\x1e\a\x000\x81\xfe\a\x81\\+\x92\xae\x02\x8b\xb8\x00\x8ec\x00\x82\xbb\x00\x93\xb93\x81c$\x9b\x83\b\x86\x86$\xa2G\x1c\x82.\x00\x9b\x02\x04\x94Q\x00\x94^\x03\x82.\x00\x9bp\n\x94Q\x00\x94\x14\x1e\x81L\x1a\x9c\xf2\x00\x92n\x1a\x95\xf1\x00\x80-\x00\x9c\xf0\x00\x96\xafZ\x95[\x1b\xb0O\x00\x95\xed\x00\x80\x1b\x01\xbd\xd0$\x82\n\x03\x8e\x1a\t\x93u\x01\x82\xc9\x1c\x95\x13\x0f\x83\x13N\x8fH'\x9f\xbd'\x9f\xe8\x18\xa55\x00\x87\xb7\x18\x84\x1fL\xa37\x00\x87\xba\x19\x00-\x80\xd4\x03\x96\xe2\x00\x01Al\x86@\x11\x001\xc3C\x13\x91I\x1f\xbc8\x11\x93D\x13\x8e\x01\x12\xffF\x13\xbdF\x13\x91w\x12\x90F\x13\xb0C\x01\x96g\x11\x80\t\x10\xa2u\t\xa7EA\x94e\x00\x9b\xc2\x04\x96e\x00\x91e\t\x94e\x00\x00m\x80\x1c2\xa7Y\t\xab=\x04\x96\vU\x91\x05\x01\xa0_\x04\x84\xaaf\xb0F\"\x8b\xe5\a\x00F\x8c\x87!\x88\x81\a\x018b\x84mj\x90\x7f\x00\x82\x97=\xa2\xc5\x0f\x0112\x80\x106\x001\x93<\x02\x887`\x8aB\x0e\x8bRw\xa5\x9e7\x00b\x85\xc0!\x84 \x00\x8b\x1aI\x816(\x94\xcbv\x80*\x00\x87\xc6h\xc0\x89\x00\x83\xe5\n\xb3\x89\x00\x89v?\x92\x8b\x00\x8c\xf1\x0e\xa3\x95\x00\x8b\xe4\x0e\xb9\xa0\x00\x01Jz\x9e(\x01\x94\xce\x00\x84'\x00\x95\x1a\x12\x80`w\xbeZ\x00\x82\xd8\x03"
const compilerSourceData19Chunk0 = "Mpackage main\n\ntype renvoWasmBuffer struct {\n\tdata   []byte\n\tlength int\n}\n\nfunc\x87<\x00\bPut(out *\x8cN\x00\a, value \x81B\x00\x00)\x81T\x00\x02if \x80(\x00\x00.\x84L\x00\x02>= \x80\n\x00\x81:\x00\x00.\x81m\x00\x82\"\x00\t\tnextLen :\x8d\x1d\x00\x02* 2\x80\x1f\x00\x80B\x00\x85\"\x00\x04< 256\x824\x00\x865\x00\x00=\x81\x13\x00\x80\x11\x00\x00}\x84I\x00\x81F\x00\x04make(\x83\xc6\x00\x00,\x85<\x00\x00)\x80 \x00\x04copy(\x81\x10\x00\x00,\x82\x94\x00\x82e\x00\x80\x17\x00\x85\f\x00\x80L\x00\x81\x1d\x00\x00\n\x81L\x00\x85\x14\x00\x00[\x87\xbd\x00\x00]\x80 \x00\x82\xdd\x00\x83\x1e\x00\x83\x15\x00\x01++\x8f\x1c\x01\x1132EmitWideBinarySt\x80\x85\x01\x01(g\x84,\x01\x0eLinearGen, dest\x81_\x01\x00,\x80\xf8\x00\x00f\x84\n\x00\x03righ\x84\v\x00\x02tok\x83\t\x00\vsigned bool)\x82\x06\x00\x81\x03\x01\x82M\x00\aNonNil(g\x80\xc7\x00\x80'\x01\x03g.c.\x82\x17\x00\bTarget ==\x83\x95\x00\x83\x0f\x00\x03VM32\x82<\x01\x05return\x97\xb0\x00\tPortable(g\x83\xa3\x00\x83\x9f\x00\x84\x9b\x00\x82\x97\x00\x85\x93\x00\x80w\x00\x81,\x01\x00p\x81u\x01\x000\x82\x83\x00\x83p\x00\rokCharIs(g.pro\x80G\x00\x824\x00\x02'+'\x83\xf1\x01\x801\x00\x800\x00\x02x7c\x80?\x00\x05 else \x9d:\x00\x00-\x8c:\x00\x00d\xa6:\x00\x00*\x8c:\x00\x80\xbe\x01\xa4:\x00\x00/\x8b:\x00\x008\x80\xe1\x00\x81\xe2\x00\x84\x8d\x01\x82\x85\x02\x85U\x00\x00f\x83\x81\x02\xa4Y\x00\x00%\x8cY\x00\x84\xe5\x02\x90Y\x00\x0181\xaaY\x00\x00&\x8cY\x00\x003\xa6:\x00\x00|\x8c:\x00\x004\xa6:\x00\x00^\x8c:\x00\x005\x91:\x00\x002\x8e7\x00\x01<'\x82\x05\x00\x8b<\x00\x80\xc8\x03\xa1<\x00\x00>\x81<\x00\x00>\x8c<\x00\x008\x97E\x01\x007\x84E\x01\x83\x8d\x04\x80\x15\x00\x80\x16\x00\x89\t\x03\x01fa\x80s\x00\x88 \x00\x80\xa5\x04\x81\xd4\x01\x02 &&\x81\x0e\x00\x00<\x83\xa4\x01\x821\x00\x0f// Keep division\x80\xe7\x04\x05 zero \x80\v\x00\x00R\x81\xb0\x00\a's panic\x80\x06\x00\x80\xee\x04\x00r\x80\x05\x00\x80a\x05\x0ethan allowing a\x83H\x00\x0fWebAssembly trap\x80S\x03\x00o\x80\xf4\x00\x02cov\x802\x00\bcontinues\x80\xf2\x00\x05 work.\x81\xde\x04\x01on\x82l\x00\x80l\x03\x82\x1c\x01\x0eAsmNewLabel(&g.\x80\xc9\x03\x81\xcd\x04\x85\x1b\x00\aLoadPrim\x86\x80\x04\x83#\x00\x84\xc6\x03\x00-\x86+\x04\fNativeIntSize\x89A\x00\x02Jnz\x84@\x00\x86;\x00\x84\x82\x00\xa7g\x00\x86*\x00\x81a\x04\x01Ru\x80\xd5\x00\x01me\x83\xb3\x04\x85[\x00\x81\xba\x04\x86M\x00\x03Mark\x89\xd0\x00\x89r\x00\x80\x9e\x01\x90\xb1\x04\x01Op\x87q\x00\x87\x1e\x00\x01Op\x87\xcd\x04\x92\xc3\x04\x01op\x80R\x00\x84\xfe\x01\x80\xfe\x06\x00e\x9f\xc4\x05\x87\x14\x05\xcc\xc7\x05\xa54\x05\x86G\x01\x81\x94\x00\x02Add\x84U\x06\x90\xdf\x00\x83R\x01\x87\xdc\x00\x84\xd9\x02\xa2`\x05\x8af\x00\x02Sub\xcbf\x00\x85\x8c\x05\x8af\x00\x02Mul\xcbf\x00\x81\xb8\x05\x01||\xa3\x83\x05\x8a\x8a\x00\x02Div\x97\x8a\x00\x85\xbf\x01\x84i\x02\x98Y\x00\x9c\xb4\x00\x98\f\x05\x88\xb6\x00\x9c\xf6\x04\x8b\xa8\x01\x03hift\x99\xba\x00\x9fU\x00\x88\xd1\a\xaep\x01\x81v\x06\x9dp\x01\x81`\x06\x9d$\x00\x85J\x06\x04for a\x82\xc8\t\x010;\x81\t\x00\x00<\x837\x00\x00B\x80\xe0\x00\x03endV\x81\x82\t\x02Slo\x82\xb0\x04\x82 \x00\x01+=\x87\xf9\b\x8a\xce\x04\x83\x06\x06\xa4\x11\x05\x00a\x82l\x02\x8a.\x00\x04Terti\x8e/\x00\x81Z\x01\x85.\x00\x80\x1b\x01\x00!\x86\x8b\x01\x84]\x00\x856\x00\x80\x9b\x04\x83\xdb\x00\x83\xd6\x00\x8dn\x06\x83\xb2\n\x86p\x00\x04Store\x92\x9f\x00\x81\xd0\x01\x84p\x00\x812\x00\x8d\x9e\x01\x8aV\x00\x98\xc7\x04\x06Compare\x96\x8c\n\xff\x82\n\x89\xa7\x00\x89\x83\n\x9b}\n\x82|\n\x83I\x02\x93\x8a\n\x81\xf5\x02\x80^\a\x83d\x02\x00=\x81\xf0\x02\x00=\x8b;\b\x005\x80e\t\x93w\b\x867\x00\x00!\x917\x00\x80\xb7\t\x96$\t\x86:\x00\x8c\xe3\b\x005\x80Y\t\x94\xa7\b\x005\x80\xae\t\x9a\xec\t\x86T\x00\x8c\xfb\b\x82\xff\f\x94T\x00\x80\x8e\t\x93T\x00\x8a\xdf\x00\x82\x81\x04\x8d\xdf\x00\x97Q\t\x005\x85Q\t\x9bV\x00\x82\\\x04\x8dV\x00\x81\xfe\b\x94V\x00\x009\xa6\xa7\t\xac\t\b\x84T\x02\x02, 0\xb8\a\b\x8e\x99\x02\xc2C\x03\x8a\xbe\x02\x04equal\x86\xdf\t\x96\xbb\x02\x8c&\x06\x8e\xa5\x02\x82@\x01\x83L\x00\x82^\x0f\x02otE\x8aY\x00\x938\n\x03done\xa1[\n\x81\x10\x01\x83f\x05\x8bR\x04\x84\x19\x05\x93\x8a\x05\x9bv\n\x80\x99\x01\x02x94\x8a|\n\x90{\n\x83\xc6\x00\xa4\x88\x00\x86\xe3\x01\x8eZ\x00\x01mp\x8ff\n\x81\xfc\x00\x90c\x00\x80/\x00\x84\x87\x00\x02Imm\x86-\x00\x000\x9b\xb2\n\x81L\x00\x81\"\x00\xa2K\x04\x86H\x00\x00B\x80\x10\x02\x01No\x85C\x06\x88t\x01\x91\xf3\x05\x04great\x80&\f\x88*\x02\x91#\x04\x95(\x02\x85\x98\x03\x80(\x02\x04nclus\x80C\x01\x96u\x02\x86\x1a\x04\xa0M\x00\x80\xfe\x05\x84\x99\x00\x01!=\x80\xf3\x02\x85[\x00\x81\xe8\x00\x88\x93\x01\x80\xec\x03\x84\x9b\x01\x81\x15\x00\x87\xcf\x03\x85h\x03\x03Less\x93\xcb\x01\x86\xf6\x05\x80j\x00\x8b_\x00\x9dF\x01\x87'\a\x93\xe6\x03\x02App\x80Z\b\x02U32\x95\xd3\x12\x81\xc2\x03\x82\xb2\x01\x81\x9c\b\x00i\x84\x9b\b\x00i\x80\x9a\b\x005\x80\a\x00\x01++\x82\x85\x00\x00b\x81\x17\x00\x81s\x12\x03(v &\x82A\x0e\x81\xc0\x01\x00v\x815\x12\x03 >> \x814\x05\x81\xb9\x00\x81\xd7\x04\x004\x83\xfd\x01\x00b\x80\x1c\x00\x00b\x82,\x00\x000\x81A\x10\x87\xd7\x04\x84]\x13\x02, b\x84\x94\b\x81\xbc\x00\x84\r\x02\x80D\x00\x80T\x00\x85\x1b\x05\xa34\x00\x83i\x00\x00|\x85\xc5\x10\x934\x00\x86%\x01\x95 \x01\x00S\xa4 \x01\x97\r\x01\x81\xc2\x01\x00S\x80\x16\b\x80\x1c\x00\x00(\x83\xf9\x00\x0240)\x81.\x02\x81\x96\x00\x8a*\x01\x85\x8e\x04\x85-\t\x87\xf6\x00\x80\x95\x0f\x00!\x85H\x00\x82\x02\x01\x82+\x00\x00=\x84\x1e\x03\x8a#\x01\x01-1\x81.\x00\x9f-\x00\x00!\x82\x16\x00\x88\x93\x01\x86*\x01\x83~\x03\x92b\x01\x808\x00\x877\x00\x89n\x01\x00}\x95@\x01\x03Name\x94A\x01\x00n\x80\x1b\x00\x81\x88\x15\x80 \x10\x82G\x01\x93\x9a\x02\x81\x10\x03\x01n(\x81,\x00\x81d\f\x89\xa4\x06\x03nsur\x81\x15\x0e\x01it\x80\x95\x10\x03alCa\x80\xf7\x15\x02ity\x8f5\x00\x8d\xc0\x02\x86\x1c\x00\x87\xc8\x02\x94\xfa\x14\x81&\x00\x02[i]\x84!\x00\x86\xfd\x14\x9f7\x02\x00B\x80\x06\x02\x02Vec\x94\xfa\x00\x82x\x15\x83\xab\x15\x9e\xfa\x00\x82\xb0\x15\xad\xfa\x00\x855\x00\x91\xfa\x00\x82\x1c\x00\x9e\xfa\x00\x82\x13\x00\xb1\xfa\x00\x06Encoded\x94\xfa\x00\x00e\x83\x1e\x00\x92\xf7\x01\xa1\xd9\x00\x84@\x00\x95\xdc\x00\x85\x1f\x00\x9e\xdf\x00\x84)\x00\xb2\xe2\x00\x04Recip\x95\xd5\x02\x80\xcd\x12\x80\x1d\x00\x84\xe0\x00\x03, p0\x83\b\t\x01p1\x84\b\x00\x002\x84\b\x00\x003\x86>\x04\xaa\x00\x01\x83_\x00\x02)*5\x94\x01\x01\x84 \x00\x87\x00\x01\x82\x92\a\x81\x14\x00\x80\xeb\x00\x82u\x04\x02xff\x84\x82\n\x93\x1a\x01\x86.\x00\x85$\x00\x87\x1a\x01\x81L\x18\x83\xa3\x13\x84&\x04\x06command\x81\x84\x00\x80\xce\x00\x84}\x00\x04[i+1]\x81-\x04\x80\xa0\b\x80?\x03\x84\xb4\a\x8a \x00\x002\x82 \x00\x834\x19\x80\x1c\x00\x00p\x84e\x16\x871\x00\x80\xc8\x04\x001\x83\xa6\x00\x83%\x00\x80$\x00\x82\x15\x16\x86|\v\x8a+\x00\x83_\r\x87+\x00\x81[\x16\x94+\x00\x003\x8c+\x00\x84\x7f\f\x81~\x00\x85\xcd\x00\x90g\x06\x83\xf8\x01\x06I32Cons\x84\x10\x05\x82C\x00\x82\xad\b\x86j\x00\x88B\x00\x84\xbe\x00\x86B\x00\x06LocalGe\xa2<\x00\x84\xcf\x00\x8b<\x00\x80\xcd\x05\xa1<\x00\x84\xe0\x00\x8b<\x00\x01Te\x82\xae\x02\x9d<\x00\x84\xa1\a\x88\x90\x02\x02Reg\xa4\xb4\x00\x005\x91<\x00\xa4\xb4\x00\x84\xdc\x1a\x88<\x00\x82\v\t\x80\a\x03\x00r\xa1?\x00\x007\x8e?\x00\x81\xc7\x10\x81c\v\x82\x85\x04\x9d?\x00\x008\x90~\x00\x80\x96\x10\xa6@\x00\x009\x8e@\x00\x83.\x02\x80+\x02\xa2@\x00\x001\x8dm\x02\x85A\x00\x83\x83\x15\x80\xe3\r\xa1E\x00\x8dp\x02\x84D\x01\x02I64\xa2?\x00\x8d7\x02\x84\xf1\x02\x0164\x82\f\x01\x81C\x00\x97<\x00\x8d7\x02\x872\b\x82\n\t\x82y\x00\x97>\x00\x8d9\x02\x00B\x8e\xf4\x01\x81\x9e\x03\x81\xef\x12\x81z\x10\x9e\xae\t\x01ec\x81:\x05\x94\x9c\x05\x01id\x84}\x05\x02ayl\x80#\x02\x92\x82\a\xa1\x85\x05\x84@\x00\x02)+6\x89\x98\a\x8b\xf8\x00\x00i\x82\xa4\x06\x99\xd9\a\x85F\x00\x94\xca\x05\x85\x1f\x00\x87\xcb\x05\x8fj\x00\x84$\x00\x80\xad\x05\xa1\xcb\n\x89\xc0\x04\x96\xc3\x1e\x8e\x96\x06\x86m\x00\x80\xb8\n\x001\x80g\x00\x85;\x05\x89k\x02\x80m\n\x80\xda\x00\x85\xb3\x01\x93B\v\x87\xd3\x01\x9b\xa6\x00\x00C\x804\x1a\x95\xc0\x01\x03ndex\x9a\xa2\x00\x001\x81\xa8\x0e\x95u\x01\x82?\x00\x9e\x80\x00\x80/\x00\x05Fixed5\xe1\x17\r\x00<\x8b\x16\r\x87\x83\v\x83,\x03\x911\r\x97\x9e\v\x98\x01\x02\x82.\x10\x01ct\x9d\xdc\x00\x80X\x16\x82!\x03\xe3\xe4\x00\x89\x9e\t\x02at+\x80\xa0\b\x80 \x00\xa3\xc8\x02\x86\x97\x04\x8e\xc5\x00\x96\x1b\x02\x003\x8a\xad\x03\x8c\x1b\x02\x002\x98\x1c\x00\x83S\x02\x9a\x91\x00\x0164\x81s\x06\xa0\x90\x00\x830\x00\x003\x85\x94\x00\x0429, 3\xa4b\x00\xa5\xf3\x00\x8cc\x00\x0137\xa7c\x00\xbc\x1e\x04\x90E\x01\xac\xfc\x03\x95k\x0f\x00a\x83\x97\x02\x00b\x98\x80\x00\x82\x89\x02\x8b)\r\x8b\x1c\x00\x00b\x83\x1c\x00\x99\x7f\x00\x825\x01\x9c\x7f\x00\x02, c\xc0\x86\x00\x92\x1c\x00\x00c\x9f\xa2\x00\x82\xce\a\xa3\xa2\x00\x80f\x0eܩ\x00\x92\x1c\x00\x84\xf7\x06\x99\xc5\x00\x96~\x04\x96\xc5\x00\x808\x0e\xf8\xcc\x00\x92\x1c\x00\x84\x8e\x10\x85\xe8\x00\x80\x19\r\x80\x0f\x1f\x8b\xff\n\x02Rax\x81\xe4\x17\x93\x1c\x00\x00d\x81\x1c\x00\x001\x93\x1c\x00\x00c\x81\x1c\x00\x002\x948\x00\x80L\x13\x01 3\x93\x1c\x00\x00s\x81\x1c\x00\x004\x93\x1c\x00\x008\x80\x1b\x00\x005\x93\x1b\x00\x009\x80\x1b\x00\x006\x93\x1b\x00\x80\x9d\n\x80a\v\x90\xdf\x00\x04OpExi\x81\xd7\x14\x90\xc3\x00\fOpBuildArgsEn\x81\x10\x06\x90\xcb\x00\x04OpMov\x80b\x00\x80d\x16\x93\xd0\x00\x85!\x00\x80\x03\x00\x93\xd5\x00\x05OpPush\x83\x1f\x00\x90\xd9\x00\x83\x1f\x00\x83_\x00\x90\xdd\x00\x80\x1f\x00\x01op\x83=\x00\x007\x91\x1e\x00\x82C\f\x81B\v\x80!\x00\x008\x91!\x00\x83%\f\x84\"\x00\x009\x92C\x00\x01ea\x85 \x00\x001\x90\x05\x02\x83d\x00\x01Me\x81\xa1\x00\x001\x92F\x01\x82c\x00\x84!\x00\x92C\x01\x81A\x00\x00I\x82\x14\t\x81\xc3\v\x96C\x00\x86#\x00\x92F\x01\x80\xe9\n\x86g\x01\x001\x92I\x01\x80\x12!\x87\"\x00\x92L\x01\x80\xce \x87\"\x00\x92P\x01\x80f \x87\"\x00\x92Q\x01\x01Mo\x88\x88\x00\x92Q\x01\x00A\x81{\x11\x84\"\x00\x002\x92R\x01\x01Or\x87!\x00\x92S\x01\x01Xo\x88\"\x00\x92T\x01\x80e\x00\x80M\x17\x87%\x00\x93W\x01\x00h\x87\xf0\x00\x002\x92V\x01\x01Sh\x88i\x00\x92V\x01\x83x\x01\x83\xa1\x02\x002\x98V\x01\x84\"\x00\x92V\x01\x02Inc\x84c\x00\x92S\x01\x80\x1f\x00\x83?\x02\x002\x92P\x01\x01De\x84\x1f\x00\x003\x92M\x01\x84X\x18\x81 \x00\x92L\x01\x00N\x85\xe0\x00\x003\x92I\x01\x01Cm\x81`\x03\x84\xe0\x03\x92F\x01\x83\"\x00\x84D\x00\x93F\x01\x01et\x81G\x0f\x81 \x00\x92D\x01\x80\xd8\x1a\x81\x1c\x00\x92>\x01\x01Jz\x81\x1b\x00\x927\x01\x80\xe5%\x81\x1c\x00\x924\x01\x00J\x85q\x00\x923\x01\x81\x9d\f\x81\x8f\x04\x921\x01\x00R\x81\xfb\x1f\x01 4\x93\xcc\x03\x01ys\x80\x89\x11\x82<\x00\x92.\x01\x00N\x82\x10\x1e\x004\x94n\x02\x02rUn\x83\b\x1a\x87\x11\x05\x920\x01\x87\xba%\x81#\x00\x923\x01\x88\xd6\x1d\x81$\x00\x006\x90\xdc\x05\x00I\x80\x10\x00\x81\x1d-\x80\xfe\x0e\x81\x06\x11\x00s\x80(\x00\x04\"\\x01\x84\x04\x00\x00d\x80\x04\x00\x006\x80\x04\x00\x003\x80\x04\x00\x002\x80\x04\x00\x005\x84\b\x00\x81\x14\x00\x85\x04\x00\x008\x84\x04\x00\x00a\x84\x04\x00\x81,\x00\xa5\x04\x00\x85D\x00\x81T\x00\x8d\x04\x00\x8dx\x00\x85\x04\x00\x81\x18\x00\x009\x88\xa4\x00\x81\x04\x00\x81(\x00\x00e\x81\x80\x00\x00\"\x92\xdc\x06\x82\x1a\x13\x85\xdc\x00\x81P\x00\x810\x00\x004\x88P\x00\x007\x84\xc4\x00\x00b\x90@\x00\x81%\x02\x01Op\x81C\x16\x84B\x00\x004\x802\x00\x004\x802\x00\x004\x802\x00\x014c\x80\x04\x00\x80\xf6\x00\x014e\x90:\x00\x85\xd6\x11\x88<\x00\x0100\xb7\x04\x00\x006\x80h\x00\x016b\x80\x04\x00\x80t\x00\x006\x80\x9a\x01\x046f\\x7\x80\xfe\x00\x007\x80\xd2\x00\x007\x81\xd2\x00\x80$\x00\x007\x80\xd6\x00\x007\x81\xd6\x00\xb8h\x00\x89\x04\x00\x0176\x90\xd8\x00\x05Simple\x83\x1b\x17\x05Offset\x91\xde\x00\x81\x98\x01\x81T\x01\x80\xa6\x00\x001\x80\x04\x00\x002\x80\x04\x00\x003\x80\xb6\x00\x81:\x01\x005\x81\x1c\x00\xb8\x96\x00\x005\x80X\x00\x006\x80\xf2\x00\x006\x80\xf4\x01\x007\x80\f\x00\x008\x80\x04\x00\x009\x80\x04\x00\x00a\x80\x1c\x00\x00a\x80&\x01\x00b\x80\x06\x01\x00b\x81\x10\x02\xa6T\x00\x9c\xe6\x00\x89\xe0\x00\x80\xfe\x01\x00f\x80\xcc\x00\x85\xe4\x00\x82\f\x00\x85r\x01\x85\x1c\x00\x81\\\x02\x8d\x1c\x00\x81\x04\x01\x84p\x00\x86$\x00\x80\f\x00\x003\x85\x00\x03\x80\f\x00\x85 \x00\x004\x81 \x01\x80 \x00\x81\xf2\x01\x002\x85,\x01\x8d@\x00\x84\f\x00\xa6@\x00\x80|\x01\x8e \x00\x80N\x02\x002\x85<\x00\x81\xac\x01\x84\f\x00\x8a\xb8\x00\x80l\x03\x82\x10\x00\x81h\x00\x808\x00\xa5(\x00\x95\xe4\x00\x86$\x01\x89(\x00\x85D\x00\x80\xb0\x00\x898\x00\x89h\x01\x81\xcc\x00\xa6,\x00\x80\"\x03\x92\x9c\x00\x84,\x00\x82\x00\x01\x91T\x00\x80\f\x00\x8eT\x00\x84\f\x00\x89\xf8\x00\x89@\x00\x8a\xdc\x00\xad@\x00\x80\x80\x01\x8a@\x00\x80\x1c\x03\x8a\xa8\x00\x80\x98\x00\x8d\xc8\x00\x82<\x00\x8c\\\x00\x81H\x00\x99\xf0\x00\x8a\x1c\x01\x81\xf4\x01\x81D\x00\x80$\x01\x92(\x00\x84\xbc\x02\x8a(\x00\x85\x88\x00\x81x\x05\x81\xcc\x00\x81\x18\x00\x012\"\x90P\x06\x81-\x05\x01Eq\x93\v\r\x81\x1c\x00\x00N\x81\x8a\x06\x906\a\x81\x1c\x00\x00L\x81S\a\x902\a\x82\x1c\x00\x818\x00\x902\a\x81\x1c\x00\x00G\x82\x8b\a\x94\x1c\x00\x818\x00\x005\x93\xf5$\x83\xb3\b\x01(a\x84\x9f\x0e\x80_!\x811%\x84\xe0$\x80z\a\x82\t\x00\x00i\x80\xd5\b\x85\x8f\x0e\x01a.\x81\xca\x05\x80Q\x00\x00a\x82\xdc\x0e\x00(\x83\x10\x00\x84%\x0e\x80k%\x80&\x0e\x9a#\x00\x80U\x00\x8a$\x00\x83w\x00\x83\x8f\x10\x002\x86+\x00\x80r\x00\x00)\x95\xa8%\x83\x14\b\x93\xb3\x00\x00d\x85\xa4-\x01sr\x87\xb7\x10\xbd\xb3\x00\x80U\x00\x9e$\x00\x80p\x00\x80$\x00\x97\xb2\x00\x9ab\x01\xc8Y\x01\x94\x82\x00\x83l#\x9b\xe6\x01\x00o\x82\xc6\x06\xec\xe9\x01\x83u\x00\x96\xb8\x00\x84\xf5'\x93\xec\x01\x9b\x91/\x00w\x80E\x00\x00O\x82+\x00\xa5\xcf\x00\x86\x91(\x95d\n\x81\xd6\x15\x9c\xd0\x00\x81\x95\x00\x83\x9b\x16\x9c)\x00\x81\xb4\x00\x9f\x1f\x01\x85\x1f/\x9a\xbe\x00\x83\xea\x00\x97\xfd\x01\x80\xf5\f\x9c\xfb\x01\x01ba\x81\xa9\x1a\x82U\x01\x01is\x84\x1d\x00\x00s\x81\\-\xd5\r\x02\x91$\x00\x81\x85\x00\xa02\x02\x81\xa2\x00\x9e\x8e\x03\x81\xe62\x96\x10\x01\x82 \x10\xa6\x12\x01\x86\x85\x19\x80\x13\x01\x80B\v\xff(\x01\x8e(\x01\x91%\x00\x83\xfc\x19\x9e(\x01\x81\xd1\x00\xe2t\x01\x05Branch\x93u\x01\x00l\x81[)\xaaC\x01\x82]&\x815\x1c\x83\x1d\x00\x9f\xc1\x00\x86'\x1b\x80y\x00\x82\x89\x10\x04loc(a\x81\x01\x1a\x84\x7f\x00\x96\xb9\x00\x81A\a\x91\xbd\x00\x80j\a\x84\xab\x15\xa8\xbf\x00\x8fz\x0f\x9e\xa3\x01\x81h\x00\xee\xf4\x00\x80\xba\x0f\x83\xf0*\x8a\xf3\x00\x86\xe9\x00\x80]\x05\x01or\x80\xf1\x1f\x80\xeb5\xb0\xf8\x00\x81^\x00\xd6\xd2\x00\x9dC\x00\x86\xb9\x00\x92\xfd\x00\x83\xa01\x81@#\x00W\x80(\x00\x91\xfe-\x96.\a\x81\xcc\x00\x83\x8b*\x84\x980\x80\xb6\x10\x87\xdb.\x91\x8d\a\x8c\xc4.\x87a\x15\x8a\x19\x00\x83\x04\x17\x87)\a\x87\x87(\x85\xb53\x82i\x00\x83\x10!\xbdi\x00\x00s\x9fi\x00\x85\xdb1\xbc\xd2\x00\x00x\x9ei\x00\x83\xa3!\xbdi\x00\x00c\x9fi\x00\x83\xae\x1d\xbdi\x00\x008\x9eh\x00\x83\xfa!\xbdh\x00\x80B\x1d\x92h\x00\x91s\n\x8cV\x00\x83\x02\x18\x8eR\x00\x00a\x83$ \xbb\x97\x00\x00a\x88h\x01\x90Y\x03\x81E/\x80\xdf\x18\x01ax\x8em\f\x89\\\f\x94\x9c\f\x8c\x86\x00\x86I\x19\x92\x85\x00\x95:\f\x89\x82\x00\x80%$\xa1\x84\x00\x8b\xb5\x00\x9e[\x00\x00d\xdb\xdd\x00\x813\x03\x9e\xdd\x00\x00D\x80\\ \x82H&\x8a\x87\x00\x81r \x80\xa4\x12\xcah\x01\x8c\x8c\x05\x02Abs\x86\x8f\x05\x88\xd3\x05\x01-4\x86~\x00\x823\x00\x99\xbc\x00\x02Bss\x8f\xbb\x00\x02bss\xf7\xba\x00\x83}\x00\x84E\x00\x80(\x00\x80\xa2\x00\x82+\x00\x99\xc8\x00\x0110\xe1\xc8\x00\x001\x80\xe54\xd7\xc8\x00\x81h\x1b\x83\x91\x01\xff\xc5\x00\xa0\xc5\x00\x8d\x89\x00\x82\xf0\f\x8c\x86\x00\x84|\x1c\x92\x11\x02\x91\x97\x00\x01, \x80Q4\x93\x1e\x01\x82\x06\x05\xff\x1f\x01\xca\x1f\x01\x85{\x1d\xc1 \x01\x82\f\x05\x00i\x80:\x00\x89\x1e\x01\x94\x12\x01\x91\xa7\x06\x86\b\x1f\x92\b\t\x90\xbd\x06\x99U\x04\x807\x05·\x00\x90\x14\x01\x00d\x9a\x87\x00\x01dx\xd2\x0e\x01\x8f\x87\x00\x9b\x0e\x01\x00c҇\x00\x81b\t\xad\x87\x00Е\x01\x90\x87\x00\x9b\x95\x01\x00sң\x02\x81B\v\xaa\x0e\x01\x008ц\x00\x80\x8d\n\xaa\x85\x00\x009х\x00\x80\xaa\n\xa6\x85\x00\x81\xce\r\x80&\x03\x00c\xb5\x86\x00\x86\xd5!\xa1&\x03\x00c\x96\x87\x00\x84\xb6\x1e\x93\x85\x00\x80\r\x00\x81\x82\x00\x008\x8f=\x05\x836\x00\x95U\x00\x82\xb7#\xa2`\x01\x8f\xb2\v\x83\xf2#\xa8I\x01\x822\x00\xa2G\x01\xa6m\x00\x97/\x01\x822\x00\xa2\xcc\x03\xa6m\x00\x97\xb4\x03\x84\xdf$\x9ca\v\x96\xa5\x01\x84?\x00\x88P\a\x81(\x00\x81\x1a\x10\x9aW\v\x814\r\xb4\xbc\x01\x97n\r\x97k\x00\xb4\xba\x01\x93k\x00\x98\xb9\x01\x801\x00\xb4\xb8\x01\x93k\x00\x98\xb7\x01\x81k\x00\x00i\xc9k\x00\x00i\x99k\x00\x00s\xc9k\x00\x00s\x96k\x00\x82\x05\x0f\x8fX\x17\x00f\x85\x14\x12\x8dS\x17\x008\x87\v\x00\x80\x1dC\x85\xb2\x02\x83\xc9B\x82*\x00\x81Q.\x02ff0\x80(.\x80.\x10\x00C\x81\xc2\x12\x80\x1a\x00\x82:\x00\x82\x12\x00\x86\xbb=\x89I\x02\x82]\x10\x82>\x00\x81j\x12\x04x894c\x81\xc2=\x88\x12\x00\x00b\x80\x12\x00\x86\x157\x83W\x00\x82\x19\x00\x014d\x83\xeb=\x88\x13\x00\x008\x84\xa8A\x82\xad\x10\x8e\xcb\x05\x8c\xa3/\x92%\x00\x81KB\x8c0B\x88`\x00\x0155\x8es\x00\x009\x85\x12\x11\x90M\x00\x00d\x80\xde\x00\x94J\x00\x97\xbd\x00\x92J\x00\x00c\x97J\x00\x007\x8fJ\x00\x00b\x98J\x00\x01di\x97J\x00\x8f\xde\x00\x00b\x98\xde\x00\x00s\x81J\x00\x89\x02C\x80\xbd\x01\x0100\x81C\x00\x87\x10\x00\x0148\x8c\x10\x00\x83\xcb\x01\x8c\xce\x02\xa1\xa9\x11\x80\xd9\x02\x95\x9b\x12\x86_\x00\x00b\x8c\x7f\x00\x00b\x8c\x7f\x00\x85J\x02\xa2\x7f\x00\x86M*\x99~\x00\xa3J\x00\x84T*\x8cI\x00\x99E\b\xc0\x85\x11\x86\xab(\xad\x85\x11\x849\x0f\x80\x19\x04\x80*\x00\x00D\x80\xbe\x03\x8c\x88\x11\x845\x1a\x91\x8b\x00\xbc\xb5\x0e\x81\x99\x00\x81_\x00\x98\x98\r\x8e\x9d\x00\x81\xed&\x93\xa1\x00\x8c\xd6\x1a\x82\xcbE\x80\x10\x00\x00>\x84,\x15\x82\r\x00\x81o \x90\xc8\x01\xc6\xc8\x00\x82P\x1a\x98\xcb\x00\x81r>\x81\x9c\x13\x81\xe9\x1a\xa08\a\x84\xf5\x1b\x90\x9a\x00\x82\x1a\x00\xa1\x9c\x00\x90\x13\x00\x81v\f\x001\x82\x0f\x0f\x80+6\x9aw\x01\x85\xa8\x00\x8fu\x01\x8ak\x01\x83c\x1c\x80\xee\x05\x81\x16\x00\xabz\x01\xd7\xe2\x00\x82\x95\x00\x82\xe6\x00\x9d\x95\x01\x00Q\x81`\x19\x88\xee\x00\x80\x88\t\xf5\x97\x01\x80\x04\r\x99\xa6\x10\x91\xae\x00\xab\xb2\x03\xdaR\x02\x9c\xcc\x03\x85\x84\x12\x83\xcd\x03\xb7i\x01\x870/\xa5\x9d\x03\xafj\x01\x8b\xac\x00\xbf\x16\x05\xa9\xac\x12\xa0\x17\x05\x8f\x9f\x00\xe6\x18\x05\xb3\xca\x00\x99\x84\x03\x8e\x18\x02\xedo\x04\xc2Q\x02\xa3p\x04\x83\xe5\b\x02lic\x84\x15J\x94\x8b\v\x91W\x02\xba\xdf\x1a\xc8\xfd\x1c\x01-8\xc0O\x00\x87\xe3\x1c\x01-1\x80\xf49\x93-\x01\x05Normal\x80N\x01\x80\xcb\x00\x03ForK\x80 \"\x8b1\x01\x00k\x80\x12\x00\x89\xd9\x02\x82\x10\x00\x86\xd9O\x80R\\\x81p\a\x91\x03\n\x94D\t\x9b\xc9\x1a\x0125\x81\xd1C\xa5\xdd\x11\x85\b3\xa5\x8a\x15\x8d\xe6\n\x8e\xcc\x00\x80\x93L\x83\aA\xc2\xcc\x00\x87{L\x9e\xcb\x00\x86I3\xa9\xcb\x00\xed\xa3\x00\x84\xca3\xc9n\x01\x001\x83\xf4B\xc1\xcc\x00\x81\xe4\x02\xffo\x01ȣ\x00\xcdo\x01\x00U\x80\xc6\x03\xc8p\x01\x036553ڭ\x03\x90KK\x82\xb3\x04\x83\xce5\x96\xa8\x12\x96\xea\x13\x838\x00\x8c\xe9\x13\x8d'\x00\x85~\x00\x93{\x00\x83*6\xaf{\x00\x838\x00\xba{\x00\x84\x866\xb4u\x14\x84>\x00\xa8v\x14\x81\x956\x82\xe2 \x8aB\n\xb16\x0f\x86\x017\x92\xfa\x01\x986\x0f\x81o\x0f\x80\xaa\x1b\xd0\xfd\x17\x92`\v\x96P\b\x80\xf79\xb9\x87\x00\x867:\xbc\x87\x00\x80\xb4\x04\x00c\xe4K\"\xbeG\x05\xaav\x1b\x81G\x00\xdc\x02$\xc7\xda\x00\xaa\xe5\x1d\x02Sar\xff\xda\x00\xbcX\x06\x95\xb4\x01\xe8\xda\x00\x801a\x03The \x80\x95\x0f\x83p/\x00s\x81\xf3\\\x82',\x00s\x86YW\x03ecau\x80\x81\x15\x00G\x81\x85a\x03mach\x80\x9b)\x00-\x80\x8a\x00\x83\x8ba\x80\x1a\x00\x02s i\x80pT\x80J\x00\x81\xcaE\x845\x00\x82\x8dC\x06s. Logi\x80[\f\x83X\x00\x01s \x81\x13:\x01on\x80\x9aa\x02nee\x81\xa4O\x02exp\x80N\f\x01it\x80\x12\x00\x80\xf2a\x80\xd5a\x82H\x00\x03two-\x81(\x10\x01 u\x80g\x00\x0264 \x80\xe1a\x00e\x81\xecN\x80\xada\xa6\x8a\x01\x8b\xcf:\xbb\x92\x01\x80Z>\x00L\x80<0\x81G\x1f\x81\x1d0\x8c)\x06\x03, mo\x85\x7fX\x83\xc9\v\x81\x10\x00\x93\f\b\x91\xad\x00\x86\x96>\xa1\xeb\x03\x82:(\x88\x18\x18\xa3c\x00\x86\x1b?\xa7c\x00Ҵ!\x97\x83\x05\x81\xca\x06\x82-!\x81\xd1M\x8b=\x0f\x02etc\x87Y4\x82\x04.\x8b\x9a\x19\x83\xfc5\x83J\x0f\x82,\x00\x89\xea\x18\x820\x00\x8e/\x00\x00N\x8a\xadf\x896\x00\x83s\x17\x936\x00\x00L\x81VW\x926\x00\x83\x8c\x01\x946\x00\x96l\x00\x83%Q\x936\x00\x00G\x96l\x00\x83[\x02\x946\x00\x92\xc7[\x94\xba\x01\x86\x1c?\xa6\x15\x02\x9b\x8a\t\x84J?\x91(\x00\x82R/\x97t\n\xb4\x84\x1d\x83\x9b@\xa8e\x02\x811\x00\xb3\xe5\t\x94k\x00\x97\xe4\t\x01Im\x80ZA\xc3T\b\x85\xa3A\x92\xa7\x01\x99\x1a\x19\x02eav\x8a\x89\x12\x81u\x00\x93+\x00\x80W@\xacw\v\x802\x00\x96\xcb\x03\x9c\xcb0\x91\xfc\x00\x884\x00\x84*\x00\x98\xbc*\x80\x93A\xad`\x00\x85O2\x8c\xc6\x00\x80J\x00\x99\x991\x81l\x00\x00z\xc5k\x00\x00z\x9dj\x00\x00n\xc6k\x00\x00n\x9dl\x00\x81XC\xb3\t\x03\x83\x92C\xa8\t\x03\x85\xa8G\x00v\x80\xa8G\x82:\x14\x96\xc2)\x81\xbaW\x00v\x89\f\x00\x80]n\x8e\xdd)\x96\x91\x02\x89\x10H\x93\xea2\x89@\x00\x83\x85\"\x83|\x00\x97\xf0)\x81\xe52\x98\xe5)\x80d\x00\x9ec\x00\x83\xd3\x00\x9bc\x00\x83$\x00\xb9c\x00\x83*\x01\x9ef\x00\x83'\x00\x91i\x00\x93\xbc\x01\x81\x80I\xac\x18\x04\x813\x00\x82O\x00\x8e\x17=\x00P\x80\x8ba\x80\xe63\x00B\x82+!\x80\x8fF\x0121\x91aD\x82p\x15\x03Guar\x82^U\x81\xb5=\x0163\x805m\x8e(\x00\x03Expr\x82,\x00\x85'\x00\x0404857\x90\xa6E\x81Z\x04\x89)\x00\x81\\\x11\x90'\x00\x00F\x81\xc1W\x89(\x00\x05838860\x90\xc0E\x01Im\x80\xf7q\x04Outpu\x80\xb6\x04\x83\xb7S\x81\xd0\x00\x030971\x80\xbad\x8f\aD\x80\xd0K\x801\v\x03Body\x88/\x00\x02819\x90,\x00\x01Sc\x80\xd9l\x03chIo\x81\xd2J\x90\xca>\x84 \x00\x00N\x81A\x00\x96\x1e\x00\x00F\x81\x18\b\x91\xcdI\x81\x1d\x03\x82\x885\x01Pt\x80\xa8X\x92gI\x81#\x00\x81\x00\x01\x83\"\x00\x91\x01I\x80^\x03\x88D\x00\x91\x99H\x81\xe8\x03\x87C\x00\x90\xa8\x00\x00F\x80\xdd=\x01at\x84\xae\x00\x81\x92\x01\x90E\x00\x81\x89\x00\x80B\x00\x00A\x80\xf8`\x82\fG\x009\x94\xad\x00\x82}1\x83%\x00\x93S\x01\x80\x8e\x00\x87H\x00\x94\xfc\x01\x80$\x00\x88H\x00\x05131072\x91\xb4F\x01mp\x80\xa4d\x04FdWri\x80\x97\x17\x92\xa1\x01\x85#\x00\x01Re\x80\xfbU\x92q@\x85\"\x00\x00P\x80m\x00\x81#\x00\x90\xb3\x00\x86#\x00\x00w\x84i\x00\x90\x80@\x83$\x00\x00P\x80\x81\r\x00O\x80n7\x93\x88@\x85H\x00\x02Clo\x82s\x03\x90\xacG\x85#\x00\x81\x91\x01\x80\x86Y\x81#\x01\x9b\xd5\x00\x01di\x81\xd6\x01\x90\xf2H\x83%\x00\x85@\x02\x00s\x83M\x00\x92>\x03\x85(\x00\x83#\x00\x90\x03I\x83#\x00\x80\x95\x01\x01ir\x84\x1eH\x83+\x00\x91\xe2L\x8a,\x00\x84'\x00\x96v\x01\x80\x82\x04\x00c\x85SN\x91~\x03\x01ta\x80\xe7\x00\x80\x06\x05\x99\xf0L\x01Vm\x81\"\x00\x81\xf4\x15\x93\b\x01\x83 \x00\x84\xe5\x04\x80\x0eM\x8f\"\x00\x83k[\x82\x9bg\x94\x1d\x00\x00F\x81\x1d\x00\x90\xc6\x00\x82\x1d\x00\x83\xf2O\x90\xbf\x00\x83\x1e\x00\x82\xf4O\x90\xb8\x00\x83\x1e\x00\x82\xf6O\x90+\x02\x84<\x00\x81\xdcO\x90&\x02\x83\x1e\x00\x82\xfaO\x90\x1f\x02\x83\x1e\x00\x81\xfcO\x90\x0f\x01\x83\x1d\x00\x81\xfeO\x90\f\x02\x82\x1d\x00\x00P\x80\xd8\f\x91\x06\x02\x82\x1d\x00\x00C\x80\x04\x1e\x93\xf9\x01\x83Y\x00\x82<P\x91\xf1\x01\x83H\x01\x01la\x82\xeaM\x95-\x01\x00T\x82\xdbK\x91\xe6\x01\x85\x1f\x00\x002\x83\xc5\x01\x96 \x00\x003\x81 \x00\x90\xe7C\x80\x13\t\x82#\x00\x81]>\x83\xc0\b\x810\x11\x82=\a\x82.e\x80\x0e\x00\x89\xa1;\x85/\x00\x01s[\x800\x00\x80hY\x91';\x84\x00Y\x8aN\x00\x82\x90c\x00>\x80\x88N\x064748364\x83\xa7\\\x02v -\x81\x9cN\x85\x14\x00\x98\x12\x00\x89\xc1e\x00v\x91v\x00\x80R\x03\x81_U\x01in\x84\xc8Z\x85\xbfW\x8d\xd0\x00\x8f\xa9\x00\x82\x12\x00\x80?\x00\x80\xa7\x05\x00t\x80@\x00\x819\x00\x93\xaa>\x00N\x80\x19x\x88\x0eL\x01Pc\x80\x7f=\x80\xd0'\x85p\x00\x00p\x84\xfb\x0f\x84p\x00\x83\xbf)\x86?\x01\x01_r\x83\xfbr\x00_\x80\xee\x11\x01af\x820\x1d\x80o\x00\x83w<\x00p\x88\xecT\x81G\x00\x00+\x8dv\x01\x8d\x84L\x02[op\x93|\x01\x8a\x9f\x00\x00s\x89\xa0\x00\x00)\x80\b\x00\x85\x9a\x00\x80pT\x85\x98\x10\x00M\x80'y\x81\x83i\x83\xe3\x06\x00(\x83R\x06\x80\x8d\x00\x80\x86\x00\x83Fm\x81)\x13\x80\r\x00\x83\x86[\x82\xd9\t\x82\xba\x01\x81D\x00\x86\xce=\x83~[\x81\x05\n\x818\x00\x8a\xeb\x0f\x934\x01\x84.\x00\x87\xd3\x01\x80B\x00\x91\xcf\x00\x02PcL\x81P\x13\x00B\x80\xc7\a\x04d(pcs\x83\xc4\x00\x8ek\x01\x00l\x82\x11u\x80\xad\x00\x00h\x82\x9dY\x820\\\x01cs\x80a\x00\x81\xbd\x00\x80\x1d\x00\x01< \x80\x19\x00\x81\xb6\x00\x00m\x80\xf4\\\x81yf\x80\x14\x00\x00+\x80\x14\x00\x02) /\x85^z\x800\x00\x00[\x80\x1e\x00\x00]\x80,\x00\x80]\x00\x82\xc7*\x80%\x00\x80Gz\x802\x00\x00+\x80\xe2\x04\x8b\xe2*\x80O\x00\x82\x1b\x00\x84\xd4*\x86\xc7\x00\x01lo\x92\x95\x01\x80\xcc\b\x04ntrol\x81\xbe^\x84\xcd\"\x88\xfbs\x90VD\x82\xfb\x05\x86a)\x96=\f\x84W\x13\x8e\xabq\x907\x00\x81\x1cP\x93Q\x00\x80\x1aP\x94\x19\x00\x80\x18P\x94\x1a\x00\x82\x16P\xa7}\x00\x82(P\xa7/\x00\x81:P\x91.\x00\x9d\xe7p\x04OpHas\x83fp\xa4h\x01\x81\x16\x01\xa8D\x01\x00z\xa9-\x00\x80>\x01\xc0\"\x01\x9d\xf4\x00\x82\x0f\x02\x00B\x80\x19\r\x00k\x82\x14\b\x00s\x83\xcc\x05\x8c\x98\x04\x848\x03\x88\x03\x04\x80F\t\x80-\x00\x88(}\x82W\x03\x80S#\x0151\x81\xfe\x03\x00i\x81\xb2\x03\x83\xc2A\x8aP\x03\x80Sk\x00k\x8e6\x00\x87-\x00\x00+\x80\x9b&\x89\x0e\x00\x84\x82\x03\x8d\xcc_\x82F\x00\x88\xca_\x82\x10\x00\x81\x91e\x82\xc4\x03\x83$\x01\x88\x82\x00\x00>\x84(A\x83'\x00\x000\x81'\x00\x81\xaeq\x8f\\\x00\x874\x00\x87\\\x00\x83\xc8\x04\x81\xde\x03\x83\xdcf\xad\x95\x05\x86\xc4m\x91\xcb\x03\x83\v\x05\x82\xaf\x00\x01+1\x8a\x81\x00\x83\x19\x00\x85\xda\x00\x80\x02f\x83\xb5\x00\x83\xe7]\x84be\x96\xba\x02\x84W\x00\x80\xa3\x01\x80\x10\x00\x83\xe2\t\x8bG\x16\x8d\x17\x05\x84\xd9\x0e\x85\xc4\x06\x85\xc0\x00\x80\x81\x01\x81\xc2\x00\x81l\x00\x89L\x00\x96\xa8\x00\x88%\x00\x91\xb0\x00\x9a\t\x04\xc0\xae\x00\x002Ʈ\x00\xa4\x1c\x02\x81\xff\x18\x85{\x02\x81\fh\x83_\x00\x84\x1b\x03\x86\xdd\x06\x83\x10\x00\x80\xd9\x02\x81\x9e\x00\x8a\xee\x05\x83\x1a\x00\x92\x96\x03\x81\x91\x03\x00E\x86=\x00\x85\xb7\x06\x00b\x81\x17\x00"
const compilerSourceData19Chunk1 = "\x83\xd7\x00\x8c:\x03\x8d,\t\x87*\x00\x82Y\x02\x816\x03\x83K\x00\x83\x1c\x02\x8a\x81\x00\x00[\x89-\x00\x80\xe5\x02\x87\xa1\x00\x87`\x00\x96;\x04\x82\x9c\a\x82\xaf\x00\x83\xb2'\x8b\xb1\x00\x8d\xa1\x00\x86@\x04\x88\xca\x00\xa9\x0e\x04\x827\x00\x88Y\b\xa0\xa2\x01\x823\x00\x8e\x05\x01\x80\xd4m\x00i\x81\xa4}\x89\x02\x01\x81f\x03\x82\xc2\x01\x83\x0e\x00\x81\xa2i\x82\xf9n\x86\xab\x00\x83c\x04\x82\x10\x00\x82&\x01\x89\x1a\x00\x86}\x00\x81#\x00\x88j\x00\x86L\x01\x87-\x00\x96\xf1\x01\x80:'\x82O\x01\x01Fa\x808`\x88\"\x01\x85\x1a\x01\x80\xf1\f\x8c\xe7\x01\x81\x13\x00\x81j~\x82\xd0\x00\x80\f\x00\x83\xe5\x00\x87;\x00\x8a\xee\x01\x89\xaf\x00\x01dx\x8a\xe9\x01\x8d6\x00\x00-\x80\x0f\x03\x8e\xa6\x00\x89ui\x90p^\x80?\x00\x80\xfd\x1c\x8e\xbf\x15\x88\xd3`\x002\x99Od\x82?\x00\x86/\x01\x94~\x00\x84\x03i\xb3~\x00\x81A\x02\xba~\x00\x84\xf9i\xb3~\x00\x99\x14c\x9d~\x00\x80\xa3c\x96\x12c\x80o\f\x00l\x80\x88\f\x867H\x9b\x86\x00\x8a\x12*\x8c\x86\x00\x82H\x00\x98 \x00\x80]\x00\x9f\xa4\x00\x018U\xabHd\x002\x86E\x1b\x90r\x00\x990\x02\x99\x83c\x84\x8c\x00\x0216S\xac\x8d\x00\x90pg\x86q\x00\x99?\x02\x9c\x8d\x00\x97md\xaa\xbe\x01\x9ate\xbe\xbe\x01\x82\xa5\x00\x008\xac\x06f\x81\xfc\x86о\x01\x82\x8c\x00\x0116\xac\x8d\x00\x81\xb6gξ\x01\xfa\xc8e\x83\xbfk\x90x\x00\x02dep\x83V\x89\x96x\x00\x000\x8a\x9cC\x8c\xf2\x00\x82?\x00\x9ax\x00\x01If\xb7z\x00\x99\xd3\x03\x9dz\x00\x80\xfc\x01\x01et\x80\xe6\x0f\x93}\x00\x85\xb8\x0f\x89z\x00\x91Np\x82\x1e\x10\x92;\x06\x8a\xc4\x19\x84\x96\x13\x9a\x8f\x00\x80\xb1\x12\x97\xf4\x06\x89bU\x92(\a\x8d>\x1c\x86+\x13\x99\xd8e\x82*\x00\x97\xeb\x06\x97u\x00\x91\xe4\x00\xa7u\x00\x8a'p\x90x\x00\x95\xf50\x96\xf0\x00\x84\xe2\x15\x8f\x0e\x02\x8b\xad\x01\x8f\xfa0\x88M\x02\x006\x83\xd5\x03\x9a\xb4\x00\x84\x97o\xa8\xb3\x00\x8e\x14q\x8f\x84\x00\x8e\x8cj\x9a\x88\x00\x80\x98+\x98:\x01\x8f\x01U\x8d\x8f\x00\x87f\x02\x83.\x00\x81D\x0f\x80\x1dx\x81.\x00\x86Z\f\x9aE\x01\x84DS\x93D\x01\x81\xa6\x05\x98\bl\x81\xf7\x13\x80\xf7\t\xa2\xc1\x00\x9b\xb0T\xa0\xd7\x00\x94\x1e\x00\x85Nn\x81\x02$\x82X\x00\x80\xf7\x00\x8cvP\x91\xf7\x00\x83cT\x95\xf8\x00\x86$\x14\x94\x14\x01\xe9c\x01\x8aFs\x90c\x01\x92\xfb5\x8f{Q\x8ag\t\x8f\xaf/\x856\x00\x8cHQ\x8b\x11\t\x8c7\x00\x91g\n\x80\xd51\x9b\x18\a\x8d\xd8s\xba\xd2\x00\x87{\b\xa9\xd2\x00\x88%\b\x98\xd2\x00\x86|\t\xa0\xd3\x00\x8bkt\x90\xd3\x00\x85\x97U\xaa\x01\x05\x80\x9b\x19\x9d\x03\x05\x8a+\t\x86W\x02\x88J\x00\x88\"c\x00[\x81\x85\x00\x81\xa2r\x97\xc8\x00\x80-\x1d\x8dQV\x81'O\x82\xab\x1b\x83I\x10\x01ss\x85\r\x00\x82\xcb\x00\x8aL\x0f\x86-\x0f\x00a\x80h\x81\x80\x9b\f\x82k\x13\x823t\x82\x83\x01\x83o\"\x95\x03\x13\x80\f\x18\x82\x96\x11\x85<\x00\x81\xf8\x10\x81\x9e\x01\x83\xdd#\xab9\x00\x84\x80\x12\x83\xa9\x11\x89X\x82\x82=$\x02Pos\x82St\x86G%\x84n\x13\x84/\x00\x82\x17\x0f\x82\xcf\x0f\x826\x00\x80U\x01\x84_\x00\x830\x12\x81'\"\x83*\x00\x87\x97\x11\x8b\x06\x01\x002\x86\x06\x01\x00a\x84_\"\x86\t\x01\x83=T\xa5\t\x01\x86?\x00\x85\f\x01\x81\xe8\v\xae:\x00\x84\r\x01\x82\x903\xaf=\x00\x83\x1c\x13\x87J\x01\x86\x0f\x02\x00+\x81\xfb\x06\x839\x01\x8a\xeb3\x883#\x89\xa0\x13\x81\x00\x11\x84<\x02\x85:\x00\x86Bs\x9ac\x01\x93\x873\x83\x0e\v\x81\xa2\x03\x99e\v\x80\x8c\x1f\x80\x99\x01\x82Js\x93o\v\x91S\x03\x815\x00\x9dw\x03\x8ecu\xb20\x04\x80\xc4\"\x95\xaf\n\x01tr\x82\x03\x04\x83\xbd\x00\x80M\x02\x86\x0e\x00\x9f\xc0\x00\x89j\x05\x86,#\x8e\xd6\n\x86v\x04\x85k\x00\xa0\xce\x00\xadu\x00\x00+\x81\xdf7\x94w\x00\x85\xd4\x00\xbeE\x01\tErrnoResul\x97\xf7\n\x81\x1d\x00\x81l#\x93\x81\x05\x86\x97{\x8d\x81\x05\x80\xbd\x1e\x94]\n\x004\x81z6\x8c\x11\x01\x85\x14\x0e\x80\xa6c\x82#\x00\xa04\x01\x84\x98\x00\x8c\x04\x01\x90K\a\xa2\x90\f\x8c2W\x89Y\r\x90\xaf\x00\x8b\x8c\x00\x00-\x8a\xe7\x0e\xb6h\x00\x9bt\v\x88\xb1\x01\x00O\x80\xe00\x98\xb5\x01\xff\xa6\x01\x93b\a\xff\x81\x01\xc0\x81\x01\x85NN\x9fy\x01\x8eJ\x82\x00,\x81ji\x82\xaah\x80\x16g\x85*g\x81tk\x81\x9af\x004\x85>g\x85\xeeh\x80\x18\x00\x89Bg\x85\xdah\x82\x1c\x00\x80\"j\x8e\x1ei\x80\xcaf\x85@\x00\x86\\\x00\x84\xaaj\x001\x84\x1ei\x82\x12i\x81\xaaj\x81Ng\x89t\x00\x80$\x00\x89\xc6g\x83\x06g\x87T\x00\x007\x81\xa2i\x85\x14\x00\x80>g\x81\x18\x00\x8a\xc8\x00\x81H\x00\xe5\xc8\x00\x81\xaai\xd4\xc8\x00\x001\x81\b\x00\xd8\xc8\x00\x82\x18\x00\x80x\x00\x00a\x81\\m\x89\xd4\x00\x80@\x00\xd6\xd4\x00\xdcd\x02\x96\xd4\x00\x808\x00\xd6p\x02\x80\x9c\x00\x89\xd4\x00\x85\x9c\x00\x82x\x00\x81,\x00\x95x\x00\xb0l\x00\x00d\x81\x14\x00\x8c\xe0\x02\x89\f\x01\x00c\x84\\\x03\x82|\x00\x80$\x00\xca|\x00\x84\x0ep\x91|\x00\x85\xc0\x01\x85\xac\x01\x004\x89\xc4\x01\x85\x84\x01\x80vk΄\x01\x81l\x00\x85\x04\x02\x81\x18\x00\x91\x98\x00\x85$\x00\x84nk\x82\xaem\x81rq\x84,\x01\x89\x8c\x00\x910\x00\x82x\x00\x81\xf8o\x81`\x00\x80\x04\x00\x8a@\x01\x85\xeem\x81\xacp\x88\x80\x01\x810p\x81X\x00\x8e\\\x00\x81\xfc\x00\x84\\\x00\x81Pp\x85D\x00\x81X\x00\x89H\x00\x008\x81\f\x00\x81dp\x9dH\x00\x804\x01\x92H\x00\x81\xfc\x00\x89\xe4\x00\x81\x1c\x03\x80D\x01\x958\x02\x85fm\x82H\x00\x948\x01\x89\b\x01\x85\xf8\x02\x82\x14\x00\x81\x02p\x81$\x02\x854\x00\x85\\\x00\x80\x18\x00\x8a\xe0\x03\x88X\x00\x85\xc4\x00\x89\xf4\x00\x81D\x00\x85\xf0\x00\x82\xfc\x00\x81@\x00\x80\x14\x00\x008\x81\x04\x00\x84l\x05\x82\xb0\x00\x80\x10\x00\x00e\x804\x00\x81\x14\x00\x86\x18\x00\x81\x94\x00\x89t\x02\x85\b\x00\x80\b\x04\x82|\x02\x81H\x04\x81 \x00\x81\x04\x01\x8d|\x02\x80$\x00\x92|\x02\x81\x92m\x84p\x02\x8a\xd0\x00\x85,\x01\x81\x1c\x00\x85\x14\x00\x84\xa4r\x82\x84\x01\x84\x84\x04\x92\xb8\x02\x96\x04\x00\x00\"\xa0\xee\a\x81\xfc,\xa5d\t\x96\x8b\x10\x83\x12A\xb0\x8a\x10\x80b\t\x90]\x19\x9a\x85\t\x9d\x8a\x00\x81\x0f!Ƿ\x00\x90\xdf\x19\x86\x9e\x00\x016b\x86\xa2\x13\x96G\x13\xc2x\n\xcb\xc6\x00\x8f\x05\x17\xa3V\n\x8bg\x00\x8fV\n\x93\x19\x00\xc7?\v\x8c\xc9\v\x9c\x15\x01\x81\x05U\x9b{\x00\x006\x8a\x7f\x0e\x8c\x90\x81\x007\x81\x1fO\x80\xaa\x01а\x01\x8c\xc8\x00\xa9\xb0\x01\x82\x02+\xb3/\x01\x96\xb0\x01\xbeH\x01\x83\x9a'\xffI\x01\x91\x9c\x00\x8a\x97 \xd2I\x01\xb5\x9a\x04\x96)\x04\x91\xc7\x00\x0147\x95K\x04\x90\xba\x1f\xc7>\x05\xaaK\x04\x8a\a\x05\x9dK\x04إ\x05\xd2\xdf\x04\x9c\x81\x00\x003\xaaN\x02\x90/\x03\x87\xb4\x01\x81\xd4\x11\x92w\x10\x87#\x00\x81(\x86\xad)\x03\x90t\x00\x9d\x89\x05\xd2d\a\xaa\xd2\x03\xbe\x9b\x04\x99j\x01\x85\x99\x04\x9eA\x03\x007\x8b\xca\x15\x88\xb8!\x813K\x0138\x93^\x8c\x8d\xd5\x11\x8b8\x00\x81\xeb8\x0125\x8a\x81\x06\x96\xa1\x05\x8b:\x00\xab\x91\x12\xa3\x8c\x15\x00F\x90Y!\x85\xe0\x8b\x8a0\x00\x8b37\x8e\xab\x01\x99\x84\x13\x8a#\x03\xcf+\x15\x9b\xd3\x00\xc76\x15\x85\xf8\x8e\x8aZ\x02\xb4\\\a\xa1\x97\x03\xa8o\x05\x99~\x01\x9eh\x00\x95)\a\x004\x8a\xf1\"\x85\xbf#\x97\xcf\v\x8b\x00\x01\xfd\xca\x14\x82ޕ\x822?\x82T,\x92\xe8\f\x82\xe3\x18\x82\xb8:\x82M\x19\x00c\x81l+\x88]\x19\x81\x1aw\x81\xc1 \x95]\x19\x87f\x96\x82\xfd\x14\x8d\xc9\x0f\x92\xc5\x0e\x80\x18\x00\x82\x93{\x85\xfd\x13\x81\f\x00\x81,\x00\x80\f\x00\x89\x1f~\x8a\x95\x0f\x81\xf3}\x81=\x80\x81%\x0e\x8dY\x0e\x89\x15\x0f\x81\b\x00\x81D\x00\x94=\x0f\x82\b\x00\x80 \x00\x92\xb1\x10\x84\x84\x00\x85$\x00\x8e\xc5\x0f\x81X\x00\x81\x91\x0e\x84\x8d\x0e\x81\x04\x00\x86\xb0\x00\x811\x10\x88\xb0\x00\x81!\x0f\x86\xb0\x00\x84|\x00\x89m\x13\x868\x00\x88\xb9\x0f\x928\x00\x81{\x80\x8d\xa5\x13\x88\xf1\x10\x86\x9c\x00\x81\xbc\x00\x8a\x9c\x00\x00\"\x86\xd9\x01\x89\xd5\x01\x87\xd1\x01\x87\n\x00\x00+\x83\xfd\x02\x9bL\x02\x89\xdf4\x94H\x02\x80\x93\x1c\x82Cm\x86}A\x8a\r\x00\x809@\xacH\x02\x81\f\x01\x82\b\x00\x80\xfc\x01\x82q\x10\x81\xf5\x12\x81\xb1\x82\x84\xcd\x11\x81\f\x01\x85\f\x00\x8a\xa5\x13\x80U\x13\x85(\x00\x81\x10\x00\x8e0\x02\x85U\x13\x81\b\x00\x84u\x11\x8ax\x02\x82\x15\x11\x80@\x01\x85\xd1\x00\x80q\x03\x83\x03\x00\x89\x8d\x03\x99e\x03\x8a\xca\x03\x88\x88>\x92\xc5\a\x87h\x00\x8f;\x04\x91\x16\x01\x81\x17\x11\x81\b\x00\x85\x87\x11\x80\xea\x00\x89\x16\x01\x85\xe7\x12\x8a\x10\x00\x85/\x14\x80\x1a\x02\x86\x1a\x01\x91\x1f\x14\x81O\x14\x85W\x14\x84\x83\x11\x89\x81\x7f\x82\x14\x00\x80\\\x00\x8e\xf6\x02\x800\x00\x87\xa6\x02\x80:\x01\x80-\x01\x84\x00\x02\x89\xfc\x01\xb5B\x01\x87\x81?\x90A\x01\x80\xc7Z\x84k\x00\xa1\xc6\x02\x88\xad\x96\x91\xd7&\x90m%\x916\"\x8a\x1e\x85\x96\xf49\x84\xfe\x05\x81z0\x94p\x00\x90\xa7:\x83\x14\xb3\x88\x8c2\x89t3\x83\xef\x1e\x01oo\x80\xb2R\x89-*\xae=5\x98\xdd8\x8a\r$\x9c\x81\n\x82\x9e\x06\xa99\t\x84=?\x836\x00\x8f\xd1b\x8a\x8e\x00\x90P9\x9c\x93\x04\x97n5\x95\x1a\x00\x005\x96\x1a\x00\x009\x84*\xac\x87X\t\x85>+\x88\xa1\x01\x8a#\x00\x85\x1a\t\x86\x9f\x01\xa2\xe6\x00\x8c\xa7~\x82\x1d\x7f\x8b\xa65\x84@=\x88\xce\x00\x81\xf6#\x81;\x7f\x9b(\x00\x83\xfdU\x82Y\x7f\x9b)\x00\x009\x81)\x00\x84w\x7f\xa7G\x02\x02+13\x84#\x01\x82I\x9e\x809\x00\x80\xa0\x04\x86\x1d\x85\x85\xe2\x06\x81\x8a\x06\x85\xd6\a\x81\f\x00\x80 \x04\x82\f\x00\x81\xdf\x16\x85v\x05\x82\x86\a\x00\"\x83+#\x84\x87\x00\x82\xe5\xb1\x008\x84q\x9b\x80\xcdO\x01Go\x85\xfdO\x01do\x81\v\xa6\x80\xd94\x01sk\x83\xd6\x06\x01s:\x85\x1b\x00\x80\xfdO\x80\xe8O\x80k$\x00m\x80$!\x00 \x80\xb6\xa7\x03duce\x82\x02\xb2\x00,\x84G\x00\x80\x1c\x00\x80\x1fP\x82_P\x82Rz\x82mP\x00a\x85oP\x83,\x01\x82M\x00\x81ұ\x88\x8f\x00\x83Le\x84\xc1\x9b\x85\xf2\x00\x97\xf1\x00\x81{\b\x80\x04\x00\x85\x93\x06\x005\x81Z\x8a\x84|\x17\x89\x15\x01\x81$\x00\x003\x80\x10\x00\x008\x81\u0089\x85\xa6\x84\x9c1\x01\x86s\b\x865\x01\x8a\xff<\xba\x9c\x00\x85\xec\x17\xb9\x8c\x00\x87\x8f=\x8c>\x01\x80\xb2\xb3\x80\xb3<\x8aP\x01\x84\f\x9c\x80\x98\x01\x03i64.\x80\xb6\xb3\x00_\x80R\xb3\x80m\xb3\x00s\x82\x97\x01\x04min/-\x80\xa3\x0e\x02whi\x80\xb5*\x80\x01\x02\x02def\x80\x04G\x80#\x00\x80\xc2\x01\x05quotie\x80\xae5\x00a\x80NR\x01in\x82\xaf\x01\x80H\x00\x00H\x80\xae\x9b\x00l\x81ǳ\x00e\x80\xa8\xb3\x00y\x81c\xa4\x82\f\xb4\x81\xe5\x01\x00l\x80\xc1\xb3\x00g\x80\x93\xa6\x83@\x00\x02cor\x80*\x01\x81\x8fA\x81{\xb9\x00d\x80t\x9f\x00(\x82ʲ\x91\xf8\x01\x80\xba\x00\xab\\\x01\x81\xa0\x18\x82&\x8a\x8cX\x01\x89T\x01\x007\x814\x01\xec\xf4\x01\x95\x98\x00\xbd\xf0\x01\x8f\x03\x06\x89\xb6\b\x83\x9e\x00\x92\xfa\xb0\x84\x01\x83\xa5'\x05\x85\x0f\x8e\x90P,\x8c'\t\x86\xc2\x00\x91\x87\x04\x84Z\x1b\x86t\x88\x003\x80\xaf\b\x9ao\x05\x9a\x1f\x00\x81B\x06\xa52\x05\x80T\x06\x93\x14Q\x89\x00\x01\x830\x01\x00A\x8b\x03)\x84\x83\x06\x8f\xbc\x8c\x83|\b\x87>\xa3\x808\x00\x86t-\x808\b\x00A\xaa\xd1\x05\x85W=\x90\x80\x01\x85\xa5\x94\x82r\x02\x82Y\x00\x9f\xa4\x06\x81\x19\x02\x80+\x00\x00B\x84W:\x94Z\x00\x87`\x95\x93\xd3@\x87┓ \x00\x88ᔔA\x00\x85\xe0\x94\x93\x1f\x00\x87\xe0\x92\x93 \x00\x87ޒ\x93 \x00\x87@\x92\x85\x1c\x01\x00B\x9b\x1c\x01\x81\x8b\x10\x88%\x05\x96\x13\x01\x80\x03\x00\x9as\x00\x81 \x00\x89s\x00\xa5\xe7\x01\x83\xb2*\x83\xb6\x03\x813\x02\x84ݽ\x98l\x02\x81SF\x83]\x02\x82\x10\xa5\x9a\xed\x03\x9cA\x00\x02+1:\x87\v\x00\x00+\x86\x81\x00\x00]\x82\x04\r\x00A\x82\x06\x00\x00B\x86k\r\x9a%\x01\x85\x96\x96\x8c\x1a\n\x8802\xa7\x99\x03\x80\x13\x01\x9a\xe5\x03\x85\xea\b\x88\xff\n\x8a\xba\xa3\xa5h\x00\x017)\x8dI\x00\x87\x904\xa7F\x00\x80\xa8\x03\x9d\x1d\x01\x86\x93\x97\xf2\x1e\x01\x8b\x7f2\xa9\xd5\x00\x8aq\v\x8cߤ\xabe\x01\x9e<\x02\x83Q\r\x8c \x01\x8a\xaf3\xac\"\x01\xa5-\x00\x80/\x01\xa7-\x00\x004\x9c|\x01\x005Ě\x02\x80\x9b\x06\xe8\x9a\x02\xff|\x01\xd2|\x01\xfb\xf8\x02\x83\xc3\x01\x8a}\x01\x80G\r\x90\xec\x06\x819\x06\x86>\xbf\x8b\x9d\x01\x86\x0e\x9a\x94l\a\x8e◷h\b\x85\x1a\b\xab\xb7\x06\x93U\x02\x8a\r\x9b\x87\x9b2\x8f\x96\x01\x81\xab\x00\x81G\x00\x98 \x00\x00B\x8b \x00\x83\xe4\x06\x84\x9e\xa8\x81[\xa6\x82\x12\x1b\x81\x16\x83\x80\xb8\x96\x83G\x1b\x88\xd0\a\x8b|\x00\x97\x9c\n\x90\xb4\x92\x82\f\x00\x81\x8e\r\x002\x83y\x14\x86\r\a\x00o\x80_X\x82״\x8ai\v\x8b\xa1\x03\x84\xd8\x00\x9az\x03\x87SI\x9e\x9f\x00\x89\b\x15\x85g\x93\x82\xb0\x17\x80\x9b\x00\x88\x8f\x12\x88\xec\x10\x86\xb4\a\x87\xcb\n\x9a\x8c\x00\xb9\xdbJ\x9a\x04J\xa5\xbc\x12\x84=6\x93u8\x82\x94\x1b\x9c\xc2\x00\x84FJ\xb7p\x00\x8c\xeb\x1b\x88\"\"\x93N\x02\x8dF7\xaed\x04\x90\xa9\r\x91i\x1c\x94\xf5\x12\x88\xf8\x01\x8a%\x00\x8d\xf1\x1d\xaa4\x13\x8d\xd1\x1a\xa5N\x13\x9ab\x06\x84Ü\x923\x14\x88\xdc/\x810\x03\x82:\r\x87P\x15\x00<\x8aԺ\x8d\a_\x94\xce\x00\x9a\xb3\x00\x9d\x90\x16\x01Di\x81\x88\x10\x81\xc4\x14\x94\"\x16\x00f\x82TX\x89\xf19\xa4q\x02\x00S\xa8J \x82K>\x80\n\x01\x87m\x00\x85\xdbK\x8c0\x02\x8b\xca\x1c\x86/\x00\x95\xd4\x01\x82\x80\"\x89E\x01\xa1P\x16\xa5-\x00\xa9X!\x82\xd0_\xa7Z\x00\xa9\xdf!\x8b\x85!\x9c-\x00\x8af\x1e\x9c,\x00\x81\x97\x15\x9f\xe1\x1d\x80ӹ\x83(4\x93A\x02\xaa\xc5*\xde\x7f\x01\xa2\xcd\x00\x81%\x00\xa0\xcc\x00\x95\x03\x01\x950\x1f\x99\xa5E\x81o\xac\x80\n\a\x80+\x00\x80b\x14\x83oK\x00r\x83\r\x00\x80\xacS\xa7\xdbR\x874\x00\x80l\x00\xa4\xe2R\x86]\xb4\x87=\x00\x82\xefR\x83\xe8\x06\x84Ů\x81(O\x85\x0e\x06\x82WJ\x86\xe2R\x87%\x00\xba\x1fS\x00-\x90\x96J\x80.\x0e\x80\x84M\x81\x8aX\x91Q\x91\x01fn\x86\x92\x1a\x85\x87>\x85\x13\x00\x81F\x05\x80\xc4\a\x85\x0f\x00\x84V\xce\x01g.\x81_\x00\x80\x00Z\x01ch\x81\xa3\xbf\x89AK\x85\x89\x05\x8c#\x00\x00[\x84B\x00\x83=L\x88+\x00\x96(\x00\x85<\xba\x83!\x00\x02Que\x82\x02\xb0\x84/N\x88\x15\x00\x86\xbf\x00\x80\xa8\x01\x81r\x9a\x82翀|\xb5\x00a\x82\xec\xbf\x00.\x80\x13\x00\x01\n\t\x81S\xb9\x82\xbaQ\x88\x1e\x00\x81A\x00\x00s\x86o\x00\x00.\x86#\x00\x83.\x00\x80WN\x9b,\x00\x80!\x00\x84\x9d\x02\x83^_\x81\\\x01\x04Symbo\x87\xa1\xbe\x80{\x00\x83q\xba\x82X\x00\x83\v\x00\x807\x00\x00,\x84\x1c\x01\x82\xa0=\x87V\x00\x98v\x1c\x83Y\x06\x98\xa5\xb0\x817\x00\x88U\x1c\x98h\x06\x93\xac\x06\x8b\xff\x05\x8c(\x06\x87\x04\x1c\x86g\x00\xa8\xf5\"\x90\xad\x05\xa5\xb7(\xa3O#\x9cw<\x81\xb1\x1d\x83\xed\x00ַ\x1d\x80D\x00\x85T`\x87=@\x8a\x84\x01\x80\xbe\x00\x8e\x83\x04\x00s\x82-\x02\x86\x11\x00\xff\xfc\x1d\xb6\xfc\x1d\x90\xa1\x05\x8b>\f\x9e\x90U\x85v\x0e\x82\x1e\x00\x90\xf3\x1d\x88c\x0e\x93#\x00\x83\xad\n\x88\xf4\x05\x8c'\x1d\x98\x13\x06\x87I\x0e\x81y\x17\x89C\x00\x85B\n\x86\xc9\x00\x83\x80\xba\x80\xb5\x00\x83\x1db\x81\xdd\x01\x87\x0f\x17\x82\xc4\x00\x82\xb0\x17\x80\x90\x0f\x89j\n\x800\x01\x03edPc\x81\xd3T\x80\xa0\x1a\x01s(\x86\xf9\x01\x84z\x00\x83d\x00\x8bW\x00\x80\x90\xbf\x85\f\x00\x8f-\x0e\x91\x15\x04\x8a\xa5\x01\x87t^\x00+\x89\xd1\x00\x83\xa8\x02\x86e\x00\x84\xf3\x00\x82Y\x01\x00>\x85\x11\xb9\x80y\x1b\x83Y\x00\x82\xd1\x19\x821\x00\x81i\xcf\x04ss SP\x81\x95\x1d\x82\xa0\x06\x03; dr\x80\xcf\x01\x81\x1d\x00\x04er-ow\x81q\x1d\x80\xcaQ\x80\x97\x17\x81\xfd\"\x82x\x1b\xa9\xd9\n\x9c\x9a\n\x00(\x81\xa2\x00\x03-6)*\x82Aw\x97\x9c\n\x8du\x00\x96:\x04\x83u\x00\x84q\a\x8f1\f\x8b\xef\x01\xa9\x02\r\xb36 \x87\x89Y\xa23\x01\x80\x03_\x90\xad\x03\x8b3\x01\x8a\x90\x04\x95\xa5\x03\x82o/\xadE\x0e\x92\xde\t\xa4D\x0e\xbf\xd8\x00\x81s\v\x98\x01\x02\x8bj\x00\x96C*\x8dj\x00\x91Q+\xa5L\x02\x82\x18M\xb5\xe3\x00\x8dy\x00\x8b\"z\x9by\x00\x82\xe7\r\x98}\x0f\x8a\xdb\x02\x8c\xe7E\x96\xac\x02\x83\xf1\x02\x910\x0f\x8c\xff$\x837\a\x81{\x05\x88\f\x03\x95P\x12\x9a\xa7\a\x03CanF\x803r\x03Pair\x8bQ[\x03firs\x80p\x03\x84FK\x80\xaf\xd3\x00n\x80E\x05\x83\xd1\b\x85o\\\x82#\x00\xa8\xe9\"\x84S\x00\x819\a\x83Q\x00\xa8<\x00\x85\x82\x00\x84v\a\x86@\x00\x8e]\x1d\x83㱄\xdc\x12\x85\xa2\x00\x91\x83\x1d\x88\xe0\x14\x88\x8e\\\x85\x98\x04\x99:\x00\x86\xa1\x1c\x8e:\x00\x83e\x04\x95<\x00\x88_\x1d\x81\xafŕ\xc3\x00\x87\xa6\x1d\x8b\xca\x06\x8a4\x17\x84L\x01\x80\xcb\x15\x8c@\x00\x8a&\x00\x856\x01\x81'\x00\x87\xf9\v\xa7y]\x83w\x02\x81!\x02\x00d\x82\"\x02\xa0\xc3\t\x988\x02\xbb3\x02\x82\v\x00\xa7\x1d\x17\x85!\x01\x82\"\x17\x83\x88\x00\xa7=\x00\x868\x01\x82>\x00\x82\xaa]\xaa\xa4\x02\xc1\x97\x02\x85(\x00\x80\x1f \x80\x03Z\x84\xc1\x00\x85\xa6\"\x84\"\a\x82\xae\x02\x95\x81\x17\x83>\x00\x90\xa3\x17\x86\xd5\x04\x84V\x00\x84#\x00\x91v\a\x9c!1\x92\x93\x02\x83\x94\x18\x9fs\x00\x94\x1a\x14\x8b\xf4P\x9f\x00\x03\x89\xb3\f\x94\x01\x01\x89\xf2\x05\x8f\xf6G\x96i\x01\x93\xa1\x00\x9bb\x00\x95\xee\x00\x98\bM\x80\xd4\r\x01Li\x80]\x01\x90\xfbc\x86j\x05\x91-\xc0\x83\xebK\x87E\\\x83\x00`\x90\xe2\x10\x8a\xa0\x04\x9d\xf3\x03\x810\v\x81Ve\x91Qa\x86\x87\x00\x001\x95\x87\x00\x87\xe0Ņ\x8d`\x00j\x82u\x03\x82\xad[\x83\xf2\xd4\x00j\x86\r\\\x81$\x00\x01j]\x80\xfd\n\x836\x00\x82\xb3\x00\x82\x14\x00\x83K`\x83\x1f\x00\x81\x15\x00\x02j--\x84\x99\x02\x88\x1f\x00\x84\xa2އ\xd3\x00\x80\x1c\x00\x92\xd1\x00\x85\xf0\v\x8b:o\x86\xd5\x00\x81\xe9\x00\x8f#b\x002\x80\xc0n\x84z\x12\x8dy\x01\x01a.\x83C\f\x89\xf8\x00\x86:N\x86\x1d\x00\x80\xfe\x00\x00.\x82\x16\x00\x82\xb6\x00\xa6\x19N\x80+\x00\x87.\b\x80\x10\x00\x83vՏ*\x02\x82\x82\x0e\x84\x0f\x04\x81\xc2\x00\x86\x9b\x11\x85\x1c\x00\x85\x1e\x04\x83\xf6\x01\x83#\x00\x93\xe7\x01\x86\x9e\x02\x95B\x01\x84\xba\r\x8cC\x01\x8c\xf8\x05\x82]^\x88O\x0f\x9c`\x01\x0110\x82\x91\x83\x8dlc\x83L\x00\x86\x86g\x82|\x0e\x8f\xdf\x00\x81\xb6\x03\x8b)c\xfe\xa8\x01\x85\x10\x00\x82\xd7\x02\x8a\x03d\x81\x13\x00\x83\xad\x00\x01pc\x82\x9e\x03\x845\x00\x97\xb7\x01\x84\xdc\x00\x82/\x00\x9d\xf3a\x81h\x00\x85{\x01\x88\xe8\x00\x83\xca\x00\x85\x19\x00\x83\x8a\x03\xa5\xc7\x06\x81\xdb\x10\x97,\x10\x84dO\x80\xd4\a\x9b1\x10\xa5,c\x85\xa4\x00\x85\xbe\n\x83\xd2\v\x8f!c\x8a\xe9\x00\x82K`\x85\xdd\x00\x8b$c\x80\xb8\x14\x85\xa1\x00\x83g\x01\x86J\x00\x80\x12\x00\x85\xa3\x01\x86\x11\x00\x93\xa9\x01\x85\x1f\x00\x8a\xaf\x01\x90\xb0\x01\x8a\xb2\x00\x8b\xb3c\x82=\x00\x83\xbd\x01\x83\xa5\aČ\x03\x8e\xcf\x10\x986\x06\xff2j\x862j\x88-\x06\x85\xfa\x05\x01lo\x84\xac\x06\x98s\x04\x80\xaf\x15\x00s\x90?\x18\x8c\xbc\x13\xa5\x8a\x04\x80\xb8\x01\x8e\x8b\x04\x8cl\x18\x81,\n\x82]\x00\x86\xb8\x02\x81dفQ\x00\x89\x11\x00\x00c\x80.\x17\x81\xb7!\x82\xd0\x16\x80\xf0\x17\x93\x97͇V\x00\x87\x98\x03\x82qc\x8c\xa3\x18\x82\x9d\x03\x82\xab\x7f\x88z\x00\x84\nd\x85\xe9\x00\x826\x01\x86\x0e\x00\x00[\x88*\x00\x80\x9b\x01\x84\"d\x83\x84\x01\x88\x1b\x00\x86\x1ed\x81#\x0e\x83\a\a\x85\b\x02\x84\xbdv\x82K\r\x99v\x00\x82S\x00\x88?\x00\x80k\x00\x92\x85\x00\x879\r\x83\x8b\x00\x828\x03\x85K՟\x89\x13\x825\x00\x84n\x00\x81\xa6\x01\x83\xc5d\x87x\x00\x81\x18\x00\x80J\t\x89\x88\u0380k\x00\x87\x87\x01\x00<\x84w\x00\x80r\x00\x87\x15\x00\x80\xed\x03\x88\xba\x00\x82\\\x00\x82\xa8\x01\x87\xce\x01\x99V\x04\x87'\x00\x81\xfd\x02\x88a\x01\x88\x0f\x02\x83!ς\xdf\x03\x87w\x00\x8d\xb8\x00\x83\xf4\b\x85\x8e\x05\x828\x00\x00;\x80\x11\x00\x99|\x00\x80\x15\t\x00<\x88F\x00\x80/\x00\x84?\x02\x8e\xd9\x05\x83 \t\xbb\xdb\x05\x85\x01\x13\x8c\xc6\x00\x82\xa3o\x83\xc1\x04\x01\tb\x80/6\x80Of\x8c\xcc\x04\x88\xab\x01\x869\x00\x89\xf7\x03\x81\x1f\x00\x98\xdd\x03\x86\n\x15\x96\xcak\x85w\n\x8c\xef\x15\x9f\x0e\v\xc1\x11k\xda@-\x82p\x01\x84\xf9]\x9bR4\x82\xe3,\x82\x90\x00\x83.\x00\x00>\x88\xdb\x18\x83\xb6\x01\x87\x10\x00\x00=\x84%\x00\x86\xa4\x01\x99\xdc!\x8c.5\x82V\x01\x03fiel\x82\v\x06\x80\xe1\v\x83\f\x00\x80]\x04\x009\x85\f\x00\x80UX\x84\xd7ɣ\xbb\x00\x826\x00\x83\x1c\a\x99\xc0\x00\x94\xc1\x00\x88k\x02\x9d\xc7\x00\x89\xce0\x97\xc8\x00\x80\xc8\xca\xfc\xc8\x00\x89\x1d\x03\x83f\n\x81\x10e\x82\xe9\xe1\x00(\x86=\x00\x83<\x8d\x9c\x8d\x1c\x88\xc6z\x01(b\x80\x05\x00\x9fY\x1b\x86,\a\xa1O\a\x9cP\x1b\x82\xaa\x05\x82\x8bi\x83\x90o\x8c@\x01\x97\xafo\x82\x89\x00\x81s\x0f\x8b\x91k\x91@\x00\x8d\xb4k\x88o\x00\x84Lσ\xaf\a\x8c\xab\x10\x81\xc4c\x81\x11\x01\x96Me\x83\x1d\x00\x8e\x04G\x83\x17\x00\x84\xd2̕\xff\x10\x84%\x00\x92%\x1d\x83\x1c\x00\x92\xa0\x16\x9bO\x00\x8d-\x18\xa5[\x00\x83\xce\x16\x81h\x16\x85\x18k\x83\x1e\x01\x82\xe1\x05\x8eu\xb1\x90\xe1!\x81W\x00\x8e\xc5\x16\x85\b\x01\x85C&\x8f\x02\x11\x85\xa9\x18\x86*\x00\x98fF\x86$\x00\x87gF\x91\xbd\x05\x89\xbe\x00\x90\xfcИr\x00\x92\x11%\xa1\x8b\x01\x8a\xec\x00\x94Ri\x83 \x00\x8d\xa1\x00\xb9\xc4\x00\x97V\x00\x02-1-\x81\xfd$\x80\xd0\x00\x80\x9c7\x00a\x80\xa0\x01\x83:\x18\x84\xaf\t\x8a\xdf\x01\x82K\x11\x96Y\x00\x89?\x00\x84\xab\x00\x8b\xc8n\x91P\x00\x00;\x89$\x00\x81%\r\x89\x11\x00\x01--\x8b\xcb\x00\x8f'\x02\x86\xd6\n\x88X\x00\x88\xb1o\x81\x83\a\x80\xa4\x00\x8d\xe6\x03\x85?p\x8a\xda\x03\x876\x00\x8a\xe6\x03\x80\x0fԀ>\x00\x82h\x00\x84-\v\x81x\x01\x81U\x00\x846\x12\x8a\xf0\a\xb0\xf1\a\x80\xbd\r\x00y\x81\xe8\x16\x818\x00\x94\xb45\x97\xcc-\x85\x15\x18\x9d\x16\b\x84\xca\a\x85k\x00\x81\xf3\t\x82\xc8`\x81\xc8\x00\x8b\xec\x17\x8d\x97\x19\x83\xeb\x19\x82\xe1\x00\x81jن\b\x16\x96\xaa\x17\x84\\\x04\x8f;\x00\x860\n\x80<`\x80\xea\x01\x86C\x01\x83\xe7\v\x86&\x02\x80C`\x82\x04\x0e\x84\x18\x00\x82\xad\x01\x91\xc1\x01\x8a\x0fp\x8c\xd7\x05\x8c\xa8\x1d\x8b\xb1\x00\x83\xce\x1d\x83\xa7\x00\x86b\x00\x8d'\x00\x80&\x1b\x83\"\x00\x88\xf8o\x87T\a\x86$\u058b\x1e\f\x83\x1d\x00\x86\xb0t\x87\xe2\x00\x93P\x1b\x84\x9e\"\x8d1\x01\x83\xa6B\x816;\x8a\xa1\x05\x88\n\a\x89K\a\x88E\a\x83z\x13\x89U:\x8eY\x01\x83V\v\xc7X\x01\x83s\x10\x86L\x00\x81\x12!\x9d}u\x9d\x19.\x86V\x00\x9f\xe9\x11\xa08u\x89N\x00\x95M\x00\x83\xe9\n\x85\xdb\x01\xaaku\x8c\x88\x11\x89\x0f\x01\xadZ\x01\x8c\x9b-\x85\x8f\x00\xaa;\x02\x86\xd9\x01\x85O\x00\x84\r\x00\x89\xdc\x04\xb2U\x02\x82\xd8\x02\x85\xd6\x0f\x89\xfb\x06\x86(\x03\x8e\xe3I\x8a\xa9\x05\xa0\x1a\x00\x99*\b\x99?\x00\xa1\x9b-\x82\xe4\x05\x99\xb3\n\x02top\x81:#\x84\xe7F\x85R\x86\x87\x85\n\x95\x98\n\x00T\x91lD\xaa\x10\n\x82\xaf\x98\xff\x11\n\x823\x00\x8a\xf9\x00\xa8[\x00\x8b\xa6.\x92[\x00\x85.\x01\xa8V\x00\x9a\x1bm\xc1\xc2\n\x94-\x02\x82\x1c)\x90`\x01\x88\x1d'\x83\x1e\x00\x845\x02\xa8x\x00\x95\x15)\x94.\x00\x94\x16)\x94.\x00\x94\xf9-\xa2.\x00\x8e\xdc\x00\x880\x00\x8e\xfa'\xb1\x8e\x03\x81(\x85\x840\xdd\x01Fu\x80f\x00\x81\x1d\x15\x81!\x0e\x819\x03\x02var\x81\xa2\x80\x87/\x00\x83\x96\x03\x8e\x9f\x00\x85\xa3a\x00&\x82\xe2\x1c\x81\x0eˁ\x86˅\x10\\\x80\xdb4\x89\x04\x00\x82\xa0A\x81#L\x84\x1cA\x8a \x00\x81\xb6ˍ$\x00\x80#5\x8dD\x00\x86,\x00\x840\x00\x8e4\x00\x84\f\x00\x92\x14\x00\x81\x03L\x84\x835\x86\f\x00\x84\xc0A\xa6|\x00\x8d\xd4\x00\x80\xc0A\x87\x10\x00\x87\x18[\x86k\xfb\x01[:\x81\n\x00\x84_\xe3\x98\x1c+\x82\xd2\x01\x94T!\x88)\xe7\x80\xe3\x02\x00y\x96\xe0\x04\x85l瀊\x01\x802(\x03i_sn\x80\xf5C\vhot_preview1\x83\xa0\x00\x944\x00\x82\x12\xe7\x94\xe5/\x99\x1au\x80\x91\x00\x9ah\x02\x83\xdb\x00\xcfj\x02\x80.C\x001\x80\x92C\x007\x80\xe6E\x006\x81\xba\x01\x81\xfc̀\xb6\x01\x005\x81\x8a\x01\x84\b\u0382\x18\x00\x80\xce\x01\x82\x10\x00\x81\x9a\x02\x81\x1c\x00\x80\x9a\x02\x82$\x00\x81\x18\x00\x80\xfe\x01\x006\x81\x8a\x02\x80H\x00\x81<\x00\x82\f\x00\x81sK\x84\xa3K\x006\x81\x18\x00\x850\x00\x80\x18\x00\x820\x00\x81\x1a\x02\x815O\x88R\xcfڈ\x00\x81X\x00\x89\x88\x00\x84,\x00\x81T\x00\x81\x14\x00\xe2\x84\x00\x8d\f\x01\x880\x00\x8a\x88\x00\x81\xffLو\x00\x81\x10\x00\x8d\x88\x00\x95\x98\x01\xe0\x8c\x00\x81$\x00\x82D\x00\x81x\x00\x80@\x00\x818\x00\x82D\x00\x81\x18\x00\x81\x1c\x01\x85pЀH\x00\xe9\xa0\x01\x82\bс\xedP\x85`\x00\x85\x14\x01\x80\f\x00ڈ\x00\x81\x82҉\x88\x00\x84\f\x00\x81L\x00\x82$\x01\x84,\x01\x82\x1c\x00\x81\x84\x00\x81<\x00\x85<\x02\x80,\x00ڜ\x00\x81*ӘH\x03\x82\x04\x00\x81\xd4\x01\x85\xbeG\xdd@\x02\x85@\x00\x81$\x00\x81\xc4\x02\x80D\x00\x86\\\x00\x81\x88\x00\x81\xb0\x00\x810\x00\x84\x18\x00\xee0\x01\x810\x00\x90\xa0\x00\xed\x88\x00\x81\x86g\x85L\x03\x85 \x00\x820\x00\x81\x8c\x00\x80\x14\x00\xff4\x01\x884\x01\x81\xb2e\x9c\xac\x00\xee\x94\x00\x84\xa8\x04\x86\x88\x00\x85\x1c\x01\x81$\x00\x81L\x00\x848\x05\x82\x8c\x00\x004\xb1\xc2\b\x81r\v\x82\xa9\x8b\x83\xe3\a\x84\t\x0f\x84\xbb\x0e\x86L\x83\x80\xf3\x0e\x04rowse\x80\xcf\f\x01ep\x84\x92\x9d\xa0\a\b\x82\x8cN\x88%\x1f\x83P\x00\x827\x11\x81,\x83\x88S\x00\x81]\x10\x82.\x00\x86\xc5펰\b\x83=\b\x82%\x00\x93\xd1\b\x83!\x00\x91]\xed\x89\x7f\x00\x9a\xd3\x15\x83C\x00\x88\x1f\x01\x87\x96\x90\x83\xd4\x15\x90\xb7\x00\x9a\x8a\x00\x87'\x1a\xa6\x92\x01\x80\x8fF\x00o\x80R\xfb\x88s\t\x02mem\x87\xb1\x19\x87w\x01\x00p\x80/\x95\x82\xb2\x19\x86!\x00\x00+\x84ᦀ\xf7!\x83\x92\x93\x82\xfa!\x82'\x00\x00<\x80\x1a\x0f\x83R\x1d\x82\x0f\x00\x82\xa6\x94\x81\x9e\x00\xa5\xc3\t\x87\xd7\x00\x8e\x9a\x10\x83\x17\x00\x97i\n\x83 \x00\x82x\x00\xb0\xa1\x02\x80\x90\x96\x8c\x82\n\x88\x81\x01\x88o9\xa9\x8f\x02\x80j\x14\x8b\xc9\x01\x870\x17\xbe\x8a\x02\x82\x94\v\x84\xe9\n\x80\x98\x01\x80\xcb\x01\x8a\xb9\v\x8a1\x01\x94\xa6\x83\x84 \x00\x9b\\\x00\x00_\x82D\x17\x97\\\x00\x9a\x8d\x01\x8e\xe2\x02\x81\xf1\x0f\x82\x84[\x9a\x18\x01\x98\x8f\x00\x83\x9f\x17\x84;\x00\x80\x9c\x00\x01ep\x81\x9b\x00\x98\x9c\x00\x97\x9d\x00\x8d\x80\x00\xb3G\x03\x85\x18B\x00d\x85(\x0f\x9a\xbd8\x8bK\x9e\x8ax$\x91i\x1d\x84\x12\x00\x81\xd6$\xae|\x1d\x84\xe4\x12\x92\x18\x13\x88\xfb\x00\x84\x19\x1e\x98{W\x820\xeb\x80\x02\x01\x83\x17O\x87\x0f\x01\x91\xf8\x01\x87:\xea\x83Y\x02\x84}\xec\x86\xcc;\x89>\x00\x86'\x03\x8c\xfd$\x91\xb9\x05\x85\xa6\x00\xa5;\x03\x8a:\x03\x82\xc2\x02\x81\x06Y\xb0\xc1\x00\x82<\x00\x81\x83\x14\x96;\x00\x95\xb3\x14\x97\x01\x03\x8c\x93\x01\x93\xdc\x15\x8cu\x13\x91\x9d\xeb\x84\a%\x82\xda\x00\x80\xabF\x86\x9d\x00\x00-\x86\xb5\x00\x94{\x1c\x97j&\x84\xbd\x17\x8cl&\x80\xde\x00\x8a\x19\x00\x81\x90\x02\x83\x1a\x00\x825\x00\xa8\xb3)\x84e\x00\x81\x98\x03\x82\x14\x17\xa69\x00\x82\x83\x00\x82\xcf\x03\x83\x83\x00\x82O\x17\x81\x06\x03\x89\xdd$\x87\x8e\x00\x00:\x85^\x00\x81\xa5\x00\x94\xab\x01\x84T\x02\x84\xc5G\x85=\u058b_\x00\x94^\x17\x8f\xc3\x14\x8e\xb4\a\x8e\xb2\x02\x81\xac\x04\x92\x85\x02\xa0\x86\x02\x82=\x00\x81\xd1\x01\x92I\x03\x8f\xe1\x00\x00B\x87\x88\x00\x9c\x8c\x02\x00+\x8f\xb3\x00\xa8\x9f\x02\x9f\xa0\x02\x84\xf4\x00\x8c\x9f\x02\x88\xcd\x00\x8c\x94\x1f\x93H\x00\x82~\x04\x8aD\x00\x89Y\x04\xa0P\x18\x8d\x11\x01\x94P\x18\x81\x9a\x00\xffQ\x18\xffQ\x18\xffQ\x18\xffQ\x18\xa7Q\x18\x856\x02\x8f%\x00\x004\x86\xc5\x01\x001\x80\x0f0\x8b\x06\x00\x9cz\x17\x81\xf5\b\x85\x03?\x8bF1\x8f'\b\x8a%\xfd\x8d{3\x9c\xe10\x83\x12\x00\x81)\x00\x00&\x89\xe30\x83\xd3(\x83\x10\x00\x85@C\x00-\x88\x0f\x00\x83\x89\x04\x80??\x86(\xfd\x84\x17?\x8bu+\x00m\x81\x0fg\x80n>\x80_\x00\x84U4\x86\xde*\x80\x98\x00\x85\xd5*\x84h\xfd\x86\xb5*\x81\xe6>\x84\x8c\x00\x81\a\x01\x849,\x87x\x00\x00+\x80\xf0*\x80{\x00\x82y\xfd\x80\v\x00\x832\x1e\x85k\x00\x87\x1b\xff\x88\x87*\x85\x81*\x81!3\x85)\x00\x91\xb0\x00\x9c\xd11\x84\x89\x00\x96\xd81\x89\xab'\x84\xf8\x0e\x99\xc9@\x83\xbf1\xa0\rF\x99o\xf6\x93[\x80\x84)\x00\x86\x95\x04\x81\xaf\xad\x8b8\x06\x80g\t\x87(\x00\x82\xbe\x06\x82$\x00\x80\xf8(\x81\x93\x01\x85\x00\v\x8e+F\x81\xac\x1e\x80\x7f\x00\x85\xb8\t\x87(\x00\x00*\x84\xef\f\x85!\x00\x81\x91,\x84f\x01\x85\x13\x00\x81\xea,\x00e\x80\xed/\x84G\x00\x8e\xc73\x84(\x00\x80\x15\x01\x04copy(\x81\x0f\x00\x83\xf5\x05\x82b\x00\x82\xa3\x9b\x82\v\x00\x843-\xa5G\x1e\x88\xe9\a\x9d\xf7(\x9f\x93\v\x9f\x80\v\x8e\x8a\xa7\x9e,\xf8\x86\xd5-\x02*16\x80\x98W\x86:\x00\x90{\xa4\x80\x06\x01\x8162\x86\xa6\x02\x86\xaa$\x80\xa1c\x01na\x815H\x00(\x81\xf5\t\x89\x01-\x8fQ\x00\x8bI-\x87\xf6\x00\x81c\x01\x00l\x80\xda\x04\x8f\xde\x01\xb6\x01\f\x81\x00\x05\x92\xb5\b\x9b\xac\x01\x87\xb6\b\x8b\xa2\x00\xa3\x90\t\x94\x1fG\xa5\\\b\x86\xb4\x00\x83\xa8\x0e\x8b\xe7\x02\x80\xb5\"\x84$\x01\x86\xaa\x0e\x8b\x84\x01\x80\x04!\x80p\x06\x81\xa5\x01\x89Q\x0e\x91\xa4\x02\x81\xb4\xa4\x89q\x10\x8bΆ\x82\xe9\x02\x87\xa6\x9e\xad\f\x1b\xb4I\x11\x86Y\a\x83%\x00\x85\x93\x00\x96C\x00\x90rk\x81.'\x02Vec\x88B\x00\xa0\x8f\x11\x80\xc8D\x06RNVB v1"
const compilerSourceData19Chunk2 = "\x81\xb9\xb2\x00a\x80y-\x80\xa2\x01\x01 h\x80\xb2\xa4\x837\x0f\x00t\x81mJ\x80%-\x03 (PC\x84\xdf\x01\x82E\x89\x80\f\x00\x80\xddQ\x805\x0e\x80=\x02\x80Ub\x81\xdc#\x80\x84\xb2\x80N\x00\x80@\xfc\x81\xed\x01\x83:\x02\x83g\x9f\x81#\a\x01ea\x80B\a\x81X\xfc\x01in\x80\x8f\x03\x82\u07bd\x00d\x82\xa4\x00\x02. A\x80\xb16\x80z\x01\x03eger\x83\xe8\xb2\x04littl\x82M\x00\x80\xd6\x00\x02ian\x828\x00\x82\xc2`\x05hecksu\x80oE\x00o\x80\xec`\x00s\x83\xf2`\x00t\x80W\xb3\x04g aft\x80\xd1`\x81%\x00\x83\xbc\x00\x00.\x89|\xa2\x02VMH\x82\x15\x00\x84\xf3-\x8b\"\xee\x01VM\x81\x10\x02\x85^\xa9\x005\x8a\xa9\xa3\x01VM\x84\x18\x03\x85-\xa9\x8a\x12\xa3\x86\x1e\x00\x82\xd8\x03\x83\xb8\xa6\x88m\x02\x02VMC\x84\xb0\x00\x82b\x02\x86T\x02\x84)\b\x82\xcd\x00\x82\xea>\x80v\x0f\x82\r\x00\x855^\x91C\b\x82\xcf\x01\x87>\b\x84=\x00\x80\x1c\x14\x84\n\x00\x83\xa5\xa1\x82\xe3\x01\x80q\xfc\x02) %\x81\"\x14\x80h\xf1\x84+\x00\x81,]\x83+\x00\x00B\x80+\x00\x834\x00\x88%\x00\x87\b\a\x84O\x00\x80\x9f3\x82-\x00\x01<<\x80H\x14\x83'\x02\x84\xd4\x00\x82Ʃ\x80id\x80n\x03\x00r\x87Zb\x95\xf4\x01\x81\xe6\xb4\x00d\x81\xb1b\x81'\x00\x02inp\x80A\x03\x01to\x81N\x00\x81\x10\x00\bWebAssemb\x80Ŵ\x80\xf4\x00\x80 \b\x80\xc4\x01\x00.\x80W\xb5\x80\x8a\x02\x02kee\x80\x14c\x01VM\x80\x14\v\x01ec\x80e\x01\x80R\x00\x80\x03\x00\x82\xc9d\x81\x83\x02\x00f\x80\xb8\x03\x00y\x83ߴ\x80\xd9\x06\x80P\x00\x00b\x80\x83\x04\x81A(\x82[\xb5\x83?c\x03avoi\x80\x9d\xb5\x00g\x84\xffd\x80\xc1\x01\x81H\x02\x00n\x80\xec&\x00e\x80h\x00\x80Bc\x00i\x80\xb9G\x80\xda\x02\x03a ho\x81\xd3\x01\x83M\x04\x00.\x8a\xc2\x01\x82\xee\x00\x8d\x90<\x85\x13\x04\x868\x04\x85\xed\x05\x87K\x02\x80\x81\x05\x84و\x86\xd7\b\x81B0\x02To8\x87n\x04\x00+\x84\x1c\n\x82\xdb\x01\x8b\x0f\v\x84s\x8b\x87\b\x04\x86e\x8b\x81\x1b\x05\x88\x83\x0f\x884\x00\x8cm\xa3\x86\xf8\xac\x879\a\x8b0\x00\x88o=\x81}\x00\x87q\a\x92\xbb\x06\x82(\x00\x87\xaf\x0f\x88\xba\x06\x89,\x13\x92;\x00\x8c\x1c8\x8a?\x06\x90P\x00\x81e\x05\x8d\xa1\b\x8e\xc6\x03\x90\x13\x00\x00+\x8cb\x11\x83\xb3\x01\x8a\xc2\x03\x82#\x00\x84\x19\x01\x84\f\x00\x85}\x01\x80%\x00\x83\xa4<\x02'R'\x83\x0e\x00\x82\xbc>\x01'N\x84\x0e\x00\x002\x82\x0e\x00\x00V\x84\x0e\x00\x003\x82\x0e\x00\x00B\x84\x0e\x00\x004\x84B:\x81\f\x00\x006\x81\f\x00\x8e\x9c\x00\x84\xdd\x01\x85Ԋ\x82\xa1\x05\x80\xc3k\x88\x8f\x00\x85\x00\x02\x8a#\x00\x001\x80@/\x90$\x02\x8b$\x00\x006\x8f.\x06\x8a!\x00\x002\x80\x1e+\x87=\x02\x90 \x00\x80\xc1H\x01a.\x80\"\x00\x89\xb7\a\x8b\"\x00\x84\xab\x00\x8b\x7f9\xff\xe1\x12\xcb\xe1\x12\x82\xd0\x06\x85\x96+\x85 9\x80\x9e\x00\xac\xabL\x85\x89\x00\x84\xe44\x82U\x00\x86\x12\x02\x8a0\x06\x84\xfb\f\x81\xf0\x02\x85$\x04\x82\xc8\a\x85G\x15\x88\xd3\x00\x96$\x00\x99d\n\x8d\\\x03\x92\xa7\x13\x83C\x8e\x95_\x00\x83\xe4\a\x82 \x06\x83$\x00\x89c\xa7\x83`\x00\x02...\x84\xb5\x03\x8d\x1e\x00\x82\xde\a\x82\x1e\x00\x8fS\x02\x003\x80\xda\x02\x8d%\a\x81?\x03\x8e:\x03\x00:\x82\xa2\x00\x87\xc6\b\x93\xc5$\xa9\xa5\x05\x84\x0e\x02\x87U\xb1\xff\xac\x05\xff\xac\x05\xb4\xac\x05\x90x\x15\x8bW\x00\x8bN\x11\x8bF\f\x83T\x1a\x88\"\x14\x81R\x1a\x8b\xfc\x13\x81\xaa2\x86!\x90\x86\xa5\x04\x80\f\x00\x89\x1c\x01\x8a\xf9\xb2\x81\xf4=\x89\x18\x0e\x80B\x00\x8bS\x00\x8a<\x00\x8a\r\xb3\x84\xbf\r\x81S\x14\x806\x00\x8bG\x00\x8a6\x00\x8b\x1a\xb3\x8a\x1b\x00\x8b\x0e\xb3\x804\x0e\x84\xba\x1d\xaf\xc9\x00\x98\xa9\x00\xb4\x8e\x00\x9b7\x01\x96\xe0\f\x88\xfd\x0f\x82\x1c\x00\x81\xa4\xab\x81k\f\x83 \x00\x8a\x18\xac\x8f\u1ccf\xa6\f\x8f,(\x85\xa8%\x81@!\x84\x8dv\x858'\x80rk\x8fB\x00\x84\xbb\r\x85f\r\x8a\x05\x05\x8e8+\x9d?\x00\x85\x88\x04\x85\xc2\x00\x8e\x0f)\x9dA\x00\x8017\x89r\x01\x92o!\x8c\x1b\a\x92\b\x1c\x81\xcd\x12\x9em\x00\x80/_\x88m\x00\x96J \x81H\x00\x8e\xe6\x1d\x84\x02A\x9c.\x19\x8e7\x00\x8a\xcf\x03\x88\xa5\xb1\x83\x12\x05\x8a\xfeY\x8f\x13\x1c\x8b\xbe\x00\x007\x8b\xe0t\x9e\xf9\x1f\x8ci\x05\x95\xf2\x1d\x83]\x00\x81\x1bے\xad\x10\x88\xf4\x04\x9e\xba\x10\x80\xfc\x03\x8e\x86\x19\x8f.\x01\x87\x9f\x10\x84\x11\x06\x95:^\x8c\xaa\x02\x8b\xab\x02\x95\x86\x10\x85;\a\x82\xd9d\xb0P!\x81\x97̀\xdc\x00\x01ar\x85\x8c\x02\x95\xcaZ\x01fo\x88_!\x85\x8bD\x8a\x1c\xec\x81\xd4Y\x00F\x82)k\x80\x12\x00\x8c\xe1Y\x84>\x00\x80\xac\t\x00f\x85\"\x00\x82HZ\x83\"\x00\x83:\x00\x03.dec\x86xB\x01g.\x82\x99\xa4\x81\x0e\t\x84\xdc\v\x83\x95\x00\x81\x15\x00\x81O\x00\x84\x1d\x01\x85\xb6\x00\x83(\x18\x04ap(fn\x81\n\x01\x84>\x00\x83b$\x82\xa4\t\x05g.goto\x83\x1dZ\x81\x99\x14\x00i\x80M\x15\x01g.\x82z\x16\x83\x939\x84&\x00\x85j\x16\x8a\x15\x00\x81\x9e\x01\x80\x1b\x0e\x84?\xab\x86+\x00\x00u\x80\"q\x00n\x82˴\x81\xcf\x16\x87\xe6\x00\x81\x1d\x00\x83\x89\x01\x80\xb7w\x80\xb8\a\x861\x00\x80\"\xb6\x80d\x14\x80\x8bu\x83\x9bn\x85\x18\x00\x80\xdc9\x01er\x81\xc5\b\x90\x17\x00\x83\x0fT\x82\xb8\x00\x8c\x18\x00\x81\xc43\x901\x00\x00S\x80Ͷ\x88\xe2\x00\x00e\x80\xe1\x01\x80\xd1\x00\x01gD\x81\x1c\x00\x81\x18\x00\x84w\x17\x80\xc3[\x01up\x81\x98\x0f\x05sPanic\x82W\t\x8a\x1e\x00\x81\xd3\x02\x00U\x81\x8f\x0f\x84]\x00\x82\x11\x00\x00P\x80/\x01\x85\x11\x00\x00l\x80i5\x03Rang\x84\xb2T\x88\\\x00\x85Y\t\x81\xe8\x14\x86n\xbe\x8e\x9e[\x85\x13\x02\x83 \x03\x824\x00\x82\xe4ˀ\xe9\xc4\x05Hidden\x84ݓ\x83L\x02\x80\xfeÃ%\x02\x83\U000d4084%\x82E\x03\x8ek\x01\x83~\x00\x01dd\x81#\x00\x00d\x83\xa4>\x80l/\x83\xf87\x86f\x00\x80\xab\x98\x8a\x19\x1d\xb5\xf0Ѐ\x9az\x8b\x81\x00\x88\xd9\x04\x80\x86A\x82\xc0\\\x82\xb8\t\x81z\xef\x00s\x81\x89\x00\x88\xfb\x00\x83\xfa\x00\x83\vL\x81-\x00\x81B\xb8\x80 \x02\x80\xc7\x02\x80P\x00\x80\xc1\xbd\x8c.\x00\x88\xe4\x17\x85j\x01\x83\xd0\x1e\x87B\x00\x83A\t\x84\xdf5\xab?\x00\x80*\xb9\x81mA\x85\xb1\x00\x84\xec\x02\x00(\x80\xab\x1a\x9b8\x00\x818\x01\x83+\x04\x82\r\x02\x83v\x00\x00.\x86\x9d\x15\x81I\xab\x84\x10\x00\x80T\x05\x97M\x00\x90\xef\x02\x85'\x05\x81k\x00\x90o\x02\x84\xcb\x19\x83k\x02\x87\xac\xc0\x81\x91\x01\x8dK\x00\x84\xc0\x19\x8b\xb5\x00\x8c\xea\x00\x05Epilog\x80\xb2A\x84\xf2\x00\x8c\xa6\x00\x82\x00\x1a\x86\xb1B\x95\x90\x00\x83\xf3\b\x80o\x14\x84\xc4\x01\x83\x80\x02\x82\x8b\x01\x81Y\x1b\x86s\x02\x80\xb2\x00\x02Pri\x80~\x16\x00y\x84\x8b\u0087\x04%\x87R\u0089\x13\x00\x82:\u008a\xe3\x05\x82\xa9\x1b\x94\xd2\x05\x81\xe5\t\x03With\x81\xeb\xf1\x82\x04\x05\x9c\x9f`\x92\xf6\xf2\x89\xdb\x05\x89G\b\x86\xf2`\x89#`\x81\x11v\x86C\x00\x8e\xe0\x06\x82澅/ᆇ!\x891\x00\x8e\xe5\xf1\x841\x00\x81\xf5\xe0\x921\x00\x8e\xad\xf1\x85b\x00\x80o\xc1\x921\x00\x8eu\xf1\x841\x00\x81\x14Œ1\x00\x92=\xf1\x91\xac\xc1\x94c\xe1\x81hP\x8fV\x00\x92+\xf1\xa8V\x00\x81\xf3d\x8b\xb9R\x8e\xd8Ò\ba\x9d \xf4\x82\x87\x00\x82$\u0380\xfa}\x90.\x02\x02tok\x98\xfb\a\x82\x04\r\x83\xd3\a\x82\xf2\x00\x81.\x00\x84\xe4b\x81\v\x00\x85em\x02Tok\x83\x8f\x02\x84'\xb2\x8e\t\x04\x87HK\x84/\x00\x82D\x04\x00(\x80g\t\x80G\x00\x81\xf0\r\x88o@\x80\x1e\x00\x81g@\x86\x1c\x00\x86\xa5J\x88\xff>\x8ea\x00\x01c0\x82R@\x81\xc0b\x83\xe1\x10\x80k\b\x01c1\x82q\r\x81\xce\xf5\x848T\x82\x1a\x00\x8af>\x80$\x00\x8a7\x00\x85\xad\xb0\x81\xafJ\x80\x1d\xbb\x80\xdf\x13\x01+'\x90a\x02\x88\x00Ѓ\xce\x03\x8b\xa8W\x87>\x00\x00-\x8e>\x00\xc59\xeb\x82\x159\xa4Y\x00\x97\xe8ϔ\x92뿲\x00\x9c\vԑ,\x01\x00*\xaa,\x01\x82\x9cv\xa88˙z\x00\x00/\x91\xe4\x01\x91\xb6̀\x1b\x05\x81s\x02\x9bN\x00\x00%\xa7N\x00\x87=\x06\x95M\x00\x00&\x83M\x00\x81\x11\x00\x80\xab\x02\x80\x11\x00\x00^\x83\x11\x00\xa4'\x01\x89\x1fp\x90\x17\x01\x94\xfd\x01\xd1\xfe\x01\x83\x84\x01\x94\xdfmŞՄe\x00\x9aR\x01\x00|\xa9g\x02\x00O\xa8\x93Нf\x02\x84\xba\x01\xa3y\x00\x01Xo\xc8z\x00\x00<\x8dE\x02\x84\x11\x00ј\x04\xddB\x02\xa5\xf3\x04\xafHه\a\n\x84&\x01\x00=\x8f&\x01\x8ekρ\x87\x1f\x009\x82\xc4\x03\x95\xbap\x922\x00\x85{$\x98\xb5\x01\x00>\x8d\xb5\x01\x84\x11\x00\xff\xb5\x01ص\x01\xaeZڷ\xb5\x01\x82#N\xaa\xb5\x01\x81\n*\x9c\xb5\x01\x80~\x00\x80%\x1a\x8b\x8b\x00\x9eX\x00\x84\xc9b\x95T\x00\x00!\xb1T\x00\x84Ld\xab@`\x82?\r\x80\xd9+\x00t\x83iP\x81o\x16\x914\n\x80\x135\x83\x14\x00\x81!\x00\x80\x02\x0f\x81\xae\x12\x86I\xb8\x85H\n\x8a;\n\x8aU\n\x82\b\x17\x03&ep.\x81c\x13\x80\xe9\x1b\x828\xb8\x86+\x10\x80K\n\x03harI\x80*W\x80i\x00\x00.\x80\x03\n\x00,\x81\x1a\b\x83X\n\x8a\xe8\r\x83\xdf\x12\x81\x83\x00\x85\x1e\xe0\x807\x02\x00e\x826\x00\x84k\x81\x82P\x00\x80\x15\x10\x82\xd3\x00\x80\xf3\x97\x95\x00\x0e\x87\xbc\r\x80\x19J\x84\xc0\r\x83\xd9\t\xa5q\x00\x84ց\xb0r\x00\x04opTer\x80\v#\x85r\x00\xd8\xfe\b\x83r\x00\x80\xf9\u05cb\xa3\x0e\x82\xc9G\x90~\x02\x97\x8f\x01\x00/\xe4\x8f\x01\x80\xc4\x05\x92\xab\x00\xff\xad\x01\x89\xad\x01\x87\xdd\t\x85\x1d\x00\x82\xe2\t\x86\x9b\x00\x9b4\n\xbeA\x01\x8e\v\r\x95 \x01\xc2\x1f\x01\x97n\x00\x8c\x1c\x01\x89\x8c+\x81q\x00\x84\x8a\x00\x85$\x00\x81\x8d\x0e\x84Q\x02\x93\xb7\x0e\x83\xb6)\x82@\x17\x81^b\x03Help\x80g\x1a\x8e\x8d\x04\x86H%\x8ab\x04\x82x\x12\x83\x87\x1e\x81=\x00\x81\x80\x00\x80\xaa\x1f\x89\xc1\x00\x89\x1f\x00\x82R\x0f\x82\xcd\x00\x80(\x13\x01na\x80\x89&\x00o\x83f\x0f\x86\x93\x0e\x84\x8e\x00\x86\x1e\x00\x85\x8e\x00\x82\x92\x16\x8fh\x00\x87\x8cq\x8ce\x00\x86\xc6\x14\x81C\xd2\x00w\x84\xd9\x0f\x80E\x00\x82\xb7&\x8bs\x00\x8d#\x00\x85\x15\x00\x80\x11\x13\x8a\x7f\x15\x87;\x00\x81!\x10\x8cp\x00\x808\x00\x02noG\x80\xba\x18\x9b\\\x00\x06capNonZ\x80\x06\x88\x9e(\x00\x81\xc5\xcc\x00y\x9c&\x00\x80=,\x00L\x80\xcdh\x9f&\x00\x03Done\x9d\xf6\x00\x877\x14\x95$\x00\x80\xea\x91\x02Slo\x813\x17\x83r\x06\x80\x02\x02\x85Z\x1d\x828+\x88\x1d\x00\x88+\x00\x00+\x81#\xe8\x80\xd1\x00\x88\x1e\x00\x88,\x00\x82\x1e\x00\x01el\x83H\x1b\x84\x1f\x00\x88-\x00\x82\x1f\x00\x80\x88*\x84bӁ^\x1e\x88,\x00\x85\x1e\x00\x80\xb8\x8f\x84\x1e\x00\x87+\x00\x82\x1c\x00\x02new\x80H\x14\x87\x1c\x00\x84)\x00\x82\x1c\x00\x80\xf1\x11\x01oc\x88v\x00\x87,\x00\x83\xb2\x00\x807\x01\x88\x1e\x00\x8a.\x00\x82!\x00\x81l\x88\x85\xb1\x00\x88,\x00\x86=\x00\x826\x12\x84!\x00\x85,\x00\x82\x1d\x00\x8a9\x01\x82tW\x80~͍\x8f\x06\xa9+\xef\x8f\xd2\xf9\x81\xf0\x91\x83w\xeb\xb9X\x00\x90\xb6\x0e\x80\xb8\xf9\x93X\x00\x94?\a\x97\xbbُ\xb5\x00\x8b}J\x84\x97\x13\x80>(\x92=փ\xe7ڀK/\x87v\x03\x8aA\x9c\xccM\x11\x86)\a\x81\xca\x18\x84b\x05\x82\xe4\xff\x80[\x05\x87\x91\x02\xa6\x17\x01\xab\x81\x00\x86\xfdy\x93\x81\x00\x87l\x03Ӏ\x00\x87}z\x93\x80\x00\x87\xce\x03Ӏ\x00\x83\xa4z\x96\x7f\x00\x87.\x04\xd3\x7f\x00\x86O{\x93\x7f\x00\x86r\x04\xbbl\x03\x92\xf8\x01\x8bm\x03\x96\x80\x00\x83\xd6\x04\xd4\xff\x02\x87\x96\x03\x83\xff\f\x87(\n\x82T׆[/\x8a\x19ڂ\x96\x01\x89\xea\x06\x92\x9b\x01\xab\v\xe2\x82\xfd\xf0\x86=8\x90\xa1\a\x8a5\a\xa3\x82\x00\x91\x1e\x01\x972\xe6\x90\x10\x05\x89\x1d\x02\x97\x8d\x00ә\x02\x8a\x9a\x01\x90\x1a\x02\x86\xd1\x06\x88'\x00\x81\x7f\x02\x9e\xbf\x04\x90\xd3\n\x97@\x00\x91f\x00\x8f\xa3\n\xa2\xfd\x00\xaek\r\x98\xfd\x00\x89\xb0\a\x86\x1a\x03\x92\xc1\x00\x8b*\x00\x87\xeb\x02\x89\x11\x1a\x8c\xaf\n\x83\xe4\v\x85\xce{\x81\xfe\x1f\x01En\x81\xb81\x83\xf9\n\x82Q\x00\x01OK\x9bL\t\x895\x03\x88\xc1\f\x89<\x00\x8a&\x00\x88\x9e\x1d\x88\xab\t\x89#\x00\x8b\xad\n\x8bH\x00\x88?\f\x90,\x01\x84\x9e\b\x9b'\x01\x8e\xe8\x04\xaa&\x02\x93f\x02\x00C\x80'\t\x85\xaf\f\x00o\x80\x9c#\x80\xd4\a\x8dK\x00\x80K\x02\x8eb\x00\xcbJ\x02\x9d\xe0\a\x88\xdd\t\x89\x98\x00\x8e}\x1e\x9cC\x00\x85\x0f\n\x961\x04\x89\xcd\v\x9aL\x01\x94N\x00\xa7\x8d\x01\x94\xd2\x00\x91\xb5\x03\x83\xf4\x05\x85\x18\x00\x84G\x00\x8b\xda\x13\xb0\x1c\x06\x89\x92\f\xdb\xeb\x00\x88\x1e\a\x9e\xe9\x00\x859\xfa\x85\xc6\x00\x81x\x00\x92)\x00\xabj\x01\xba\xc0\x00\x86\x9b\x03\xac4\x03\x93\xb8\x00\x90L\x03\x8c\xb1\x02\x80\x9b\b\x86T\x00\x85D\x00\x83\xdd.\x88`7\xa9\xeb\x00\x80\x90\xe4\x9dt\x00\x9bA\x00\x8e\xe6\a\x89(\x03\x8eL\x02\x99\xa2\x00\x8f(\v\xbc\x8b\x01\x80P\x01\x93\x81\x01\x95R\x01\x83\xe0\xf8\x8b\x19\x03\x90J\x01\x8e\xd1\n\xc1\x91\aѪ\x00\x8f\xfa\v\xad\x9d\x03\x8eS\x06\x940\x02\xd5k\x01\x92\n\x05\x8ac\x03\x96+\x04\x9d\x1e\x02\x80H\n\x8c\x8b\x13\x8d_\x12\x93\xd2\a\x94 \x06\x8a\xe9\x0e\xcc\xd6\x0f\xc3/\x10\xa0\xc3\f\xb8\xba\a\x94N\xf0\x89X\x00\x83u\x01\x88/\"\xe1&\x01\x83\xb4\x02\xa8r\x00\x96\xd9\xfb\xa0s\x00\x8d\x15\x02\x8b\v\n\x85#\x00\x85\xeb&\x93\x1a\n\x86\xc7\x14\x82\"\x00\x94\xa4\x15\x9c)\x16\x008\xb6&\x16\x008\x98#\x16\x008\x87 \x16\x8e/\x00\x8d\xea\x15\x83,\x00\xe4\xe7\x15\x83m\x00\xffw\x03\xbfw\x03\x83\x9cC\x92\x93\x02\x84\x80a\x8ed\x03\xa3\x8e\r\x82\x192\x81\xbfv\xfb\x1e\x03\xb6\xfb\x02\x84|\x02\x9c\xf8\x02\x0164\xb6\xf9\x02\x0164\x98\xfa\x02\x80\xa8̎\xfb\x02\x871\x00\x8d\xfc\x02\x84.\x00\xe4\xfd\x02\x84n\x00\xff\xfe\x02\xff\xfe\x02\x98\xfe\x02\x80\xcf\x16\xff\x1c\x06\xb6\xfe\x02\x85\x80\x02\x96\xff\x02\x83>\xa9\x04Equal\xb0\x02\x03\x81\x9c@\x00q\x92\xff\x02\x82\x1a\x00\x89\xfc\x02\x8a+\x00\x87\xf9\x02\x87(\x00\xb8\xf6\x02\x80ԥ\x82\xc2\x00\x9b&\x00\x00e\x9f#\x00\x81B\x84\xc1a\x03\x87\xd6\x00\x9fZ\x10\x9e;\t\x97k\x19\x81*\x02\x8eP\x02\x94\x9c\x0f\x8a$\x01\x92|\x00\xab\xdf\xfb\x82\xa6\x02\x89l\x00\x87k\x00\x87i\x01\x95\xb3\x02\x86h\x01\xbb$\x04\x8fk\x1a\x84#\x04\x8c\xad\x06\xadX\x00\x80\r\x1b\x900\x04\x93X\x00\xae\xb5\x01\x8f\xb5\x00\x89\b\x19\xbf\xb3\x01\x86\x93\xa2\x92\x1d\x01\x93\xc2\x00\xacH\x00\x81\x15\b\xc0H\x00\x81C\x02\x8bвŌ\x02\x88E\x01\x8ek\x02\x8d\x8c\x02\x92\xae\x02\x8b\xac\x03\x89!\x11\x8c\xbc\r\x90\xa2\x01\xb3\xb0\x05\x881\x05\x01}\n"
const compilerSourceData20Chunk0 = "0package main\n\nconst renvoLinuxAmd64SysReadSeq = 0\x96$\x00\x04Write\x83%\x00\x001\x96%\x00\x03Open\x80!\x00\x002\x96!\x00\x04Close\x80\"\x00\x003\x9a\x8c\x00\x01At\x81f\x00\x007\x9b\x8c\x00\x83%\x00\x008\x96%\x00\x05Fchmod\x80$\x00\a91\n\nfunc\x83$\x00\x82\x1f\x00\tAsmPrepare\x81o\x00\x82O\x00\x06Buf(a *\x83$\x00\x06sm) {\n\t\x82\r\x00\bNonNil(a)\x84\x10\x00\x80\x1d\x00\x15CopyPrimaryToCallWord1\x8a#\x00\x12Emit16(a, 0x5a51)\n}\x91\x86\x00\fMoveOffsetArg\xa6\x80\x00\x81]\x00\x0124\x83]\x00\x05c28949\x87_\x00\x06compile\x87\v\x01\x10(input []int, out\x81\x0e\x00\x80\f\x00\x00)\x81\x05\x00\x83f\x00\x03turn\x8f9\x00\x00A\x80o\x00\x00a\x83>\x00\x858\x00\x80q\x00\x98j\x00\x881\x00\x8fo\x00\x01, \x80n\x01\x05naSize\x8c~\x00\x80\xd4\x00\tSetTarget(\x82\x0f\x00\x83\f\x00\x87Y\x00\x82\xfb\x00\x82\xa5\x00\x82\x1f\x00\x00C\x83y\x00\x88\xde\x00\x87\xa0\x00\x86e\x00\x8dq\x01\x06smBuild\x80g\x01\tvEnvSlices\x83B\x00\x88v\x01\x04, bss\x80\x90\x01\x83\xb1\x00\x80\x15\x00\x89\f\x00\x02Len\x84\x0f\x00\x92\x9d\x01\x05// Pro\x80V\x00\x03s-st\x80w\x03\n walking is\x804\x00%variant; only the destination BSS addr\x80=\x00\x01es\x82K\x00\x800\x00\x06y betwe\x80R\x03\x10programs, so keep\x82A\x00\x06relaxed\x80]\x00\x04struc\x82I\x00\asequence\x82\x9d\x01\aact.\n\tba\x80r\x03\v:= len(a.cod\x80\x1b\x01\x8aJ\x02\x03Text\x81L\x02\x0f\"\\x48\\x8b\\x04\\x2\x80\x04\x00\x0149\x80\x10\x00\x80\x04\x00\x01c0\x80\f\x00\x00c\x80\f\x00\x00d\x83\b\x00\x81\x1c\x00\x000\x80,\x00\x85\x14\x00\x0115\x80\x10\x00\x80$\x00\x89\x04\x00\x004\x80\x18\x00\x81<\x00\x00d\x81H\x00\x80\f\x00\x0131\x80\f\x00\x80\\\x00\x82\f\x00\x81T\x00\x033\\x7\x80\f\x00\x0122\x80\x14\x00\x80\x18\x00\x81x\x00\x003\x80P\x00\x00d\x80\x1c\x00\x85x\x00\x013a\x83\x94\x00\x81<\x00\x81\x84\x00\x008\x80\x04\x00\x81$\x00\x0107\x83d\x00\x007\x81\x88\x00\x80|\x00\x81$\x00\x01ff\x83$\x00\x00e\x80H\x00\x00f\x81\x14\x00\x84D\x00\x004\x80`\x00\x82\xac\x00\x81\x10\x00\x80t\x00\x00c\x80\x10\x00\x001\x81\xa0\x00\x80\x10\x00\x824\x00\x80\x14\x00\x814\x00\x82x\x00\x91\xe4\x00\x848\x00\x81\xb4\x00\x86t\x00\x006\x88P\x00\x80\x9c\x00\x81(\x00\x82x\x00\x854\x01\x88\x18\x00\x9d$\x01\x86\x18\x01\x8d\x04\x01\x81\x8c\x01\x80H\x00\x81\xa4\x00\x85x\x00\x011e\xf4\x1c\x01\x85\xc8\x00\x81\xd0\x01\x81\f\x00\x81\x9c\x00\x81\x10\x01\x91\xd4\x00\x84(\x00\x00e\x80\x88\x00\x85\f\x00\x00c\x810\x01\x85\f\x00\x81\xf0\x01\x81@\x00\x80\xfc\x00\x91@\x00\x005\x81\x04\x00\x85\x00\x01\x81\x8c\x02\x91d\x00\x89\x98\x02\x85\f\x00\x011\"\x88\xd9\x02\x04AddAb\x80M\x06\x02loc\x81\xdc\x02\x81\x05\x03\x02+15\x85\xe0\x03\x00,\x84\x15\x04\x03bsBs\x83%\x00\x9c;\x00\x0188\x85\x0f\x04\xae;\x00\x02141\x88?\x04\xaf?\x00\x0157\xb7{\x00\x0166\x9c{\x00\x8d$\x05\x01Im\x80.\b\x8e\x17\x05\x00)\x80\xcf\x05\x03byte\x99\x94\x06\x04Patch\x82\x12\x00\x04loadF\x80\xa0\x05\x82\xeb\x05\x80y\x04\x83u\x04\x83\xe6\x06\x01 +\x89\x88\x04\x86\x0e\x00\x02dat\x81:\x00\x83\x9d\x01\x81'\x00\x807\x00\x86\xb7\x05\x85\x15\x00\x82]\x00\x01if\x81P\x00\x00.\x80\xf2\x04\bipSymbols\x81\x96\x00\x04\toldC\x80S\x00\x80\xea\x00\x8e\xec\x04\x00\t\x80L\x05\x81 \x06\x84\xc5\x00\x81-\x00\x80\r\x00\x85\x98\x00\x80\x0f\x00\x83t\x06\x00r\x80\b\x01\x00B\x80 \x00\x02s(&\x80 \x00\x01, \x89\xc7\x00\x81F\x00\x80z\x00\x82)\x00\x01Fi\x80u\x05\x83\xa2\x06\x01 =\x802\t\x82\x7f\x00\x01\tc\x80\x13\b\x00(\x808\x00\x00[\x89\xee\x00\x00:\x89\r\x00\x00+\x87\xa3\x00\x00]\x82\xb0\x06\x01[:\x88\x12\x00\x81b\x00\x03} el\x80\xac\x05\x82P\x00\x04for i\x81\xcb\x00\x87$\x00\x00;\x80\x11\x00\x02> 0\x80\a\x00\x01--\x83%\x00\x81\xc9\x00\x8aq\x00\x04+i-1]\x80\xdb\x00\x81\x18\x00\x81\v\x00\x81%\x00\x00}\x81Z\x00\x84\x06\x01\x00h\x80\xee\b\x01er\x87\t\x01\x84\x10\x00\x85m\x01\x00p\x80\xbf\t\x04dElfH\x82\x17\x00\x83\a\x02\x83#\x00\x80Y\a\x88g\x00\x8b\x1d\x01\x85U\x03\x82\x19\x00\x01a.\x80\r\x00\x83\x16\x00\x80+\b\xa56\x01\x00,\x84\x9a\x00\x96\x06\x01\x81\xf6\x00\x01 <\x82\xd8\x01\x84*\x00\x80\x11\x00\x01++\x88\a\x01\x00i\x81\xf8\x00\x83\x1c\x00\x80\f\x00\x89\xf9\x00\x02pos\x90\x87\x02\x87X\x01\xa7\xdc\x01\x80J\x00\x00:\x80\xbc\x01\x86\xb0\x02\x9e\xac\x00\x84*\x00\x8d\xac\x00\x80H\x00\x00+\x82\xb0\x00\x83 \x00\x8c\xb0\x00\x9b\x8d\x00\x89\t\t\x83\xb1\x01\x03Repl\x80,\t\x05kTable\x83N\x01\x83\x9d\x00\x82\xdb\x02\x82.\x00\x80\x15\x00\x00\n\x81\x10\x00\x81\x04\x02\x01se\x84\xef\x03\x80\xe9\x01\x83B\x03\x01Se\x82=\b\x80y\b\x82\x18\x00\x82(\t\x8e\x1d\x00\x82n\n\x9b\a\x02\x00&\x80[\x00\x80y\x00\x00f\x80\xd6\b\x00l\x85\xfd\x03\x80\x13\x00\x03.sho\x808\t\x05+ 448\n\x82|\x03\x80\x18\x00\x04make(\x83\x88\x02\x01, \x862\x00\x85P\x04\x8e\x8d\x03\x81L\x02\x83\xb6\x03\x97\xaa\x02\x83\xfa\x00\xae\xa7\x02\x86\xa2\x00\x81\xbb\x00\x92\xc4\x01\x82H\x04\x87\xc4\x01\x84>\x04\x82\x83\x00\x89u\x00\x80\xc7\x01\x80C\x00\x80f\x01\xa2\n\x02\x91F\x00\x84\r\x02\x83F\x00\x8e\xef\x00\x02Unt\x80t\x05\x82+\x00\x82\xb4\x00\x04ymtab\x80\xd1\x00\x94\xb8\x00\x87$\x00\x9av\x00\x87'\x00\xa7z\x00\x01tr\x9fz\x00\x82$\x00\x9fz\x00\x82'\x00\xa7z\x00\x00h\x801\x00\x9cy\x00\x81#\x00\xa2{\x00\x84)\x00\xa8}\x00\x83%\x02\x91\x88\x02\x84&\x03\x83\x8f\x02\x00s\x834\x00\x81\x0f\x03\x80\xd6\x01\x83\xbd\x02\x9a\xd5\x03\xa6\xd4\x03\x80\xa6\x00\x88\xd2\x03\x8b\xbd\a\x94\x13\x03\x84\xed\x05\x81\b\b\x02try\x86\xd0\f\x00f\x85\xa1\a\x82\x0e\x00\x87y\a\x85\x0f\x00\x87\x1c\x00\x83\xbe\x03\x82\xf6\f\x87\x06\b\x80\xe2\f\x00r\x82\xc8\x03\x81w\x01\x80f\x00\x81\xbd\a\x84h\f\x010\n\x85W\x06\x80\r\x00\x80T\f\x007\x80H\n\x004\x81t\n\x80\x00\n\x004\x80\b\n\x000\x81t\n\x81\x1c\v\x81\x04\x00\x8c\xd8\t\x92\x04\x00\x810\x00\x81\xdc\n\x80\xfc\n\x82\x10\x00\xa58\x00\x85,\n\xa8,\x00\xa9P\x00\x003\x80\xa0\n\x89\xa0\x00\x96\x04\x00\x8d\xb0\x00\x90\xd0\n\xc1\xc8\x00\xcd\xe8\x00\x89\x04\x00\x81\x14\f\x93\x1c\x00\x00\"\x93\x8a\x03\x8e\xa5\a\x8f\x84\x03\x86\xac\a\x83\xd8\x02\x80\xf4\x0e\x03All \x82\xf5\x0f\x01/a\x81\xbe\x02\x80\xd8\x02\x01fe\x80\xdc\x02\x80S\x0f\x81\xd7\x0f\x04 RIP-\x81\xf4\x0e\vtive. ET_DYN\x80m\x00\x01ts\x82\x0e\x0f\x05kernel\x82H\x00\x05random\x81\xc1\x02\x01th\x80}\x0f\x04self-\x80&\x12\x00t\x80\x04\x13\x81/\x0f\x81\xe3\n\x04 with\x81\x94\x00\ba dynamic\x82,\x06\x01er\x801\x0f\x81\xa2\a\x82\xe0\x02\x80@\v\x81\xa5\a\x003\x84\x95\x06\x06Put32At\x84\x11\x04\x82!\x00\x0124\x84j\v\x85]\x03\x85\xc1\x06\x90,\x00\x004\x80>\a\x85C\x04\x95$\x00\x008\x80$\x00\x81P\x00\x99#\x00\x80\x8a\f\x84#\x00\x80T\x04\x83\x9d\x03\x00!\x85I\x04\x87\xbb\x00\x0158\x81\xbb\x00\x0164\x8a\x15\x00\x0160\x81\x15\x00\x007\x8b\x14\x00\x002\x82)\x00\x84\\\x04\x93t\x00\x009\x80G\f\x851\x04\x98\x9b\x00\x0110\x80\x0f\x01\x88(\x00\x91)\x05\x0264L\x80h\x01\x80)\x11\x81\xd1\x10\x83=\x00\x80]\x00\x88\x9a\a\x82O\x01\x88\x10\x00\x81\x12\x01\x83\x8f\x04\x87\x06\x12\x83\xfd\x04"
const compilerSourceData21Chunk0 = "6package main\n\nfunc compileWindowsAmd64(input []int, out\x81\x0e\x00\x80\f\x00\x00)\x81\x05\x00\t {\n\treturn\x91;\x00\x04Arena\x83@\x00\x85:\x00\x05, 0)\n}\x97n\x00\x883\x00\x8fs\x00\x02, a\x81\x1f\x00\x03Size\x8c\x82\x00\fnvoSetTarget(\x82\x0f\x00\x83\f\x00\x89[\x00\x00)\x86\xab\x00\x82!\x00\x00C\x83}\x00\x88\xe4\x00\x87\xa4\x00\x86g\x00\x87\xac\x00\x824\x00\aAsmBuild\x85W\x00\nrgvEnvSlice\x84-\x01\x02a *\x85*\x00\a, bssOff\x85\xba\x00\x05gsText\x8a\x11\x00\x02Len\x86\x10\x00\x806\x00\x89\f\x00\x87\x1b\x00\x00)\x86\xe3\x00\aNonNil(a\x80\xca\x00\x12// This pre-relaxed\x80,\x00\x10struction templat\x80(\x01\x00s\x80\x18\x00\x04varia\x80,\x01\fexcept for it\x80\x19\x00\x04mport\x82M\x00\vand BSS oper\x80\f\x00\as, whose\x80\xf7\x00\x03loca\x81S\x00\x00s\x81\x16\x01\x80\x10\x00\x03cord\x81m\x00\x04mmedi\x80b\x00\x06ly afte\x81R\x00\x04.\n\tba\x805\x00\v:= len(a.cod\x80C\x01\x83\xbd\x00\x80\x12\x01\x03Emit\x81\x04\x01\x13(a, \"\\x48\\x83\\xec\\x2\x80\f\x00\tff\\x15\\x00\x8b\x04\x00\x85(\x00\x01c4\x83(\x00\x82\x10\x00\x009\x80\x10\x00\x006\x80\f\x00\x80<\x00\x018d\x988\x00\x80\x1c\x00\x000\x90\x1c\x00\x005\x81\x04\x00\x00a\x80$\x00\x80 \x00\x0531\\xdb\x80,\x00\x80\x14\x00\x013e\x84$\x00\x80\x8c\x00\x008\x80p\x00\x0162\x8b8\x00\x85$\x00\x002\x80\b\x00\x007\x80 \x00\x81\\\x00\x868\x00\x80\x94\x00\x007\x81l\x00\x80\x04\x00\x81|\x00\x81\xd0\x00\x81\xa4\x00\x00e\x80\\\x00\x00e\x81\xb8\x00\x80 \x00\x81\xb8\x00\x001\x80T\x00\x81t\x00\x00c\x80\f\x00\x004\x80,\x00\x82\f\x00\x81\\\x00\x80\x90\x00\x000\x800\x00\x003\x80\xd4\x00\x81l\x00\x81`\x00\x81\xf0\x00\x81\x10\x00\x002\x804\x00\x82\\\x00\x814\x00\x800\x00\x81\x10\x01\x00f\x81\x94\x00\x80\f\x00\x8el\x00\x80\xd4\x00\x86$\x00\x80\x1c\x00\x82L\x00\x81<\x00\x85L\x00\x84\\\x00\x001\x80$\x00\x82l\x00\x81\xb8\x00\x81\xcc\x00\x808\x00\x008\x810\x00\x80l\x00\x89T\x00\x86\f\x00\x89\x18\x00\x80<\x00\x81l\x00\x00d\x80\x14\x00\x81$\x00\x814\x00\x85t\x01\x86,\x00\x84\xf0\x00\x004\x81\xd8\x00\x85\x00\x01\x81\xc8\x01\x80\x1c\x00\x001\x81,\x00\x80\x10\x00\x82,\x00\x80\x14\x00\x89\xf4\x00\x82,\x00\x89\xd4\x00\x80(\x00\x009\x80\xc0\x00\x81\x10\x00\x85\x04\x00\x82\xf8\x01\x80\x18\x00\x00d\x88\x10\x02\x91\xe8\x01\xded\x02\x94@\x02\x82\xbc\x01\x80P\x00\x85\x04\x01\x003\x88\xf4\x01\x82(\x00\x81\xf0\x00\x88,\x00\x8a4\x02\x84\\\x01\x00f\x81\x14\x00\x8dD\x01\x81\xa0\x01\x81H\x00\x80<\x00\x8a\xa4\x01\x98\\\x01\x82\xa8\x01\x81<\x00\xa94\x01\x998\x03\x81\x80\x01\x81$\x00\x80X\x00\x96$\x00\x80\xa0\x00\x86d\x03\x9dP\x00\x81\xe0\x00\x98P\x00\x85\x04\x01\x81$\x03\x86\f\x00\x011\"\x88Y\x04\x01Ad\x81\x93\x05\x00I\x82\xcf\x04\x00R\x81\xb2\x04\x81b\x04\x81\x8b\x04\x02+6,\x83\xba\x05\x86\x1f\x00\x02Get\x80\xfa\x05\x00m\x80\xe4\x04\x04LineA\x8bE\x00\x02Abs\x8b?\x00\x0120\x85\xc6\x05\x84H\x00\x80\"\x00\x01Bs\x83%\x00\x9d;\x00\x007\x8a\xf5\x05\xae@\x00\x02149\x89%\x06\x9d@\x00\x94\x00\x01\x0115\x80F\x00\x8e\x02\x01\x80\xb5\x06\x0eironmentStrings\x9d\t\x01\x02173\x85\xa3\x06\xaf\n\x01\x002\x80\x86\x01\x86\xd3\x06\xaf?\x00\x003\x80{\x00\xb5\x85\x01\x0142\xa9E\x01\x8f@\x00\x005\xb8\xf7\x00\x006\x80|\x00\x9a\xf7\x00\x8d\\\b\x01Im\x80\x8f\t\x8a|\t\x88O\b\x00)\x80\x10\t\x01by\x80\xd2\a\x90\x0e\b\x81\xd1\a\x84o\a\x80k\x00\x03set+\x88\x80\a\a)%8 != 0\x819\x00\x00\t\x83\x14\x00\b = append\x84$\x00\x82\x96\t\x04\t}\n\tt\x80\xad\x02\x06Virtual\x82f\t\x8d\xca\a\x81 \x00\x02Raw\x85\x1c\x00\x83\x9c\x00\tlignValue(\x8c?\x00\x87z\x02\x00F\x81j\t\x81(\x00\x80D\x00\x06dataRVA\x91@\x00\x8a\xc3\x00\x96M\x00\x01Se\x82\xe4\b\x85P\x00\x01a.\x81R\x00\x835\x00\x80\xd9\x00\x84_\x00\x01\n\t\x80\xf5\b\x84\xe2\b\x00s\x8c\x02\x03\x02Lay\x80\xea\t\x03\n\tif\x86{\x01\x02Has\x8bB\x03\x00s\x80Y\x01\x822\x01\x83\"\x00\x82.\x01\x86\"\x00\x80\x1d\x00\x02, &\x84]\x00\x83:\x01\x85I\x00\x04Patch\x84\xc4\x01\x81&\x00\x87%\x00\x82\x99\x00\x97<\x01\x83h\x01\x81%\x00\x00)\x978\x01\x92\x9c\x01\x824\x00\x04 + a.\x80&\x03\x81\x1b\x00\x80\xda\x00\x01at\x85$\x00\x000\x82\xe8\x00\x84\x87\x00\t.kernelIAT\x81\x82\x01\x86\x16\x02\x85/\x00\x01= \x83=\v\x86\xe9\x00\x01Fi\x80N\b\x02Cou\x80<\n\x05+ 1) *\x86I\x00\x04thunk\x83m\x00\x80\xfe\x00\x81l\x01\x80S\x01\x84\xa3\x02\x01\n\t\x81\f\x00\x85\xe3\x00\x82;\x01\x10PEHeader64WithCon\x81\xde\x01\x81\xf0\x01\x82u\v\x00,\x80\xb0\n\x86Y\x02\x83\r\x00\x8a\xfa\x01\x84\xd4\x01\x84\t\x00\x85'\x00\x8c\x11\x01\x86l\x01\x00.\x83\b\x00\x821\x00\x8b\x13\x00\x8b'\x00\x89\f\x01\x80\x16\x00\x83\x04\x01\x84N\x03\x00i\x82;\x01\x00;\x80\b\x00\x00<\x89\x02\x03\x80\x11\x00\x01++\x823\x01\x83\xe2\x00\x84F\x03\x82\xc3\x00\x83#\x00\x02[i]\x83\x11\x02\x8e\x03\x01\x02Unt\x80\xaf\x03\x82+\x00\x85e\x01\x83\x14\x01\x82\xb4\x01\x82\xef\x02\x84\xdb\x00\x96\x84\x00\x82\xea\x01\x9b\x84\x00\x81#\x00\xc1\x84\x00\x00+\x88k\x01\x80M\x00\x85+\x03\x82\x11\x02\x83\\\r\x01 =\x81?\x02\x01&&\x81\xf9\x00\x01.e\x80\xdb\v\x82\xbf\x04\x844\x03\x87h\r\x83y\x00\x03Repl\x80q\a\x05kTable\x84\xac\x00\x859\x03\x82,\x00\x81\x91\x03\x01}\n"
const compilerSourceData22Chunk0 = "1package main\n\nfunc renvoBeginKernelModuleAmd64(g *\x82\x1f\x00 LinearGen, appIndex int) bool {\n\t\x82&\x00\x1aNonNil(g)\n\ta := &g.asm\n\tg.k\x82Z\x00\x04Callb\x80\x81\x00\aLabels =\x80\x86\x00\x04ke([]\x80J\x00\f, len(g.meta.\x81\x97\x00\x01s)\x80F\x00\x04for i\x81J\x00\x010;\x80\b\x00\x00<\x84$\x00\x91M\x00\x00)\x80!\x00\x01++\x81\x8a\x00\x94n\x00\x02[i]\x80q\x00\n-1\n\t}\n\texit\x83\xc5\x00\x80\\\x00\x81\x14\x00\x93i\x00\x88\x8d\x00\x87_\x00\x01if\x842\x01\fytesEqualText\x85.\x00\tprog.src, \x89?\x00\x80}\x00\b.nameStar\x80\xeb\x00\x91\x1b\x00\x06End, \"m\x82|\x01\x00E\x80\x9f\x00\x01\")\x82n\x00\x88\xab\x00\x02= i\x80\x11\x00\x80\xbe\x00\x80\x03\x00\x85\xe4\x00\x03Init\x82\xe0\x00\x80\x1e\x00\x82\x96\x00\x05AsmNew\x82\x13\x00\x01(a\x80B\x01\x85)\x00\x81S\x00\x85)\x00\x81\xf1\x00\x85-\x00\x02Mar\x83!\x01\x01(a\x81\x98\x00\x8cV\x00\x80A\x00\x02// \x80\xfd\x01\x05ux/x86\x80\xf3\x01\x06direct \x83\xa8\x00\b entry po\x80\xc1\x01\x13s must be valid IBT \x80\xee\x00\x04gets.\x85o\x00\x81S\x02\x83d\x02\x00E\x819\x00\aPrologue\x82\xa9\x00\x88g\x02\x81\x94\x00\x00F\x80\x1c\x01\x01(g\x87n\x02\x80\"\x00\x80y\x01\x00!\x85f\x01\nanicEnabled\x82'\x01\x87`\x00\x81\xbc\x00\x0fRuntimeCheckRegs\x82\x92\x02\x806\x01\x82&\x00\nEmitPersist\x80\xbf\x00\x00A\x80\x14\x00\x05aReady\x82%\x00\x81d\x00\x88\x8a\x00\x81M\x00\x05Global\x81D\x00\x84j\x00\x05turn f\x80\x13\x00\x00e\x87U\x00\x80J\x01\x81o\x02\x88J\x01\x81\xdd\x01\x84z\x02\x85\xc4\x00\x00]\x89a\x00\x82\x87\x00\x80-\x02\x03ramP\x81\xce\x00\x82\xad\x00\x9ee\x00\tPrimaryImm\x81f\x00\x000\x858\x01\x8dZ\x01\x02Epi\x87Z\x01\x80s\x00\x87E\x02\x00>\x80\xe3\x02\x8a&\x03\x89\x19\x02\x92B\x02\x9b+\x02\x86?\x00\x87*\x00\x99\xe6\x01\x95\xe7\x01\x86\xa1\x00\x81$\x00\x99\xe9\x01\xa1\xea\x01\x811\x01\xa0\x97\x01\x86t\x00\x81\x98\x01\xa0H\x01\x82\x87\x01\x82\x98\x01\x05true\n}\x89?\x05\x829\x00\x81\xd3\x01\x83=\x00\x85{\x04\x05ArgRev\x80m\x02\x00e\x91J\x05\x01ep\x84\x14\x00\x05ExprPa\x80&\x00\x03, id\x82Y\x05\x01, \x81\\\x00\x03Type\x83g\x05\x80\x05\x00\x8ef\x05\x81A\x00\x83\xdf\x01\x815\x00\x00<\x80\xd8\x01\x01||\x82\v\x00\x80\xe4\x01\x81\xc0\x04\x03ep.e\x80Y\x00\x00s\x8aS\x02\x85\x01\x05\x82\x9f\x05\x85\"\x00\x00[\x806\x00\x00]\x83)\x02\x01.k\x80\xe4\x03\x01 !\x84\f\x02\x81\x99\x00\x01Id\x80'\x03\x90C\x00\x01fn\x86B\x05\x82,\x00\x00F\x809\x00\x00M\x80\xb4\x01\x81\xd3\x01\x02tio\x85@\x05\x80\xa6\x00\x89\xfb\x04\x83\r\x00\x80\xed\x04\x83\xba\x00\x85E\x00\x84\xbe\x00\x83I\x00\x84A\x00\x04Value\x80\x8d\x06\x80<\x01\x84J\x00\x84.\x00\x87\x1d\x01\x00)\x86\xaa\x00\x8a5\x00\x00D\x83\xa5\x04\x8f\xb4\x00\x94~\x02\x84X\x00\x8d\xb7\x06\x00l\x82\x17\x03\x80\x11\x00\x94R\x06\x847\x00\x80:\x01\x02fir\x80\xfc\x04\x80*\x00\x833\x00\x80\xce\x00\x83\xde\x00\x82\x17\x00\x81\x87\x00\x83\x18\x00\x95b\x03\x9c`\x00\x808\x00\x82@\x00\x82\xc3\x00\x81\x90\x05\x03EA c\x84+\x00\x10(%rip), %rax. The\x80c\x00\x05lative\x84\x8c\x00\x01re\x81\xeb\a\x00s\x84\x96\x05\aafter th\x80V\x04\x80I\x00\x80+\x00\x03ocat\x81^\x03\x85\xd2\x05\x06is load\x80n\x03\x00a\x80\b\x02\x05avoids\x80\x9e\x03\x06porting\x80\x15\x00\x06 implem\x80\x14\x02\x80f\x00\bon symbol\x86\xe3\x05\x01sm\x81\x06\x03\x82\x12\a\x80\xb1\x01\r\"\\x48\\x8d\\x05\"\x81`\x01\x83&\x01\x80\x9e\x02\x02a.c\x80\xdb\x01\x86\xc1\x04\x838\x00\x0132\x8b\xd7\x04\x05smAddR\x81\xa6\x00\x81\x18\x00\x00a\x81&\b\x84l\x04\x86\x11\x05\x02ush\x84\x15\x05\x85\xed\x04\x87v\x01\x83\xee\x00\x85\xa1\x02\x96\xd9\x04\x02Jmp\x86\"\x04\x823\x00\x96\xf6\x04\x85~\x00\xa1\xea\x04\xe4\xc6\x04\x85%\x02\xa3\xc4\x04\x93\xd7\x00\x85\xf5\x00\x87\xe2\x04\x001\x90\xdf\x04\x92\xea\x00\x84\xc2\x04\x80R\x00\x82g\x04\x89\xa1\x04\x81p\x00\x80e\x02\x06ENDBR64\x80f\x00\x04 conv\x809\x02\x807\x02\x03al f\x80\xfa\x06\x80\xf1\x04\x80\xd9\x00\x04 SysV\x82\xd2\x02\x05ee-sav\x80%\x01\x00r\x80\x8f\n\x80\xa0\a\x04rs us\x80\x0f\x00\x01by\x82K\x00\x80\xb8\x02\x01 R\x81b\x00\x01 r\x832\x01\x80?\x00\x80\xa6\x02\x02one\x80G\x00\x02ign\x81\x96\x02\x03 wor\x801\x00\x00e\x80\xd2\t\be generat\x80B\x00\x81^\x00\x87\x89\b\x8e\xa6\x02\x01f3\x80\xa2\x02\x04f\\x1e\x80\f\x00\x04a\\x55\x84\xba\x02\x039\\xe\x80\f\x00\x005\x80 \x00\x0141\x80\b\x00\x004\x84\b\x00\x81 \x00\x81\b\x00\x006\x84\b\x00\x007\x840\x00\x80(\x00\x01ec\x80L\x00\x008\x80\xee\x02\x9aC\x01\x87\x97\x01\x9cC\x01\x99X\x03\x80n\x00\x00c\x80\x92\x00\x000\x80\f\x00\x82\x86\x00\x80\xc2\x00\x82\b\x00\x80\xc6\x00\x82\b\x00\x80x\x03\x82\b\x00\x80\x92\x00\x015b\x80,\x00\x80\xce\x00\x01c3\x92\x9a\x00\x87\xbc\x06\x80N\x03\x01nt\x82G\x05\xa1\xde\x01\x01_p\x81/\x00\ak(\"%.*s\"\x82\xc6\v\x03gth,\x83\x14\n\x80U\x02\a. Preser\x80\x90\x04\x02Go \x82-\x00\x01 s\x80\x93\x04\x80\xbf\x01\x02cs \x81w\v\x02'%'\x88\x98\x01\x8d\xd0\x03\x99\xfe\x00\x80\xce\x00\x01d6\x81V\x04\x89%\x00\x008\x82B\x04\x01x5\x81=\x00\x80_\x00\x05matOff\x87u\x04\x00d\x80\xef\x04\x81\x88\x04\x82\t\x00\x80Y\x05\x80\x9c\t\x02end\x84\x19\x00\x00,\x81\x8d\x00\x80\x05\x00\x00.\x81\x05\x00\x00*\x81\x05\x00\x00s\x80\x05\x00\x89\x8f\x04\x84\x9b\x00\x00D\x80-\x00\x80\x9a\x04\x00r\x81l\x00\x86e\x00\x88'\x00\x02Cop\x80$\x03\x82+\x00\x01To\x81\xbc\x03\x00W\x80\x95\x02\x000\x8a\xd1\x00\x95\xca\t\x8a\xc6\x00\x01e8\xb44\x05\x02Abs\x8a7\x05\x010,\x84\xec\x01\x01bs\x88\xe6\x01\x82#\x00\x8d\x0e\x02\x82@\x00\x83%\x00\x01Im\x81\xf8\x05\x89\a\x02\x01, \x80\xdc\f\x03 []b\x80\xfd\f\x01, \x86\xd8\a\x83\xb3\b\x84\xda\a\x96\xb2\b\x84\xa0\x05\x876\x00\x84\xf6\a\x858\x00\x01<=\x88\x1c\x00\x88\x18\x00\x00>\x82\xfd\x00\x80y\x00\x91\xca\b\x8a\xba\r\x01+1\x84\xbc\r\x00a\x85\xca\f\x82\xc2\x00\x80\x9d\x01\x00s\x80\x88\f\x81\xc5\r\x04 += 2\x82G\x00\x00s\x82g\x00\x809\x00\x92,\x00\x80\x97\r\x80$\x00\x80\x1b\x02\x98\"\x00\x01+1\x81$\x00\x816\t\x02nd-\x83O\x00\x80\x8f\b\x84\xb6\x00\x00-\x87\xcb\x00\x82\xf2\x05\x80\xfc\x04\x80B\a\x808\n\x83\xd9\x05\x803\x02\x01ch\x81\\\x00\x82L\n\x00\t\x82\xc7\x00\x00j\x84\xc7\x00\x00j\x80\xc5\x00\x86S\x00\x80\x0f\x00\x84y\x0e\x81j\x00\x8b\x8a\x00\x00N\x80c\x00\x01s[\x82'\x00\x02+j]\x81}\x00\x80%\x01\x00[\x86y\x00\x81\x14\x00\x829\x00\x84n\x00\x00=\x85Q\f\x83\x83\x00\x81\x04\x00\x80S\x00\x83\x1c\x00\x84\x96\x06\x82Z\x01\x04i / 2\x86k\x0e\x86(\x01\x8fX\x01\x82\x80\x00\x89\xa7\x0f\x86{\x00\x83F\x0f\x84\v\x01\x87<\x0f\x90?\x00\x89\x84\x03\x8e\x1d\x00\x82o\x02\x80\x8b\x01\x83\x9c\x06\x92\x87\x01\x95@\x00\x84\x1f\x00\x80B\x00\x83y\n\x95\xbe\x00\x828\x03\x82\xf7\x00\x978\x02\x03/2 -\x92\x13\a\x876\x05\x80U\n\x00k\x80\xfa\x00\x80\xd6\x04\x81\xef\x03\x91\xee\v\x01fn\x84\x14\x00\x81v\n\x04Info,\x82\xab\x06\x01Co\x80\xcb\x06\x98L\x11\x819\x00\x838\x03\x87.\x00\x848\x03\x87\x11\x00\x02> 6\x938\x0e\x8a\xd0\n\x8aD\x00\x00>\x84\b\x0e\x86\x90\x04\x01op\x8b\xa9\x04\x80>\x00\x8c1\x00\x001\x951\x00\x001\x941\x00\x83i\x03\x881\x00\x01Se\x80\a\x03\x00d\x85\xdc\x05\x8f1\x00\x003\x8d1\x00\x01Te\x80x\n\x970\x00\x004\x8a0\x00\x81\x8e\x01\x0116\x84\x00\x06\x02841\x923\x00\x005\x973\x00\x009\x863\x00\x82\xfe\x01\x01ID\x89;\n\x8e\x15\x05\x81\x88\t\x87\xee\x11\x03fn.l\x80\x03\x02\x80\x01\r\x02hod\x84\xec\f\x8a\x14\x00\x86\xf3\f\x86]\x00\x81\xc6\x01\x9a\xed\x0f\xd1\t\x06\x85~\x00\x8d\x10\x06\x83\xd6\x00\x82+\x00\x04Base+\x85(\x00\x87\x1f\x03\x8f\xf5\x0e\x89:\x00\x81M\x03\x8b)\x06\x86\xe8\x00\x82\xdc\x02\x01st\x80q\x06\x00g\x81\xf0\x00\x80'\x0e\x836\x0e\x86!\x00\x00*\x81n\x04\x81\x1a\x01\x89\v\x0e\x82\r\x00\x80\xd0\x05\x84\xcd\x0e\x93\x99\x03\x89@\x01\x01\"\"\x8b\xaf\x04\x94\xb5\x05\x84\xb2\r\x9b\xda\x05\x83|\x00\x80'\x00\x84\\\x00\x83\xbe\x00\x91@\x04\x83~\x05\x00:\x80O\x00\x80\xa5\x04\x90\x1e\x01\x81%\x00\x0eFromOutput(path\x84N\x00\x89\x14\x01\x86\xb5\x00\x808\x0e\x91\x8b\x14\x817\x00\x8b\x83\x14\x81\x12\x00\x82\xd3\x14\x04= '/'\x811\x01\x89\x12\x00\x02\\\\'\x83\xd2\x05\x83Y\x00\x80l\x01\x01 +\x80\xc1\x04\x85\xd3\x05\x84\xfd\x00\x86Z\x00\x83\xfb\x0f\x86\xc5\x06\x81\x88\x03\x01&&\x83Q\x00\x81\x16\x00\x003\x83U\x00\x01.'\x8a\x16\x00\x002\x83\x16\x00\x00k\x8b\x16\x00\x001\x83\x16\x00\x00o\x83\x80\x00\x81i\x00\x03-= 3\x82v\x00\x06var out\x84>\b\x88\xe9\x00\x84\xe8\x06\x81\xed\x00\x811\x00\x80O\x00\x81\x9a\x00\x80+\x00\x00)\x80\x12\x00\x0155\x87\xf8\x00\x832\a\x84\xe9\x00\x83\b\x01\x80\x13\x00\x80\"\x02\x01'A\x82\x86\x00\x80\r\x00\x80D\b\x01'Z\x82\x10\x01\x84\x1a\x00\x00a\x89\x1a\x00\x00z\x89\x1a\x00\x000\x89\x1a\x00\x009\x85\x1a\x00\x81\xbe\x00\x00_\x84>\x01\x81\xae\x00\x86_\x06\x80\r\x00\x00,\x80!\x00\x82\x9a\r\x00 \x80z\r\x00e\x95$\x00\x80?\x00\x84\xbf\r\x83~\x04\x86\xcd\x00\x80[\x00\x8a\xf2\x03\x00\"\x82(\x02\x83\xb7\x02\x8bi\x02\x81/\x00\x91N\x02\x81\xa9\x14\x03File\x8bH\x02\x83Q\x01\x81Z\x00\x00f\x82\xd8\x01\x00o\x80\x8c\x00\x82\"\x00\t, O_RDONLY\x84\x1a\x0f\x80d\t\x8b\x83\x00\x01ni\x83V\x10\x8d\x9c\x01\x83\xd6\x00\x82z\x00\x81t\x00\x00A\x80\xd3\x06\x00f\x80\xa0\x16\x82\x98\x00\x03\tclo\x80\xd1\x12\x00f\x81\xd0\x04\x84G\x00\x80\x18\x00\x91\xaf\x00\x00T\x80\xe4\n\x81\x02\a\x00(\x82m\v\x83\\\x00\x89\xf7\x02\x88\x88\x02\x84\x98\v\x81\x14\x02\x81\x16\x00\x81\x9e\x06\x80\x9d\x01\x82\x17\x00\x89X\x02\x01\\n\x82\xa8\x01\x8e\x17\x00\x00r\x91\x17\x00\x000\x83 \x04\x81\x11\x00\x00-\x90e\x01\x82.\x00\x91\xba\x03\x80\xb2\f\x03pare\x84\x0e\x19\x80\xc1\x0f\x81*\x00\x00(\x87\xa0\a\x84\xd4\x01\x88\xe9\x00\x02BTF\x84\xdf\x01\x80\x86\x00\x8c\x1c\x00\x02Sym\x81\x02\x14\x87 \x00\x8a\xd0\x01\x01le\x80n\x05\x81\x1b\x00\x01\"\"\x84\x98\x01\x83\x12\x00\x85z\x06\x8c\xf8\x01\x01\"/\x80s\x06\x05c/sys/\x83\x8b\x04\x02/os\x843\x00\x81\t\r\x87\x9b\x00\x82\x13\x00\x88s\x02\x8cf\x06\x87]\x10\x8c\x89\x00\x92\xbf\x01\x85O\x00\x8b4\x00\x00V\x81E\x17\x80\x02\x12\x954\x00\x96\xbe\x00\x81\x0f\x01\x809\x00\x00\"\x81|\t\x89Q\x00\x80F\x01\x8bM\x00\x889\x00\x88\xf2\x00\x05btf/vm\x80Z\a\x01ux\x82\xf4\x00\x80\x82\x12\x81R\x00\x00P\x81\x13\x03\x807\x01\x05\"/lib/\x83\xcf\x12\x02s/\"\x80\xf9\x04\x90\xe8\x00\x00+\x80'\x00\x05build/\x83\xee\x1a\x00.\x84E\x00\x80\x8d\x03\x89\x92\x00\x84\xbc\x01\x94\x96\x00\x88y\x00\x86k\b\xb6\x19\x02\x92\n\b\x85l\x1a\x89\x99\x1b\x03Size\x81\xb3\x04\x833\x00\x00s\x80\x0e\x00\x83z\r\x80\xbd\x06\x80u\a\x80N\x12\x82\t\x00\x81\xdd\x16\x82\t\x00\x01ok\x8cL\x02\x80\x93\x00\x83I\x00\x02Lay\x80\xb8\x03\x8d\xae\x00\x84\xba\x12\x807\x00\x80\xb2\x00\x81^\x00\x83l\x00\x84\x8f\r\x81L\x0f\x86\xa1\a\x82b\x00\x86R\x04\x9cb\x02\x88\xbd\x00\x80\xf2\x05\x80\a\x00\x91\x1f\x00\x81.\a\x81T\x00\x83J\f\x80\n\x00\x91%\x00\x812\x13\x83%\x00\x84\x83\x00\x91%\x00\x81\x98\x18\x83%\x00\x84\n\x01\x82P\x01\x01_,\x84\xe8\x14\x01OK\x8c\x16\x01\x80\x8d\x01\x80\xc7\x14\x03CRC(\x84\x84\x1b\x01_l\x82\x1f\x01\x83_\x10\x82\xd9\x00\x85:\x00\x91\xea\x04\x01Ge\x81\x7f\t\x88\xe7\x04\x81n\t\x8a\t\x0f\x81\xbd\r\x86\xba\v\x03at+4\x84\xd7\x0e\x82\xf9\x04\x89\xfe\x01\x80\x03\b\x87\xab\x04\x80=\x00\x83\xa8\x04\x04at]) \x81u\x01\x86\x10\x00\x80\xa0\b\x03)<<8\x8c\x15\x00\x002\x81\x15\x00\x0116\x8c\x16\x00\x003\x81\x16\x00\x0124\x91\xba\x00\x80\xf4\x01\x00S\x87\x10\x05\x86\xbe\x00\x00b\x81&\x03\x82\xd6\x0f\x00o\x80F\x01\x82\t\x00\x80B\x16\x01ue\x86u\x06\x85\r\x05\x02pos\x81K\x01\x820\x00\x00+\x81-\x00\x82\xeb\x00\x815\x00\x84\xec\x00\x81!\x00\x87\v\x00\x00+\x81\xf4\x00\x82J\x00\x00)\x85\xdb\t\x8e\x02\x01\x87\x00\x03\x91\f\t\x83=\x00\x8a\r\t\x82\xe7\x00\x81]\x00\x80\xff\b\x80\x05\x0f\x82\"\x00\x81\v\t\x94\x97\x02\x87_\x01\x869\x00\x87Y\x00\x83:\x06\x94*\x01\x8a9\x03\x8a\xd5\x06\x00(\x82#\x01\x8c\x05\x00\x81$\x01\x82\xda\x00\x84\x19\x04\x83\xea\x00\x03< 24\x86\xae\x06\x000\x82\xb2\x00\x030x9f\x86\x13\x00\x80\xbd\x06\x82\x13\x00\x01eb\x8a\x17\x02\x82\xc5\x11\x83\x03\x00\x87!\x01\x00h\x80\x8c\x04\x04erLen\x8c\xcf\x02\x87\x90\x02\x02, 4\x80\xc3\x02\x00t\x80-\x19\x83\x8d\x10\x80(\x00\x875\x00\x8a\x1c\x05\x894\x00\x81o\f\x814\x00\x81\x7f\x11\x81\xa5\x10\x86?\x00\x962\x00\x0112\x803\x00\x83\x1d\x02\xa9i\x00\x0116\x83\x9b\b\x87+\x00\x85\x1f\x01\x87t\x00\x00<\x88\x1e\x00\x84\x19\x00\x87\x17\x12\x83T\x01\x81\xac\x04\x88|\x00\x8c2\x00\x89\x1b\x00\x95u\x02\x93`\x01\x84\xde\x02\x86\x8c\x00\x83\x93\x02\x812\x02\x0112\x81\x19\x05\x85\x8c\x00\x81I\x00\x81\xb3\x04\x98\x87\x01\x805\x00\x82]\x05\x80\xfa\x0f\x9b&\x00\x00+\x81\xb1\x01\x82\xd9\x05\x82\x00\x1c\x9b,\x00\x81\xa9\x01\x00\t\x82\xb4\x1b\x80(\x00\x80\x85\x02\x80]\x00\x00>\x80y\x0f\x054) & 3\x81\xf2\v\x00v\x80\xee\x00\x82n\r\x81\x1b\x00\x06& 65535\x81\x15\t\x02xtr\x82\x1d\x10\x80o\x04\x81\x80\x01\x82C\x00\x80\xfa\x02\x83\xe4\x0f\x84\x1f\x00\x02= 4\x87\xee\n\x88%\x00\x83\xa7\x0f\x86%\x00\x001\x82-\x12\x8e&\x00\x82\xc6\x01\x85\r\x00\x83w\x0f\x863\x00\x82\x96\x00\x00*\x95:\x00\x83\xcd\x10\x8d-\x00\x008\x92,\x00\x001\x8c\x8d\x00\x9b-\x00\x8a\x94\x00\x0117\xa1\xed\x00\x0115\x8a4\x00\x009\x98\xc9\x00\x81\x05\x02\x80\x19\x00\x82\xa5\f\x809\x02\x80s\r\x002\x80\x05\x00\x82+\x00\x83f\x01\x82\x1e\x00\x00>\x866\x02\x81U\a\x81\x12\x00\x80I\x02\x810\x00\x89\xaf\x04\x90\x8f\x02\x85\xb1\x13\x87`\x01\x80\"\v\x96\xca\x05\x81\xf9\x12\x86\xf6\x02\x83\"\b\x86`\"\x85\\\"\x85\xd2\a\x84\x05#\x81\x9d\x02\x836\a\x86\x11\x00\x84=\a\x87\x11\x00\x03memb\x83T\x1b\x85\xe2\x00\x81\x16\x00\x8d\xa8\x05\x81\x16\x01\x87\xa2\x05\x856\x00\x81\xde\a\x98\xcf\x02\x83%\x00\x81\xd0\x02\x02\t\tb\x86w\x00\x9a-\x00\x80\xff\x02\x80\xd4\x02\x040x00f\x82\x01\x00\x82<\x00\x80#\x01\x83?\x00\x01%8\x88\x00\v\x87\xb9#\xa0.\x01\x87\xb0\x00\x804\x01\x81&\x01\x852\x01\x885\x01\x80\xf4\x06\x83\xa5\x00\x00/\x82m\x02\x81U\x15\x86<\x02\xb2h\x00\x81}\x01\x88h\x00\x85\x8c\x01\xceh\x00\x81\xd4\x01\x88h\x00\x85\xe3\x01\x90h\x00\x82\a\x00\x83\x06\x00\x84\xf8\x01\x80>\x17\x83\xf2\x01\x82\x16\x00\x85P\r\x84\xab\x04\x9a\x88\n\x857\x01\x82\x81\"\x80\xb9\x02\x85\xdf\x00\x81\x10\x00\x84\xdc\x02\x81R\x02\x80\xfa\t\x80\x12\x03\x89\xa4\a\x8f\n\x03\x90\x9c\a\bHexDigit(\x80\xc2\x0f\x83\x91\a\x87w\t\x94\xef\x0f\x88\xfc\x05\x81+\t\x80\x19\x00\x00-\x81%\x00\x86\xca\v\x91@\x10\x00f\x907\x00\x00-\x80#\x00\x00)\x81\n\x03\x83\xb9\t\x94\x94\x10\x00F\x92:\x00\x00A\x89:\x00\x87\xd8\x18\x90\xe1\x00\x87\xa0\n\x83q\x1f\x86\x88\t\x83y\b\x86j\b\x82\x95\b\x8e\xdb\n\x81h\f\x80\xd0 \x80\x98\r\x88e\x12\x82\x0f\x00\x83T\t\x87\x0e\a\x85\x93\x0f\x80\x1c\x00\x80\x0e\x00\x85\x8f\x0f\x89&\x00\x80\xd4\x00\x85h\x0f\x82\xa9\b\x82\x94\x0f\x83\x14\x05\x03nd++\x84\xcc\x01\x82\x85\x1f\x02Tab\x8cM\x00\x86\x17\x00\x86\xeb\x11\x82L\x00\x85\x17\x00\x84Q\x00\x00t\x84Q\x00\x85\x17\x00\x86V\x00\x00s\x82@\x16\x84W\x00\x86L\x00\x83\xdb\x12\x81_\x00\x87 \x00\x8b`\x00\x86\x18\x00\x8ca\x00\x86\x18\x00\x86b\x00\x80\xbf\x01\x86\x15\x00\x00-\x85b\x00\x01-1\x81I\x04\x82\x85\x1a\x82}\x01\x84=\x03\x8d\xc4\x19\x92\xaf\n\x842\x00\x89\x0e\x05\x85\xb2\n\x86\xdf\x00\x001\x84\xb9\n\x83,\x00\x86\xba\n\x90\xb8\x19\x83x\x03\x82\x05\x00\x8b\xbb\x19\x80\xc2\x11\x81\x9e\v\x84\xd1\a\x88\xde\x1a\x84}\x01\x83\xda\x00\x82\x16\x1a\x82\xb9\b\x86=\x01\x86#\x01\x81\x1c\x00\x83N\x11\x83*\x03\x87\x16\x00\x80j\f\x82\x18\x00\x00x\x846\x01\x85^\x00\x81K\x1b\x88#\x04\x91\xd0\x13\x85g\x00\x89\xff\x00\x01\td\x81\xaa\x03\x8c\xa5\x02\x86\xc1\x03\x82w\x00\x82\xf2\x19\x85+\x01\x82.\x00\x86f\x0e\x8a#\a\x87\x18\x01\x84\x84\x00\x84\a\x01\x80\v\t\x83\t\x00\x01<<\x80\xff\n\x80\r\r\x82E\x00\x88\xac\x00\x84C\x00\x82%\x00\x00,\x86\xc0\x01\x85\x16\x1b\x82\x1a\x03\x80:\x0e\x80B\x02\x82\\\x02\x8a\x8d\x04\x96\x84\x04\x83\xa3\x03\x06GPLOnly\x8d\xa7\x03\x85/\r\xff\xa0\x03\xff\xa0\x03\xff\xa0\x03\xf0\xa0\x03\x03thir\x85\x1a\x01\x87\a\x01\x83\x1b\x01\x83\x9a\x00\x86\"\x00\x8b\x1c\x01\x85\x17\x00\x8c\x1b\x01\x87R\x00\x82\x1c\x01\x85\xd9\x02\x83\xab%\x86\x82\r\x86T\x00\x85i\x00\x83 \x00\x84\xd7\r\x88-\x00\x86\x86\x00\x87!\x00\x8b\x87\x00\x86\x18\x00\x8e\x88\x00\x86\x1a\x00\x8a\x89\x00\x841\x03\x86\x1d\x00\x00-\x89\x9a\x00\x80\x1f\a\x82\xbe\n\x8bZ\x00\x01-4\x83h\x04\x80\x7f\x17\x8f\x1c\x00\x84\x85\x18\x00G\x91\x1c\x00\x84\x8b\x18\x00P\x91\x1c\x00\x84\xbc\x04\x01L'\xa3\xe1\x03\x96\xde\x03\x06License\x80\xdf\x03\x02Com\x80]\x17\x00i\x80\xcd%\x88\x14\x16\x00l\x83\x1f\x00\x8c\xdb\x03\x845\x00\x87c\x1e\x84&\x00\x81\xf0\x15\x80J\x00\x00\"\x82\x16\x14\x8b\x14\x00\x02 v2\x92\x17\x00\x82\x8f'\x02ddi\x84>%\x05rights\x8e*\x00\x00D\x80\x8f.\x04 BSD/\x91^\x00\x82\x1d\x00\x02MIT\x98\x1d\x00\x01PL\x82\x1d\x00\x91\x01\x01\x00C\x80\xc1 \x81J(\x01(t\x81\xb3\f\x83\xd8\x04\x80\xd7\t\x02eed\x807(\x8d\xe7\x04\x84\xf1\x10\x83\x1e\x00\x8b\x02\x15\x85\x14\x00\x83\xbf\x0f\x81M\x00\xa1\xfd\x11\x82\xa2\x11\x85;\x00\x80\xc0\x06\x86<\x00\x87\xb9\x03\x9dS!\x88B\x00\x8bU!\x81H\x00\x80\xce!\x83B!\x83\"\x00\x00[\xb4;!\x84{\x00\x8ae\x12\x96S\x02\x80A\x17\x04magic\x80G\x02\x87\x14\x19\x81z\x19\x8d\xfd\x17\x82\xb4\x16\x8d\x0e\x16\x86\x90\x01\x8f\x93\x17\x80\xe5\v\x04 SMP \x80\xe6\v\x8bp\x18\x9f4\x00\x84\x19\f\x81\x86\x00\x80\xdf\a\x83\x13\x00\x90\x8b\x16\x9bI\x00\x06PREEMPT\x8dL\x00\x06preempt\x91P\x00\x8b\xb5\x15\x86\xa5.\x86;\x00\x80\xb8\x0e\x02_un\x81\x9a*\x86>\x00\x00c\x81w\x1f\x8e\xde\x16\x97\xc8\x15\x00;\x81-\x00\x81\x91\v\x80\xc1$\x81`\x13\x8ea\x00\x84\x97\x18\x81\x04\x18\x87\xbd\x01\x82!\x00\x80 \x00\x92\x13\x03\x00A\x82\xf6\x1b\x84w\r\x87?\x1b\x8d+\x15\x88\xa0\x1b\xa0\xd0\x14\x8fQ\x1c\x85\xd0\x14\x8a\xa2)\x89!\x00\x80\xf4\x1f\x97\x9e\x00\x01ym\x80\xc83\x89\x9d\x00\x82\xa8\x12\x84\xa5\x14\x80\x14\x12\x82\n\x00\x80\x92\x06\x82\xce+\x88\xe9\x15\x83\x18\x00\x81\xb0\x17\x82\xc7\x16\x87\xc5\x00\x88\x1c\x1c\x83c\x00\x80\x95\x0f\x82\x87\x00\x81Y\x00\x80\xa4\x00\x8f\xc1\x00\x81:\x00\x82\x9c\x12\x80\xa9,\x81\xa0 \x8eB\x00\x80\x83!\x82)\x00\x84\x87\x00\x91#\x00\x83\xc5\x00\x84\x9d\x00\x99!\x00\x81\xb3\x00\x9e\x9a\x1c\x833\x00\x80Z\x03\x00a\x8a\x1b\x01\x80\xb7\x16\x80\x01 \x84\xfb\x00\x83\xc1\t\x82\f\x00\x82s\x11\x82\n\x00\x80\x83\x05\x816\x06\x9d\x13\x01\x85\x8d\x00\x83Q\x00\x99\xaf\x00\x84\x81\b\x05<<32)|\x81h\x00\x99-\x00\x83~\x00\xa4\xde\x00\x84\x90\x03\x8a\xe1\x00\x8a\x96\n\x80\xcf\x1e\x80\f\x03\x8c\xcb\x00\x8a\xef%\x83\xf0\x1d\x96\x8f\x00\x80?\x00\x89\xfe%\x8fV\t\x82\xe9\x0f\x8c\xc5\x1f\x8f\x1f\x02\x86W\t\x83\xe1\x02\x8f!\x00\x83\xd4\"\x82\xf2\x00\x88\x86\x00\x00U\x80Q'\x00l\x84B\x00\x82\xa7\f\x006\x809\x15\x96\x0e\x01\x03ELFH\x82\x14\x16\x8b\x10\x01\x00h\x86\xdf\x18\x04shnum\x85\v\x00\x80!\x01\x00n\x83\x8a1\x8f\xe7\x01\x8a\x9a\x00\x01x7\x80\xdc\x10\x01'E\x81,*\x00L\x81\x05\x00\x00F\x80\x05\x00\x002\x80\xd7\x16\x82\x03\x00\x92\xec\x02\x88\xb7\x00\x82\xfd\x16\x96\r\x03\x81\x8d$\x96\x1d\x00\x006\x81o\x17\x96\x8a\x03\x92;\x00\x85\xb6\x01\x92\x96\x00\xa2\x1d\x00\x82.\x01\x99x\x00\x9a\xdd\x03\x81\x9f\x01\x97\x1e\x00\x9a;\x00\xb8X\x00\x82\xd7\x01\x9b!\x00\x83\xed\x01\xa4V\x03\x03Shdr\x96Q\x05\x87(\x04\x04flags\x8cA\x1b\x85M\x05\x80\x8d(\x80\x17&\x8d\x83\x05\x82\xc2.\x83\v\x00\x80\xc7.\xb7y\x05\x90 \x00\x9dW\x04\x82\xad\x00\xb6\x16\x02\x94\x14\x02\x8c\x90\x05\x96\x9d\x00\x81\f\x01\x99 \x00\x828\x06\x99\x14\x05\x818\x01\x99!\x00\x84N\x01\x98\xe0\x01\x80\xb0&\x00I\x80\x8a\t\x85\xf2!\x88\x00;\x8b\xd2&\x86m9\x83\xa6\x01\x86:7\x8c\xa8\x01\x822\x00\x90\xc2/\x80) \x01ch\x83\x06-\x80J\x00\x00P\x83[\x1a\x85\x1d\x00\x82J\x00\x80\x14\x00\x82\xe1\v\x81\xae'\x86n\x00\x800\x00\x81k\x00\x9d0\x00\x86\x8f\x00\x84g(\x84c\x00\x85r\x1e\x01.c\x84\xbd&\x84\a\x00\x91M \x8c\x15$\x02has\x82'.\x82\xcd\x0f\x83\xff\n\x8b\x94\v\x80J\x12\x84\x9d'\x00a\x84g(\x86d-\x83\x96\x19\x82\x88\x00\x80,)\x87 \x00\x80h\v\x80\xa3\x1e\x81\x11\f\x83\xc9\x00\x8f\x90.\x83P\v\x86|\x00\x86\xcf\v\x82T\v\x83\xaa$\x80\xb1\x03\x80\xb54\x86\xad$\x84\x0f\x00\x86\x9a\x05\x83\x10\x00\x83\xb6\x02\x81\a\x01\x85x\x18\x82\x99\x06\x82\x1c\x00\x83\xab\x1c\x835\x00\x95\xd0\t\x85F\x00\x82\x98\x17\x00_\x859\x19\x83\x8c\x01\xbcR\x00\x00c\x80\xd1\v\x02nup\x88U\x00\x80\xa8\x0f\x00s\xbcU\x00\x01__\x81E\x00\x88T\x00\x82m1\xbdU\x00\x83\xdf1\x81O\x00\x81y\x01\x83\xb3)\x83\xb8-\x82\xb7=\xb8\x80/\x89L\x00\x86\xbb\x01\x88\x15\x00\x83\xb3-\x84\xb4\x00\x82\x12\x1d\xa5\xb6\x00\x88 \x00\x89\x9d*\x80S\x03\x01/2\x81J\x00\x86G\x02\x01ym\x8aG\x02\x83\x0f\x00\x91`\x00\x82D\v\x83 \x00\x88\x8e\x18\x81\x03\x00\x81N\x01\xa78\x00\x003\x83\x17\b\xb18\x00\x80\x03\x00\xb28\x00\x80y5\xb28\x00\x007\x868\x00\x81\x00\x03\x80\"\x00\x81\xe4\x01\x80:\x1e\xa5F\x00\x85y\x03\x80\xf2\x00\x008\x82\xf6\x00\x84\x91\x04\x83T\x00\x81E\x03\x84T\x00\x83+9\x85\xe2\x04\x86\xfb\r\x85\"\x00\x86\xd8\x13\x81\a\x02\x81\x990\x81\xa6\x1d\xa5\x85\x00\x85\xac\x03\x86\x85\x00\x84g\x00\x83\x85\x00\x81.,\xa4I\x00\x85\xa0\x03\x80E\x00\x80\x19\x01\x83\x1c\x01\x98S\x05\x85~\x03\x8a\xe3\x00\x86\xd3\x04\x81\xdf\x00\x86\x1f\x00\xba\xe0\x00\x86\xe3\x03\x81L\n\x89\x94\x02\x84\xd3)\x83O\x03\x83\x14\x0f\x93\xb2\x03\x84\xb0\x03\x88x\x03\x89[#\x8a?\x00\x8c\xa5\x03\x84\x17\x00\x84\xa7\x03\x83\xc0\x00\x00/\x80y \xa8\xbf\x00\x88v\x00\x80\xfe\v\x8f\xc4\x00\x83\xc5\x00\x81\xd1:\x81\xfb5\x8f9,\xa3\x85\x06\x837/\x8e\x88\x06\x80\x86\x06\v& 2147483647\x81\x9a\f\x83r\x1e\x8f\xb2\x06\x80j%\x8d,\x00\x85s!\x93\xdf\x06\x8c-\x00\x88\xb5\x1f\x85\xf6\x06\x01Bs\x832\x00\x85>\x12\x84\xe3\x00\x903\x01\x82\xa5\x0e\x85!\x00\x83\xc5/\x80\x9f\x03\x80d\f\x80\xaf\x00\x00-\x82o\x01\x8f\xb4 \x9b\\\a\xacn\x00\x85\xab\x02\x82L\x04\x92r\x00\x80\xb5\x03\x8br\x00\x8cN0\x84j\x13\x88V1\x827\x00\x00-\x9b6\x00\x84\x9e\x13\x8a01\x81x(\x85\x10\x00\x84\xca#\x8a\x8e\x02\x85\xd7\x1e\x89\xca\b\x86\xad\x1e\xaa\xf6\x00\x8aW\x00\x00[\x85u\x00\x80\xa5\x02\x8d\x05\x01\xb1S\x01\x80\xbe\x01\x8a\xc1\x01\x83\xed\x02\x81e\x04\x83D\x04\x81#\x01\x84\x1cE\x84M(\x9al\x04\x82\x196\x8c!\x00\x84K)\x828\x15\x94>\x00\x81#\x00\x86\x86'\x87}\x00\x8a\x8f\x15\x85\f\n\x915\x04\x99W\x00\x87E\x04\x87Y\x00\x00[\x96\xa5\x00\x82\x9cE\x98O\x00\x82\xef/\x84\xd4\x04\x82J\x01\x80T\x00\x86\x0f\x04\x86\x11\x00\x9a|\x01\x80!\x00\x90G\x01\x84L*\x83\x9e\x06\x82\xe4\x02\x84\xb7\x0f\x84\x93\x06\x81\xa2\x05\x82-\x14\x80\xc9\x10\x8e=\x00\x8e\xaf\x14\xb9\x8a\x00\x84M\x00\x83\xa3\x06\x89\x8a\x00\x85\a\x05\x85\x9f\x14\x86\xf8\x00\x83\xea\t\x80\xeb\x14\xb2\xd5*\x81\xe5+\x867\x00\x90\xf1\x01\x86o\x00\x90\xcc\x00\x85Z\x12\x85$\x00\x86Y$\x85`\x00\x85\x92\x00\x80{\x00\x84\xdf'\x8e\xfc\x06\x82\xb8\x00\x99\xbf\x15\x88{\n\x85\x92,\x89j\x17\x83\xdb\x03\x81\xda\x03\xac\xaa\x00\x85X\x00\x84\xd9\x04\x83\xa3\x00\x94\xe2\x02\x8b\\\x04\x87\xd4\x02\x90\xeb'\x8cj\n\x84\xb6\x00\x96\x1f\x1e\x82\xb3\x0f\x81V\x02\x83\x0eF\x9ad\x1a\x84\xf7\x00\x80'\x00\x82D\x01\x03Err(\x83;2\x01: \x80+\x00\x01-o\x80P\x00\x00 \x83E\x02\x85\xe0\x13\x03requ\x80\x04C\x00s\x80t?\x81\"\x00\x00c\x86N\x00\x85\xe7A\x84\xfa\x19\x00:\x80#\x18\x8f]\x00\x84O\x10\x8et\x00\x00\\\x80\xb3/\x92\x82\x01\x9d\x8b\x17\x85Q\x00\xc8\xc7\x01\x83\xd0&\x83\x81\x14\x85\"\x03\x80\xdc\x00\x82O\x11\x88!\x03\x82\x10\x00\x972\f\x84\"\x00\x80\x16\x02\x84\x11\x01\x02=\"+\x8e\x9a\x03\x84\x96\x01\x80i\x00\xa9Q\x00\x01de\x81\x17\x00\x01s=\x813\x01\xa98\x00\x81\xd9\x00\x91\x86\x00\x88\\\x05\xabQ\x00\x804\x01\x82f\x1a\x80U\x00\x8b\xad\x19\x84|\x1a\x00)\x85\x0e\r\x81\b\x13\x87\r\r\x82\x0e\x00\x87S\x0f\x81\x0f\x00\x83\x90\x04\x81.\x1b\x8aV\x0e\x81\x1b\x00\x81_\f\x842\x00\x96\x9e\r\x83C\x00\x01\".\x81A\x00\x83W/\x83\x13\a\xbaM\x00\x81E\x00\x87R\x00\x00o\x81\xfd\x1d\xbbP\x00\x82C\x00\x81M\x00\x01bs\x8b\x92\x0f\xadJ\x00\x80@\x00\x88\xfc\x01\xbaK\x00\x84D\x00\x82\x86\x0f\x84\x02\x03\xb9P\x00\x01__\x86\xeb\x1a\x84{\x10\x80\x98;\x81G\x12\xba\xa5\x00\x02gnu\x82\xef:\x04once.\x8c\x8b\x10\x85\xf8\x06\xbf\xeb\x01\x99f\x00\x83W\f\xbad\x00\x83C\x00\x82M\x00\x82M\x10\xbbM\x00\x82C\x00\x82M\x00\x81\x13\x00\xbbL\x00\x81\t\x00\x83N\x00\x9a\xae7\x8ed\x18\x82\x1e\x17\x81!\x03\x89P+\x00A\x814\x15\x83\xe4C\x85\xe7\x19\x95\x8e\x18\x88K\x00\x84F\x00\x86&\x00\x89\t\x19\x83\x92<\x02...\x88\xd9\x03\x9er\x00\x81\xbd.\x99q\x00\x88I\x00\x92u\x00\x85 \x00\x84w\x00\x82\xbb\x03\xbfu\x00\x85G\x00\x94\xe8\x00\x81\x1e\x00\x83q\x00\x80\xe2\x03\x88\\D\x83,\x1b\x84\xab\x03\x8e\x18\x00\x8fJ\x00\x84*\x00\x83K\x00\x85\x91\x03\xbe\xbe\x00\x88I\x00\x92v\x00\x85 \x00\x83w\x00\x81A\x03\x9es\x00\x93`\x19\x89\x18\x02\x83F\x00\x92p\x00\x87\xfe\v\x88\x1c\x02\xa1v\x00\xa2\x1c\x02\x98y\x00\x85 \x00\x83w\x00\x83\xd8\x03\xbeu\x00\x86G\x00\x92s\x00\x83\x1e\x00\x84q\x00\x82\xae\x03\xa0\a\x02\x83)\x00\x845\x00\x81\xe5\x03\xa14\x00\x81(\x00\x853\x00\x84\xb6\x10\xb8\xd5\x00\x8f\xd6\x1b\x93\xf1\x1a\x8c\xfb\x14\x8c\a\x15\xa0?\x00\x85;\b\x82\xdc\f\x80\xec\x11\x84Q\x04\x85\x9dC\x82\xd4@\x85S\x00\x82\f\x12\xa3W\x00\x89I\b\x82\xa0\x0f\x81nJ\x88<\x04\x83`\x00\x85\x11\x00\x80b\x00\x009\x82\x81\x00\x80\x12\x14\x82\xaf\x12\xa1b\x00\x86Y\b\x82:\x00\x80\xbc\x0f\x86&\x04\x85\xbd\x00\x82})\x85\xbd\x00\x80[\x00\xa4\xbc\x00\x84f\b\x823\x00\x80\xd7\x11\x83S\x04\x81g\x04\x80\n\x00\x81\xde\x0f\xafR\x00\x88q\b\x85\xad\x00\x87\x95\x04\x83\xae\x00\x84\x10\x00\x87l\x01\xa6]\x00\x89\x7f\b\x85^\x00\x88s\x04\x83_\x00\x85\x11\x00\xb0\x0f\x01\x8c\x8d\b\x82c\x00\x80\x17\x01\x84b\x04\x83_\x00\x88\xaa\x10\x85a\x00\x81\xf1\x01\xa9-\x02\x86\xce\x15\x89-\x02\x89d\x00\x85\x11\x00\x83-\x02\x80\xf0\x15\xa8-\x02\x87\x87\b\x82\x1f\x01\x80\x9f\x00\x867\x04\x8a-\x15\x80\xdd\x00\x80\x1c\x00\x005\xab\\\x00\x86\x96\b\x85\x12\x18\x86i\x04\x8a0\x19\xaf\xda\x01\x86\xa3\b\x86Y\x00\x84\x8d\x04\x84X\x00\x82\xb1\b\x8cW\x00\x81\x88\b\x83i7\x86\x8b\b\x84\x0f\x00\x90m\x00\x87\x81!\x83$\x00\x84y\x04\x81:8\x80\x04\x00\x81\xb2 \x91\x82\x0f\x83,\x00\x8b\x1f%\x83\xcbW\x83\x1a\x00\x85\x1a\x12\x8a\xdb\x1d"
const compilerSourceData23Chunk0 = ".package main\n\nconst renvoLinux386SysReadSeq = 3\x94\"\x00\x04Write\x83#\x00\x004\x94#\x00\x03Open\x80\x1f\x00\x005\x94\x1f\x00\x04Close\x80 \x00\x006\x94 \x00\x05Fchmod\x80!\x00\x009\x95a\x00\x81\xa6\x00\x01At\x80\"\x00\x02180\x99\xa7\x00\x84$\x00\x061\n\nfunc\x83$\x00\x80\x1f\x00\tAsmPrepare\x81I\x00\x82*\x00\x06Buf(a *\x82\"\x00\x80\x1f\x00\x04) {\n\t\x85\r\x00\x0ePushTertiary(a)\x87\x19\x00\aCopyPrim\x80\x18\x00\nToCallWord1\x8a#\x00\x04PopSe\x80\xa2\x00\x00d\x84<\x00\x00}\x8f\x8b\x00\fMoveOffsetArg\x96\x85\x00\x0fEmit16(a, 0xc689\x89d\x00\x83\x83\x00\x02Imm\x82\x1f\x00\x88\x1a\x00\x8a5\x00\x007\x815\x00\x85\x80\x00\x06compile\x851\x01\x10(input []int, out\x81\x0e\x00\x80\f\x00\x00)\x81\x05\x00\x83\x87\x00\x03turn\x8d7\x00\x00A\x80i\x00\x00a\x83<\x00\x856\x00\x82\x81\x00\x94f\x00\x88/\x00\x8fk\x00\x01, \x80\x90\x01\x05naSize\x8cz\x00\x80\xcc\x00\tSetTarget(\x82\x0f\x00\x83\f\x00\x85W\x00\x80\xf1\x00\x05src :=\x83V\x01\x05MakeBy\x80\xa4\x02\fcratch(589824\x80%\x00\x04for i\x81'\x00\x010;\x80\b\x00\x04< len\x83\x8d\x00\x00)\x80\x10\x00\x01++\x81m\x00\x82I\x00\x84H\x00\x82e\x02\x01ll\x83#\x00\x04[i], \x80\x1d\x00\x80G\x00\x84$\x00\x01ap\x80\xe6\x02\x01d(\x80\r\x00\x05, '\\n'\x80\x1a\x00\n}\n\tvar prog\x83C\x00\x00P\x80\n\x00\x04ram\n\t\x82\x13\x00\x84X\x00\x04Parse\x84\x1a\x00\x81?\x00\x809\x00\x03if !\x81#\x00\x02.ok\x82\x86\x00\x84n\x01\x001\x86S\x00\x03meta\x84\xde\x00\x80\n\x00\x84\x15\x01\x04Build\x81\x10\x00\x05Into(&\x81A\x00\x02, &\x81+\x00\x84S\x00\x81\v\x00\x92S\x00\x82\x19\x00\x87o\x01\x86\xf1\x00\x04solve\x82\xa6\x01\x81\x18\x00\x89l\x01\x88\x9e\x01\x80]\x00\x81\x93\x00\x04resul\x84x\x03\x00C\x83\xe8\x01\x80A\x00\x80\x13\x00\x81\x9e\x00\x82\x1b\x00\x84W\x00\x02Try\x84 \x00\x05Scalar\x84\xfb\x00\x81\xa7\x03\x84\xa2\x01\x8f\xbb\x00\x83B\x00\x85\xbc\x00\x01da\x80\xfe\x00\x82\xdf\x01\x82\x16\x00\x81\x0f\x00\x80\x16\x00\x82'\x00\x80`\x00\x04Fixed\x83\xa6\x00\x01 =\x80\xdd\x01\x823\x00\x834\x00\x84\x82\x00\x84\x7f\x00\x00O\x82l\x02\x00D\x80\x19\x00\x00(\x81\x1e\x00\x00,\x84\x9f\x00\x82:\x00\x81\xd8\x01\x80\x19\x01\x01\tw\x81\r\x04\x00(\x85\xcb\x02\x83'\x00\x01-1\x81\x1e\x00\x84A\x01\x000\x82A\x01\x84\xde\x01\x80\xa3\x02\x04Err(\"\x82\x0f\x00\x00:\x84\xef\x02\aation fa\x80r\x00\x03d\\n\"\x82\x8f\x03\x84|\x01\x8a\xfe\x03\x80\xa0\x03\x82\xc2\x01\x80\xf6\x03\tvEnvSlices\x81\x8c\x03\x88\x03\x04\x04, bss\x80\x1d\x04\x83!\x03\x80\x15\x00\x89\f\x00\x02Len\x84\x0f\x00\x82*\x04\bloopLabel\x86\n\x03\x80A\x00\x02New\x82\x14\x00\x82\x95\x04\x02str\x80\xf4\x02\x9b$\x00\x04after\x80Z\x00\x9b&\x00\x03done\x9b\"\x00\x81\xa0\x00\x9e\x91\x00\x80\x14\x00\x00S\xa0\x94\x00\x80\x14\x00\x00A\xa2\x97\x00\x80\x14\x00\x00D\x9d\x9a\x00\x06\n\t// St\x80\f\a\n walking is\x80E\x01\x80\xd4\x02\viant; keep f\x81U\x02\x80\x16\x00\x803\x01\x01uc\x82\xd1\x01\x06runs to\x80,\x02\x06her and\x82I\x00\x04leave\x80h\x00\x02loc\x82\xf8\x01\x00s\x81\x1a\x00\b branch l\x81t\x00\x04s exp\x80\xdc\x01\x02it \x80\x0e\x00\x02ow.\x8b\x9f\x05\x03Text\x81\xa1\x05\v\"\\x8b\\x04\\x2\x80\x04\x00\x0589\\xe6\x80\b\x00\x013\\\x80\xef\x05\x81\x18\x00\x83I\x02\x896\x06\x05RegPCR\x81\xd6\x00\x02, 7\x85*\x02\x84\xd6\x02\x04AbsBs\x80(\a\x80\x98\x00\x8c\x10\x06\x88q\x00\x0131\x80]\x00\x009\x86Y\x00\x81V\x00\x02ark\x84*\x01\x01, \x86Q\x02\x98B\x00\x80\xa7\x00\x00c\x80F\x00\x010f\x80\xab\x00\x00d\x81J\x00\x01at\x81y\x01\x81[\x05\x04a.cod\x81.\x04\x89<\x00\x0132\x8d\xa4\x06\x02Add\x82\xa7\x00\x81\x18\x00\x00a\x81t\x03\x85\xc1\x01\x97v\x00\x81)\x01\x001\x81%\x01\x00e\x83)\x01\x0117\x83\xcc\x00\x01db\x96\xcc\x00\x88\xfb\x02\x98X\x00\x000\x80H\x00\x00c\x80P\x00\x00a\x80\xd2\x00\x000\x89L\x00\x01Jz\x86J\x00\x8a!\x03\x97L\x00\x0143\x8a@\x00\x01mp\x95\x8f\x00\xa6R\x00\x81\xea\x00\x005\x80h\x01\x0108\x84\x17\x02\x80\xf6\x00\x001\x80\xb2\x00\x0141\x99j\x00\x86\xc5\x01\x8aZ\x01\x97e\x00\x03d\\x7\x81[\x01\x81t\x02\x008\x9et\x02\x83\x92\x04\xc8t\x02\x897\x04\xa4\x01\x02\x005\x80\xf9\x01\x002\x94\xad\x01\x89\x11\x04\x9bZ\x01\xa0D\x02\x8b\xae\x04\xbcG\x02\x8d\xd4\x04\xb5J\x02\x8b\x95\x00\xa9X\x00\xb3P\x02\x89\xa1\x01\x93`\x01\x92,\x02\x006\x88\xb2\x06\x9e/\x02\x85\xb3\n\x010e\x81\xb3\n\x99W\x00\x003\xb1\xf7\x04\x81\xf9\x00\x81T\x05\x82\b\x00\x87:\x02\x92a\x00\x001\x9f\xe4\x02\x928\x00\x000\xb2\xf0\x00\x0208b\x9c\xb7\x00\x007\x80\xaf\x00\x8dF\b\x01Im\x80\xd6\r\x8c9\b\x00)\x80a\v\x00b\x80\x05\v\x8a\xc8\f\x81m\t\x82(\x00\x80e\x00\x04loadF\x81\x94\t\x81\x01\n\x80\xb2\x05\x83\xae\x05\x83\x88\f\x01 +\x89\xc1\x05\x86\x0e\x00\x81\x0e\t\x80:\x00\x83q\x01\x81'\x00\x88b\a\x80\xda\x00\x83\x15\x00\x82]\x00\x80\x9b\t\x80=\x00\x00.\x80\xe6\x04\x06ipSymbo\x80\x06\a\x81\x96\t\x80X\t\x815\x00\x00m\x80\xa2\v\x00(\x83\xa0\x00\x82*\x01\x89\x8c\x00\x81k\t\x81'\x00\x85[\x00\x82f\v\x03ElfH\x80\x8e\v\x01er\x81\xbe\x00\x80\x1e\x00\x804\x05\x88\xaf\x00\x8bA\x00\x85\x12\x02\x82\x19\x00\x01a.\x80\r\x00\x83\x16\x00\x81t\x06\x92\x03\f\x84\xe7\x00\x87\x04\f\x84\x80\x00\x84\xe1\v\x88o\x00\x80\x05\f\x85(\n\x93I\x00\x82\"\x01\x9cI\x00\x81$\x00\x88I\x00\x9b\xc6\n\x84:\n\x88\v\x01\x03Repl\x80\xf9\f\x04kTabl\x82\xa9\n\x80T\x00\x85L\x00\x84.\x00\x80\x15\x00\x869\f\x01se\x84(\x02\x80C\x01\x83\x8a\x01\x80\x8f\x0e\x82\xa9\b\x89E\f\x8e\x1d\x00\x84\xc3\x02\x99f\x01\x00&\x80[\x00\x80y\x00\x94\xd3\x01\x80\x1d\x00\b.shoff+28\x81z\x01\xd2\xd3\x01\x86e\x00\x94\xdd\r\x8e\xda\x01\x9b\xd9\x01\x803\x01\xa2\xd7\x01\x9b\xd6\x01\x80F\x00\x8e\xed\x00\x04Until\x83+\x00\x82\xb4\x00\x04ymtab\x80\xd1\x00\x94\xb8\x00\x87$\x00\x9av\x00\x87'\x00\xa7z\x00\x01tr\x9fz\x00\x82$\x00\x9fz\x00\x82'\x00\xa7z\x00\x00h\x801\x00\x9cy\x00\x81#\x00\xa2{\x00\x84)\x00\xa8}\x00\x83%\x02\x91\x86\x02\x84\xf3\x02\x83\x8d\x02\x00s\x834\x00\x81\xdc\x02\x80\xd6\x01\x835\x04\x9a\xa2\x03\xa6\xa1\x03\x825\x0e\x86\x9f\x03\x8d\xc3\x05\x87\x9b\x05\x95\x84\x12\x82)\x0f\x81I\x00\x8a>\x01\x01+2\x86\xa5\x02\x01ab\x83\\\x06\x00s\x81?\x01\x01 +\x80\xc1\x13\x82\xa1\x00\x83\x90\v\x80$\x0e\x83\xce\x0f\x00_\x80\xc7\f\ntime_Unsafe\x80:\x10\x0232A\x80\xb5\x05\x87?\x00\x03, i)\x82\x85\x05\x80[\x0e\xae:\x00\x01+1\x82<\x00\x80V\r\x00d\xb0=\x00\x002\x82=\x00\x00t\x83c\x01\x82\x94\x06\x81W\x03\x86\x94\x06\x80\x92\x00\x831\x05\x82_\x00\x80\x83\x01\x8dW\a\x834\x05\x84@\x00\x93\x9c\x06\x86G\x00\x830\x05\x81\xc6\x0f\x00u\x85\x8c\x00\x81\n\x04\x83\x84\f\x83C\x00\x00-\x84\x14\x00\x83=\x00\x04+at-3\x81\xa1\x00\x00}\x8c\xbe\x01\x92\xcf\x04\x84\x7f\a\x81\x06\b\x02try\x86\xb6\x0f\x00f\x85r\a\x82\x0e\x00\x87J\a\x85\x0f\x00\x87\x1c\x00\x82\xb3\x02\x83\xdc\x0f\x87\xca\a\x01ba\x809\x15\x81\xfb\x01\x80\x15\t\x8f\x1b\x03\x020x7\x87\xe5\x02\x89\x19\x00\x01'E\x81\x9e\x12\x90\x18\x00\x00L\x94\x18\x00\x00F\x93\x18\x00\x81\b\x11\xbb\x16\x00\x81P\x03\x8d\xff\x03\x008\x99\xef\x03\x811\x00\x91\xe1\x03\x803\t\x82 \x00\x003\x91\xd6\x03\x9a\x1d\x00\x80\x82\x0e\x8c\xa1\x00\x90\x1d\x00\x81i\x01\x00+\x85\xbb\x01\x99)\x00\x0152\x99\x1e\x00\x96x\x04\x85!\x00\x92\x1b\a\x85\xbf\x00\x93\\\x00\x86\xdd\x00\x9a\x1e\x00\x81\x1d\x00\x80*\x03\x83F\x02\x86\xae\x04\x96/\x00\x82\x1d\t\xb8\x1e\x00\x01} \x80\xe9\x10\x82\xa3\x02\x97(\x00\x004\x9bG\x00\x007\x9a\x1e\x00\x81\xe5\x15\x80w\x03\xb4\xcf\x01\x92g\x01\x89\xec\x01\xb9 \x00\x85\xd4\x03\xbd$\x00\x005\x9a\xc2\x00\x80\x9b\r\x000\x95I\t\x0232L\x80.\t\x85S\x16\x830\x01\x8a4\t\x82\xcf\x02\x88\x10\x00\x80\xa1\t\x84m\x04\x82o\f\x88\x97\x06"
const compilerSourceData24Chunk0 = "4package main\n\nfunc compileWindows386(input []int, out\x81\x0e\x00\x80\f\x00\x00)\x81\x05\x00\t {\n\treturn\x8f9\x00\x04Arena\x83>\x00\x858\x00\x05, 0)\n}\x95j\x00\x881\x00\x8fo\x00\x02, a\x81\x1f\x00\x03Size\x8c~\x00\fnvoSetTarget(\x82\x0f\x00\x83\f\x00\x87Y\x00\t)\n\tvar src\x80X\x00\x10byte\n\tfor i := 0;\x80\b\x00\x04< len\x83z\x00\x00)\x80\x10\x00\x01++\x81Z\x00\x00\t\x810\x00\x01= \x82R\x00\x06ReadAll\x83#\x00\x03[i],\x81M\x00\x80W\x00\x84$\x00\x06append(\x80\r\x00\x05, '\\n'\x80\x1a\x00\x00}\x83t\x00\x03prog\x83C\x00\x00P\x80\n\x00\x04ram\n\t\x82\x13\x00\x84X\x00\x04Parse\x84\x1a\x00\x81?\x00\x809\x00\x03if !\x81#\x00\x02.ok\x82\x86\x00\x84_\x01\x001\x86S\x00\x03meta\x83>\x00\x00M\x80\n\x00\x84\x02\x01\x04Build\x81\x10\x00\x05Into(&\x81A\x00\x02, &\x81+\x00\x84S\x00\x81\v\x00\x92S\x00\x82\x19\x00\x87\\\x01\x86\xf1\x00\x04solve\x82\x93\x01\x81\x18\x00\x89Y\x01\x88\x8b\x01\x84Z\x01\x05result\x83:\x00\x00C\x83\xd7\x01\x80A\x00\x80\x13\x00\x81\x9e\x00\x82\x1b\x00\x84W\x00\x02Try\x84 \x00\x05Scalar\x84\xfb\x00\x80\xa4\x01\x06Scratch\x90\xbb\x00\x83B\x00\x85\xbc\x00\x01da\x80\xfe\x00\x80\xb8\x01\x84\x16\x00\x81\x0f\x00\x80\x16\x00\x82'\x00\x80`\x00\x04Fixed\x83\xa6\x00\x01 =\x80\xdd\x01\x823\x00\x834\x00\x84\x82\x00\x84\x7f\x00\x00O\x82Y\x02\x00D\x80\x19\x00\x00(\x81\x1e\x00\x00,\x84\x9f\x00\x82:\x00\x81\xd8\x01\x80\x19\x01\x06\twrite(\x85\xba\x02\x83'\x00\x01-1\x81\x1e\x00\x84A\x01\x000\x82A\x01\x84\xde\x01\x80\x90\x02\x04Err(\"\x82\x0f\x00\x00:\x84\xde\x02\aation fa\x80r\x00\x03d\\n\"\x80<\x00\x86|\x01\x85\a\x03\x820\x00\x02Asm\x82\xc2\x01\x84\xb4\x02\vArgvEnvSlice\x82\x84\x03\x02a *\x85(\x00\a, bssOff\x85\x15\x03\x05gsText\x8a\x11\x00\x02Len\x86\x10\x00\x806\x00\x89\f\x00\x87\x1b\x00\x00)\x81\x1c\x01\x03base\x81N\x01\x81\xff\x02\x04a.cod\x81\xd2\x01\x85j\x00\x03Emit\x81\\\x00\x00(\x80\xf8\x00\f\"\\xff\\x15\\x00\x8b\x04\x00\b89\\xc6\\xb\x80 \x00\x8d\x1c\x00\x01b8\x940\x00\b2\\x31\\xdb\x80\x10\x00\x80\x14\x00\x013e\x84 \x00\x80D\x00\x0484\\x7\x8ch\x00\x85$\x00\x002\x88$\x00\x000\x80H\x00\x91$\x00\x82\x18\x00\x81$\x00\x81D\x00\x80\x98\x00\x89$\x00\x004\x80\x10\x00\x00e\x80 \x00\x00d\x80 \x00\x81\xd0\x00\x85\x04\x00\x81\x94\x00\x0117\x83\x94\x00\x00c\x80\f\x00\x81\b\x00\x80\xb2\x01\x02x8a\x83D\x00\x013c\x8b\xa0\x00\x003\x81\x80\x00\x88X\x00\x81 \x00\x002\x80\xd4\x00\x86x\x00\x8d\x9c\x00\x003\x80h\x00\x81\x18\x00\x80X\x00\x85\x84\x00\x00e\x80\x10\x00\x8a\x84\x00\x81$\x00\x80t\x00\x86h\x00\x80 \x00\x001\x8c<\x01\x82h\x00\x88\x88\x00\x001\x81t\x00\x8c \x00\x86\x00\x01\x81\xa4\x00\x81\xc0\x00\x89\x88\x00\x81\x90\x01\x804\x00\x81\x84\x00\x004\x81\b\x00\x81\xe8\x00\x84\x90\x01\x89\x8c\x00\x81\xd0\x01\x81(\x00\x824\x01\x80\b\x00\x81 \x01\x004\x81\xe0\x01\x80@\x00\x81\xa8\x00\x00c\x80,\x01\x81\x9c\x00\x004\x80\f\x00\x8d\x1c\x01\x95t\x01\x008\x8cd\x00\x81T\x00\x00d\x80P\x00\x00a\x80D\x00\x8d$\x02\xb1l\x02\x99P\x02\x002\x8cd\x00\x81H\x00\x003\x88\xf0\x01\x824\x00\x81\xc8\x00\x8c8\x00\x8e\xcc\x00\x840\x01\x00f\x84\xa4\x00\x89\xcc\x00\x85 \x01\x81\xe4\x01\x00c\x80H\x00\x81\xf8\x00\x8d,\x01\x82|\x02\x80X\x00\xa5\b\x01\x00b\x80\xd0\x00\x8e\x04\x01\x80\x14\x00\x003\x94\x1c\x01\x00f\x80d\x01\x00b\x8c|\x02\x81\x04\x00\x00a\x80\x94\x00\x92L\x01\x007\x83\x94\x04\x83\xf1\x03\x01Ad\x81\x81\x04\nImportReloc\x81\xfa\x03\x81#\x04\x01+2\x84!\x05\x86\x1f\x00\x02Get\x80J\x05\bmandLineA\x8bE\x00\x02Abs\x8b?\x00\x009\x85\xb5\x04\x84G\x00\x80!\x00\x01Bs\x83$\x00\x9c:\x00\x0114\x8a\xe4\x04\xaf@\x00\x0151\x89\x14\x05\x9d@\x00\x94\xff\x00\x02157\x90\x01\x01\x80\xa2\x05\tironmentSt\x80\x00\x06\x01gs\x9d\b\x01\x0116\x80\xcf\x00\x83\x92\x05\xae\xca\x00\x0121\x80\x84\x00\x86\xc2\x05\xaf?\x00\x002\x80\xc4\x01\xb4\x85\x01\x02228\xa9E\x01\x8f@\x00\x0135\xb7\xf7\x00\x0140\x9c\xf7\x00\x8dI\a\x01Im\x80\xd3\n\x88\xc0\n\x88<\a\x00)\x84\x00\n\x81\xfb\x06\x81\x02\n\x84\xf4\x06\x80Y\x00\x03set+\x88\x05\a\x04)%4 !\x85@\b\x83\x14\x00\x87\xe7\t\x83\x10\x00\x82\xcc\n\x81\x00\b\x00t\x80\x9b\x02\x06Virtual\x82B\t\x8dO\a\x81 \x00\x02Raw\x85\x1c\x00\x83\x8c\x00\tlignValue(\x8c?\x00\x87h\x02\x00F\x805\b\x82(\x00\x80D\x00\x81}\b\x02RVA\x91@\x00\x8a\xc3\x00\x96M\x00\x02Sec\x81\x8b\b\x85P\x00\x00a\x829\t\x835\x00\x80\xd9\x00\x84_\x00\x83\xcd\t\x00i\x82\xe0\x02\x00s\x8c\xf0\x02\x02Lay\x80\n\t\x84\x91\t\x83N\x01\x02Has\x8b0\x03\x02s(a\x82V\b\x84\xd1\x01\x82.\x01\x86\"\x00\x80\x1d\x00\x80\xd7\t\x84]\x00\x83:\x01\x85I\x00\x00P\x81\xfa\t\x84\xb2\x01\x81&\x00\x87%\x00\x82\x99\x00\x97<\x01\x83h\x01\x81%\x00\x00)\x978\x01\x92\x9c\x01\x824\x00\x04 + a.\x80\x14\x03\x81\x1b\x00\x80\xda\x00\x01at\x85$\x00\x80\xd9\t\x80\xe8\x00\x84\x87\x00\t.kernelIAT\x81\x82\x01\x86\x16\x02\x85/\x00\x01= \x83\x1c\v\x86\xe9\x00\x82\x84\n\x02Cou\x80\xa0\f\x05+ 1) *\x86I\x00\x04thunk\x83m\x00\x84\xcc\v\x80S\x01\x86\x93\f\x81\f\x00\x85\xe3\x00\x82;\x01\x02PEH\x80w\f\ner32WithCon\x81\xde\x01\x81\xf0\x01\x82\x18\r\x80\x92\x03\x88\xfa\x01\x01, \x88g\x02\x83\r\x00\x8a\b\x02\x84\xe2\x01\x84\t\x00\x85'\x00\x8c\x1f\x01\x86z\x01\x00.\x83\b\x00\x821\x00\x8b\x13\x00\x8b'\x00\x89\x1a\x01\x80\x16\x00\x83\x12\x01\x80w\x01\x91^\r\x84\x10\x03\x87_\r\x83\xf0\x00\x84T\x03\x88\xd1\x00\x80_\r\x83\x1f\x02\x8e\x11\x01\x04Until\x83+\x00\x85s\x01\x83\"\x01\x82\xc2\x01\x82\xfd\x02\x84\xdb\x00\x96\x84\x00\x82\xf8\x01\x9b\x84\x00\x81#\x00\xc1\x84\x00\x00+\x88k\x01\x85\xca\f\x91\xa3\f\x01&&\x81\xf9\x00\x01.e\x80n\v\x82\xbb\x04\x82\x99\x00\x8a\xbe\x00\x01+2\x86\xc0\x00\x00a\x84 \x05\x00s\x81\xc5\x00\x04 += 3\x83\xe3\f\x01at\x81-\x00\x80\xd7\v\x83\x8d\x02\x01_r\x80\x7f\x02\time_Unsafe\x80\x15\x0e\x0232A\x81<\x02\x86@\x00\x80\xaf\x01\x0e)) & 2147483647\x81G\x00\x8e\xef\x00\x0132\x89\x9b\x01\x84f\x04\x00a\x86#\r\x960\x00\x8d\xae\x00\x01/3\x813\x00\x8fo\x01\x02'R'\x80\x05\x00\x00B\x81\x05\x00\x82\n\x00\x001\x81<\x0f\x85%\r\x88X\x00\x03Repl\x80j\b\x04kTabl\x82\x94\r\x80\x93\x00\x85E\x04\x82,\x00\x81\x9d\x04\x01}\n"
const compilerSourceData25Chunk0 = "3package main\n\nconst renvoLinuxAarch64SysReadSeq = 63\x98'\x00\x04Write\x84(\x00\x004\x98(\x00\x03Open\x80$\x00\x0156\x98$\x00\x04Close\x81%\x00\x007\x98%\x00\x05Fchmod\x81&\x00\x002\x9c\xbe\x00\x01At\x81\x95\x00\x99L\x00\x82\xbd\x00\x83'\x00\x068\n\nfunc\x83'\x00\x84\"\x00\tAsmPrepare\x81O\x00\x82-\x00\x06Buf(a *\x83&\x00\x06sm) {\n\t\x8c3\x00\x05MovReg\x80\x03\x00\x02(a,\x8aO\x00\x81\x16\x00\x01si\x8f\x14\x00\x02ax)\xabE\x00\x01dx\x8f\x14\x00\x00c\x80E\x00\x00}\x93\xc4\x00\x80L\x00\beOffsetAr\x80P\x00\xb8\xbe\x00\x0110\x93\xbe\x00\x85y\x00\x06compile\x89f\x01\x10(input []int, out\x81\x0e\x00\x80\f\x00\x00)\x81\x05\x00\x83\x80\x00\x03turn\x91;\x00\x00A\x80k\x00\x00a\x83@\x00\x85:\x00\x02, 0\x9an\x00\x883\x00\x8fs\x00\x01, \x80\xca\x01\x05naSize\x8c\x82\x00\x80\xd2\x00\tSetTarget(\x82\x0f\x00\x83\f\x00\x89[\x00\x82\xa4\x01\x82\xab\x00\x82!\x00\x00C\x83}\x00\x8a\xe6\x00\x87\xa6\x00\x86i\x00\x8c\x95\x01\x0fEmitProgramEntry\x80\x91\x01\x00s\x85C\x00\x00g\x84\x99\x01\x80u\x00\x05earGen\x80G\x00\x06ppIndex\x83\xaf\x00\x03bool\x81\xb0\x00\x80\x16\x00\v := &g.meta.\x81^\x00\x01s[\x85+\x00\x04]\n\tif\x819\x00\x14.resultType != 0 && !\x83\xdc\x00\x80\x13\x00\x05IsInt(\x83B\x00\x82h\x00\x88/\x00\x82\x17\x02\x85\xed\x00\afalse\n\t}\x80w\x00\x80\xac\x00\x80G\x02\x81{\x00\bg.asm.bss\x81\xe3\x00\x01\n\t\x8a\x0f\x00\x06 += 327\x80Q\x03\x00\t\x80m\x00\x03Data\xae5\x00\x02Len\xa44\x00\x800\x00\x85\xcd\x02\x04Build\x80P\x01\bvEnvSlice\x86Y\x01\x80)\x01\x807\x00\x81\x95\x01\x82\xc1\x00\x01, \x87\x98\x00\x82\f\x00\x83o\x00\x80\xe0\x01\x849\x01\x80\xf1\x03\x04amCou\x80\x1e\x02\x00=\x819\x01\x88\x0e\x01\x02tru\x83\r\x01\x8f+\x00\x02> 2\x938\x01\x02fir\x80\x7f\x04\x88\xb1\x01\x825\x00\x82\xb2\x01\x00.\x82\x1c\x00\x00P\x81\x10\x00\x83\xb8\x01\x89\xa1\x01\x05String\x82\xcb\x00\x86\xa9\x01\x820\x00\x03.typ\x94\xa4\x01\x92\xc2\x00\x001\x92\xc2\x00\x01se\x80\x18\x05\x00d\x9e\x98\x00\x01+1\xa3\x9a\x00\x83O\x00\x98\x9b\x00\x89\x80\x00\x8b\xa9\x04\x99\xbc\x01\x88\xae\x04\x01, \x80\xf9\x01\x81\x18\x02\x82\xcb\x03\x80\x15\x00\x89\f\x00\x843\x02\x82(\x03\x80\x7f\x00\bloopLabel\x81\xe0\x00\x85A\x00\x02New\x82\x14\x00\x01(a\x80\xec\x01\x05strlen\x9b$\x00\x04after\x80Z\x00\x9b&\x00\x03done\x9b\"\x00\x81\xa0\x00\x9e\x91\x00\x80\x14\x00\x80X\x01\x9e\x94\x00\x80\x14\x00\x00A\xa2\x97\x00\x81\xe5\x02\x9d\x9a\x00\x8e\xfe\x05\x03Load\x80\xd5\x05\x02Mem\x81\xff\x05\x0513, 31\x80t\x05\x02, 8\x8f\xa3\x06\x01Ad\x81+\x00\x01Im\x83+\x00\x80$\x00\x81+\x00\x90(\x00\x83R\x06\x02Abs\x95R\x06\x83\xd7\x01\x85\x1c\x00\x03bsBs\x80\xbf\a\x02loc\x95K\x00\x85s\x00\x81\x9a\x00\x86$\x00\x80\x1d\x00\x02ark\x84\xda\x00\x01, \x86\x01\x02\x8fE\x00\x02Cmp\x87\xe2\x06\x81E\x00\x0113\x8f%\x00\x01BC\x80\xce\x02\x86N\x00\x86\xe3\x01\x89r\x00\x8c\t\x01\x80\x03\x00\x04Shift\x82V\x00\x002\x83\x12\x01\x81^\x00\x90]\x00\x8cf\x01\x81-\x00\x80\x04\x00\x93f\x01\x02Sto\x81\x7f\b\x89-\x00\x91D\x01\x93=\x00\x8a0\x01\x8f\xb9\a\x98@\x01\x88\x1f\x03\x98\xf1\x00\x81*\x00\x009\x93\x95\x00\x91\xd5\b\x8b\xf8\x00\x809\x00\x80\x03\x00\x81&\x01\x95\xa4\x01\x84\xb9\x00\x81&\x00\x9d\xa2\x01\x8a\xab\x03\x98\xa6\x01\x98\f\x01\x91\x14\x00\x90\x9b\x00\x01Jm\x83Y\x02\x95&\x01\x8cI\x01\x8a\x99\x00\x9e\xdf\x01\xa1\x98\x00\x81\xef\x01\x008\x9f\x92\x03\xa1\xbc\t\x82\xa4\x02\x006\x9d\xdb\x03\x81#\x03\x81\x04\x00\x9b\f\x01\x8fr\x03\x8c\n\x01\x86E\x03\x90x\x04\x90C\x03\x81\x9b\x00\x81\x04\x00\x81\x84\x04\xa0}\x04\x82\x16\x01\xb0}\x04\x83H\x06\xcb}\x04\x89\xf0\x05\xa2\xfe\x03\x96\xc1\x03\x8a\b\x03\x82%\x04\x9d\t\x03\x89\xf7\x05\x92/\x00\xf4Q\x04\x8b\xdf\x06\xffT\x04\xa3K\x01\x8ak\a\xe6W\x04\x94,\x01\x8fR\x01\x8a\x9f\x00\xff]\x04\xb1]\x04\x97\xbb\x03\xb1\x85\x04\x92z\x03\x8f8\x01\x86\"\x03\x9c1\x04\x81\x85\x02\x86]\n\xa1$\x04\x8d]\x03\x81\xb2\x00\x86\xdb\a\xab\x9d\x04\x00d\x80*\x10\xad\x1a\t\x98u\x10\x91\xe5\b\x9ee\x10\x975\x00\x94\xb5\x00\x00c\x805\x00\xadR\x05\x94\x80\x00\x80\x86\x02\x001\x90\xee\x01\x9a4\x00\x818\x04\x804\x00\x8d_\f\x01Im\x80\xf1\x12\x90R\f\x00)\x80$\x10\x03byte\x87\a\x11\x80\xf1\x11\x03atch\x82A\v\x8a\x12\x00\x85\x81\x00\x81\xf7\x00\x80\x1c\x00\x00l\x80v\x04\x00F\x80\xff\x0f\x82\x88\x0e\x80]\v\x04a.cod\x84e\x11\x02 + \x80\xbb\x03\x00(\x83\x13\x00\x00)\x86\x0e\x00\x00d\x80r\x0e\x80:\x00\x83\xd3\x01\x81'\x00\x88\x94\v\x80#\x01\x83\x15\x00\x82]\x00\x81\xc5\r\x02.c.\x80]\b\bipSymbols\x82S\r\x80]\x10\x815\x00\x04make(\x83\xb9\x00\x82Z\x02\x89\x8c\x00\x80>\x00\x82'\x00\x85[\x00\x00p\x80v\x13\x04dElfH\x80\xc0\x12\x01er\x85\x03\x01\x80\"\x00\x80\x99\b\x88\xb3\x00\x8bE\x00\x85x\x02\x82\x19\x00\x00a\x85o\x0f\x83\xfe\x04\x05\tfor i\x81\x87\x00\x010;\x80\b\x00\x00<\x89\xeb\x00\x80\x11\x00\x01++\x82\xaa\x00\x84\x84\x00\x80J\x0e\x80\x7f\x00\x89o\x00\x02[i]\x81E\x00\x80\x0f\x0e\x94I\x00\x82&\x01\x9cI\x00\x81$\x00\x88I\x00\x80/\x01\x82\xed\x00\x04Fixed\x83\xb8\x11\x87\xb8\x0f\x8a\xb4\x11\x83\x0f\x01\x03Repl\x80d\x11\x05kTable\x84T\x00\x85L\x00\x84.\x00\x80\x15\x00\x82\xb4\x0e\x02var\x81\xd9\x0e\x84\xbc\x11\x01lf\x83\x8e\x01\x04Secti\x80T\x14\x84#\x02\x82\xbd\x0e\x8e\x1d\x00\x81\x9f\x02\x80\x9d\x01\x99f\x01\x00&\x80[\x00\x80y\x00\x834\x12\x01Ca\x80\x99\x15\x02ity\x81\x12\x01\x061048576\x82\x1b\x00\x91\xf2\x01\x8b2\x00\x83C\x00\xd3\xf3\x01\x80\xa2\x00\x03.sho\x82\x1e\x11\xa2\xfa\x01\x9b\xf9\x01\x81\x0e\x11\xa1\xf7\x01\x9b\xf6\x01\x80F\x00\x8e\xf1\x00\x04Until\x83+\x00\x82\xb4\x00\x04ymtab\x83\xd6\x11\x91r\x00\x87$\x00\x9av\x00\x87'\x00\xa7z\x00\x01tr\x9fz\x00\x82$\x00\x9fz\x00\x82'\x00\xa7z\x00\x00h\x801\x00\x9cy\x00\x81#\x00\xa2{\x00\x84)\x00\xa8}\x00\x83%\x02\x91\x8a\x02\x84\x13\x03\x83\x91\x02\x00s\x834\x00\x81\xfc\x02\x80\xd6\x01\x83U\x04\x9a\xc2\x03\xa6\xc1\x03\x87d\x12\x81\xbf\x03\x8d\x04\x06\x8e\xc6\x05\x8c\a\x17\x8a3\x01\x01+2\x86\x9a\x02\x01ab\x83\xbe\x06\x00s\x814\x01\x82\xa7\x14\x82\x96\x00\x00a\x82\x99\x03\x80o\x12\x83/\x16\x01_r\x80l\x13\time_Unsafe\x80\\\x15\x0232A\x80\xce\x05\x87?\x00\x03, i)\x82\x9e\x05\x83\xd9\x14\xab:\x00\x01+1\x82<\x00\x01ki\x83\xb1\x13\xac=\x00\x002\x82=\x00\x00t\x83X\x01\x82\xad\x06\x81L\x03\x86\xad\x06\x80\x92\x00\x83F\x05\x82_\x00\x80x\x01\x8d\xb9\a\x83I\x05\x84@\x00\x93\xb5\x06\x86G\x00\x82\x91\x05\x02nsn\x86\xde\x06\x01Ge\x85\x94\x00\x81\a\x04\x80\xaa\x01\x00t\x81\x8d\x00\x02reg\x83\xc9\x00\x80*\x00\x00&\x809\x12\x80\x13\x00\x02pcP\x81\x97\x1a\x80\x16\x00\x84,\x00\x86\xa1\x00\x803\x00\x80%\x00\x03-409\x80\x13\x05\x84\x88\x00\x85,\x00\x84\x96\x00\x87\x1f\x00\x00p\x80\x19\x00\x04Delta\x82J\x00\x88-\x00\x01- \x83b\x00\x03) >>\x80\x95\t\x81\xa8\x00\x03mmlo\x81'\x00\x874\x00\x80\x8c\x00\x83\x19\x00\x00h\x82\f\x02\x87\x19\x00\x804\x00\x002\x80\x1e\x00\x05524287\x82\xc1\x00\x80\xdc\x00\x01Pu\x8d\xdc\x00\x80\xd0\x02\x02x90\x83\x01\x00\x01|(\x82a\x00\x04<<29)\x82\f\x00\x06hi<<5)|\x80\xfc\x00\x83\x03\x01\x92B\x00\x01+4\x82D\x00\x001\x85D\x00\x84\xc3\x00\x00&\x80\xdf\x00\x055)<<10\x80L\x00\x80B\x00\xa1J\x00\x80B\t\b0xd503201\x81\x9c\x03\x96)\x00\x82\xa3\n\x89*\x00\x00}\x8c?\x03\x96T\x06\x84A\t\x81\xf5\t\x80\xce\x18\x86\x91\x15\x00f\x85\x1b\t\x82\x0e\x00\x87\xf3\b\x85\x0f\x00\x87\x1c\x00\x828\x04\x83\xb7\x15\x87\x8c\t\x01ba\x80\a\x1c\x81\x8b\x03\x803\v\x8f\xa0\x04\x020x7\x87j\x04\x89\x19\x00\x02'E'\x93\x18\x00\x00L\x94\x18\x00\x00F\x93\x18\x00\x002\x92\x16\x00\x81\x8c\n\xa5\x16\x00\x81\xd5\x04\x8d\x84\x05\x008\x99t\x05\x811\x00\x91f\x05\x0116\x83 \x00\x81\x88\v\x96\x1d\x00\x0118\x92\x1f\x00\x0132\x8d\xa3\x00\x88\x1d\x00\x0264U\x85 \x00\x81n\x01\x00+\x85\xc0\x01\x9c,\x00\x82\a\x1b\x99!\x00\x96\b\x06\x85!\x00\x81\xea\x00\x96\xca\x00\x93_\x00\x85\x1e\x00\x005\x81M\x0e\x96\x1e\x00\x81\xb6\x01\x80\xc5\x04\x83Q\x02\x86>\x06\x96/\x00\x82\xcd\n\xb8\x1e\x00\x02} e\x80\xda\x18\x9bd\x00\x82\xcf\x00\x97\x1f\x00\x007\x9a\x1e\x00\x81\xed\x00\x80\x86\x03\xac\xd8\x01\x85\x1d\x00\x005\x9c\xa8\x01\x92\x87\x01\x8c\x15\x02\xbf#\x00\x85\b\x04\xc3'\x00\x010x\x81\x16\x05\x94e\b\x0164\x81\n\x12\x84\\\x1d\x84B\x01\x8a\xd6\n\x82\xe7\x02\x88\x10\x00\x83y\x18\x84w\x00\x8a9\b"
const compilerSourceData26Chunk0 = "0package main\n\nconst renvoWinArm64Machine = 0xaa64\x91$\x00\x01Im\x80C\x00\x02Bas\x83&\x00\x02140\x83\x01\x00\r\n\nfunc compile\x80-\x00\x03dows\x821\x00\x10(input []int, out\x81\x0e\x00\x80\f\x00\x00)\x81\x05\x00\t {\n\treturn\x91;\x00\x00A\x80z\x00\x00a\x83@\x00\x85:\x00\x05, 0)\n}\x97n\x00\x883\x00\x8fs\x00\x02, a\x81\x1f\x00\x03Size\x8c\x82\x00\x80\xe1\x00\tSetTarget(\x82\x0f\x00\x83\f\x00\x89[\x00\x00)\x86\xab\x00\x82!\x00\x00C\x83}\x00\x04Aarch\x85\xe6\x00\x87\xa6\x00\x86i\x00\x87\xae\x00\x826\x00\x13EmitProgramEntryArgs\x8a.\x01\x02g *\x82)\x00\x00L\x80\x89\x01\x04arGen\x80L\x00\x06ppIndex\x83\xb4\x00\x03bool\x81\xb5\x00\x80\x16\x00\v := &g.meta.\x81c\x00\x01s[\x85+\x00\x04]\n\tif\x819\x00\f.resultType !\x80\xb2\x01\x04 && !\x83\xe1\x00\x80\x13\x00\x05IsInt(\x83B\x00\x82h\x00\x88/\x00\x00)\x81e\x00\x85\xf2\x00\afalse\n\t}\x86W\x00\x01pa\x80\xc2\x00\x02Cou\x80A\x01\x00=\x81W\x00\x88,\x00\x02tru\x95+\x00\x02> 2\x93V\x00\x02fir\x80i\x02\x88\xcf\x00\x825\x00\x82\xd0\x00\x00.\x82\x1c\x00\x00P\x81\x10\x00\x83\xd6\x00\x89\xbf\x00\nStringSlice\x86\xc7\x00\x820\x00\x03.typ\x94\xc2\x00\x80\xd9\x01\x03sOff\x81n\x00\bg.asm.bss\x81\xaa\x01\x01\n\t\x8a\x0f\x00\b += 32768\x832\x00\x03Text\xaf6\x00\x02Len\xa45\x00\x801\x00\x80\xd7\x00\xabb\x00\x801\x00\xaaa\x00\x829\x01\aAsmBuild\x86v\x02\x04gvEnv\x82C\x01\x84\x83\x02\x80\x84\x01\x80<\x00\x81\xc4\x02\x82)\x01\x83\t\x00\x84\x00\x01\x83\r\x00\x83v\x00\x01, \x83\xb2\x00\x82\b\x00\x83\x13\x00\x80$\x03\x92!\x02\x001\x92!\x02\x01se\x80a\x04\x00d\x9e\xf7\x01\x01+1\x80\xf9\x01\x89{\x03\x97\xfc\x01\x83R\x00\x82\xfd\x01\x8bx\x03\x9f\xf6\x00\x00a\x84y\x03\x80*\x00\x86\xfb\x00\x855\x04\x87\xff\x01\x86\x11\x00\x84y\x01\x82\x10\x00\x84\xb9\x01\x85\f\x00\x87\x1b\x00\x82\x82\x02\bskipLabel\x81\xe9\x00\x85c\x00\x02New\x82\x14\x00\x01(a\x803\x01\x04start\x9b#\x00\x03copy\x9b\"\x00\x04quote\x9ch\x00\x02etQ\x9f&\x00\x81k\x00\x03Char\x9b&\x00\x80\x04\x01\x02Don\x9cK\x00\x81)\x01\x9e&\x00\x84\x98\x02\x85a\x06\nCallImport(\x80\xd1\x01\x85\x1b\x00\x83\x12\x00\x02Get\x80w\x05\x03mand\x81\x1f\x05\x00A\x82\x92\x05\x81Q\x00\x83\x84\x05\x80X\x00\x05MovReg\x80\x03\x00\x81<\x00\x009\x81-\x06\b // sourc\x80s\x02\x92-\x00\x02Abs\x81-\x00\x0110\x88\xf1\x02\x83)\x00\tbsBssReloc\x95i\x00\x85<\x00\x001\x8c$\x03\xa5@\x00\x02Imm\x82@\x00\x002\x85\xaa\x00\x80F\x00\x02ume\x804\x03\x00c\x81:\x03\x87\xb2\x03\x03Mark\x841\x01\x80\xe5\x02\x85Q\x02\x8fW\x00\x03Load\x80X\x00\x01Me\x83X\x00\x003\x83\x05\x01\x80\n\x00\x8f+\x00\x02Cmp\x88\x82\x00\x80*\x00\x80Y\a\x8d$\x00\x01BC\x80N\x03\x86x\x00\x8a\xce\x01\x920\x00\x8eT\x00\x02' '\x9dV\x00\x87\xfd\x02\x92\xa7\x00\x01Ad\x81\xd1\x00\x84S\x00\x80\xcd\x00\x80\x03\x00\x90&\x00\x01Jm\x83\x12\x01\x93\x1f\x01\x8d@\x01\x86r\x00\xa0\xc2\x00\x009\x9d\xc0\x00\x86\x9a\x03Ͽ\x00\x94\xc0\x00\x86r\x00\x9c\x00\x03\x0114\x81\x9b\x02\x82X\x02\x803\x00\x02ied\x87_\x02\x82\x03\x01\x9c\x95\x02\x005\x82\x95\x02\x88>\x00\x05length\x9c6\x00\x007\x866\x00\x82\x91\x04\x81j\x00\x00t\x80{\x03\x82\xb4\x00\x01oo\x9c\t\x05\x97\xef\x00\x85;\x00\xef\xf3\x02\xad\xf2\x02\x00\"\x9e\xf2\x02\x87\xaa\x05\xa0S\x00\x82P\x01\xa0\x83\x02\x86\xb2\x05\xa3\xfa\x00\xa0\x99\x03\xaf\xfc\x00\x9e,\x03\x95S\x00\x90\xf2\x01\x86\xd0\x00\x8fT\x00\x04Store\x8b\xf3\x01\x81\x82\x05\x93\xf4\x01\xa3\x81\x03\x8a&\x00\x81M\x00\x82\x04\x00\x9d(\x00\x80\"\x03\x82\x04\x00\x9b\xd1\x03\x93\xc0\x02\x8c\xf3\x00\x87\x14\x02\xc1\x11\x02\x8a\xe9\a\x920\x00\x90\xb5\x03\xc0\xbc\x04\xa2\xeb\x00\x8a\x9d\x00\xa0\x9a\x00\xc2V\x05\x8c\x9a\x00\x94\x9b\x00\x89\xa0\x02\x9ex\x02\x003\x84'\x02\x93x\x02\x8d\xa5\x02\x81\x8c\x05\x80*\x00\x80\x03\x00\x008\x9f-\x00\x81U\x02\x81*\x00\x92-\x00\x8b\x84\x02\x81~\x00\x81\x04\x00\x006\xc5\xd5\x02\x80\x8c\b\x82\x04\x00\xe32\b\xd1 \a\x8av\x00\x9c\xbb\t\x80p\x00\x89\xd1\f\x9f\xb9\t\x8d\xab\x01\x80+\x01\x83p\x06\x80\xaa\x01\x83\x92\r\x9e\xe6\x06\x83#\f\x80K\a\x9e'\x00\x83\xe3\f\x9fh\v\x80\x14\x00\x9f%\x00\xa9f\v\x80\x1c\r\x03iron\x81,\b\x83\x84\x00\x00s\xa2m\v\x9fc\v\x852\x0e\xad\"\v\x81h\x03\x95Q\x04\x89u\x01\x9e \b\x86\xb0\x01\x9e\xe1\x02\x82\x95\v\x9c\xe1\x02\x89y\x01\x92/\x00\x8c/\x02\x81\xdf\x02\x96\x06\x04\x8b\xf2\x00\x8a`\x03\x90\xf2\x00\x87B\x02\x95V\x03\x88\a\n\x81x\x00\x003\xa1\x1c\x01\x81-\x00\xc8\x1d\x01\x8c\xc1\x02\x9f\x03\x04\x82\xcd\a\x81\x04\x00\x9b\x05\x04\x94\x01\x01\x8f'\x01\x8c\x81\x00\xa3M\b\xcd{\x05\x97\xd4\x00\x8a\xa9\x01\x84\xff\x04\x90\xa8\x01\xa5\xca\x05\x8d#\x01\x9d\x8b\a\x89\xbf\x02\x9f)\x05\x83u\x01\xb4(\x05\x80\xb1\x00\x88(\x05\x99j\x00\x89\x1c\x00\x81\x1d\x01\x01di\xb7\x9a\x0f\xae\xdf\x05\x8b\x12\x03\x8d\x8b\x00\x00s\x80\x8b\x00\x86\xc6\x00\x9a\x0f\x05\x8e\xc5\x00\x00x\x91N\x00\x9c\xbe\x00\x8d1\x00\x00c\x80E\x00\xadA\x05\x94\x90\x00\x80\xe0\x02\x80\x1b\x0e\xab4\x00\x81\x9d\x02\x804\x00\x8aX\x13\x91P\x06\x89I\x13\x00i\x82\x14\x00\x01ID\x86\x0e\x13\x9a!\x06\x006\x871\x00\x87\xe2\x00\x86\x98\x06\xa2\xb3\x01\x81D\x00\x81\x04\x00\x93\xa4\x01\x81\x7f\x17\x81&\x00\b0xd63f020\x83w\x11\x06blr x16\x97\xdb\x00\x00S\x80\xc6\x0e\x01ic\x9d\xe1\x00\x05, word\x83\xf5\x14\x87\xf0\x00\x06gisterW\x80\x1a\x00\x00s\x81\x9c\a\x86#\x00\x82+\x15\x8b\x1f\x00\x02> 8\x84)\x15\x89\x16\x00\x82\xbc\x15\x81%\x17\x03or i\x81C\x00\x010;\x80\b\x00\x00<\x8b<\x00\x80\x13\x00\x01++\x84=\x00\x8a\xf3\x00\x01Po\x81\xb8\x05\x81\xf5\x00\x81o\x02\x81v\x15\x00t\x80\b\x1a\x8f\x8f\x00\x01 -\x8bQ\x00\x80\xa6\x03\x80\x1a\x01\nRENVO's exp\x80\x1b\x18\x03sion\x81\xd2\x0f\bck uses a\x80k\x01\x02-by\x81\xe7\x0f\x03lot \x81\xa1\x00\x04every\x82V\x00\x01. \x84m\x15\x03 ARM\x80M\x1a\x81O\x00\x83<\x00\x85\x87\x10\x80A\x00\x02re \x81\x97\x1a\x80^\x10\x801\x01\x02o 8\x87N\x00\x00s\x80\xeb\t\x00o\x80\xb8\v\x80\x82\x1a\x03ruct\x80l\x00\x01te\x81l\x01\x02ary\x82K\x00\x04ABI c\x80\x9b\x01\x81D\x00\x03a wh\x80\x8c\x19\x80\xc1\x00\x00t\x80\xdc\x1a\x80\xf1\x05\x03 the\x80\xb4\x00\x00a\x808\x00\x03pend\x80\x12\x00\x00-\x89\xfc\x10\x80\x84\x00\x01po\x80q\x00\x02er.\x98#\x02\x0191\x80\xd9\x1a\x023e9\x83\x9a\x13\x03dd x\x80\x02\x03\x05sp, #0\x80F\x01\x05avedSP\x84}\x17\x88T\x01\x00*\x81\xae\x01\x80\x98\x00\x01oc\x803\x02\x80/\x01\x86\x8f\t\tlignValue(\x87<\x00\x00+\x81\x88\x03\x9d@\x06\x81i\f\x81\x04\x00\x00-\x87V\x00\x802\x00\x8d\x0e\x02\x87\x83\x00\x96\v\x02\x8c*\x03\x80#\x03\x80\xd1\x00\x01i*\x81/\x03\x81,\x03\x9d\xc3\x05\x800\x00\x81\x87\x00\x01i*\x84\x1d\a\x80L\x02\x9e\xee\b\x811\x00\x87\xef\x00\x88\x94\x03\x93\x89\n\x85N\x03\x9d\xda\x12\x81D\t\x9d\n\x04\x94~\x00\x81;\x02\tDD (immedi\x80\x9d\x12\x0e), unlike ORR-b\x80\xdb\x1c\x04d MOV\x804\x0e\x01an\x81\xf7\x01\x81\xf8\x02\x05 SP as\x80|\x1b\x06th oper\x80\x82\x16\x00s\x9e;\x02\x0113\x81\x10\x19\xa1\xda\x01\x87\xbc\x01\x80\x8d\x01\x9c\xfc\x00\x82v\b\x94\x86\x05\x02Tes\x80&\x05\x83^\x00\x89\xa5\x04\x80\xd9\x03\x83\xa0\x04\x80\xf5\x00\x9b\x8a\x05\x88\xdb\x10\x80,\x00\x99A\x05\x01ea\x81\xf8\x1d\a1f|(15<<\x80\xb7\x00\x00|\x809\x1d\x04g<<5)\x95\x9d\x00\x806\x01\x01sl\x80q\x01\x00C\x80\xb1\x03\x02teF\x80\xb1\x03\x03Flag\x80\xfa\x05\x87\xab\x00\x82\x99\x00\x01no\x80\xc5\x00\x04adWri\x9d\xab\x18\x01ac\x80\xbf\x19\x9fb\x18\x80R\x00\x83t\x00\x9c\xf9\x18\x82$\x00\xa5\xb0\x18\x95:\x01\x80\xa8\x03\b214748364\x8e\xee\x02\x89\xa1\x01\x82\xcb\x01\x002\x9dE\v\x8e\r\x01\xa0\xcf\x11\x80\x83\x00\b107374182\x83\xb7\x1e\x96&\n\x8cB\x01\x95)\n\x8e\x86\x00\x9e\xd9\x00\x90]\b\x8c\x1c\x10\x8bz\x00\xa2\xd7\x00\x010x\x85p \x95\xa9\x00\x8e\xd0\x00\x9bT\x00\x80\xee\f\x86o\v\x96\xcb\x00\x84\xfb\x1f\x9a\xa5\x01\x88`\x02\x9f\xca\x00\x80v\x00\x86S\x00\x96v\x00\x0151\x9e\x1c\x02\x8c\xb1\x02\xa2y\x00\x90U\x00\x8a(\x13\x8bS\x00\x97\x10\x02\x88\xf1\x00\xf5\xcb\x00\x005\x95\x9e\x00\x95\xc5\x00\x93J\x00\x80\xcb\x0e\x90s\r\x8a#\x00\x93\xec\x12\x8a#\x00\x81.\x19\x01x8\x9d&\x00\x81\x99\n\x94\x1f\x05\x81Z\x05\x86d\x03\x02Hel\x80f\x06\x91\r\"\x01is\x82!\x00\x82\a\"\x86\xc1\"\x00a\x84D\x1f\x80\xb7\x1f\x82V\n\x85%\x00\x81\x04\b\x80\x0f\x00\x04g.win\x82\x12\x00\x81e\x00\x00t\x80\xe0\x06\x81\x19\x00\x80\xa9\x00\x82S\x1f\x87\x1e\x00\x82.\x01\x80\x1a\x00\x80\xd9\a\x80@ \x8d4\x00\x00=\x84\xb9\x1f\x88\x1b\x00\x83(\x05\x94O\x05\x02} e\x80s!\x8a\x84\x00\x81\xe0\x00\x96\x83\x00\x81\x1d\x00\x8e\x82\x00\x892\x00\x8b\x81\x00\x86/\x00\x96\x80\x00\x02\n\tl\x85\xc8\x05\x8da\x00\x86\xb6\v\x85\xe4\x05\x88e\f\x01ad\x81\x9b\x06\x8eH\x01\x83L\x00\x84K\x00\x8a/\x01\x86M\x00\x8dL\x00\x82&\x00\x83M\x00\x80\x8d\x00\x82\xd3\x1d\x840\n\x00a\x87\xa9!\x86\v\x00\x84\xa5!\x01po\x85\x9e\"\x98%\x00\x83\xa7#\x9f(\x00\x01af\x80\xe4\n\x9b\xf6\x06\x80|\b\x03ndar\x84L\x01\x9d&\x00\x03Erro\x9cQ\x00\x00h\x80*\x00\x00l\x80\x06\n\x01ad\x9c\xb2 \x03sequ\x80\x91\v\x02ial\x9b(\x00\x80\x12\x01\x00i\x81\xf5\n\x01Fa\x80K\x01\x9c\xa8\x00\x01io\xa1&\x00\x80?\x01\x81\xaa\n\x9b%\x00\x00f\x80I\x00\x9b\"\x00\x00d\xa3t\x15\x83c\x05\x8b\xa7\x06\x86\x98\x01\x01, \x82Y\x02\x83\x99\n\x00P\x80\x99\x00\x03erve\x82\xbf\f\x00h\x82\x04\x04\x81\xd4\f\x81#\x03\x85\x89\n\x80]\x01\x01 i\x80:\r\x82\xbe\f\x03nal-\x80\"\r\x00v\x81F\x01\x80k\f\x86X\r\x00:\x82N\x00\x0fx3=fd, x4=buffer\x80\v\x00\x011=\x82\x86\x02\x80\n\x00\x042=off\x80\x8b\x19\x8f\xc6\n\x03Push\x93\x02\x10\x01Lr\x8f\xdf\x04\x97.\x00\x80\xb9\x11\xaa/\x00\x91\x0f\x11\x99^\x00\x00x\xaa/\x00\x00c\x90/\x00\x920\f\x004\x84\xde\f\x8c\xff\x03\x8c;\x00\x8a\x0e\x15\x84\xb5\x18\x9b\xe2\x06\x8ah\x03\x83P\x06\x9dU\x00\x816\a\xa3U\x00\x87\x97\x03\x83Z\x00\x88|\x05\x9cd\x00\x91\x88\x00\x9e\xb9\x00\xa5\xfa\r\x85L\x01\x98q\b\x8d.\x04\x95\xd4\a\x8a\x86\x00\x88\x91\x04\x00H\x82@\x00\x81\x81\x03\x80\xf4\n\x8e\xb6\x01\x8c&\x00\x81%\x00\x001\x91\xbf\x00\x8a\xa5\a\x80\xb2\b\x8b8\x00\x9b\xb4\x0e\x8b\xf4\x05\x80=\x19\x01St\x8c8\x00\x96'\x01\x84R\x0f\xd0'\x01\x87\x11\x02\x9c\x92\b\x80\x83\x00\x00-\x87\x9f\t\xe3\xe2\x00\x8c\xb4\x00\x90\xdc\x00\x80\xbe\x04\x02Neg\x80\xeb\x10\x80\f\x05\x83\xa8\x04\x00s\x81r\x12\x82\xfe\x04\x05advanc\x83$\x05\x02cur\x80S\x00\x80z\x12\x81\xfe\x11\x85(\x06\x06. Non-n\x84@\x00\x82M\x00\x85D\x00\x82p\x12\x84'\x00\x03al: \x81\xd5\x12\x87q\x05\x82\x88\x00\x80\xed\x12\x85\"\x00\x80/\x00\x80.\x05\x00d\x82\x1d\x00\x02I/O\x8f+\x05\x92A\x04\x93z\x14\x91x\x03\x9bw\x03\x8b\x1e\a\x83|\x15\x82\xcd\x00\x00S\x80\xd2\x10\x8a\xfe\x00\x86\xf9\x00\x9c\xa1\x00\x9bo\x02\x8em\r\x9f8\v\x9d#\x00\x89\xf5\x18\xa1[\x02\x80\x84-\x81/\t\x00P\x83\x9c\x13\x9c]\x00\x81E\x01\x01xf\x84\x01\x00\x95q\x01\x875\x11\x9e\x9d\"\x90g\b\x9f\xd4\x1c\x80\x85\x00\x83\xb1\t\xb0\x14\x19\x83\x80\x13\x85\x13\x19\x81\xd9\x01\x03eek \x80\x06\x15\x81\xdc\x01\x00r\x81\xff\x01\x80\x8d\x15\x00d\x84\xbc\x02\xbb\xdc\x01\x8c\xfa\x13\x99\xa9\x02\xb0\xe4\x01\x86#\x00\xff\xe4\x01\x9c\xe4\x01\x8a\x1f\n\x82\xb9\x00\x8c\xba\x00\x81l\f\x00K\x80Y\t\x01el\x86\x8c\r\x81\xcd\x00\x89\x9c\x14\x81M\"\x83\xca\v\x9c\xe6\x03\x93\xa5\x14\x9d\x91\x00\x9do\x02\x85}\x00\xaf\xce\x1a\x83`\x1c\x93\xf6\x01\x89l\x06\x89\x1e\v\x95\xb4\x05\x8a\xb8\x00\x9f\xc5\x01\x00-\x87\x0f\x12\x8cI\x00\x92m\x00\x94\x1f\x1a\x80\xbb\x00\x86\xf9\f\xb0p\x03\x9a}\x1f\xaf*\x05\xb1\x02\x04\x8e\x88\x03\x9cN\x1c\xfd\x87\x03\x87\xe4\x00\xaay\x01\x8eM\x01\xa2x\x02\x86O\r\x96\xda#\x90\xa3\x05\xa1\xdf\b\xbdw\x00\x8c\x8b\a\x8dg\x01\xed4\x04\x86\x99\x0e\xdc0\x04\xb0\xb8\x01\x93@\x01\x86\xb1\x00\xaa\xad\x01\x8cE\x00\x8ff\x00\x9bT\x19\x91\xb6\x15\x87\f\x1d\x8c\x1f\x0e\x88\xda\x0e\x02smR\x80\x046\x96\x8e,\x87\xba\x0f\x82\"\x00\x82\x9c\x0f\x82\xc2\x0f\x97\xd6\x13\x92\x1c\x02\x97D\x1e\x86(\x12\x94\xa9\x19\xbe\xf8\a\x003\x80O\x04\x9e,\x00\x81\x16\x15\x81e\"\x84\x1c\x1c\x99e\x02\x80{\x04\xa9e\x02\x8d\xc7\x15\x9c\xb7\x04\x87\x13\x1c\x8d\xd13\x04Patch\x8a=7\x8aV\x01\x02lay\x80\x8e7\x8c\xf7\x04\x00L\x82\x15\x00\x82W\x01\x8aA\x1d\x01+2\x80C\x1d\x80\xe1.\x04(a.ab\x83\xba\x00\x01s)\x81Y\x1d\x81n5\x82K\x0e\x00a\x82\xa06\x80\x94\x01\x83 8\x01_r\x80\xf2\x00\time_Unsafe\x80H7\x0232A\x80\xb1\x00\x87?\x00\x81q\x1f\x81]\x0f\x80\xc0\t\xaf:\x00\x01+1\x82<\x00\x00k\x80\xde\x00\xb0=\x00\x002\x82=\x00\x80\xe4/\x80\xc38\x83\"\x14\x03data\x80\xa0\x01\x80I\n\x01 +\x81R\n\x83\x95\x15\x82_\x00\x80\x9f5\x85\xb5\x01\x8bk!\x83\xa3\x15\x84F\x00\x8d\xdc\x14\x06IATRVA(\x83e\x01\x80\xf88\x82\xda\x04\x85x\x10\x90[\x00\x85\x10\x02\x91U\x00\x81\xe2\x04\x00s\x81C\a\x80\x9f\x00\x80z\x03\x86\xa2\x00\x81\x06\x16\x02ins\x87D\x1f\x80{\x0e\x84\xef\x00\x03code\x80\x8d\x03\x00t\x83\xbe\x10\x00g\x83$\x01\x80*\x00\x00&\x80\xb6\x02\x80\x13\x00\x01pc\x83\xf7\x00\x81'\x00\x86\xf7\x00\x00a\x80s!\x04\tdelt\x82/\x17\x00(\x84\x84\x00\x01>>\x80\xce&\x00)\x80\xfe \x00(\x805\x00\x83\r\x00\x82\xd4\x15\x00m\x81%\x00\x83.\x00\x00&\x81\xea:\x82\x83\n\x85,\x11\x01Pu\x8d\x89\x00\x82\xf6\x1d\x84\x9d\x1a\x01|(\x81^\x1e\x06&3)<<29\x80\x18\x1d\x82\x0f\x00\a>>2)&0x7\x82\xca\n\x81'\x1d\x00|\x80\xb8\x00\x86}\x11\x8fQ\x00\x00+\x81\x1b\x03\x83I\x1e\x83S\x00\x83\xb0\x00\x80C\x00\x83A\x00\x80\x05\x1e\x86r\x1d\x9dK\x00\x80\x1d\x04\x80\xf2\"\x035032\x80\xb1\x1d\x99)\x00\x82\xd8'\x89*\x00\x00}\x8ev\x03\x82\x01<\x95v\x03\x00)\x80u;\x82\xc2!\x86\xb7\x04\x84\xa7\x03\x83R\x15\x80r\x03\x84n\x00\x83\x95\x01\x00+\x83r\x03\x81\x11\x00\x03))%8\x83\xa2:\x82m\x03\x82\x14\x00\x80 \x02\x80\n8\x80\xc0!\x86\xa3\x00\x84}\x12\x00t\x80i5\x06Virtual\x82\xed\x16\x80\xaa\x01\x88J\x00\x83 \x00\x02Raw\x85\x1c\x00\x83\x8a\x00\x87\x80!\x8c?\x00\x87\x1b\t\x81\x12\t\x82(\x00\x80D\x00\x812\x03\x80\xe2\x02\x91@\x00\x8a\xc3\x00\x96M\x00\x02Sec\x81\xac\b\x85P\x00\x8a\x84\x03\x80Z\x02\x83_\x00\x03\n\tva\x80\x87\x04\x82S\x03\x00s\x92\xac\x04\x84'$\x83L\x01\x01Ha\x8c\xa4\x03\x80\x81\x05\x85\xe7:\x81\"\x00\x82.\x01\x86\"\x00\x82\x9e\x05\x00&\x84]\x00\x89\xb7\x13\x92<\x05\x85k\x05\x81*\x00\x82\x9e\x00\x97A\x01\x83m\x01\x81%\x00\x80=!\x95=\x01\x92\xa1\x01\x824\x00\x81\x8c\x03\x87\xb4\x18\x80\x84!\x85$\x00\x84\xc1\x13\x83\x87\x00\x01.k\x828\a\x83i\x04\x87\x1b\x02\x85/\x00\x80\xc2\x03\x8b/\x01\x03Fixe\x84\xcb$\x00+\x80w\x10\x80\x89#\x85I\x00\x04thunk\x83m\x00\x80\x03\x01\x81q\x01\x81\x19\x06\x83\xaa\x02\x01\n\t\x81\f\x00\x85\xe3\x00\x82@\x01\x02PEH\x80\xac\a\aer64With\x80{\t\x81\xe3\x01\x81\xf5\x01\x82\xdf=\x00,\x80\x88$\x86^\x02\x83\r\x00\x8a\xff\x01\x84\xd9\x01\x84\t\x00\x85'\x00\x8c\x11\x01\x86l\x01\x00.\x83\b\x00\x821\x00\x8b\x13\x00\x8b'\x00\x89\f\x01\x80\x16\x00\x83\x04\x01\x83)\x13\x85f%\x80\xb0\x12\x82i%\x82;\x10\x00i\x80\xb0\v\x82H\x10\x00m\x80\xaa\x02\x80\xa3\b\aPE subsy\x80R\x10\x00m\x81U%\x01tr\x80\x1c%\x00;\x85\xf9\"\x80)\x00\x832\x18\x0286 \x83g\x04\x80G\x06\x80\x15\x00\x80.\x13\x01is\x80\xed\x1d\x80\xbd\x01\x03gacy\x86k\x00\x044.x l\x80/\b\x80\x9f\x18\x80\xaf\x10\x85E\x13\x80\xa3\x10\x80 \x01\x05[0xc0]\x80R\x01\x006\x86\x0f\x00\x002\x81\x0f\x00\x80\x97\x05\x84\x0f\x00\x004\x8b\x0f\x00\x008\x8b-\x00\x00a\x8a\x1e\x00\x009\x82\x0f\x00\x003\x86\x0f\x00\x006\x81\x0f\x00\x030x22\x85\x12\x00\x01de\x83\x12\x00\x80\x83@\x85\x12\x00\x00f\x83\x12\x00\x008\x80E\x00\x8d%%\x88&\x04\x87&%\x83\x01\x02\x84j\x04\x82\xe2\x01\x83#\x00\x02[i]\x835\x03\x8e\"\x02\x00U\x80\x84\a\x00l\x83+\x00\x85\x84\x02\x833\x02\x82\xd3\x02\x82\x13\x04\x84\xfa\x01\x84\xf6\x04\x8f\x84\x00\x82\t\x03\x9b\x84\x00\x81#\x00\xc1\x84\x00\x00+\x88\x8a\x02\x80M\x00\x85O\x04\x820\x03\x83\xe7@\x83\xc4?\x80\x1b@\x80\xf9\x00\x01.e\x80\xb3\n\x82\xe5\x05\x89\xb4=\x88y\x00\x03Repl\x80\x91\x1e\x05kTable\x84\xac\x00\x85]\x04\x82,\x00\x81\xb5\x04\x01}\n"
const compilerSourceData27Chunk0 = "1package main\n\nconst renvoLinuxArmCodeOffset = 0x74\x92&\x00\tSysReadSeq\x80&\x00\x003\x94\"\x00\x04Write\x83#\x00\x004\x94#\x00\x03Open\x80\x1f\x00\x005\x94\x1f\x00\x04Close\x80 \x00\x006\x94 \x00\x05Fchmod\x80!\x00\x009\x95a\x00\x81\xa6\x00\x00A\x81\xcb\x00\x02180\x99\xa7\x00\x84$\x00\x061\n\nfunc\x83$\x00\x80\x1f\x00\tAsmPrepare\x81I\x00\x82*\x00\x06Buf(a *\x83\"\x00\x06sm) {\n\t\x88/\x00\x05MovReg\x80\x03\x00\x02(a,\x86G\x00\x81\x12\x00\x01si\x8b\x10\x00\x02ax)\xa39\x00\x01dx\x8b\x10\x00\x00c\x809\x00\x00}\x8f\xa8\x00\x80@\x00\x84\xb9\x01\x01Ar\x80D\x00\xb0\xa2\x00\x0110\x8f\xa2\x00\x85i\x00\x06compile\x857\x01\x10(input []int, out\x81\x0e\x00\x80\f\x00\x00)\x81\x05\x00\x83p\x00\x03turn\x8d7\x00\x00A\x80_\x00\x00a\x83<\x00\x856\x00\x02, 0\x96f\x00\x88/\x00\x8fk\x00\x01, \x80\x96\x01\x05naSize\x8cz\x00\x80\xc2\x00\tSetTarget(\x82\x0f\x00\x83\f\x00\x85W\x00\x80x\x01\x05src :=\x83\xee\x00\x05MakeBy\x80\xaa\x02\fcratch(589824\x80%\x00\x04for i\x81'\x00\x010;\x80\b\x00\x04< len\x83\x8d\x00\x00)\x80\x10\x00\x01++\x81m\x00\x82I\x00\x84H\x00\x82k\x02\x01ll\x83#\x00\x04[i], \x80\x1d\x00\x80G\x00\x84$\x00\x01ap\x80\xec\x02\x01d(\x80\r\x00\x05, '\\n'\x80\x1a\x00\n}\n\tvar prog\x83C\x00\x00P\x80\n\x00\x04ram\n\t\x82\x13\x00\x84X\x00\x04Parse\x84\x1a\x00\x81?\x00\x809\x00\x03if !\x81#\x00\x02.ok\x82\x86\x00\x84n\x01\x001\x86S\x00\x03meta\x84\xde\x00\x80\n\x00\x84\x15\x01\x04Build\x81\x10\x00\x05Into(&\x81A\x00\x02, &\x81+\x00\x84S\x00\x81\v\x00\x92S\x00\x82\x19\x00\x87o\x01\x86\xf1\x00\x04solve\x82\xa6\x01\x81\x18\x00\x89l\x01\x88\x9e\x01\x80]\x00\x81\x93\x00\x04resul\x84~\x03\x00C\x83\xe8\x01\x80A\x00\x80\x13\x00\x81\x9e\x00\x82\x1b\x00\x84W\x00\x02Try\x84 \x00\x05Scalar\x84\xfb\x00\x81\xad\x03\x84\xa2\x01\x8f\xbb\x00\x83B\x00\x85\xbc\x00\x01da\x80\xfe\x00\x82\xdf\x01\x82\x16\x00\x81\x0f\x00\x80\x16\x00\x82'\x00\x80`\x00\x04Fixed\x83\xa6\x00\x01 =\x80\xdd\x01\x823\x00\x834\x00\x84\x82\x00\x84\x7f\x00\x00O\x82l\x02\x00D\x80\x19\x00\x00(\x81\x1e\x00\x84\x1d\x03\x83:\x00\x81\xd8\x01\x80\x19\x01\x01\tw\x81\x13\x04\x00(\x85\xcb\x02\x83'\x00\x01-1\x81\x1e\x00\x84A\x01\x000\x82A\x01\x84\xde\x01\x80\xa3\x02\x04Err(\"\x82\x0f\x00\x00:\x84\xef\x02\aation fa\x80r\x00\x03d\\n\"\x82\x16\x04\x84|\x01\x8a\xe7\x03\x97\x18\x01\x01(p\x84\xee\x03\x84\x13\x00\x00,\x83\x00\x02\x83\x14\x00\x81\xf1\x01\x00)\x90w\x01\x88\xa6\x03\xa4w\x01\x00p\x83X\x00\x8c~\x04\xa08\x00\xb4\x9e\x00\x00g\x86\xa3\x03\x04Begin\x8f\xf6\x00\x85\x90\x00\x81\xdb\x01\x80/\x03\t= nil || !\x825\x00\x03Emit\x80\x90\x03\x06QueuedF\x80\xb0\x00\x81h\x01\x00s\x85\x95\x00\x00g\x82\x17\x05\x8a\x02\x01\x8a\x81\x00\x00{\x80\xb6\x01\x82\xb9\x01\x87 \x00\x05Finish\x8e\x87\x00\x00g\xa6\x11\x01\x05Cached\xff\x10\x01\x89\x10\x01\x84\x94\x00\xcc\x0f\x01\x87\x0e\x01\x94\xab\x00\x9e\x03\x01\x83\f\x00\x80\xb3\x05\x03earG\x80%\b\x80\x9e\x00\x80B\x05\x04Index\x81\a\x01\x00-\x80\x99\x04\x91\xa0\x05\x82\xaa\x04\x81~\x00\x00s\x88\xa5\x05\x85\xfa\x03\x81\xe6\x05\tsEqualText\x83,\x00\x82G\x05\x82\x95\x05\x87;\x00\x80\xbd\x05\b.nameStar\x80\xd6\x03\x8f\x19\x00\x05End, \"\x80\x90\x00\x00M\x80G\t\x00\"\x83;\x01\x87\x9f\x00\x02= i\x83\x1e\x04\x80\x03\x00\x80{\x00\x86\x18\x00\x00<\x84l\x04\x84E\x01\x80\x9d\x01\x82#\x00\x82\xd7\x01\x02new\x83?\x05\x86\xf2\x00\x80\xc7\x01\x01g.\x819\x06\x82\x7f\x00\x00c\x81\x0e\x00\x84\x16\x06\x00p\x81\f\x00\x821\x01\x83\x1d\x00\x81\x0f\x00\x89\x9d\x05\x8b\xae\x05\x808\x01\x81a\x00\x00&\x80$\x00\x00s\x80Z\x06\x85\x16\b\vInitWithCont\x81\r\x01\x80\xb8\x04\x80o\x00\x80u\x00\x80l\x00\x89\x03\n\x94\x1d\n\x84v\x05\x8cO\x05\x00!\x85O\x05\x00g\x820\x01\x05Labels\x81\x92\x00\x80c\a\x00(\x84\xc2\a\x80e\b\x8c\xa9\x01\x83\n\a\xa6\xce\x01\x00l\x81V\x00\x86\v\x03\x80\xcb\x00\x02New\x82j\x00\x00(\x81\xfb\x02\x8d{\x00\x84w\a\x89\x16\x00\x80\x81\x00\x81\b\x00\x83w\x00\x82E\x00\x81\r\x01\x81\x12\x03\x82\x1c\x03\x00(\x80[\x06\x8f\xa2\x00\x88\x9d\x01\x03Mark\x81.\x00\x81)\x00\x85\xdd\x01\x85\x87\x06\x91`\x06\x01&&\x84\xc4\x01\x01.e\x80\x83\x03\x01Im\x81\x80\v\x83\b\x02\x86\x94\t\x81\x9c\x03\x81\x83\x01\b0xe92d480\x80\x15\t\x8a!\x00\x95\xb5\t\x00F\x80\xf5\x03\x88\x0f\x00\x01Sp\x8c8\x00\x02Add\x80\x17\x00\x02Imm\x8c8\x00\x00S\x8d8\x00\x81\xb7\x06\x006\x8c=\x00\x02Sto\x81\xf9\n\x02gMe\x82?\x00\x8b\x1f\n\x813\x00\x80\x12\x00\x81)\t\x984\x00\x001\x8e4\x00\x004\x9e4\x00\x002\x8e4\x00\x008\x9e4\x00\x003\x8e4\x00\x001\x80G\x00\x815\x00\x85\xe4\x01\x81c\x01\bPersisten\x80$\v\x80\x1f\x03\x81\xb2\t\x00y\x81\xb1\x04\x82\xfe\b\x88\xe2\x01\x81\x10\x02\x06Globals\x8c\x1a\x05\x85\xb5\x03\x80C\x00\x03ryOK\x81\x87\x02\x00f\x80&\x00\x80f\x03\xae\xff\x01\x85C\x00\x84\xc9\x02\x81\xa0\x00\x82\x1d\x00\x00E\x81\x18\x00\x80\xc4\v\x00s\x82N\x05\x8ac\x02\x01} \x80\xbf\x02\x96>\x00\x84M\x05\x99@\x00\x83\xea\x00\x85<\x00\x90\xd8\x00\x85T\x03\x03Call\x84U\x03\x81\x19\x04\x87=\x03\x00[\x85O\x00\x00]\x897\x01\x88\x7f\x00\tPanicCheck\x94;\x01\xb4(\x03\x06smLeave\x83\xe5\x03\x85\x13\x00\x00R\x80\xe2\v\x81\x11\x00\x88\x19\x01\x86\xc2\x00\x02opy\x80r\t\x05maryTo\x81\xcf\x00\x04Word0\x8b?\x00\x84 \x00\x84\x1f\x03\x84\xb7\t\x83\x1b\x00\x80\x19\x0e\x80\xb5\x06\x83T\x04\x87\xf9\x06\x00g\x8b\xeb\a\x94\xb4\x01\x8d\xbd\x06\x87\x84\x01\x83\xaa\f\x03bool\x84\xd1\x06\x84\x9b\x05\x88c\x06\x86`\x01\x85=\x06\x00.\x83\xc7\n\x03Type\x83a\x05\x80(\x01\x83v\x01\x81\x13\x00\x01Is\x80\xce\v\x80\xdf\x04\x81B\x00\x82h\x00\x88/\x00\x8a\x7f\x01\x84\xa7\x02\x86\xe4\x01\x82F\x03\x02Loa\x81 \x04\x81E\x03\x83!\x06\x98\xe6\x03\x9b7\x00\x96\xe9\x03\x9b7\x00\x96\xec\x03\x9b7\x00\x97\xef\x03\x844\x01\x80\xb3\x0f\x00a\x80\x03\x02\x00u\x80\x14\x0e\x86\xe4\v\x84\t\x01\x02tru\x83\b\x01\x8f+\x00\x02> 2\x870\t\x83^\x01\x01St\x80\xb6\v\x04gSlic\x80\x19\x06\x84f\x01\x84\xb0\x01\x829\x00\x82\xb1\x01\x05.first\x80\xa9\r\x06am].typ\x94y\x01\x03// N\x80\xee\v\x02ve \x82\x82\x03\b ABI: R0=\x80\x04\x03\x00s\x81g\f\x03, R1\x82\r\x00\x00L\x814\x02\x02R2=\x80\x87\x00\x82\x18\x00\x82;\x00\x01R3\x81\x10\x00\x80\x1b\x00\x02. R\x81\xa0\x00\x01 s\x81\x95\x00\x01 w\x80\xd7\x02\x02s u\x80\xfe\x02\vR3/R4/R1 and\x80>\x00\x06/R5/R6.\x94\x13\x01\x002\x85\x1a\t\xb9\xed\x00\x01+1\x88\xef\x00\x8c\xf0\x00\x82\x1f\r\x92\xc2\x06\x85\xc5\x01\x88\xc2\x01\x00R\x80\xf6\x01\x003\x96\xf3\x06\x911\x00\x009\x831\x00\x8b\xcf\x02\x9b3\x00\x00d\x80\x82\x11\x81X\a\xa61\x00\x81\xb3\x11\x81\x15\x04\x899\x02\x8a\x00\x04\x95\x03\v\x8d\x01\x04\x97\x80\r\x80\x16\x00\x05NonNil\x82\x87\x06\x8a\xaa\t\x87\xc6\x0e\x84\xb2\t\x81i\x04\x81_\x00\x81\x93\x04\xa2R\x0f\x82\xfa\x0e\x80\"\x06\x83\x01\x0f\x87$\x0f\x00=\x84\x04\x03\x86\xce\v\x825\x00\x8e\xda\x04\x92P\x06\xff\xdc\x04\x9a\xdc\x04\x81>\x03\x80\xa2\n\x81{\x00\x82G\x01\x03.bss\x83\x06\v\x8a\x0f\x00\x01 +\x80\xb7\x14\x032768\x81\xca\a\x82d\x03\xae5\x00\x80\x89\x03\xa44\x00\x800\x00\x85\xc4\x01\x82\x83\x11\x80L\x01\x03vEnv\x82g\x03\x82U\x01\x85|\x02\x84\xbd\x00\x00,\x80\x1f\x04\x85\x94\x00\x82\f\x00\x83k\x00\xc1\xdd\x04\x924\x01\x82\xd0\x03\x89\xad\x01\x93\xd9\x04\x88\xef\a\x97.\x04\x820\x00\x98\x03\x05\x92\xc2\x00\x001\x92\xc2\x00\x01se\x80\xb0\x15\x00d\x9e\x98\x00\x80\x84\x04\xa2\x9a\x00\x83O\x00\x98\x9b\x00\x96\xe6\x03\x96\xb8\x01\x88e\x15\x01, \x80\xf1\x01\x81\x10\x02\x82\xe4\f\x80\x15\x00\x89\f\x00\x84+\x02\x82 \x03\x80{\x00\x01ba\x80\xad\x05\x80\xd7\x00\x81e\f\x83n\r\x86\x95\x04\x83\n\f\x82\x9e\x0e\x80\xb3\x00\a\"\\x00\\x5\x80\x04\x00\x059d\\xe5\x80\x10\x00\x004\x80\f\x00\x80\x10\x00\x81\x18\x00\x01e3\x80\b\x00\x039\\x6\x80\f\x00\x008\x81 \x00\x84\x18\x00\x008\x89 \x00\x84\x10\x00\x004\x85\x10\x00\x008\x83\x10\x00\x018f\x870\x00\x00a\x890\x00\x81d\x00\x81t\x00\x00a\x80\x10\x00\x031\\x1\x84\x1c\x00\x82\x04\x00\x80\x14\x00\x81\x04\x00\x00c\x80\x18\x00\x0186\x87@\x00\x00c\x81\xa0\x00\x00c\x84\xa0\x00\x84\x10\x00\x008\x80h\x00\x85\x10\x00\x85\x04\x00\x85\x90\x00\x81\xc0\x00\x008\x810\x00\x84\x18\x00\x81\x10\x00\x00d\x80\xc8\x00\x890\x00\x005\x81\x10\x00\x810\x00\x002\x8c\x80\x00\x80|\x00\x8d\x00\x01\x85\xe4\x00\x81P\x00\x00f\x80x\x00\x00f\x80\xdc\x00\x81\x04\x00\x00e\x810\x00\x80\x10\x00\x82 \x00\x84\x90\x00\x81\xd0\x00\x8d@\x00\x82\x10\x01\x81 \x00\x81\x18\x00\x90`\x00\x81 \x01\x008\x81\x10\x01\x81\x14\x00\x80\xb8\x00\x8a`\x00\x80T\x00\x006\x89\x10\x01\x95\xa0\x01\x880\x01\xad\xa0\x01\x81@\x00\x890\x00\x81\x90\x00\x86\x10\x02\x80 \x01\x99\xb0\x00\x814\x01\x00a\x81\xa0\x00\x88 \x02\x8dP\x00\x82\xc0\x01\x810\x00\x89\x80\x01\x81\xa0\x01\x80 \x00\x8e\x00\x02\xff\xe0\x01\xbb\xe0\x01\x90\xa0\x01\x8a0\x01\x90\x80\x00\x89\xc0\x01\x01eb\x8c\x80\x00\x84\x10\x01\x8dP\x01\x86\xd0\x01\x80\b\x01\x820\x01\x8c\xd0\x01\x82 \x01\x84\x10\x01\x003\x8c@\x00\x81\x10\x00\x86@\x00\x80\x04\x00\x81\x10\x00\x86@\x00\x804\x00\x81\x1c\x00\x81\xb4\x00\x81\xa0\x03\x81\x10\x00\x81\xf4\x00\x86\x10\x00\x80\b\x00\x002\x8cP\x00\x81\x10\x00\x86P\x00\x80p\x01\x81\x10\x00\x86P\x00\x80\xd8\x00\x81`\x04\x83@\x00\x83}\x16\x83\x89\x04\x80:\x10\x01Ab\x80@\x1b\x02loc\x81\x8c\x04\x81\xb5\x04\x00+\x81e\v\x83\xe8\x04\x85)\t\x03bsBs\x83%\x00\x9d;\x00\x0116\x85\x18\x05\xae<\x00\x0123\x80x\x00\x86H\x05\xaf?\x00\x004\x80^\n\xb4\xb7\x00\x0126\x80<\x00\x97\xb7\x00\x8d(\x06\x87\xa4\t\x89\x80\x1b\x02[]b\x80z\x14\x87\x87\x1b\x80y\x0e\x81\x84\x16\x85\xcc\t\x00l\x80\xe0\f\x00F\x81/\x16\x810\b\x80\x18\x06\x8a\x82\x13\x00+\x89'\x06\x86\x0e\x00\x81\xd2\t\x80:\x00\x83\xd5\x00\x81'\x00\x88(\n\x80\x9e\x00\x83\x15\x00\x82]\x00\x81q\a\x80R\x0f\x00s\x80\x12\a\x05pSymbo\x80\x16\x13\x81\xff\x06\x80\xb3\x18\x815\x00\x84\x9a\x13\x81\xa0\x00\x83\x9b\x13\x88\x8c\x00\x81\x90\v\x81'\x00\x85[\x00\x82J\x13\x03ElfH\x807\x11\x01er\x81\xbe\x00\x80\x1e\x00\x80\xb6\b\x88\xaf\x00\x8bA\x00\x85v\x01\x82\x19\x00\x00a\x85\x13\t\x83\x85\v\x84Z\x00\x84\x9f\x13\x88I\x00\x02...\x95\x1f\x00\x81\xf6\x00\x84\x1f\x00\x9b\xcd\x19\x89\xa7\x16\x83\xb7\x00\x03Repl\x80\xb4\n\x04kTabl\x82\xb0\x19\x80P\x00\x85\xc4\x19\x84.\x00\x80\x15\x00\x86@\x1b\x80-\b\x84\b\v\x01lf\x836\x01\x01Se\x830\x17\x89L\x1b\x8e\x1d\x00\x84&\x13\x99\x12\x01\x00&\x80[\x00\x80y\x00\x94\x7f\x01\x80\x1d\x00\b.shoff+28\x81&\x01\xd2\x7f\x01\x86e\x00\x86a\x00\x95\x86\x01\x9b\x85\x01\x8e\x9d\x00\x02Unt\x80\xc9\f\x82(\x00\x82d\x00\x04ymtab\x83\xba\n\x91\xde\x15\x87$\x00\x88\xde\x15\x8fs\x00\x87'\x00\x80\x7f\x17\x83\xf3\r\x9ez\x00\x01tr\x9fz\x00\x82$\x00\x9fz\x00\x82'\x00\xa7z\x00\x00h\x801\x00\x9cy\x00\x81#\x00\xa2{\x00\x84)\x00\xa8}\x00\x89\xd5\x01\x8b6\x02\x84\xa3\x02\x83=\x02\x00s\x834\x00\x81\x8c\x02\x80\xd3\x01\x83\x91\x03\x9aR\x03\xa6Q\x03\x87H\v\x81O\x03\x8d\x1f\x05\x87\xf7\x04\x92\x9f \x84!\x00\x82\xb8\x04\x8a>\x01\x01+2\x84@\x01\x80\xd8\x18\x84\xa2\x05\x82\x12\x18\x82\x92\r\x82\xa1\x00\x00a\x82O\x03\x80b\v\x83F\x19\x01_r\x80[\f\time_Unsafe\x80G\x0e\x0232A\x80\x11\x05\x87?\x00\x02, i\x81\xd7\x17\x00\t\x802\x01\xaf:\x00\x01+1\x82<\x00\x01ki\x83\xa0\f\xac=\x00\x002\x82=\x00\x80\\\x1a\x81c\x01\x82\xf0\x05\x81T\x03\x86\xf0\x05\x80\x92\x00\x83\xe1\x04\x82_\x00\x80\x83\x01\x8dw\x06\x83\xe4\x04\x84@\x00\x93\xf8\x05\x86G\x00\x81\xe0\x04\x03insn\x86!\x06\x01Ge\x85\x94\x00\x81\xe7\x03\x80\xb5\x01\x82\xcb\x1e\x01re\x82\x86\x1a\x80\xbc \x80+\x00\x01>>\x80N\x13\x05) & 15\x81M\x1f\x01el\x83\x88\x10\x84q\x00\x01- \x84<\x00\x86\xb1\x00\x80|\x01\x01+ \x8e=\x18\x82\xcb\x01\x83`\x11\x80`\x15\x81r\x00\x81m\x00\x81E\a\x80\x94\x16\x82U\x00\x82/\x02\x8b#\x02\x92\xe4\x04\x84@\a\x81\x88\a\x81\xb8\x16\x85Y\r\x00f\x853\a\x82\x0e\x00\x87\v\a\x85\x0f\x00\x87\x1c\x00\x82\x18\x03\x83\x7f\r\x87\x8b\a\x00s\x81\xdd\x1b\x85\x87\r\x80f\x00\x81O\a\x84\x99\r\x80\xb4\x1f\x80p\x13\x06The ELF\x82N\x13\x81z\x1b\x80l\x0e\x01-h\x82\x98\x00\x80@\x1a\x00y\x802\x00\x00s\x81\xe4 \x80\x87\x00\x800\x03\n. Keep thei\x80\xb7\x02\x00n\x80C\x06\x01ia\x80\xdc\x0e\x81l\x00\x802\x06\x80M\x00\x01to\x80<\x01\x00h\x80;\x00\x82N\x00\x81\x1b\x01\x81-\x00\x80\xb6\x03\x00v\x80\xdc\x1c\x03fiel\x80\xc4\x13\x01th\x80J\x01\x80;\x00\x02y p\x80)\x00\x85\xea\"\x81R\b\x80\xc5\x13\x84z\x00\x80\x9e\x00\x80\x16\x0e\x007\x80\xbe\t\x004\x81\n\n\x80F\n\x004\x80\xc2\t\x81\xb6\n\x86\x04\x00\x89\xb2\v\x95\x04\x00\x85\x1a\n\x84>\v\x968\x00\x84\x18\x00\x003\x806\v\xa2X\x00\x84\xa2\n\x850\x00\x85\x8a\n\x8a\xe6\v\x98h\x00\x9e\x04\x00\x8d(\x00\xa58\x00\x8c\xaa\f\x81\x04\x00\x8a\xda\f݀\x00\x81\xa4\x01\x96\x80\x00\x00\"\x93,\x06\x83\xf2\x01\x9a&\x06\x83#\x00\x86 \x06\x82D\x03\x01Pu\x83\xe1\x03\x83\x16\x06\x81\xe5\x02\x80\x01\v\x84\xce\n\x85A\x03\x85\xf5\n\x90,\x00\x81k\v\x85H\x06\x80\x84\x04\x83;\x03\x86\xd8\x1d\x80)\x00\x00[\x83(\x00\x0246]\x81\xd8'\x80+\x03\x89\x15\x00\x008\x81\x15\x00\x007\x8a\x14\x00\x0150\x81\x14\x00\x006\x9a\xa1\x00\x006\x80\xfb\b\x81\xa1\x00\x98\x98\x00\x006\x84\xc4\x00\x99#\x00\x80\xab\v\x85\x15\x04\x98'\x00\x007\x80\xe2\x00\xa0'\x00\x008\x865\f\x80U\x04\x98(\x00\x009\x81\x14\r\x81]\x01\xa2-\x00\x80\x05\r\xa6-\x00\x0110\x81\xf4\x00\x83\xc9\x04\x87\x86\x16\x83X\a"
const compilerSourceData28Chunk0 = "\x1dpackage main\n\nfunc compileWasi\x80\x04\x00\x13m32(input []int, out\x81\x0e\x00\x80\f\x00\x00)\x81\x05\x00\t {\n\treturn\x8f9\x00\x04Arena\x83>\x00\x858\x00\x05, 0)\n}\x95j\x00\x881\x00\x8fo\x00\x02, a\x81\x1f\x00\x03Size\x8c~\x00\fnvoSetTarget(\x82\x0f\x00\x83\f\x00\x87Y\x00\x00)\x90\xa5\x00\x95\xa1\x00\x86f\x00\x8e\xa9\x00\x01VM\xae\r\x01\x813\x00\xa4\a\x01\x8c+\x00\xc1\x01\x01\x81S\x00\xc3\xfb\x00\xb8\xa0\x01\x06src := \x82\x97\x00\x14MakeByteScratch(65536\x80\v\x01\x05\tfor i\x81'\x00\x010;\x80\b\x00\x04< len\x83h\x00\x00)\x80\x10\x00\x01++\x81H\x00\x82I\x00\x84H\x00\x06ReadAll\x83#\x00\x04[i], \x80\x1d\x00\x80G\x00\x84$\x00\x06append(\x80\r\x00\x05, '\\n'\x80\x1a\x00\n}\n\tvar prog\x83C\x00\x00P\x80\n\x00\x04ram\n\t\x82\x13\x00\x84X\x00\x04Parse\x84\x1a\x00\x81?\x00\x809\x00\x03if !\x81#\x00\x02.ok\x82\x86\x00\x84M\x01\x001\x86S\x00\x03meta\x84\xde\x00\x80\n\x00\x84\x8f\x01\x04Build\x81\x10\x00\x05Into(&\x81A\x00\x02, &\x81+\x00\x84S\x00\x81\v\x00\x92S\x00\x82\x19\x00\x87J\x01\x86\xf1\x00\x04solve\x82\x81\x01\x81\x18\x00\x89\xe6\x01\x8a\xb8\x01\x82\x93\x00\x05result\x83:\x00\x00C\x83\xc1\x01\x80A\x00\x80\x13\x00\x81\x9e\x00\x82\x1b\x00\x84W\x00\x02Try\x84 \x00\x05Scalar\x84\xfb\x00\x84\xf8\x03\x8f\xb7\x00\x83>\x00\x85\xb8\x00\x01da\x80\xfa\x00\x82\xdb\x01\x82\x16\x00\x81\x0f\x00\x80\x16\x00\x82'\x00\x80\\\x00\x04Fixed\x83\xa2\x00\x01 =\x80\xd9\x01\x823\x00\x834\x00\x84~\x00\x84{\x00\x00O\x82C\x02\x00D\x80\x19\x00\x00(\x81\x1e\x00\x00,\x84\x9b\x00\x82:\x00\x81\xd4\x01\x80\x15\x01\x06\twrite(\x85\xa8\x02\x83'\x00\x01-1\x81\x1e\x00\x84=\x01\x000\x82=\x01\x84\xda\x01\x80z\x02\x04Err(\"\x82\x0f\x00\x02: w\x82\xcf\x00\x84\xcb\x02\aation fa\x80y\x00\x03d\\n\"\x87\x1f\x03\x001\x86\xf4\x02\xa0\x1b\x01\x02p *\x89F\x02\x00,\x83\x06\x02\x83\x14\x00\x81\xf7\x01\x00)\x90}\x01\x81\x01\x01\x80\x9a\x02\x04Index\x817\x01\x00-\x80\xf1\x01\x91\xf8\x02\x82\x02\x02\x81\x89\x00\x00s\x88\xfd\x02\x85V\x01\x81>\x03\tsEqualText\x83,\x00\x82\x9f\x02\x82\xed\x02\x87;\x00\x80\x15\x03\b.nameStar\x802\x01\x8f\x19\x00\x05End, \"\x80\x90\x00\x00M\x80\xfb\x05\x01\")\x83\x9e\x01\x86\x9f\x00\x02= i\x83z\x01\x80\x03\x00\x80{\x00\x86\x18\x00\x00<\x84\xc8\x01\x844\x01\x8f\xe5\x00\x00{\x834\x00\x81\x86\x02\x84i\x03\fLinearGen\n\tg.\x81\x9e\x03\x82\x8c\x00\x00c\x81\x0e\x00\x84{\x03\x00p\x81\f\x00\x82A\x01\x83\x1d\x00\x81\x0f\x00\x89\x02\x03\x8b\x13\x03\x81\x1e\x00\x00f\x87\\\x02\x80\xe1\x00\x00t\x81%\x00\x80M\x01\x8a\x18\x00\x03Valu\x86=\x00\x01c.\x88T\x02\x82\xd2\x00\x8f\x17\x00\x81\xa5\x02\x8c<\x05\x82\xeb\x00\x06// VM b\x80x\x01\x02cod\x80\xdb\x04\ts an execu\x83J\x02\x03orma\x80b\x01\x03not \x81\b\x04\x04stric\x82\x1a\x00\x80\x03\x00\x03the \x80\x81\x01\x80O\x00\x00s\x83J\x00\x06exposed\x80O\x00\x80-\x00\x84\\\x05\x80\xb0\x03\x05unning\x802\x05\x01si\x80c\x00\x816\x00\x04VM. P\x80N\x00\x06erve dy\x80\xb2\x01\x01ic\x84K\x00\x83J\x00\x03sele\x83h\x00\x01so\x81y\x00\nuntime -t v\x82\xfa\x00\x01re\x81\xd4\a\x80\xad\x00\x03utho\x80>\x03\x80\xf8\x02\x02ve.\x80<\x00\x92&\x01\x83?\x03\x82\xce\x03\x00&\x80}\x01\x00s\x80\x18\x05\x82\f\x01\x0eAsmInitWithCont\x81s\x02\x80z\x03\x80\xc8\x01\x94\xb4\x05\x92\xbc\x02\x04label\x86\x04\x06\x80S\x00\x03NewL\x81\x14\x00\x00(\x81W\x04\x81\x91\x00\x801\x00\x82\x11\x00\x00s\x87\xbd\x05\x89\x16\x00\x01, \x82C\x00\x83\xc7\x05\x82E\x00\x81\x95\x00\x00F\x80 \x00\x06Queue(&\x80\xa6\x04\x8c~\x00\x82\xd8\x03\x80)\x00\x83\xb0\x03\x03Mark\x81/\x00\x82*\x00\x85\xcd\x02\x85#\x00\rEmitPersistent\x82c\x05\x81`\x06\x00y\x80-\x00\x84\xad\x05\x88\xc8\x02\x81y\x00\x06Globals\x81 \x00\x02 ||\x84\x1f\x00\x82F\x00\x83\x0e\x04\bEntryArgs\x85H\x05\x89u\x00\xa2?\x03\x85)\x01\x03Call\x84*\x01\x81v\x01\x87\x12\x01\x00[\x85P\x00\x00]\x89\xa3\x00\x88\x84\x00\tPanicCheck\x82\xa7\x00\xa6u\x00\x84\xe9\a\x04smExi\x80\xec\x01\x84\xe7\x01\x00q\x81g\x01\x86\xb9\x04\x80\xf0\x01\x88\x11\x00\x83\xf9\x01\x83\x9d\x00\x82\x8f\x01\x80\xfa\x01\x87\x1f\x00\x85\xbf\x04\x818\x00\x88$\x00\x00[\x87\"\x00\x00]\x83\xde\x04\x87\xc2\x00\x83p\x05\x81\xaf\x01\x81\xdf\x02\x85+\b\x81E\x01\x00i\x84\xa7\x04\x9a\xe7\x05\x83\xdb\x05\x80L\x03\x00 \x81n\x00\x82\"\x03\x81\xe6\x05\x85D\x06\x002\x84\r\x05\x855\x05\x00[\x944\x05\x00:\x923\x05\x80j\b\x83w\x06\x8d\x84\x00\x83K\x06\x9ce\x01\x84Q\x05\x9c\xa3\a\xaa\x9e\x04\x88|\a\x85W\a\x03VMIm\x80\xd4\v\x82\xbd\x01\x01} \x80-\x02\x00e\x95*\x00\x83\xed\x01\x88.\x00\x85 \b\x81\xe2\a\x04= tru\x80n\x05\x86\xd2\x00\x82\x9e\x00\x00}\x88#\a\x98\xf3\x02\x00g\x84\f\a\x86\xfd\x05\x87\x02\x03\x83\x1d\n\x03bool\x84\x11\a\x84u\x04\x88p\x01\x86\xdd\x02\x85}\x06\x80\n\x01\x81~\x00\x05Type !\x81L\b\x01&&\x841\x02\x81\x13\x00\x01Is\x80f\t\x80\x82\x02\x81B\x00\x82h\x00\x88/\x00\x8a\xfb\x02\x00f\x80\xb6\x03\x80\xd2\x00\x81\xea\x04\x80\xab\x00\x02Off\x83\x96\x02\x80\xb3\x00\x03.bss\x83]\x06\x80U\x00\x81\x8b\b\x84\x1d\x00\x84(\x00\x82\x17\x00\x02Len\x8d\x16\x00\x80\x9e\x00\x91O\x05\x85\xee\b\x83;\x06\x87,\x06\x03rece\x80\x86\x05\x80\x95\x05\x03rgum\x80m\x04\x05s from\x84\xf1\x05\x04 host\x80\xa2\x05\x88\xb4\x01\x8a\x9c\x00\b += 32768\x80\x19\x00\x88\xa6\x00\x8e\xc2\x00\x9a6\x00\x84\xc5\x00\xa05\x00\x801\x00\x8e\x15\x04\x82\xd7\n\x80\xe7\x01\bvEnvSlice\x81\x05\x05\x819\x00\x81\x84\n\x82\x14\x01\x01, \x87\x9b\x00\x82\f\x00\x83q\x00\x83\xa6\x04\x81\x9b\x01\x01pa\x80/\x02\x01Co\x80\xaf\x06\x87(\x01\x84\x9f\x01\x83p\x02\x86r\b\x89+\x00\x01> \x85\xef\x02\x8c\xc9\x01\x04first\x89B\x02\x825\x00\x82C\x02\x80\x99\x01\x80\x1c\x00\x80\xd3\v\x01am\x83I\x02\x892\x02\x00S\x80\xa7\a\x01ng\x82\xc4\x00\x86:\x02\x820\x00\x03.typ\x945\x02\x92\xc2\x00\x001\x92\xc2\x00\x00s\x80-\b\x01nd\x9e\x98\x00\x01+1\xa3\x9a\x00\x83O\x00\x98\x9b\x00\x89\x80\x00\x94\xc7\n\x88\xd1\x0f\xff\xbe\n\xfb\xbe\n\x9c\x81\x05\x8c\xf3\x04\x820\x04\x84\xa7\x04\xbd\xa5\x04\x97\xa3\x04\xaf\x94\x00\x91&\x03\x83\x8e\x02\xc1L\x00\x86\xdb\x02\x87b\x03\x9a`\x03\x99\xc7\x02\x92_\x03\x9e\xa6\x00\x8d\xa7\x00\x84\xd1\x01\x01fn\x82\x8d\x00\x80\x7f\x00\x85\x87\x01\x04.decl\x85\x8c\x01\x81V\x00\x03body\x84q\x02\x80\n\x00\x82\xd5\x0f\x01\n\t\x81\x15\x00\x03.stm\x82j\x0e\x81\x19\f\x80\x8c\x10\x00(\x84\xc6\x10\x031024\x83\xff\x02\x00S\x80!\x00\x03Word\x82\x05\x01\x80\xb6\x04\x826\x00\x87\xa8\f\x86E\x00\x84%\x01\x819\v\x82\x14\x00\x881\a\x82\x12\x03\x02fn.\x81\x18\x00\x82\xc1\x02\x01 +\x81\x9e\f\x81-\x03\x85+\x00\x80\x1a\x02\x810\x03\x84%\x00\x80\xcd\x02\x8a&\x03\x04TokCh\x80k\n\x02s(p\x80\xf4\b\x80\xc3\x10\x01;'\x843\x01\x80P\x03\x81\a\x00\x80\r\x04\x02tin\x81l\x00\x82\x1d\x0f\x968\x00\x00}\x808\x00\x80\xa1\n\x85\x1d\x00\x03IsKi\x80Z\v\x83\x1d\x00\x85\x15\x00\x02EOF\x84]\x00\x04break\x84S\x00\x01be\x80\xaf\x00\x00e\x81\xc9\x00\x8b\xf2\x00\x80\x1b\x00\x00n\x80\xba\x03\x86\xcd\v\x82\\\x01\x01On\x81\xa9\x03\x01te\x81\xd2\x06\x01(&\x811\x00\x82b\x00\x87\xde\x00\x81\x1a\t\x81\x1f\x02\x85\xff\x00\x80\x94\x00\x82F\x00\x00<\x80\xa9\x03\x81\r\x00\x8cV\x01\x80\x17\x00\x84\x80\x00\xb6(\x02\x80\x85\x01\x00=\x82d\x00\x85\xde\x02\x86|\x00\xb3 \x03\x87\xeb\x10\x83\x0f\a\x84J\x05\x81\x02\t\x05Binary\x81V\x01\x83\xe7\x02\x82\x01\x01\x83\xf0\x06\x81\x10\x05\x81:\x00\x00)\x87\xeb\x06\xaf{\x00\xa2\xd1\x11\x85\xd7\t\x83\x84\x11\x9f\xc5\t\x88\"\x06\x93\xce\x00\x9c\"\x06\x00,\x83d\x03\x83\x11\x00\x86e\x03\x00)\x80\x16\x14\x81)\x0f\x81\xea\x00\x81\x8a\x00\x84/\t\x81^\x03\x80B\t\x80Q\f\x00C\x81B\x0f\x810\x06\x83\xd7\x00\x82Q\x0f\x86b\b\x05Buffer\x83\x1a\x00\x82\xcf\x00\x83M\x00\x84M\x10\x00e\x84U\v\x89O\x10\x01en\x89C\x10\x80\x0e\x00\x8aE\x10\x8d\x9e\x06\x8bf\x02\x88X\x14\x80\x13\x00\x83\xb9\t\x85\xe1\x01\x81\xd1\x00\x81\t\x04\x02At(\x84\xce\x02\x8d\xc2\x02\x84\x87\f\x82U\x01\x02nil\x84u\x02\x81J\x00\x82\x9d\x04\x86S\x00\x837\x00\x81\x0f\x00\x01.k\x80|\x03\x86\xc6\v\x81^\x00\x03Expr\x87\xe2\x02\x01ep\x84U\v\x80\x16\x00\x84\xb2\x04\x85e\f\x81\x0e\x00\x81\x17\x00\x02ess\x80F\n\x83R\x14\x00e\x80p\x02\x80\x03\x00\x82Z\x00\x80U\x10\x00r\x84*\a\x86\x10\x00\x84v\x03\x82\xb5\x00\x01ep\x84u\x03\x81\x90\x02\x80\r\x00\x81 \x00\x00s\x88\x94\x02\x8c\xca\x00\x82\xcb\x00\x04\troot\x86\xed\a\x8b9\x00\x00-\x81\xcf\x04\x83\"\x00\x82\xee\x00\x85\x1a\x00\x00[\x864\x00\x81\x10\x06\x82\x97\x04\x80\x11\x00\x83\xf9\x00\x80\x11\a\x86\xdf\x00\x81\xd6\x0e\x82\x98\x04\x81\x1e\x00\x808\n\x83\xf6\x03\x80\"\x00\x001\x88O\x0f\x80(\x00\x803\a\x00d\x80S\x04\x82+\b\x80\xec\x00\x82\xf4\x00\x824\x00\x02lef\x80\xec\x00\x01\"p\x81~\r\x85\xfd\a\x91\xc4\x00\x80\\\x00\x8b\xa1\x00\x80\t\x00\x81\xa8\n\x82\xa9\x00\x83\xbf\x06\x80\xcd\n\x00]\x85\xae\x00\x80\x1b\x00\x8f\xad\x00\x83\xc8\x06\x97d\x00\x01ms\x82d\x00\x820\x00\x00D\x82#\x12\x832\x00\x80[\x05\x805\x01\x80\xb2\x00\x81V\x00\x02tok\x82\x8e\x01\x80-\x00\x84\x14\x03\x85\x1f\x03\x00+\x87%\x04\x81!\x00\x81\xb4\x02\x00j\x84\xb4\x02\x00j\x85R\t\x01sg\x80K\t\x00j\x84\xae\x02\x86C\x15\x84(\x11\x83\f\x15\x80$\x00\x01[j\x81\f\x10\x85\xbe\x01\x8b\xda\x03\x00A\x82,\x00\x82\xae\x0e\x01(&\x81\xa4\x00\x822\x00\x82\xa3\v\x85b\x00\x82<\x00\x8fY\x06\x93\xbb\x02\x00R\x83\b\x01\x83\x94\x06\x84%\x00\x86\x86\x02\x81*\x00\x89\x88\x02\x84\xb7\x00\x86\x00\x04\x82\xff\x03\x8bm\x00\x83\xb5\x00\xff\a\x03\x90\a\x03\x83z\x05\x85\xe2\x01\x00E\x80]\x13\x80\t\x13\x00s\x82\xbd\x03\x80\xfc\f\x81\xd9\x0e\x82\x85\x00\x8aT\x00\x84#\x10\x83\x12\t\x892\x17\x92c\x00\x88\x19\x01\x84.\x00\x82\xc2\x13\x90\x90\x01\x89=\x00\x89\x9c\r\x83\xdf\x01\x02I32\x82\x9b\x00\x85\xe2\x01\x85X\x00\x89\v\x13\x83*\x00\x81\x81\x03\x85&\x00\x80\xab\x00\x83b\x05\x80]\x17\x8f\x8c\x05\x8c9\x00\x01En\x815\x00\x02d(&\x80-\x00\x80\x81\x03\v\\x00\\x61\\x73\x80\b\x00\x00d\x80\x10\x00\x80\f\x00\x81\x14\x00\x83\x04\x00\x83^\x17\x8aB\x00\x00S\x83\xb5\x14\x84B\x00\x001\x84\x88\b\x87\xaa\x02\x81=\n\x85$\x00\x8a\xc5\x13\x91?\x00\x80\xcc\x11\x8c?\x00\x05Import\xa6A\x00\x003\x8eA\x00\x86w\x12\xa5C\x00\x005\x8eC\x00\x05Memory\xa6A\x00\x007\x8eA\x00\x80\\\x02\xa9\xc5\x00\x0110\x8eB\x00\x81\xf7\x01\x85%\x00\x81\xb2\x01\x82\x1f\b\x9fI\x00\x8f\x8f\x01\x81,\v\x85%\x00\x84\xb3\x04\x83\x7f\x19\x83M\x00\x82\x8f\x02\x80<\x00\x82`\x00\x01[:\x81\n\x00\x80\t\x03\x03gth]\x95d\b\x89\x8a\x04\x81r\x02\x83B\b\x87s\x02\x80\xcf\x03\x00t\x80\xb7\a\x81\x95\v\x83J\x00\x83/\x12\x85\xe7\x1c\x90\xee\x02\x82\xbb\x00\x81D\x1c\x9a!\x00\x80V\x00\x92#\x00\x01St\x80h\n\x81#\x00\x9dA\x00\x004\x9d!\x00\x83\xaf\x00\xbbe\x00\x818\x04\xbb\xe8\x00\x9eB\x00\x008\x94\x0f\x04\x8f_\x00\x01Pu\x85u\x00\x01x1\x80\x9e\x06\x94\xd1\x01\x8a\xb1\x03\x88\x00\n\xa5S\x04\x00U\x81!\x17\x83\x8d\x03\x8d}\x00\x83\x17\x00\x010x\x82\"\x1e\x967\x00\x90\x99\x01\x004\x86;\x00\x007\x80\xaf\x02\x8d\x06\x00\x99M\x00\x90?\x01\x85\x1b\x00\x85A\x00\x9b\x8e\x00\x8aA\x00\x89\xc5\x00\x9bx\x00\x8ey\x01\xa3\xfc\x00\xa0\x1d\x00\xaf\xa3\x03\x8cD\x05\xba\xd4\x01\x83\x7f \x8a\x1d\x00\x00N\x80\xbf\x11\x85A\x06\x80\xb3\x17\ni_snapshot_\x80\xdb\a\x04view1\x907\x06\x895\x00\x02fd_\x82\xcb\x17\x8a'\x00\x894\x01\x000\xad4\x01\xbe\x93\x00\x80\x86\f\x01c_\x81p\a\xb4\x94\x00\x836\x02\xaf\xab\x01\x8e\xae\x06\xba\xad\x01\x90\xfd\x02\x8d\xca\x01\xaf\xa3\x00\x8c\x0e\aǡ\x00\xdf^\x01\x8c\x88\a\xd9\t\x03\x00m\x82&\x01\x97>\x02\x90?\x00\xa6\xd2\x02\x01_s\x81\x15\v\xb4\x9a\x02\xb5\xf7\x01\x8d\x82\b\x84=\x01\x8dE\x01\x87\xaa\x13\x9dF\x01\x83\x89\x0f\x95,$\x81c\x00\x88p\x16\x8b\xe9\x00\x83;\x00\x81#\x00\x80?\x16\x88E\x1e\x8c!\x00\x80\v\x01\x00b\x84A#\xbe8\x03\x81\xe9\x16\x01Ve\x80p\x1e\x82!\x00\x826\x10\x84\xe4\r\xb1M\x01\x90\x86\t\x83#\t\x88'\x11\xe8Z\x03\x87i\f\x82%\x00\x84\x92\x00\x96B\x00\x81U\x01\x9a\x1f\x01\xa3\x1a\x01"
const compilerSourceData29Chunk0 = "0package main\n\n// renvo:linkstatic /usr/lib/system\x81\v\x00\x0ecommonCrypto.dy\x80\x12\x00\x0e,CC_SHA256\nfunc\x83F\x00\aDarwinCC\x83\x19\x00\x1f(data []byte, length int, digest\x84\x1b\x00\x00)\x81\x14\x00\x01 {\x80B\x00\bturn 0 }\n\x88S\x00\t_runtime_A\x80\x0f\x00\x15aPersistString(value s\x82\r\x00\x00)\x84\b\x00\x87I\x00\x83\x1e\x00\x80M\x00\x02con\x80m\x00\x88\xa1\x00\x17Arm64CodeOffset = 0x1000\x94*\x00\x01Im\x800\x01\x03Base\x86)\x00\x82\x01\x00\x94.\x00\x00P\x80-\x00\x02Siz\x83-\x00\x004\x94(\x00\tgEnvDescri\x80Q\x01\x00r\x84/\x00\x0432768\x9f.\x00\x01Co\x80\x12\x01\x80/\x00\x9dQ\x00\x03/ 16\x90\xfd\x00\bImportExi\x81D\x00\x001\x95 \x00\x03Open\x80 \x00\x002\x95 \x00\x02Clo\x82\x10\x01\x003\x95!\x00\x03Read\x80 \x00\x004\x95 \x00\x03Writ\x81A\x00\x005\x95!\x00\x01Pr\x83B\x00\x006\x96!\x00\x00w\x84C\x00\x007\x95\"\x00\x04Fchmo\x81D\x00\x90V\x01\x83\"\x00\x04Getdi\x80\x16\x00\x80;\x02\x01es\x80)\x00\x009\x96\xf0\x00\x84u\x01\x009\x84\x9c\x02\x80\x11\x03\x03pile\x88\xf8\x01\x04(inpu\x81\xd4\x02\x82\xe2\x02\x02out\x81\x0e\x00\x80\f\x00\x84\xdf\x02\x01\n\t\x84\x97\x02\x8f:\x00\x82\xda\x02\x83?\x00\x859\x00\x04, 0)\n\x85\b\x03\x9a2\x00\x8fq\x00\x02, a\x81\x1f\x00\x82\x04\x02\x8b\x80\x00\x80\xd4\x00\tSetTarget(\x82\x0f\x00\x83\f\x00\x88Z\x00\x00)\x86\xa8\x00\x82 \x00\x00C\x83{\x00\x04Aarch\x85\xe3\x00\x87\xa4\x00\x86h\x00\x87\xac\x00\x8e9\x01\x06Name(id\x83\x8a\x00\x85\xa3\x03\x04\n\tif \x80\x15\x00\x00=\x8a\xc6\x02\x88\x9a\x02\x80\"\x00\x85\x88\x00\x02\"_e\x80\x12\x00\x03\"\n\t}\x996\x00\x82\xb0\x02\x8a6\x00\x00o\x80\x12\x00\x9d6\x00\x83\xc6\x02\x8a7\x00\x00c\x81\x13\x00\x9d8\x00\x82\xdd\x02\x8a7\x00\x81\xad\x02\x9d6\x00\x83\xf3\x02\x8a7\x00\x82\xc3\x02\x9d8\x00\x83\n\x03\x8a8\x00\x00p\xa1p\x00\x84!\x03\x8b9\x00\xa2r\x00\x849\x03\x8a:\x00\x00f\x82\x14\x00\x9d:\x00\x8bQ\x03\x8aA\x00\x80i\x02\x87\x1b\x00\x83H\x00\x85\x1c\x00\x00\"\x91@\x02\x84|\x05\x81V\x00\bLabel(a *\x82\x1f\x00\x03Asm,\x81\x80\x00\x89\xdd\x02\x80\x92\x00\x80a\x06\x03(a.d\x88\x8d\x00\x827\x00\x01s)\x81\xa9\x00\x000\x82\x8c\x00\x91\x1f\x00\x80\xd5\x03\x04make(\x84H\x03\x93\xfa\x03\x01+1\x80\x19\x03\x8c?\x00\x02Use\x81\\\x04\x84=\x00\x03bool\x9b>\x00\x06for i :\x80\x8c\x00\x00;\x80\b\x00\x00<\x91\x8f\x02\x81-\x00\x80\x1d\x00\x01++\x82\xae\x00\x92\xaf\x00\x02[i]\x80u\x00\x01-1\x80 \x00\x80A\x01\x86\x8c\x01\x80O\x00\x030 ||\x81\v\x00\x00>\x95\xbe\x04\x88\x8e\x01\x81@\x00\x83<\x00\x93d\x00\x03d] <\x984\x01\x82!\x00\x84\xc1\x00\x80\x8e\x01\x02New\x84\xa2\x01\x80\xe8\x00\x80W\x00\x8f(\x01\x841\x00\x03true\x86\xf6\x01\x95Y\x00\x96\f\x02\x03Call\x83-\x00\x93\v\x02\x80\xae\x00\x00l\x81F\x00\x81d\x01\x9aH\x02\x813\x00\x82\xe9\x04\x81B\x00\x83\xdb\x04\x80I\x00\x81_\x00\x86!\x00\x82I\x00\x92\xd7\x04\x86\x8b\x00\x06Virtual\x80|\a\x00s\x91\x90\x00\x81\x1f\x05\x00g\x83y\x01\x85\x9e\x00\x81o\x01\x85\x14\x00\x02> 2\x84\x91\x01\x8a\x85\x00\x05MovReg\x80\x03\x00\x81\x85\x00\x89\x1c\x00\x80\x13\x00\x02Tmp\x8e\x14\x00\x02Rdx\x83t\x01\x8b\\\x00\x83\xbb\x01\x99\\\x00\x000\x90K\x00\x00i\x91K\x00\x001\x9eK\x00\x001\x8fK\x00\x00s\x92K\x00\x9f\xf2\x00\x002\x91\xf5\x00\x91K\x00\x003\x9eK\x00\x003\x8f\x96\x00\x001\x80U\a\x83w\x04\x97Y\x02\x83\x1c\x02\x8a\xf8\x01\x80Z\x00\x02Add\x830\x00\x00S\x82#\v\x91\x86\x02\x82\x16\v\x84\xe2\x06\x02, n\x80\xf7\x06\x86\x9a\n\x8b\xa4\x04\x81\x1b\x00\x84\x94\x04\x80\xb1\x03\x81\x0e\x00\t[0] != '_'\x82\xd6\x00\x82<\x00\x84\xc3\x02\x99\xff\n\x04\"_\" +\x82A\x00\x83\xd7\x00\x8ca\x04\x90\x11\x05\x01s)\x87^\x04\x8e\xfc\x03\x81[\x04\x83\xdc\v\x81\x9d\x00\x83\t\x00\x01&&\x91%\x00\x83\xa1\x00\x00=\x83\xe5\x00\x90\xaa\x04\x82%\x00\x00u\x83\x1f\x05\x83\xf3\x03\x86y\x04\x00i\x86\xb8\x04\x8b\xab\x03\x8dF\x04\x8cQ\x00\x80I\x00\x01ap\x80\xd1\a\x00d\x8d\xd1\x00\x8as\x05\x89\x9d\x01\x00{\x82\xc1\x00\x00:\x83\xc8\x00\x83\x90\x01\x00:\x82\x06\x00\x84\xdc\x03\x00:\x83\a\x00\x01, \x81\xa8\x00\x00:\x82\xa7\x00\x00}\x87\xfd\b\x91;\x01\x01 -\x80/\v\x95\x11\x04\x04EmitL\x80C\r\x83\x83\x00\x81Q\x02\x01(g\x84\x1e\x02\x80\x17\x00\tearGen, fn\x84\x14\x00\x00F\x80D\x00\tInfo, word\x88&\x04\x81G\x06\x84,\x02\x03g.c.\x88\xa5\t\x00A\x80\xc7\x02\x81&\x02\x83/\x01\x80\r\x00\x84\xd9\x02\x89\xd7\x05\x03fals\x80n\x01\x80^\x01\x83\xbf\x01\x85^\x01\x831\x02\x04FromB\x80q\r\vs(g.prog.src\x81\x94\x00\x00.\x81\xfc\r\x02DLL\x80\xbc\x00\x00r\x80\xb7\x04\x87\x11\x00\x01En\x81'\x05\x82\xe6\x01\xa8J\x00\x05Method\x8bM\x00\x83\x14\x00\x83P\x00\x00i\x82P\x01\x04Index\x89\xff\x01\x93c\x03\x03&g.a\x86^\x03\x83\xc7\x01\x81\x1e\x02\x819\x00\x83\x1b\x00\x80P\x00\x00n\x80\x90\t\x00g\x82\xf8\x02\x80\x04\x03\x02loa\x88\x0f\x00\x81\xce\v\x01um\x80\x89\x02\x83\x0f\x00\aobjcRect\x81\xa0\x01\x86|\x00\x82\xc9\x00\x01Eq\x80\xcb\x05\x03Text\x8d\xd2\x00\x81r\x00\x87\xcc\x00\x81\x0e\x00\x80\xc6\x00\x02, \"\x81K\x00\x01Ms\x80m\x04\x02ct\"\x80\x92\x00\x81\x0f\x00\x81\n\v\xc7Z\x00\x81N\x00\x81Z\x00\x03glOr\x80=\x01\x85Y\x00\x85|\x03\x00\"\x84\x18\x00\x00\"\x85E\x04\x82\x15\x00\x00_\x85\x16\x00\x818\x00\aPixelZoo\x82\xda\x06\x8c<\x00\x86\x1c\x00\x8e@\x00\x87\x1a\x00\x8fR\x04\x80\xa8\x00\x04param\x8c\xa9\b\x02typ\x86\xf4\x00\nResolveType\x80\xf1\x00\x02met\x80R\x05\x83\b\x00\x83;\x00\x01s[\x80E\x00\x05firstP\x81\x0f\x00\x00+\x80*\x04\x80?\x00\x81 \t\x80\xc8\x01\begerDoubl\x82q\x02\x89\xfa\x00\x80\xa5\x00\x00(\x8a\xbe\x01\x80\x9a\x04\x02i >\x80\xa2\x0e\x83\n\x00\x03< 6)\x86%\x00\x86\x89\x01\x8e%\x00\x81\xe0\f\x85i\x00\x00S\x80\xc9\x02\x85i\x00\x8a+\x01\x83\x1d\x05\x80\x96\x00\x03.kin\x87\xe7\n\x81\xd3\x00\x00F\x81_\x02\x80t\x03\x81j\t\x8a\xaf\x00\x87\x11\x00\x84W\x00\x82\x17\x05\x80G\x00\x86\x91\x02\x80\x87\x00\x008\x83\x16\x00\x8c\xae\x03\x82\x11\x05\x8e\xcc\x06\x02Pop\x85_\a\x006\x81\xb5\x00\x82\xe8\t\x8fb\x00\x8d7\x00\x81\x88\x04\x82\xdf\a\x04x9e22\x81\xa7\x10\b|(16<<5)|\x85\x8a\x00\x82N\x00\x01} \x80n\t\xa0D\x00\x006\x99D\x00\x84\x97\x00\x9a*\x01\x80y\x01\x00!\x8b+\x01\x83t\x00\x80y\x12\x04RENVO\x802\x00\x80\xcd\f\x00s\x80\x17\f\x00s\x83,\x01\x804\x00\x82\xba\x11\x03s as\x85\xf2\x00\x05s scal\x80\xc7\x03\x0fby four. Convert\x85K\x00\x0fthem to an ABI d\x83j\x00\x06only at\x81\x1e\x00\x807\x00\x05reign-\x80H\x00\x00l\x80f\x05\x01un\x80\xdd\x05\x01y.\x91\xff\x00\x83F\b\x02Imm\x83}\x01\x00,\x835\x02\xa9&\x01\x003\x82\xf0\v\x982\x00\x051e6018\x812\x00\x0331<<\x80\xe1\x01\x01|(\x85Z\x01\x94g\x01\x85\x12\x00\x01++\x81\x0e\x00\x85\xd7\x04\x86\x0e\x00\x02tin\x82g\a\x81,\x00\x83)\x02\x8bs\x02\x8cr\x02\x84'\x00\x92\xb9\x01\x83\xe2\x05\x857\x00\x94\x94\x02\x83a\x00\x82\x9f\x00\x9d\xb8\x02\x86\x83\x05\x00+\x81O\x12\x812\x02\x82<\x00\x95\xbb\x00\x93\x94\x00\x02lic\x849\x02\xc1\x93\x00\xa9\xb3\x00\x003\xb5\xb3\x00\x80R\b\x01ct\x81\x18\x04\x92\x1f\x00\x04Array\x96\x9c\x01\xa0\xe5\x00\x8a\x03\x02\x87\xa0\x00\x83)\v\x86\xc1\x00\x800\b\x87a\b\x862\v\x00P\x80\xe2\x01\x05tErr(\"\x82\x0f\x00\x01: \x83y\a\x8b$\x03\x80u\b\x80C\x00\x807\x00\x02lay\x80\xf1\x11\n mismatch\\n\x81\x96\x06\x8fr\b\x82,\x06\x83x\x02\x00<\x84w\x02\x99Y\x03\x83+\x00\x82\xe8\x12\x8c\xc0\x00\x85\x11\b\x8a\x90\r\x8ea\n\x87E\b\x01].\x84\xad\r\x81\xfa\x00\x96\x84\x06\x80v\x06\x80g\x04\x02ult\x81\x16\x00\x00)\x97\xb0\x04\x83\xb8\x00\x81)\x00\x82\x12\x00\x87K\b\x86^\x00\xba\xd6\a\x01Po\x80\xec\x00\x01Y\"\x82\x0f\x0e\x8ei\x00\x81\x90\x15\x86V\x02Ü\b\xe8k\x00\x04Width\x96o\x00\x81\xfb\x03\xcao\x00\x00H\x80\xab\x02\x00h\x80|\t\x94p\x00\x81\xb8\x03\x81p\x00\x80\x1d\x06\x84,\x06\x8c\x1d\x06\x832\x00\x01 b\x80\x0f\x19\x81:\x06\x82\x8d\x06\x00'\x86i\x06\x86\x96\x06\x80\x8c\n\x01on\x81(\x06\xa2&\x06\xad$\x06\x9a\"\x06\x000\x8b\"\x06\x8b\xe3\x00\x82E\x00\x8b\x13\x00\x9c\x81\x00\x007\x80O\x00\x81Q\x00\x8fH\x00\x85\x16\x0f\x82\xd2\x03\x82\xb1\r\x8a\xe7\f\x81E\x00\x00P\x80\x9e\x01\x80\xaf\t\x00E\x80\xbe\x13\x00y\x81\xf2\x10\x89\xf9\x16\x90\xe9\f\x80\xad\r\x83\xe1\v\x8a\xd5\f\x80\x16\x00\x84\xb9\v\x82\x10\n\x81b\x00\x01s[\x85+\x00\x00]\x83\xe3\x0f\x01pp\x88\xa8\x03\x81\xc0\x04\x000\x82C\b\x86\xa8\x03\x03IsIn\x81/\x02\x83\xd6\x03\x8b/\x00\x83\f\x02\x8e\x9a\x04\x84W\x00\x87\xba\n\x87\x11\x14\x89\xf4\x00\x93+\x00\x87\xb6\x10\x8d\xf0\x04\x81\xc4\n\x89\xcf\x00\x84\xdf\n\x81@\x00\x87\xe0\n\x83\xd6\x00\x89\xbf\x00\x83`\a\x82\xd2\x06\x87\x9d\x04\x810\x00\x82\b\v\xa8\xc2\x00\x83\x98\x00\x01se\x80\xed\x05\x82\xe0\f\x9a\x88\x00\x01+1\x80\x8a\x00\xa1\x8b\x00\x83P\x00\x87\x8c\x00\x90\x9f\x06\x81\xe2\x13\x80\x03\x02\x80=\x1b\x82=\v\x81\x86\r\x03.bss\x81v\v\x80w\f\x89\x0f\x00\x81A\a\x8a*\x0f\x8f\xa7\x1a\x01\n\t\x80 \x00\xc5K\x00\x85;\x06\x03Buil\x84N\x0e\x80)\x00\x00v\x80*\x00\x82\xe5\x00\x00s\x83\xb0\x02\x85T\x0e\x00g\x84T\x06\x82\xd5\x02\x80\x83\x00\x82\xb2\x13\x81\xd7\x00\x01, \x83\x94\x00\x87\x10\x10\x8f\x15\x03\x9ef\x00\x8a\x1d\x12\x81\xf6\x16\x81c\x00\x86\x19\x14\x82>\x01\x82\r\x00\x84\xff\x00\x85$\x14\x80\x1c\x00\x02Loo\x87P\r\x8e\x19\x11\x80 \x00\x01en\xa0#\x00\x02Don\x87\xb7\x0f\x90#\x00\x00s\x9a!\x00\x80\x14\x00\x9ad\x00\x81 \x00\x9c\x87\x00\x83#\x00\x9df\x00\x99 \x00\x00\n\x81\xbe\x05\x80\xfa\x0f\x01d \x81\x92\b\vs LC_MAIN wi\x80I\x1e\x80\xc3\x00\x80,\x06\x80\x06\x00\x00v\x82D\x01\x00p\x80B\x01\x01 x\x80\xd6\x14\x00x\x80\x8f\x14\bx2. Globa\x80\xcc\r\x80C\x00\binitializ\x82\xcd\x05\x00 \x80S\x13\x80l\f\x81\x1b\x03\x80\xef\x02\x00o\x80z\x00\x80\v\x05\x00d\x82%\f\x82\xa7\x01\x85\x7f\f\x02sav\x80\t\x06\x80?\f\x80\x17\x1f\x80\xea\x15\x00p\x80\x05\x06\x92\x04\x06\x01Ab\x80\x00\x16\x02, 9\x87\xe6\x01\x85z\x14\x05bsBssR\x80_\x00\x00c\x8fn\x16\x00L\x80t\x00\x80=\x00\x01Me\x83A\x06\x80\xae\x14\x80A\x00\x80\xbf\x00\x008\x9e+\x00\x004\x82+\x00\x008\xa1+\x00\x005\x82+\x00\x81\x9e\x06\x90,\x00\x8a\xbe\x00\x001\x80{\x00\x86\xfe\x02\x9f\xbe\x00\x8b\xfe\x06\x80r\x01\x81\xc7\t\x85\xc3\x01\x03Mark\x87\xb9\t\x83\xd0\x02\x90o\x17\x00m\x81\xd5\n\x88C\x00\x98\xde\x03\x82\xf4\x04\x8fC\x00\x00B\x80\xda\a\x00d\x89j\x00\x82\xd4\x02\x81\xcd\x00\x95o\x00\x85\xe8\v\x80o\x00\x0113\xa7Q\x00\x90P\x00\x80\xaf\x12\x83P\x00\x03Shif\x82d\a\x001\x80\xbd\x16\x81\x9d\x01\x81]\x00\x90\\\x00\x8c\x9b\x01\x81-\x00\x80\x04\x00\x93\xf2\x01\x00S\x80\xf4\x00\x00e\x8c-\x00\x80*\x00\x93-\x00\x8a\x8c\x01\x81&\x00\x99\x8b\x01\x83\xb4\x03\x98\xcf\x00\x84\xcb\x02\x82\x9c\x00\x9d\xc5\x00\x80(\x00\x83\xb5\x02\x81\xcc\b\x99\xdf\x01\x81&\x00\xa0n\x01\x84/\x04\x98p\x01\x88\xe6\x00\x92v\x00\x02Jmp\x99\xef\x00\x92\x11\x01\x81s\x00\x9e\x83\x01\x81o\x00\x81\x7f\x01\x92\x82\x01\x8a\x9c\x00\x81'\x00\x82\x04\x00\x81L\x0e\x9a)\x00\x81\x85\x02\x81\x04\x00\x9f\xc7\x00\x9b\xc4\x00\x82\xa5\x02\x95\x18\x02\x85\xf2\x02\x80a\x04\x001\x80j\x00\x9f\x06\x04\x83\x90\x06\xcb\x05\x04\x84N\x06\xe0\x05\x04\x84R\x06\x93\x04\x04\x90\x83\x03\x80\"\x05\x93V\x03\x8b\x9a\x00\x93\x0e\x03\x94{\x00\x90*\x00\xd3\xd1\x03\x87\x85\a\xff\xd1\x03\x92\x10\x01\xcb\xd1\x03\x90\xef\x00\x92\x11\x01\xf6\xd1\x03\x80M\x02\x81\x04\x00\x9eQ\x00\xa3\xf9\x03\x8d5\x03\x8f\xec\x00\x83\xe9\x00\x9b\xd3\x03\x89\x1c\x00\x83\xe5\x1d\xb0\xe9\a\x93\x90\x1e\x80\xe6\x1d\x93G\a\x9a5\x00\x01dx\x995\x00\x94\xb6\x00\x00c\x805\x00\xad\x99\x04\x94\x80\x00\x80\xf2\x01\x81\t\x05\xaa4\x00\x81@\x03\x804\x00\x91\xfd\x1b\x82\x96\x1c\x04ULEB(\x81%\x13\x85\xed(\x83|(\x82\xd4\v\x83\x13\x00\x81\xdb\v\x81\"\x13\x81S\r\x82\x98\x1b\x81\x15\x00\x84\xc1(\x00&\x80\x9d\x03\x007\x81\xbd\x0f\x83\x0f\x00\x00=\x84>\x00\x01>>\x80\xda&\x82\xb4\r\x83\x10\x00\x82\f\x0f\x82\x93\r\x80\xa1\x1d\x03 b |\x807\x00\x008\x84\xe6\x10\x81|\x00\x86#\x1d\x80\r\x00\x02, b\x82X\x13\x85<\x00\x86\xf1\x0e\x85\xd1\f\x80$\x00\x85\xcd\r\x96\xd6\x00\x81\xbb%\x0116\x8a\xd8\x00\x8a\xd7\x1e\x8b\xda\x00\x89(\x1a\x0116\x8ah\x1e\x85\x8d\x1e\x83\xfa\x1e\x82\x87\x00\x8f\xb1\x00\x82\t\x1f\x01i]\x81\xb7\x00\x89\x9d\x18\x8f)\x00\x822\x14\x83\x87\x0e\x88\xcd\x00\x96\xc6\x00\x02Seg\x81\xc7\x14\x80\x92\r\x94\xc9\x00\x80\xae\x01\x03madd\x82\xbe\x14\x81\f\x00\x00s\x849'\x81\x97\x0f\x02leo\x85\xa8\r\x81\r\x00\x87\x1b\x00\x02max\x80\xb1\x12\x84p'\x81`\f\x85\x0e\x00\x89\x17\x01\x83\xbc\x00\x83M\x02\x82\x8c\x00\x0132\x84\xc3\x00\x02x19\x815\x1c\x95 \x00\x0172\x8b\x1e\x00\x93\x96\x01\x86\x0f\x1d\x8eH\x00\x83\xed\x00\x85\xd9\x00\x9b\"\x00\x81\xd4\x00\x99\"\x00\x84\x05\x01\x9d#\x00\x95G\x00\x85\xd3\x00\x841\x01\x99#\x00\x85G\x01\x99$\x00\x81\xfd\x01\x9a\x1d\x00\xa3\x13\x02\x00c\x81\t\x0e\x8c\x13\x02\x80\xfa\x10\x82\x1f\x0e\x85\x16\x02\x00s\x839\x02\x86\x10\x00\x87$\x02\x87\a\x02\x80\x19\x01\x81A,\x83\xd6\x0f\x00l\x80<\x17\x84,\x02\x02lag\x82\xbd\x1a\x94\x0e\x02\x95\xd0\x01\x84\x83\x00\xa3\xfd\x01\x84\xa0\x00\x99\x99\x01\x9d\xfe\x01\x9d\xb5\x01\x83\xdf\x00\x99\"\x00\x82\xf5\x00\xba\xb1\x01\x96\x1d\x00\x82E\x01\xd3[\x00\xa5)\x02\x81\x9b\x16\x93@\x04\x00c\x80>.\x85b+\x83\x01\x03\x87p+\xc0\x01\x04\x0115\xa4\x02\x04\x06\"__TEXT\x82\x83 \x95\xe6\x01\x8aT\v\x89\xd0.\x9d\xd4\x03\x83\xdb+\x97$\x00\x92d\x01\xa1A\x00\x85\xe7\x00\x005\xb6\x1d\x00\x81\xc2\a\xa5\xfc\x01\x96\xfb\x03\x82?\x01\x00t\x80\xe4\x01\x00\"\x87I\x01\x98/\x01\x00+\x8d\x1a\x00\x87C0\x87\x11\x02\x8f@\x00\x89&\x00\x81\x85\v\x00x\x82\x88\x17\x80\x1a0\xa4\x85\x02\x00D\x80F1\x93\x85\x02\x81`1\x00F\x80g\x01\x86L\x14\x85\x11\x00\x87\x9a\x02\x85>\x15\x8c\x99\x02\x01vm\x82\x16\x00\x86x\x13\x81\xc6\x03\x00V\x81*\b\x82\xb41\x85C\x00\x00+\x84>\x00\x8f\xd4\x00\x85\xe50\x9a\x86\x01\x9c\xe4\x02\x0123\xa7\xe4\x02\x03DATA\xb3\xe4\x02\x00+\x88%\x01\x9b\t\a\x9d\xee\x02\xa4I\x00\x89A\x01\x99\xff\x00\x81\x03\v\xb3\x1d\x00\x8c7\x01\xb8\xfc\x02\x81\xac\x00\x83\xfc\x02\x82a\x01\xa4G\x01\x8b\xe4\x00\x8a\x19\x01\x82w)\xaa\x83\x00\x80c\x02\xaf\x82\x00\x86\f\x00\x83\x81\x00\x86\xa7\x02\x80\xa6\r\x81\xe8\x10\x9eY\x03\x00P\x81\xc9\x1e\x83J1\x03drp(\x81\xbc\x03\x86U\x03\x80\xf1\x15\x82:\x03\x01pc\x83\b\x00\x80\xfd\x15\x80~'\x86\xa0\x17\x02del\x80\xd54\x809\x03\x00(\x84\x19\x00\x80\xa7\v\x0112\x81\x1d(\x00(\x802\x00\x83\r\x00\x81\xe4&\x00m\x81$\x00\x83-\x00\x00&\x81\v\x03\x00f\x81\x01\x00\x81\xad&\x01sn\x82)\v\x01x9\x82E4\x001\x80\x05*\x02 ((\x810\x00\x00&\x80\xf6\x01\x05 << 29\x80\xca$\x80\x14\x00\x82\x15\x00\x80Q\x00\x80]\x00\x81B\x00\x007\x81A\x00\x82!\x00\x81\x19\x05\x82\xcd\x00\x06Put32At\x82\xc0\x00\x81\xb9\x00\x81C\t\x00s\x80\x8e\a\x90\xf2\x00\x83U'\x00D\x81F'\x8a\xae,\x81\x15\x04\x87\x961\x02var\x813\x01\x86\x14\x00\xaeT*\x00m\x82\x0f\x18\x8f\x0e*\x84|\x1a\x80 \x00\x83\x18*\x81/%\x80\f\x00\x86n*\x00\"\x86t6\x80\x04\x00\x00S\x82w6\x01.B\x83\x1f\x00\x00\"\x83\b\f\x8cw!\x80\x06$\x83\xf6\x1a\x85\x98\x1a\x81\xa9\x00\x00j\x84\xa9\x00\x00j\x84\xa9\x00\x80\xcb\x00\x80\x9d\x00\x00j\x85O/\x80\x82\x00\x80\x12\x00\x01[j\x80\x8a.\x00=\x88\x7f\x00\x83\x90$\x83Q\x00\x87\xb0*\x81e\x00\x84\xb0\x1e\x00!\x83\x1c\x00\x94\x8f\f\x86I\x00\xa5\x97\f\x82\x85\x01\x05Ordina\x8c\xd40\x89C,\x896,\xa7'\x01\x84z\x00\x83\xde/\x82\x18\x00\x00s\x8c\x0e/\x8b\t\x02\x80\xb4\x00\x91\xe2\x01\x83:\x00\x8b-,\x83\x14\x00\x82\x7f0\x85\x1e,\x89Q\x0e\x00i\x80\x8b,\x84\xe4\x1f\x87\x02\x01\x000\x96\x00\x01\x80Y4\x01ma\x80\x10\x04\x80\xb7\x03\x02(pa\x80\xcf\x19\x8c\xf6\x00\x89\x854\x88\x9e\x06\x0224+\x81\xa0\x00\x812\x00\x01)+\x80C\x11\x80k\x11\x978\a\x88h\x00\x8a7\a\x8ap\x00\x87\x14\a\x82\xe7\x19\x81\t\x01\x85;\x02\x80\x13\x00\x89%\a\x98\xbe\x00\x9b\a\a\x000\x81\xa3\x10\x96 \x00\x9d\x84\v\x002\x81Y \xb4\f\x06\x00x\x82b\x04\x80\x01\x00\xb7&\x00\x83$\x1e\x00Z\x83+\x00\x84\xec\x00\x8a\x9d\x01\x83\x01\x11\x80\x9d\x03\x00l\x84\xd0\x00\x81G\x01\x00+\x83\xd6\x00\x90\x9c\x01\x04MachH\x80\xbd4\x01er\x8b\xfc\x02\x81\x87\t\x8b\xbb\b\xa0\xde\b\x81\x12\x00\x01VM\x87\x10\x00\x81k,\x03edit\x863\x00\x85\x11\x00\x88\x11\t\x80\xf9#\x86\x1f\x00\x81\r\x00\x87\x1b\x00\x02sym\x86\x1a\x00\x80\f\x00\x02bol\x86\x99-\x81\xd7\x00\x00r\x87\x1d\x00\x00t\x83b9\x82\r\x00\x80\x1b\x04\x01ef\x80\xfa \x87\xc6-\x81\xd4\x01\x00g\x87-\x00\x00i\x82\xcb+\x8d\x82\t\xa3\x9d\x03\x81x;\x84i\x02\x81+\x00\x008\x80n;\xa3\xb1\x03\x899\x00\x8b:\x1f\x8e\xc1\x02\x86\xd9\x03\x80p\x00\x80\xbb\x03\x81\x02\x02\x80]\x00\x85\xd74\x822\x03\x81\x1d\x1c\x00.\x81f\x06\x83\xc8\n\x9bN\x02\x06feedfac\x92%\t\x88t\x02\x83H;\x9a\x1b\x03\x9a\xb7\x02\x9a\xfa\x02\x0113\x82(\x04\x84\x17\x01\x99*\x00\x88)\x01\x9b\xb1\x00\x81\xbf#\x008\x9a\x94\f\x9a\xf8\b\x88\xc0\v\x82\xef\b\aPAGEZERO\x80\xf3\b\x85\x8b3\x91\xf6\b\x85\x1b\x17\x84\a\x18\x94_\x00\x8e\xa8\x0e\x82o=\x80\xa9\a\x81\xb4\x01\x00)\x8b]\x03\x97F\x00\x8ei\f\x8c\xdb\t\x8bu\t\x00a\x85\x9a!\xa9\xf6\x00\x06LINKEDI\x9bg\r\x8d\xe9\t\x83\xe2\x03\x85\x96\x15\x87\r\x06\x89\xdd\x03\x98\xa3\f\x8a\x17\x04\x8b\x13\x04\x82\xbc4\x9bK\x0e\x83\xae\r\x0102\x9ao\x02\x004\x81\xf3\x17\xb3\xc7\x02\x9a\x1d\x00\x84\xad\x04\x9d#\x00\x84\x86\x01\x8d\x19\x04\x88\x85\x15\x9a\x7f\x00\x84\xf5\x03\x95\xa9\x03\x9a\xfa\x00\x9b\x9e\x06\x83R\x05\x9c\"\x00\x85h\x05\x9a'\x00\x82~\x05\x9c\"\x00\x9f\xc4\x03\x000\x81\xa5\t\x96 \x00\x008\xbbQ\x12\xb3\x1d\x00\x9a~\x02\x9a\x1d\x00\x8by\x06\x90\x00\x02\x0112\xa7\x01\x02\x01cm\x83\xb23\x8b\x00\t\x99K\x01\x9b\xdd\x0e\x9b\x9e\x05\x92\x1e\x00\x8aj\b\x87\xea\n\x81\x00$\x92\xfb\x0f\x88t\b\x85\xbe\x00\x00+\x99S\x10\x8d\x10\n\x89e\x00\x8fO\v\xa5\x1a\v\xa6m\x00\x90g\a\x957\x11\x9a\xa6\x02\x9br\x03\b0x5254475\x9b\x92\x04\x03x444\x80d\x14\x005\x81w\x1a\x99&\x00\x0294e\x81(\x00\x9c&\x00\x03d363\x83\xd0\x12\x98&\x00\x9b\x13\x02\x9b\xd6\x00\x9c\xa3\x05\x80\xa0\x05\x00b\xa2\xe6\n\x9f&\x00\xa2\f\x06\x9a\\\x01\x93\xca\x00\x0264U\x863\x17\x9cJ\t\x88+\x00\x9c\x8f\x00\x001\x81O7\x975\x01\x81\xb0\x1e\x970\x05\x82\xa3\n\x9c\"\x00\x84R\x05\x9a\xf0\v\x8b\xcf\x00\x80\xf2\v\x80;*\x81^-\x86\x11\x03\x85{=\x82F0\x80\xa7\x05\x81\x171\x80:\x03\x01go\x81\x90\a\x01s \x83\x01\x00\x82~?\x82\x84\r\x80\x01\v\x00G\x84\x1b\x00\x83\x15\x00\x91\xc0\x11\x80\x9f-\x80}B\x84`\x10\x8b\xd0\x10\x95z\x00\x84\xdf\x10\x84\xce0\x94&\x00\x81\x97:\x81\b\x00\x00.\x85\x9e\x00\xa6\x1d@\x848\x00\x8b\xc1\x00\x8b>\x00\x91<\x11\x81e\x0e\x03tubA\x80\xfe4\x87u\v\x9dl\x00\x83e\x00\x00S\x938\x00\x94f\x00\x82\xcd\x04\x822\x11\x001\x80\xbd\x04\x821@\x93b\x00\x81\x1e\x00\x87\xf6\x0f\x8fN\x00\x81\xcf?\x80\x87\x12\x80B\x11\x82\xc7\x11\x00!\x94\xed?\x91\xb5\x11\x86\xf3;\x96\xfb?\x8e\xc1.\x82\xef\t\x82\v\r\x93\x06!\x85\xfb1\x85F\x01\x84i@\x88\xfe\n\x9a\x15/\x84\x84\x13\x9a%\x00\x01f9\x80\xdc\x04\x002\x9c%\x00\x04d61f0\x80#\f\x83\xdd\x05\xae\x8a=\x8cF\x01\x87A=\x91G\x01\xac#\x01\x90[\x00\x886\x01\x88J\x02\x83[B\xfc;\x01\x85\xc3\x00\x82\xa3\x15\x82\xd6\x00\x89\b\x10\x90\xb1\x18\x89\x80\x04\x82\xf5\r\x86\xf6\f\x96\x12\f\x83_>\x01ta\x86\xffI\x88c\x00\x85\x1c\x00\x91l\b\x83\x1a\x00\x90\x89\f\x84\xdf\x01\x01ta\x80v\x00\x008\xffn\x03\x85n\x03\x89\xca\x04\x8a\x19\x03\x82\xab\x00\x80#\x00\x91\xeb\x00\x83\x7f\x06\x85\xeb\x00\xe2\xd1\x02\x91<\x05\x89\x8d\x02\xae\xaf\x00\xbc\xc3\x01\x969\x02\x82\f\a\x88\xa0\x02\x85\xcf\x02\x00b\x84\x103\x87Q\x15\xfc\xfc\x01\x83\x0e\x05\x81\x84\x00\x88\x18\x05\x80\x18\x00\x84\xb4\x18\x92!E\x85\xe5L\x00+\x8az\x13\x00+\x842\a\x89H\x02\x80I\x00\x80\xec\x18\x9cE\x00\x89\x98\x03\x80\x0f\x00\x83\x88\x00\x85\b\x04\x92\x87\x19\x832\x00\x81\xcb\r\x81+\x00\x81\x82\x19\x85~\x19\x81\xfd\x01\x00p\x80[\x00\x84\x03\x04\x84\xc6\x00\x81\x16\x19\x82U\x19\x8b\x0e\x19\x8bG\x00\x00+\x80\x92-\x87\x89\x04\x01|(\x80\xb0\x15\x82H\x00\x02/8)\x80X5\x000\x84\xfc4\xdb\xe0\x02\x89\x8e\x01\x8bp\x05\xbb\x93\x01\x8d1\x03\xff\x98\x01͘\x01\x85\x8fC\x83\x9d\t\x90\n\n\x82\x843\x00B\x80\x04\x11\x81\xbd\x12\x8bR\x16\x85\xc3\t\x84\x18\t\x90[\n\x89\x90\x15\x81H\x11\x91\xf8\x14\x80\xc8P\x80\x8b\x00\x82\x1e\x00\x86\xf8\x19\x81\x0e\x00\x82\x80\v\x81\x8d\t\x93\x1b\x00\x005\x81\x1b\x00\xff\n\x04\x80,(\x92\x9f\x00\x004\x82\x93\a\x84\x1c\x00\x90\x84\x0f\x83(\x00\x8e\xad\x00\x84\xcdM\x81\x9d\x01\x94Y\x00\x82\xba&\x8aY\x00\x8e()\x83+\x00\x88O\x04\x97N\x00\x009\xe2\x7f\x06\x80!=\x81\x8c\x1b\x91\xe9\x19\x86\xa7\x1b\x92G\t\x86\xf7\x1b\x81Z\x1c\x84E\x00\x85\x89K\x85\x10\x00\x80\x84?\x0116\xa6\x9a\x01\x82\x16*\x81dR\x00|\x84@\x00\x98k\x01\xa3\xc4\x01\x94\xbfG\xc0\xc2\x01\x8d~\x04\x9f\xc7\x01\x85\xf9K\x8a\x1e\x00\x92&\x1a\x82\xd7\x03\x83\xc9\x00\x01Ta\x80\xae;\x8d\xb3\x1e\x87\xb4\x1b\x02rta\x82P+\x8d\xb8\x03\x80\x1c+\x82*\r\x82 \x00\x86\x92\x00\x83\x10\x00\x83(\b\x86\x1c\x00\x90<\x01\x85(\x00\x01\"_\x81'U\x86\r\x12\xfe\xd6\a\x9f\xb2\x00\x99\xb4\x03\xc4$J\x87I\x03\xa1\x91\x00\x98\x81\x02\x8a,\x1e\x830\x00\x97\r\x02\x82)\x16\x9b\r\x02\x01ym\x95\r\x02\x016*\x83\xf0R\x91P\x0f\x81\v\x02\x83:\x00\x8d\a\x11\x83\x17\x00\x83\x7f\x12\x86#\x00\x85J\x02\x84\x1c\x00\x80X\x12\x81F\x11\x95\x1f\x00\x8a;\x00\x88^\x00\x80\xdc$\x86B\x00\x94#\x00\x807\x19\x85#\x00\x96\xd0\a\x00+\x8cM\x12\x81Z\x01\x84\x8d\a\x80<.\xff\xb4\x02\x80#\x02\x9b[\x01\x84\xb1\x00\x82\x8c\x0e\x98C\x01\x97\x7f\x01\x8a\x1d\x00\x94a\x01\x81\xb4W\x95(\x00\x88f\x01\x82$\x00\x85B\x01\x805\x1d\x81\b\x01\x97O\x03\x80<\t\x83g!\xdc<\n\xff@\x01\xb9@\x01\x95\xfe\x03\x86>\x01\x85\xfe\x03\x82D\x00\x91\xfe\x03\x81^\x02\x88\xab\x02\x8b\xfd\x03\x84.\"\x00c\x82{\x1f\x84\x02L\xcb\xf5\x02\x00>\x81D\x00\x8e\aO\x8d\xf3\x02\x81J\x04\x81\x89E\x83\xd2\x04\xcbe\x05\x8d^\x00\x86HX\x80\x17\x00\x8e\x94>\x82\x1a\x04\x89\x9dA\x94,\x05\x83@E\x8d\x80 \x8dX\x15\xd4~\x11\x85l\v\x97\xc8\v\x82W%\x81\x84\x00\x85w\x0e\x87\x11\x00\x8aw\b\x87;\x05\x90O\x00\x8a3\x06\x87\xf1\a\x91*\x00\x89j\b\x80*\x00\x8c\xd4!\x8b2\x00\x8e\x91\x02\x81\x835\x8a\xbf\"\x81\xfa'\x89R\x12\x8a\xb9\"\x84a\x1b\x86\xd6\x10\x88\xc4\"\x90`\x01\x88+\x00\x80\xec\x05\xa1\x90+\x89\x04#\x8b\x89\x00\x88G\x0e\x83/A\x85\f#\x81\x93\x00\x876\x00\x82S\x01\x94\xef\x01\x842\x00\x82\xea\x01\x81\f\x00\x82\xf0\x12\x82Z\x01\x841\x00\x84;\x00\x80\xa3\x0e\x80\"\x00\x83\x9b\x01\x81 \x00\x83\x10#\x90Q\x00\x83:\x00\x82P\x00\x83\x9f\x01\x80R\x00\x82\xb9\x18\x857#\x8b|\x01\x81L-\x00S\x80=\x00\x00a\x80\x03\x03\x82\xc5\x00\x00(\x83[\x00\x80\xaa\t\x82&\x00\x81\xaa\t\x8a\xf4#\x81\x93\x00\x83}\x00\x80\xeb\x0e\x84S\x00\x00-\x8a\xee\x00\x86\xf2\"\x88g\x00\x89\xa5$\x8b>!\x9a\x13!\x89\xad \x98t \x84E\x01\x83\xab\x17\x84F\x01\x838\x01\x80\xfc\x00\x00+\x8b|\x02\x85\xfb\x1e\x83-\x00\x86#\x01\x8e%\x00\x84\x06\x01\x87\xb4\x19\x93\x84\x04\x82\x9c\x03\x8d\xbd\x1c\x89\xce(\x83#\x00\x97\xa6\x1c\x88\xf9\x19\x8b\x10-\x95\xf4\x04\x80\xb9\x02\x9bp\x00\x81#\x00\xa2p\x00\x87\r!\x91l\x00\x82H\x01\x99j\x00\x81!\x00\xa2h\x00\x86\xb5 \x91g\x00\x84\xd3\x02\x99i\x00\x83#\x00\x86k\x00\x92F\x00\x83\xc8\x01\x9aF\x00\x82#\x00\xa3\xb1\x00\x85\xcb\x1b\x80\t\x00\x990\x03\x84\xf5\x1e\x83)\x03\x8e\x15$\x92\xa8\x00\x01ig\x9b\xa5\x00\x01ig\x86\xa2\x00\x85\xd9I\x00F\x80KQ\x00d\x83\xb3T\x83w8\x82=\a\x02c.e\x80\xf1\x17\x82\x9e\x06\x89\xa9*\x88\xd1\x00\x03Repl\x81BU\x83\x86\x05\x83\x1d\x02\x8a7\x0e\x8e\x02\x12\x97\x86\x15\x89\xf4\x06\x8d\x9f8\x01+2\x86\x9e\x02\x01ab\x83B:\x82\x8e\a\x82\xedM\x82\x9c\x00\x80\x02.\x80,\x00\x80[\b\x83\xfe\t\x86\x83W\x05Unsafe\x80\x7fH\x84\xcf\x12\x86?\x00\x80\x9d\x06\x82\xa8\x0f\x81,8\xae:\x00\x83\x82\f\x00\t\x82\x91L\xaf=\x00\x002\x82=\x00\x87D\x14\x8a\xd9\x18\x00+\x81\xc15\x83b\b\x8a\xf0L\x88=;\x83c\b\x84@\x00\x85\x1f\x00\x80\xca=\x00s\x81!<\x80D\x00\x80\xde\x06\x86G\x00\x82\x0f-\x84\xc0.\x82)\x00\x80\xed]\x8a\xda\x13\x00a\x82\x11\x14\x00r\x833M\x82*\x00\x80\xd4.\x81hL\x81\x886\x01es\x8dn\b\x8e\x9b\x14\x83\x87\x00\xb1\xc6\x14\x00a\x816\x00\x87\x9b/\x85p\x00\x92\x9c/\x97\x9d/\x93\xb0\x14\x81X/\x85\xf0\x1a\x81@K\x81\x98/\x01&3\x80\xa6\x14\x80\xa9/\x80\x0e\x00\x81\x0f\x00\x04>>2)&\x85\xa3/\x84\x9aK\x87\x8fK\x8fQ\x00\x83\xfd\x14\x009\x84Kd\x80E\x00\x84\xb1\x00\x80D\x00\x83B\x00\x80\x01\x15\x81\xa9K\x85\xe6K\x9aL\x00\x80\xd1<\x80E\x1b\x05503201\x82\t\f\x95)\x00\x82\x03@\x89*\x00\x98\xfc;\x01BE\x83\a \x9b\xd2<\x90f\x05\x86\xd7<\x80\x14\x01\x004\x87z)\x95$\x00\x80\xec\a\x9e$\x00\x82R\x1b\x99#\x00\x83\x98\x19\x9fJ5\x01BE\x8cA5\x98\xd5\x00\x96\x12\x01\x9a\x89)\x87%\x00\x83\x99\x00\x9d\x98\x00\x8f\xd0\b\x81\xae\x01\x01Li\x80,\x05\x84[<\x00d\x87\x83:\x86\xef\f\x02slo\x83\xbb\v\x88.\x00\x80P\r\x02638\x80B2\x81\xf7e\x02384\x80\x15\r\x877,\x008\x84\x91\t\x82N\x00\x82|\r\x81\x0f\t\x81F\x00\x01*3\x80\xb5/\x84\xa4\x00\x0120\x80\x16\x00\x836\x00\x9e\xac\x00\x8b43\x89\xa6\x00\x80\xa9?\x02xec\x86\xc3\x00\x8a\xa1\x11\x86\xb8\x00\x81\x8d\x00\x82\x8c\b\x90\xb8\x00\x82M\x00\x84/\n\x008\x80\xe1>\x03hash\x84\x0f\x00\x86\x1b\x00\x8d\xcf\x00\x89\xee\x00\x850\x00\x89\xe2\x00\x04total\x85!\x00\x89\xe8\x00\x95\xef,\x861\x00\xa1\xec\x01\x80\xb6\x03\x80,\n\x020cc\xa2\x1a\x02\xaa[\x00\x8c\xfa$\xb8\x91\x02\x002\xa2&\x00\x85\xcb\x00\x8d\xf6)\x93.\x00\x83E\x01\xa3X\x00\x002\x84\xf38\xa1+\x00\xa1'\x00\x84\xe7\x01\xa1+\x00\x857\x02\xc6L\x01\x82Y\x02\xa1)\x00\x86\xe8\x02\x92\xc2\x04\x88\x13'\x89\x17\x00\x93\x16\x00\x87\x99\x00\x89\x16\x00\x001\x8cn&\xb8\xd5\x00\xe4%\x00\x94=<\xb8%\x00\x86p\x04\xa1-\x00\x86\x98\x1b\x8c\xeb\n\x83L\x04\x99\xed\n\x82\"\x00\x8c\x91\v\x8d\xa1\x01\x81Z\x00\x81\x1d\x02\x84]\x00\x82\v\x00\x00<\x83/\x02\x83\x0e\x00\x84^\x00\x86l4\x82\"\x00\x00*\x85\xfb\x04\x80\x11O\x82\x05\n\x83\x1f\x00\x83\x1b\x05\x81\x17\x00\x80\xc1\t\x81\x1a\x00\x00>\x87P\x02\x83\xb8\t\x81\x15\x00\x83O\x10\x85\xb0#\x81\xa4\t\x81\x1a\x03\x8dY2\x83\x91m\x82\xdc\r\x82]\x00\x00:\x80;\x00\x82\xb2\x19\x91\f\x01\x81A\x00\x88\v\x01\x90\xec\x00\x81\"\x00\x85\xadC\xa0\xf36\x83\x7f\x00\x80\x1eH\x80|\x00\x80\xe9[\x00(\x81\x15\x06\x8b\xe95\x82\x10\x00\x81m\x00\x80\xd8\x1a\x0528a2f9\x82\xd7\b\x067137449\x81\\J\axb5c0fbc\x80\xe6\x0e"
const compilerSourceData29Chunk1 = "\b0xe9b5dba\x81\xbeI\ax3956c25\x82\xa9\x14\x0659f111f\x820\x00\x06923f82a\x82k\t\bab1c5ed5,\x82b\x00\x05d807aa\x83b\x00\x80(\x1a\x0335b0\x822\x00\x06243185b\x81\x02\x06\ax550c7dc\x81\xcf:\x80\x13\x1b\x04be5d7\x82J\x00\x0680deb1f\x82$\x00\a9bdc06a7\x81\f\x00\x05c19bf1\x80$\x00\x82b\x00\x06e49b69c\x82V\x00\x06efbe478\x80\x85O\x81,\x18\x80(\x00\x01dc\x82\f\x00\x06240ca1c\x80M\x1f\x80\f\x00\x05de92c6\x82\xdc\x00\x064a7484a\x82\x1c%\x045cb0a\x801\x00\x82\x86\x00\x006\x80\x15\x01\x028da\x83b\x00\x04983e5\x80\x9b+\x82\xde\x00\x05831c66\x82l\x1b\x80\xe3*\x80Hn\x00c\x82\xdc\x00\x06bf597fc\x83\xa0\x00\x016e\x80\x00+\x00f\x82\xd0\x00\x06d5a7914\x82\x18\x00\x0606ca635\x82\xaa\x00\a14292967\x83b\x00\x0627b70a8\x82d\x01\x062e1b213\x82V\x00\x014d\x80\xaa\x00\x01df\x82\x94\x00\x02533\x80\x11\x01\x81]L\b0x650a735\x82&\x01\x06766a0ab\x82\x94\x01\x0681c2c92\x832\x01\x042722c\x80T\x00\x82b\x00\x06a2bfe8a\x82|\x00\x06a81a664\x822\x00\x04c24b8\x80}\x00\x82\f\x00\x0576c51a\x83\xb8\x00\x001\x80G\x00\x0181\x81}J\x806&\x0499062\x83F \x0440e35\x83\xaa\x00\x001\x80\x91\x01\x01a0\x80<\x00\x82b\x00\x0519a4c1\x81\x01Q\x81SW\x003\x80L\x00\x000\x82\xc4\x00\x002\x80c\x01\x02774\x82\xc4\x00\x0634b0bcb\x84L\x02\x041c0cb\x82n\x00\x064ed8aa4\x83\x88\x01\x05b9cca4\x82\xa0\x01\x05682e6f\x80J\x01\x82b\x00\x80I\x00\x80f\x02\x00e\x82\xde\x00\x0578a563\x83\xc6\x01\x0584c878\x81\x10P\x80\f\x00\x02cc7\x80\xe2&\x82z\x00\x0390be\x80\xe4\v\x82V\x00\x02a45\x80\x7f\x01\x00e\x82\xf4\x00\x80\x16\x00\x039a3f\x84\xac\x01\x057178f2\x80b\x00\x92\xa3\v\x83O\x03\x05Schedu\x80,\x0f\x02msg\x87\x98B\x03hunk\x83;\n\x00w\x85\xe5 \x9c\xa1G\x83\xef\x0e\x839\x00\x03+ i*\x81q\x04\x00w\x83\x7f%\x80\xf1m\x00t\x81_\x00\x03[at]\x81\xf1\f\x80\xf9`\x82\xa1\x0e\x83\x13\x00\x80TV\x81\xab\f\x006\x8b\x15\x00\x002\x81\x15\x00\x008\x8b\x14\x00\x013]\x800\x19\x84\x17\"\x84l\r\x89\x1a\x11\x82\x8e\x00\x81\xb12\x004\x87\x96\x00\x82\x1cd\x80\x87\x00\x03-15]\x8c;\x00\x01\ty\x85\x1c\x00\x002\x8e\x1b\x00\x01s0\x82`\n\x01(x\x82?I\x83I=\x00x\x82V=\x005\x8b\x82\x00\x80\x91\x00\x00^\x85(\x00\x0118\x88)\x00\x80R\a\x90)\x00\x82(\x00\x81\x96?\x02\ts1\x83b\x00\x00y\x82:\x00\x84c\x00\x00y\x82:\x00\x93c\x00\x83)\x00\x84\xd5=\x83)\x00\x80\xef\n\x8f)\x00\x83(\x00\x82E\x19\x85\x7f\x01\x82\x00\x01\x016]\x81\xcb\n\x81\xb4\n\x81\x0f\x00\x007\x82\x0e\x00\x001\x8fO\x01\x96(\x02\x00R\x81\xbe<\x01s(\x84\x0f\x02\x02, k\x85\t\x00\x00h\x80\xa4\f\x86\n#\x81{V\x82>\v\x81\x15\x00\x80\x91h\x80\x1e\x16\x87\x0f\x00\x81=X\x82\x93\x0f\x83\x0f\x00\x002\x80\x0f\x00\x82\xa8\x06\x83\x0f\x00\x003\x80\x0f\x00\x83z\v\x82\x0f\x00\x004\x80\x0f\x00\x82\xae\v\x83\x0f\x00\x005\x80\x0f\x00\x82\x11\x10\x83\x0f\x00\x006\x80\x0f\x00\x82\x9e\x06\x83\x0f\x00\x007\x81-\x00\x8d\xb84\x88\a\x02\x02e32\x81\x1a\x00\x81%K\x8a\xe8\x01\x00a\x83\x18\x00\x83\xc0\x0f\x89\x00\x02\x84\x9e\x01\x818\x00\x80O\x01\x81\x15d\x84\x0e\x00\x81\x04\x02\x80\x0f\x00\x90\xa1\x01\x84,\x00\x80\xce#\x8a-\x00\x8cd\x01\x8b-\x00\x81O\x02\x88-\x00\x80\a\x02\x8b,\x00\x80\x8b\x00\x02cho\x81^p\x81\x8f\x00\x81\xbf\x00\x80\xbc?\x82@\x00\x80\x06\x00\x88)\x00\x80\x19\x00\x82\xdd\x0f\x00t\x83\xb8\x00\x00h\x82\xdd\x01\x81\x9f\f\x83=\x00\x02+ k\x81\v\x02\x82\xfb\x01\x00]\x8d\xf4\x01\x86\xed\x02\x81\r\x01\x83)@\x81\x93\x00\x81\x0e\x00\x80\x93\x00\x0130\x92\xc0\x00\x84,\x00\x81\x83\x02\x88-\x00\x81\x9f\x02\x97-\x00\x80\xfd6\x8a-\x00\x8eZ\x00\x80\x8c\x00\x03majo\x80[p\x82\x9b\x03\x80\x81\x13\x00&\x80\x81L\x81C\x00\x81\n\x00\x00c\x82\n\x00\x80Mj\x80\n\x00\x81\xeb\x00\x82\xba\x01\x00(\x82\xd2\x02\x856\x00\x8e\xdb\x00\x00h\x80\xff\x02\x80\x7f@\x80:\x02\x80\xe3?\x81\xa7\b\x80\b\x00\x81\x13\x1d\x81\x1fM\x00(\x80\x99a\x01 t\x8e\x03\x03\x80\x93\x02\x80\xc7\x04\x81y\x01\x80\b\x00\x00b\x81\x8d\"\x81\xb5\b\x81,\x02\x814\x00\x80a\x01\x805\x00\x84LA\x898\x03\x00\t\x85\xf2\x02\x81&\x00\x86\f\x00\x80S\x12\x8d+\x00\x85\v\x03\x87(\x00\x80\f\x00\x00+\x81\xe8\x00\x91(\x00\x80\x9b\x04\x86(\x00\x80\f\x00\x80\xd2\x01\x93(\x00\x003\x88(\x00\x80\f\x00\x80\xa3\x19\x93(\x00\x004\x88(\x00\x80\f\x00\x01+ \x80\x04\n\x91(\x00\x80.\x05\x86(\x00\x80\f\x00\x00+\x81x\x02\x91(\x00\x80V\x04\x86(\x00\x82b\x04\x80_\x10\x91(\x00\x80p\x04\x86(\x00\x82|\x04\x00h\x8c(\x00\x98\xef\t\x00m\x81D_\x00s\x8a\xa0\x06\x8dt\x04\x00k\x92\xa9\n\x88*\n\x02\n\tw\x88\xa0\x0f\x82\xb8\x04\x82\xa6t\x815\x04\x83\xb4\x06\x839\x04\x83\f\x00\x83\xc0\n\x80q\x00\x80\xbf\n\x84\xd2\x06\x80Bv\x85\xd6a\x98A\a\x84:\a\x806\a\x86B\x13\x91D\x05\x80>\x05\x84\xc4\x00\x95?\x13\x8f\xfbx\x89\x02\x11\x04hardw\x80b\x1d\x8es\x10\x82\v\x0e\x85C\x17\x84p\x11\x89Gy\x83K\x0e\x84\xa0,\x85F\x00\x00)\x87\x14P\x84G\v\x85\x1a\x00\x82\xd9\x02\x80\xd7\x00\x80\x0eS\x85q\x1c\x82<\x00\x84\xfb\x11\x80V\x11\x84\x1d\x00\x8f\x92\x1b\x83\x19\x00\x84f\x01\x81\xbb\x01\x8d\xab\x00\x83!\x00\x94G\r\x8c\xf1\x19\x81\x00\b\x82\xcb\x06\x84\xe6\x19\x85\x98\x00\x00[\x86,\x00\x81\x1d\x00\x81V\v\x81\x8e\x1c\x83\x1d\x12\x87\xad\x00\x00*\x81\xa9\x00\x8df\x00\x008\x8b^\x00\x83\x8e\x00\x02-1-\x82g\x00\x82\x14\x14\x82I\x00\x80\xb7\x04\x01(i\x81B\x00\x84\xf9$\x82x\x02\x80F\x00\x83i\f\x80\xc6\t\x01a0\x80\x94a\x80\xec\n\x81|\t\x04b67ae\x83@\n\x003\x80)\v\x02f37\x83X\v\x0554ff53\x83\x02\n\x0510e527\x82\xdc\t\x069b05688\x82>\n\x051f83d9\x83'!\x80;\f\x010c\x80\xa5\n\x8bcp\x8f\x0e\x03\x82\x1e\x14\x85@\x10\x90}\x12\x82\r\x02\x91^\x01\x827\x00\x9a\xe5\x1a\x84\x14\x15\x81C \x85\x81\x15\x9e'\x00\x83\x84\x15\x9e'\x00\x82J\x01\x9c&\x00\x8b\xb7+\x83\x0e\x0e"
const compilerSourceData30Chunk0 = "\x1f// Code generated by renvoschema\x80\x18\x00\x0e; DO NOT EDIT.\n\x802\x00\x83\x1b\x00N-sha256: b14117bdcf3ea668744ffe5fa8bd96ef26e9bb56893fadcab12258b1d717415b\n\npack\x80k\x00\x0f main\n\nconst (\n\t\x82\x88\x00\tUnitMagic \x85\x01\x00\a= \"RNVO\"\x88!\x00\x06Version\x86!\x00\x001\x88\x1c\x00\x02Tag\x81\a\x00\x95\x1c\x00\x00P\x84|\x00\x82\x1c\x00\x002\x8b\x1c\x00\tImportPath\x80\x1c\x00\x003\x8b\x1c\x00\x02Tex\x87T\x00\x007\x8c\x1c\x00\x04okens\x84\x1c\x00\x008\x8b\x1c\x00\x03Decl\x83\x1b\x00\x80\x1c\x00\x009\x8b\x1c\x00\x03Func\x86\x1c\x00\x0110\x8c\x8d\x00\x04ndexe\x82\x1f\x00\x80\x1d\x00\x8c\xc6\x00\x03Comp\x87:\x00\x8c\xc7\x00\x04Assig\x83\x90\x00\x80\x1d\x00\x8c\xc8\x00\x04Retur\x86\x1d\x00\x004\x8cW\x00\x01al\x87\xad\x00\x0115\x8d:\x00\x00f\x84\x1c\x00\x81\x1d\x00\x006\x8b\x1d\x00\x01Se\x859\x00\x81\x1d\x00\x8d \x01\x01yp\x83\xc9\x00\x82\x1d\x00\x8c!\x01\x81\x1d\x00\x84[\x00\x80\x1d\x00\x8c\"\x01\x03Loca\x84Y\x00\x80\xae\x01\x8c\"\x01\x02Sig\x87t\x00\x002\x8c\"\x01\x81x\x01\x03Meta\x83\x1d\x00\x92\xe9\x01\x84\x05\x01\x002\x8c\"\x01\x04Symbo\x83u\x00\x80\x1d\x00\x8c\"\x01\x00I\x80\a\x00\x04Order\x82\x1d\x00\x8c\"\x01\x00C\x81\xca\x02\x86\xae\x00\x8c\"\x01\x81\xe8\x00\x05Fields\x81\x1d\x00\x90\"\x01\x03Ifac\x80'\x01\x80\x1d\x00\x8c\"\x01\x80\xc7\x00\x01ho\x807\x00\x83W\x00\x8c\"\x01\x82W\x00\x83H\x02\x80\xb4\x02\x8d\"\x01\x01tm\x84\x90\x00\x81\x1d\x00\x93\n\x03\x83y\x01\x0632\n)\n\nf\x80I\x00\x83\x0f\x04\x81$\x00\x04Child\x85\x8a\x02\b(tag int)\x81\x05\x00\x06 {\n\tif \x81\x13\x00\x01>=\x871\x00\x88_\x03\x01&&\x82\x1e\x00\x00<\x8b\x1e\x00\x88a\x03\x80B\x00\x80\x8e\x00\x81\x8c\x02\x82)\x00\x00-\x81\x8c\x03\x00}\x95V\x00\x82}\x03\x93S\x00\x86\xc6\x00\x8eQ\x00\x80\x9d\x01\x80Q\x00\x84\x13\x00\x03-1\n}\x85k\x04\x86?\x00\aRequired\x82\xe9\x00\x06MaskLow\x80\f\x01\x0163\x9e)\x00\x02Hig\x81$\x04\x010\n"
